tech,Aluminum,Steel,Copper,Silicon
AC,21.375404,14.407727,5.336618,0.258048
DC,5.259517,2.864446,0.955967,0.04608
