sc_point_gid,fed_frac
37804,0.0
37805,0.0
37806,0.0
37807,0.0
37808,0.0
38488,0.0
38489,0.0
38490,0.0
38491,0.0
38492,0.0
39158,0.005532
39173,0.0
39174,0.0
39175,0.0
39176,0.832251
39842,0.001394
39843,0.0
39857,0.0
39858,0.0
39859,0.0
40525,0.01875
40526,0.000537
40527,0.00027
40528,0.013205
40539,0.0
40540,0.0
40541,0.0
40542,0.0
40543,0.0
40544,0.289696
40545,0.016767
41209,0.0
41210,0.0
41211,0.015304
41212,0.205641
41213,0.227488
41214,0.043554
41224,0.0
41225,0.0
41226,0.0
41227,0.0
41228,0.0
41229,0.0
41230,1.0
41231,1.0
41236,1.0
41241,0.0
41242,0.0
41243,0.000828
41244,0.010136
41245,0.0
41246,0.0
41893,0.040366
41894,0.0
41895,0.108831
41896,1.0
41897,1.0
41898,0.856287
41899,0.010648
41900,0.043788
41906,0.429717
41907,0.053126
41908,0.0
41909,0.0
41910,0.0
41911,0.044477
41912,0.0
41913,0.0
41914,0.000338
41915,0.025359
41921,1.0
41923,1.0
41925,0.0
41926,0.0
41927,0.023301
41928,0.027015
41929,0.097708
41930,0.001881
41931,0.450569
41932,0.063753
41933,0.591105
41934,0.016612
42578,0.0
42579,0.0
42580,0.0
42584,0.0
42585,0.0
42586,0.019781
42587,0.0
42590,0.63089
42591,0.0
42592,0.0
42593,0.0
42594,0.0
42595,0.0
42596,0.0
42597,0.024688
42598,0.0
42605,0.729407
42606,0.776276
42607,1.0
42609,0.02514
42610,0.0
42611,0.0
42612,0.0
42613,0.16157
42614,0.707476
42615,0.505472
42616,0.651705
42617,0.160463
42618,0.366151
42619,1.0
42620,0.412436
42621,1.0
42622,0.0
42623,0.0
43262,0.000376
43263,0.0
43264,0.0
43265,0.0
43270,0.117871
43271,0.352529
43272,0.067236
43274,0.0
43276,0.0
43277,0.0
43278,0.00164
43279,0.056951
43280,0.009592
43281,0.028378
43282,0.0
43289,0.0
43290,0.059643
43291,0.829906
43292,1.0
43293,0.448244
43294,0.0
43295,0.000209
43296,0.000725
43297,0.221202
43298,0.344099
43299,0.441921
43300,0.374428
43301,0.17642
43302,0.735795
43303,0.773541
43304,0.193533
43305,0.268874
43306,0.024069
43307,0.000666
43308,0.204236
43309,1.0
43310,1.0
43946,0.000368
43947,0.0
43948,0.0
43949,0.0
43955,0.0
43956,0.0
43957,0.0
43959,0.0
43961,0.0
43962,0.0
43963,0.00376
43965,1.0
43973,1.0
43974,0.041572
43975,0.076825
43976,0.409237
43977,0.093962
43978,0.0
43979,0.0
43980,0.053606
43981,0.279992
43982,0.412792
43983,0.475128
43984,0.019217
43985,0.406293
43986,1.0
43987,0.823274
43988,0.157394
43989,0.011039
43990,0.0
43991,0.212484
43992,0.233782
43993,1.0
43995,1.0
43996,1.0
43997,1.0
43998,0.0
43999,0.007029
44630,0.000195
44631,0.000507
44632,0.289253
44639,0.0
44642,0.0
44644,0.0
44645,0.0
44646,0.0
44647,0.550252
44648,0.840932
44655,1.0
44657,1.0
44658,0.288637
44659,0.093186
44660,0.195411
44661,0.0
44662,0.003055
44663,0.0
44664,0.090559
44665,0.283896
44666,0.397815
44667,0.917157
44668,0.71259
44669,0.766308
44670,1.0
44671,0.818569
44672,0.04915
44673,0.00119
44674,0.644748
44675,0.904899
44676,1.0
44677,1.0
44678,1.0
44679,0.988561
44680,0.099242
44681,0.939676
44682,0.0
44683,0.252203
44684,1.0
44685,1.0
44688,1.0
45314,0.0
45315,0.0
45316,0.0126
45317,0.985005
45322,0.27577
45323,0.014147
45325,0.117927
45327,0.0
45328,0.0
45329,0.0
45330,0.0
45331,0.066666
45332,0.322011
45341,1.0
45342,0.036164
45343,0.482831
45344,0.05835
45345,0.000143
45346,0.0
45347,0.0
45348,0.0
45349,0.0
45350,0.0
45351,0.027237
45352,0.068187
45353,0.123504
45354,0.763456
45355,0.246361
45356,0.004632
45357,0.0033
45358,0.8733
45359,0.99478
45360,1.0
45361,1.0
45362,1.0
45363,1.0
45364,0.082449
45365,0.393311
45367,0.17999
45368,1.0
45369,1.0
45370,1.0
45371,1.0
45372,1.0
45373,1.0
45374,1.0
45375,0.29621
45376,0.0
45998,0.0
45999,0.011199
46000,0.237555
46001,1.0
46002,1.0
46004,0.098182
46005,0.00585
46007,0.0
46008,0.0
46011,0.0
46012,0.0
46013,0.0
46014,0.0
46015,0.046818
46016,0.109857
46025,1.0
46026,0.452239
46027,0.0
46028,0.001072
46029,0.0
46030,0.0
46031,0.0
46032,0.0
46033,0.0
46034,0.0
46035,0.0
46036,0.0
46037,0.0
46038,0.0
46039,0.003005
46040,0.0
46041,0.002644
46042,0.045993
46043,0.894527
46044,0.871655
46045,1.0
46046,1.0
46047,0.978693
46048,0.000764
46049,0.715789
46050,0.658047
46051,0.077747
46052,0.347546
46053,0.173735
46054,1.0
46055,1.0
46056,1.0
46058,0.984292
46059,0.161891
46060,0.042121
46063,1.0
46064,1.0
46682,0.0
46683,0.0
46684,0.014331
46685,0.060845
46686,0.289888
46687,0.112561
46688,0.214648
46690,0.0
46691,0.0
46692,0.00262
46693,0.0
46694,0.0
46695,0.0
46696,0.0
46697,0.0
46698,0.0
46699,0.237033
46701,0.095522
46702,1.0
46703,1.0
46705,1.0
46706,1.0
46708,1.0
46709,0.162512
46710,0.678265
46711,0.000668
46712,0.000379
46713,0.0
46714,0.0
46715,0.0
46716,0.0
46717,0.0
46718,0.0
46719,0.0
46720,0.0
46721,0.0
46722,0.000532
46723,0.015427
46724,0.0
46725,0.099348
46726,0.738239
46727,1.0
46728,0.632547
46729,0.944962
46730,1.0
46731,0.691415
46732,0.0
46733,1.0
46734,0.185861
46735,0.009003
46736,0.275719
46737,0.728962
46738,1.0
46739,1.0
46741,1.0
46742,1.0
46743,0.85972
46744,0.214277
46747,1.0
46748,1.0
46753,0.000371
46755,0.0
47039,0.0
47040,0.0
47041,0.0
47045,0.0
47046,0.0
47047,0.0
47048,0.0
47366,0.0
47367,0.0
47368,0.0
47369,0.0
47370,0.0
47371,0.0
47372,0.0
47373,0.0
47374,0.0
47375,0.0
47376,0.0
47377,0.0
47378,0.0
47379,0.0
47380,0.0
47381,0.0
47382,0.0
47383,0.0
47385,0.419664
47386,1.0
47387,1.0
47388,1.0
47389,1.0
47390,1.0
47391,0.518828
47392,0.836866
47393,0.016736
47394,0.124027
47395,0.000382
47396,0.0
47397,0.0
47398,0.0
47399,0.0
47400,0.0
47401,0.0
47402,0.0
47403,0.0
47404,0.0
47405,0.0
47406,0.03162
47407,0.005309
47408,0.0
47409,0.0
47410,0.462126
47411,0.701396
47412,0.19657
47413,1.0
47414,1.0
47415,0.290608
47416,0.06462
47417,0.086316
47418,0.132454
47419,0.792843
47420,1.0
47421,1.0
47422,1.0
47423,1.0
47424,1.0
47425,1.0
47427,0.325204
47428,0.673548
47429,0.657917
47430,0.0
47431,1.0
47432,1.0
47433,1.0
47437,0.0
47438,0.0
47439,0.0
47440,0.0
47441,0.0
47442,0.0
47443,0.0
47444,0.0
47445,0.0
47723,0.0
47724,0.0
47725,0.0
47727,0.0
47728,0.0
47729,0.0
47730,0.0
47731,0.0
47732,0.0
47733,0.0
48051,0.0
48052,0.0
48053,0.0
48054,0.0
48055,0.0
48056,0.0
48057,0.0
48058,0.0
48060,0.0
48061,0.0
48062,0.0
48063,0.0
48064,0.0
48065,0.001183
48066,0.0
48073,0.891953
48074,1.0
48075,0.424093
48076,0.371677
48077,0.091618
48078,0.001768
48079,0.0
48080,0.0
48081,0.0
48082,0.0
48083,0.004178
48084,0.000849
48085,0.04528
48086,0.00339
48087,0.0
48088,0.00061
48089,0.032674
48090,0.007209
48091,0.0
48092,0.012221
48093,0.0
48094,0.220471
48095,0.574888
48096,0.224481
48097,0.873722
48098,1.0
48099,0.203549
48100,0.015834
48101,0.000269
48102,0.03304
48103,0.01809
48104,1.0
48105,1.0
48106,1.0
48107,0.959484
48108,1.0
48109,1.0
48110,1.0
48111,1.0
48112,0.537095
48113,0.487982
48114,0.0
48115,1.0
48116,1.0
48117,1.0
48121,0.000486
48122,0.0
48123,0.0
48124,0.0
48125,0.0
48126,0.0
48127,0.0
48128,0.0
48129,0.0
48130,0.0
48131,0.0
48132,0.0
48133,0.0
48134,0.0
48135,0.0
48407,0.0
48408,0.0
48409,0.0
48410,0.0
48411,0.0
48412,0.0
48413,0.0
48414,0.0
48415,0.0
48416,0.0
48417,0.012314
48418,0.0
48736,0.0
48737,0.0
48738,0.0
48739,0.0
48740,0.0
48741,0.0
48742,0.0
48743,0.0
48744,0.051146
48745,0.0
48746,0.0
48747,0.0
48748,0.0
48749,0.003747
48750,0.0
48751,1.0
48752,1.0
48757,0.060886
48758,0.295077
48759,0.133511
48760,0.062814
48761,0.0
48762,0.0
48763,0.0
48764,0.0
48765,0.0
48766,0.0
48767,0.0
48768,0.0
48769,0.004481
48770,0.113536
48771,0.023396
48772,0.0
48773,0.004249
48774,0.002037
48775,0.0
48776,0.0
48777,0.0
48778,0.056229
48779,0.134464
48780,0.0
48781,0.024562
48782,0.075557
48783,0.111861
48784,0.0
48785,0.0
48786,0.173233
48787,1.0
48788,1.0
48789,1.0
48790,1.0
48791,0.946239
48792,1.0
48793,0.906179
48794,1.0
48795,1.0
48796,1.0
48797,0.54478
48798,0.148083
48799,0.0
48800,1.0
48801,1.0
48805,0.004805
48806,0.0
48807,0.0
48808,0.0
48809,0.0
48810,0.0
48811,0.0
48812,0.0
48813,0.0
48814,0.000963
48815,0.005881
48816,0.0
48817,0.0
48818,0.0
48819,0.0
48820,0.000149
48821,0.0
48822,0.0
48823,0.0
48824,0.0
48826,0.0
49090,0.0
49091,0.0
49092,0.0
49093,0.0
49094,0.0
49095,0.0
49096,0.0
49097,0.0
49098,0.0
49099,0.0
49100,0.008203
49101,0.026719
49102,0.0
49418,0.0
49419,0.0
49420,0.0
49421,0.0
49422,0.0
49423,0.0
49424,0.0
49425,0.0
49426,0.0
49427,0.790493
49428,0.94717
49429,0.0
49430,0.0
49431,0.0
49432,0.0
49433,0.08209
49434,0.662132
49435,1.0
49436,1.0
49437,1.0
49441,0.416094
49442,0.056272
49443,0.001424
49444,0.0
49445,0.018273
49446,0.0
49447,0.003341
49448,0.02918
49449,0.0
49450,0.0
49451,0.0
49452,0.0
49453,0.0
49454,0.0
49455,1.3e-05
49456,0.02996
49457,0.07063
49458,0.02314
49459,0.0
49460,0.0
49461,0.0
49462,0.0
49463,0.0
49464,0.0
49465,0.0
49466,0.0
49467,0.0
49468,0.06772
49469,0.208323
49470,0.173397
49471,0.164481
49473,1.0
49475,0.955216
49476,0.95288
49477,0.442878
49478,1.0
49479,1.0
49480,1.0
49481,0.490125
49482,0.364235
49483,0.015021
49484,0.242933
49485,0.809227
49486,1.0
49490,0.000619
49491,0.0
49492,0.0
49493,0.0
49494,0.0
49495,0.0
49496,0.0
49497,0.0
49498,0.000629
49499,0.006458
49500,0.003448
49501,0.0
49502,0.0
49503,0.006785
49504,0.000124
49505,0.0
49506,0.0
49507,0.0
49508,0.0
49509,0.033862
49510,0.08539
49511,0.001454
49512,0.002263
49513,0.0
49514,0.0
49515,0.092974
49516,0.007648
49517,0.0
49774,0.0
49775,0.0
49776,0.0
49777,0.0
49778,0.0
49779,0.0
49780,0.0
49781,0.0
49782,0.0
49783,0.0
49784,0.0
49785,0.0
49786,0.0
50103,0.0
50104,0.0
50105,0.0
50106,0.0
50107,0.0
50108,0.017443
50109,8e-06
50110,0.60621
50111,0.671798
50112,0.818959
50113,0.190887
50114,0.0
50115,0.020752
50116,0.018532
50117,0.015581
50118,0.011514
50119,0.17743
50120,0.839112
50121,0.114669
50122,0.33862
50123,0.0
50124,1.0
50125,1.0
50126,0.175955
50127,0.0
50128,0.000167
50129,0.146662
50130,0.036615
50131,0.0
50132,0.0
50133,0.0
50134,0.003645
50136,0.0
50137,0.117745
50138,0.0
50139,0.0
50140,0.122993
50141,0.0
50142,0.03181
50143,0.00087
50144,0.0
50145,0.0
50146,0.0
50147,0.0
50148,0.0
50149,0.0
50150,0.0
50151,0.0
50152,0.324222
50153,1.0
50154,0.988944
50155,0.118003
50156,0.197319
50157,1.0
50158,1.0
50159,1.0
50160,0.737104
50161,0.164482
50162,0.443782
50163,0.173084
50164,1.0
50165,0.929079
50166,0.228093
50167,0.0
50168,0.063564
50169,0.869667
50170,1.0
50171,1.0
50174,0.000797
50175,0.0
50176,0.0
50177,0.0
50178,0.0
50179,0.0
50180,0.0
50181,0.0
50182,0.00044
50183,0.029095
50184,0.0
50185,0.0
50186,0.0
50187,0.0
50188,0.0
50189,0.0
50190,0.0
50191,0.0
50192,0.0
50193,0.0
50194,0.384466
50195,0.05096
50196,0.0
50197,0.0
50198,0.0
50199,0.016855
50200,0.00815
50201,0.021905
50202,0.006377
50203,0.0
50204,0.00158
50205,0.006298
50206,0.007309
50207,0.005551
50208,0.002338
50458,0.0
50459,0.0
50460,0.0
50461,0.0
50462,0.0
50463,0.0
50464,0.0
50465,0.0
50466,0.0
50467,0.0
50468,0.0
50469,0.0
50470,0.0
50471,0.0
50786,0.0
50787,0.0
50788,0.0
50789,0.0
50790,0.0
50791,0.0
50792,0.0
50793,0.0
50794,0.093116
50795,0.0
50796,0.0
50797,0.0
50798,0.0
50799,0.011992
50800,0.959016
50801,0.0
50802,0.0312
50803,1.0
50804,0.868303
50805,0.058879
50806,0.007897
50807,0.0
50808,0.064192
50809,0.746503
50810,0.365169
50811,0.0
50812,0.000521
50813,0.052187
50814,0.01761
50815,0.0
50816,0.0
50820,0.0
50821,0.0
50822,0.046539
50823,0.070659
50824,0.157746
50825,0.0
50826,0.0
50827,0.0
50828,0.0
50829,0.0
50830,0.0
50831,0.0
50832,0.0
50833,0.0
50834,0.020092
50835,0.00477
50836,0.11992
50837,1.0
50838,1.0
50839,0.911404
50840,0.13087
50841,0.99702
50842,1.0
50843,0.997785
50844,0.41134
50845,0.258868
50846,0.221092
50847,0.020013
50848,0.237569
50849,0.94693
50850,0.062612
50851,0.0
50852,0.0
50853,1.0
50854,1.0
50855,1.0
50857,1.0
50858,0.281313
50859,0.001771
50860,0.0
50861,0.0
50862,0.0
50863,0.0
50864,0.0
50865,0.000111
50866,0.000402
50867,0.02516
50868,0.0
50869,0.0
50870,0.0
50871,0.0
50872,0.0
50873,0.0
50874,0.0
50875,0.0
50876,0.0
50877,0.0
50878,0.42878
50879,0.15993
50880,0.0
50881,0.0
50882,0.000879
50883,0.003239
50884,0.00593
50885,0.019148
50886,0.005155
50887,0.036966
50888,0.011448
50889,0.048846
50890,0.001908
50891,0.020413
50892,0.012466
50893,0.152759
50894,0.009999
50895,0.077376
50896,0.022765
50897,0.086128
50898,0.04887
50899,0.048632
50900,0.005983
51141,0.0
51142,0.0
51143,0.0
51144,0.0
51145,0.0
51146,0.0
51147,0.0
51148,0.0
51149,0.0
51150,0.0
51151,0.0
51152,0.0
51153,0.0
51154,0.0
51155,0.0
51470,0.0
51471,0.0
51472,0.0
51473,0.0
51474,0.0
51475,0.0
51476,0.0
51477,0.0
51478,0.0
51479,0.00259
51480,0.0
51481,0.0
51482,0.0
51483,0.176212
51487,1.0
51488,1.0
51489,1.0
51490,0.363855
51491,0.000425
51492,0.004457
51493,0.178097
51494,0.003832
51495,0.007455
51496,7.2e-05
51497,0.0
51503,0.482735
51504,0.086412
51505,0.032083
51506,0.021258
51507,0.151618
51508,0.0
51509,0.0
51510,0.0
51511,0.0
51512,0.161221
51513,1.6e-05
51514,0.0
51515,0.0
51516,0.0
51517,0.0
51518,0.01479
51519,0.353578
51520,1.0
51521,1.0
51522,1.0
51523,1.0
51524,1.0
51525,0.535326
51526,0.524925
51527,1.0
51528,0.895441
51529,0.242894
51530,0.080307
51531,0.275963
51532,0.009193
51533,0.432169
51534,0.015771
51535,0.019893
51536,0.028115
51537,0.086616
51538,1.0
51539,1.0
51540,1.0
51541,1.0
51543,0.003818
51544,0.0
51545,0.0
51546,0.0
51547,0.0
51548,0.0
51549,0.000822
51550,0.000954
51551,0.018261
51552,0.0
51553,0.0
51554,0.0
51555,0.0
51556,0.0
51557,0.0
51558,0.0
51559,0.0
51560,0.0
51561,0.0
51562,0.053064
51563,0.311614
51564,0.004036
51565,0.0
51566,0.023662
51567,0.104847
51568,0.004598
51569,0.014597
51570,0.022796
51571,0.030095
51572,0.00012
51573,0.092787
51574,0.001897
51575,0.001649
51576,0.002898
51577,0.006515
51578,0.104219
51579,0.030085
51580,0.016453
51581,0.09222
51582,0.087875
51583,0.016315
51584,0.071245
51585,0.030158
51586,0.019151
51587,0.022502
51588,0.047548
51589,0.0
51590,0.0
51591,0.0
51592,0.0
51593,0.0
51659,0.0
51660,0.0
51825,0.0
51826,0.0
51827,0.0
51828,0.0
51829,0.0
51830,0.0
51831,0.0
51832,0.0
51833,0.0
51834,0.0
51835,0.0
51836,0.0
51837,0.0
51838,0.0
51839,0.0
52153,0.002091
52154,0.0
52155,0.0
52156,0.0
52157,0.0
52158,0.0
52159,0.0
52160,0.0
52161,0.0
52162,0.0
52163,0.213579
52164,0.467893
52165,0.026988
52166,0.005831
52167,0.300183
52170,1.0
52171,1.0
52172,1.0
52173,1.0
52174,0.117371
52175,0.0
52176,0.0
52177,0.0
52178,0.0
52179,0.0
52187,0.088527
52188,0.072608
52189,0.258343
52190,0.0
52191,0.029365
52192,0.0
52193,0.0
52194,0.0
52195,0.0
52196,0.041206
52197,0.0
52198,0.0
52199,0.0
52200,0.0
52201,0.0
52202,0.011495
52203,0.759194
52204,1.0
52205,1.0
52206,1.0
52207,1.0
52208,1.0
52209,0.244459
52210,0.022569
52211,1.0
52212,1.0
52213,0.375652
52214,0.031487
52215,0.645566
52216,0.002095
52217,0.791734
52218,0.678738
52219,0.200713
52220,0.030531
52221,0.0
52222,1.0
52223,1.0
52228,0.0
52229,0.002236
52230,0.0
52231,0.0
52232,0.0
52233,0.0
52234,0.0
52235,0.0
52236,0.06878
52237,0.02515
52238,0.08626
52239,0.115819
52240,0.0
52241,0.0
52242,0.0
52243,0.0
52244,0.0
52245,0.0
52246,0.0
52247,0.010223
52248,0.0
52249,0.000208
52250,0.021626
52251,0.029349
52252,0.067475
52253,0.132335
52254,0.2714
52255,0.067062
52256,0.0
52257,0.001916
52258,0.067469
52259,0.078539
52260,0.003563
52261,0.000434
52262,0.045749
52263,0.023022
52264,0.003694
52265,0.01061
52266,0.030559
52267,0.100581
52268,0.018316
52269,0.07131
52270,0.01314
52271,0.013501
52272,0.023053
52273,0.0
52274,0.0
52275,0.0
52276,0.0
52277,0.000518
52278,0.0
52279,0.0
52280,0.0
52281,0.0
52282,0.0
52283,0.0
52284,0.000656
52286,0.0
52287,0.0
52288,0.0
52289,0.0
52343,0.0
52509,0.0
52510,0.0
52511,0.0
52512,0.0
52513,0.0
52514,0.0
52515,0.0
52516,0.0
52517,0.0
52518,0.0
52519,0.0
52520,0.0
52521,0.0
52522,0.0
52523,0.0
52524,0.0
52837,0.0
52838,0.0
52839,0.0
52840,0.0
52841,0.0
52842,0.0
52843,0.0
52844,0.0
52845,0.0
52846,0.0
52847,0.013114
52848,0.2496
52849,0.0
52850,0.050118
52851,1.0
52854,1.0
52855,1.0
52856,1.0
52857,0.129259
52858,0.0
52859,0.0
52860,0.0
52861,0.000606
52862,0.14596
52863,0.038817
52864,0.0
52871,0.0
52872,0.0
52873,0.0
52874,3.1e-05
52875,0.088464
52876,0.122514
52877,0.0
52878,0.001851
52879,8.1e-05
52880,0.005569
52881,0.008873
52882,0.0
52883,0.0
52884,0.0
52885,0.000379
52886,0.101858
52887,0.36472
52888,0.819588
52889,1.0
52890,1.0
52891,1.0
52892,1.0
52893,1.0
52894,0.057579
52895,0.086181
52896,1.0
52897,0.665677
52898,0.018574
52899,0.141032
52900,0.0
52901,0.011868
52902,0.018111
52903,0.215081
52904,0.454257
52905,0.17423
52906,1.0
52907,1.0
52912,0.0
52913,0.0
52914,0.0
52915,0.0
52916,0.0
52917,0.0
52918,0.0
52919,0.0
52920,0.0
52921,2e-05
52922,0.001742
52923,0.059735
52924,0.108625
52925,0.0
52926,0.0
52927,0.0
52928,0.0
52929,0.0
52930,0.0
52931,0.0
52932,0.0
52933,0.0
52934,0.012064
52935,0.0
52936,0.0
52937,0.0
52938,0.008005
52939,0.096108
52940,0.226768
52941,0.167487
52942,0.211114
52943,0.056908
52944,0.0064
52945,0.001129
52946,0.009631
52947,0.016577
52948,0.001183
52949,0.000567
52950,0.007498
52951,0.02119
52952,0.027903
52953,0.061216
52954,0.0
52955,0.0
52956,0.0
52957,0.0
52958,0.0
52959,0.0
52960,0.0
52961,0.0
52962,0.0
52963,0.0
52964,0.0
52965,0.0
52966,0.0
52967,0.0
52968,0.0
52969,0.0
52970,0.0
52971,0.0
52972,0.0
52973,0.0
52974,0.0
52975,0.0
52976,0.0
52977,0.0
52978,0.0
52979,0.0
52980,0.0
52981,0.0
52983,0.0
52984,0.0
52985,0.0
52986,0.0
52987,0.0
53192,0.0
53193,0.0
53194,0.0
53195,0.0
53196,0.0
53197,0.0
53198,0.0
53199,0.0
53200,0.0
53201,0.0
53202,0.0
53203,0.0
53204,0.0
53205,0.0
53206,0.0
53207,0.0
53208,0.0
53524,0.000267
53525,0.0
53526,0.0
53527,0.0
53528,0.0
53529,0.0
53530,0.0
53531,0.0
53532,0.0
53533,0.006168
53534,0.088278
53536,0.008014
53537,0.256
53538,1.0
53540,1.0
53541,0.109381
53542,0.0
53543,0.0
53544,0.0
53545,0.327363
53546,0.820391
53547,0.785454
53548,0.0749
53555,0.0
53556,0.0
53557,0.0
53558,0.0
53559,0.0
53560,0.083915
53561,0.025542
53562,0.145829
53563,0.000554
53564,0.000304
53565,0.00164
53566,0.0
53567,0.0
53568,0.0
53569,0.0
53570,0.112825
53571,0.188549
53572,0.0
53573,0.357967
53574,0.629125
53575,1.0
53576,0.911938
53577,1.0
53578,0.158185
53579,0.068545
53580,1.0
53581,0.04699
53582,0.002351
53583,0.523914
53584,0.0
53585,0.0
53586,0.0
53587,0.0
53588,0.090227
53589,0.808569
53590,0.430673
53591,1.0
53592,1.0
53597,0.0
53598,0.0
53599,0.0
53600,0.0
53601,0.0
53602,0.0
53603,0.0
53604,0.0
53605,0.0
53606,0.0
53607,0.0
53608,0.037144
53609,0.126817
53610,0.06445
53611,0.0
53612,0.001035
53613,0.455208
53614,0.163573
53615,0.0
53616,0.0
53617,0.0
53618,0.0
53619,0.0
53620,0.0
53621,0.002201
53622,0.013052
53623,0.0
53624,0.06927
53625,0.167462
53626,0.052193
53627,0.0
53628,0.474743
53629,0.132047
53630,0.114214
53631,0.099247
53632,0.000301
53633,0.000463
53634,0.02087
53635,0.070718
53636,0.034735
53637,0.033882
53638,0.0
53639,0.0
53640,0.0
53641,0.0
53642,0.0
53643,0.0
53644,0.0
53645,0.0
53646,0.0
53647,0.0
53648,0.0
53649,0.0
53650,0.0
53651,0.0
53652,0.0
53653,0.00234
53654,0.0
53655,0.000661
53656,0.0
53657,0.0
53658,0.0
53659,0.0
53660,0.0
53661,0.0
53662,0.0
53663,0.0
53664,0.0
53665,0.0
53666,0.002551
53667,0.0
53668,0.0
53669,0.0
53670,0.0
53671,0.0
53672,0.0
53673,0.001399
53674,0.0
53675,0.0
53676,0.0
53677,0.0
53678,0.0
53679,0.0
53680,0.0
53681,0.0
53682,0.0
53683,0.0
53684,0.0
53685,0.0
53687,0.0
53688,0.0
53689,0.0
53690,0.0
53691,0.0
53692,0.0
53693,0.0
53694,0.0
53695,0.0
53698,0.0
53701,0.0
53702,0.0
53703,0.0
53705,0.0
53706,0.0
53707,0.0
53708,0.0
53709,0.0
53710,0.0
53712,0.0
53877,0.0
53878,0.0
53879,0.0
53880,0.0
53881,0.0
53882,0.0
53883,0.0
53884,0.0
53885,0.0
53886,0.0
53887,0.0
53888,0.0
53889,0.0
53890,0.0
53891,0.0
53892,0.0
54205,0.007163
54206,0.0
54207,0.0
54208,0.0
54209,0.0
54210,0.0
54211,0.0
54212,0.0
54213,0.0
54214,0.0
54215,0.0
54216,0.383715
54217,0.0
54218,0.081727
54219,0.100828
54220,0.0
54223,1.0
54224,0.00654
54225,0.081881
54226,0.0
54227,0.0
54228,0.056908
54229,0.897204
54230,1.0
54231,1.0
54232,0.98582
54236,0.402336
54238,0.0
54239,0.0
54240,0.0
54241,0.0
54242,0.0
54243,0.0
54244,0.0
54245,0.0
54246,0.0
54247,0.0
54248,0.0
54249,0.0
54250,0.0
54251,0.0
54252,0.0
54253,0.0
54254,0.0
54255,0.0
54256,0.06605
54257,0.064471
54258,0.277182
54259,0.199684
54260,0.597371
54261,1.0
54262,1.0
54263,0.066473
54264,0.027078
54265,0.351809
54266,0.14652
54267,0.432957
54268,0.0
54269,0.0
54270,0.0
54271,0.0
54272,0.01388
54273,0.090608
54274,0.056739
54276,1.0
54281,0.0
54282,0.0
54283,0.000256
54284,0.0
54285,0.000432
54286,0.0
54287,0.0
54288,0.0
54289,0.0
54290,0.0
54291,0.0
54292,0.0
54293,0.0
54294,0.001244
54295,0.000157
54296,0.0
54297,0.257949
54298,0.056848
54299,0.0
54300,0.0
54301,0.0
54302,0.0
54303,0.0
54304,0.0
54305,0.0
54306,0.021921
54307,0.0
54308,0.0
54309,0.0
54310,0.007083
54311,0.027238
54312,0.335374
54313,0.032037
54314,0.257886
54315,0.231237
54316,0.001098
54317,0.0
54318,0.002473
54319,0.013955
54320,0.004953
54321,0.0
54322,0.0
54323,0.0
54324,0.0
54325,0.0
54326,0.0
54327,0.0
54328,0.0
54329,0.0
54330,0.0
54331,0.0
54332,0.0
54333,0.0
54334,0.0
54335,0.0
54336,0.0
54337,0.002787
54338,0.0
54339,0.0
54340,0.0
54341,0.0
54342,0.0
54343,0.0
54344,0.0
54345,0.00021
54346,0.0
54347,0.0
54348,0.0
54349,0.0
54350,0.009232
54351,0.0
54352,0.00035
54353,0.0
54354,0.0
54355,0.0
54356,0.0
54357,0.001856
54358,0.000776
54359,0.0
54360,0.0
54361,0.0
54362,0.0
54363,0.000661
54364,0.0
54365,0.0
54366,0.0
54367,0.0
54368,0.000356
54369,0.000353
54370,0.0
54371,0.0
54372,0.0
54373,0.0
54374,0.0
54375,0.0
54376,0.0
54377,0.0
54378,0.0
54379,0.0
54380,0.0
54381,0.0
54382,0.0
54383,0.0
54384,0.0
54385,0.0
54386,0.0
54387,0.0
54388,0.0
54389,0.0
54390,0.0
54391,0.0
54392,0.0
54393,0.0
54394,0.0
54395,0.0
54396,0.0
54561,0.0
54562,0.0
54563,0.0
54564,0.0
54565,0.0
54566,0.0
54567,0.0
54568,0.0
54569,0.0
54570,0.0
54571,0.0
54572,0.0
54573,0.0
54574,0.0
54575,0.0
54576,0.0
54577,0.0
54888,0.0
54889,0.0
54890,0.0
54891,0.0
54892,0.0
54893,0.0
54894,0.0
54895,0.0
54896,0.0
54897,0.0
54898,0.0
54899,0.009134
54900,0.353027
54901,1.0
54903,1.0
54904,1.0
54905,0.63432
54906,0.314156
54907,0.008402
54908,0.0
54909,0.0
54910,0.0
54911,0.000494
54912,0.545504
54913,0.969227
54914,1.0
54915,0.999427
54916,0.990741
54919,0.0
54920,0.136359
54921,0.040777
54922,0.0
54923,0.0
54924,0.0
54925,0.0
54926,0.0
54927,0.0
54928,0.0
54929,0.170505
54930,0.072326
54931,0.0
54932,0.0
54933,0.0
54934,0.0
54935,0.0
54936,0.0
54937,0.0
54938,0.0
54939,0.0
54940,0.0
54941,0.01574
54943,1.0
54944,1.0
54945,1.0
54946,1.0
54947,1.0
54948,1.0
54949,0.05127
54950,0.0
54951,0.010008
54952,0.0
54953,0.0
54954,0.0
54955,0.0
54956,0.0
54957,0.783253
54958,1.0
54965,8.1e-05
54966,0.0
54967,0.0
54968,0.0
54969,0.0
54970,0.0
54971,0.0
54972,0.0
54973,0.0
54974,0.0
54975,0.0
54976,0.0
54977,0.0
54978,0.002298
54979,0.0
54980,0.0
54981,0.000282
54982,0.0
54983,0.0
54984,0.0
54985,0.0
54986,0.0
54987,0.0
54988,0.0
54989,0.000141
54990,0.0
54991,0.0
54992,0.0
54993,0.0
54994,0.065339
54995,0.088507
54996,0.099857
54997,0.017365
54998,0.09475
54999,0.015737
55000,0.032094
55001,0.08774
55002,0.070185
55003,0.045807
55004,0.005362
55005,0.037456
55006,0.012226
55007,0.0
55008,0.0
55009,0.0
55010,0.0
55011,0.0
55012,0.0
55013,0.0
55014,0.0
55015,0.0
55016,0.0
55017,0.0
55018,0.0
55019,0.0
55020,0.002385
55021,0.004413
55022,0.0
55023,0.0
55024,0.002415
55025,0.0
55026,0.0
55027,0.000162
55028,0.000128
55029,0.0
55030,0.0
55031,0.003452
55032,0.018258
55033,0.0
55034,0.01517
55035,0.0
55036,0.011151
55037,0.000441
55038,0.0
55039,0.0
55040,0.0
55041,0.0
55042,0.000855
55043,0.0
55044,0.0
55045,0.0
55046,0.0
55047,0.0
55048,0.0
55049,0.0
55050,0.0
55051,0.0
55052,0.0
55053,0.0
55054,0.0
55055,0.0
55056,0.000461
55057,0.001625
55058,0.0
55059,0.0
55060,0.0
55061,0.0
55062,0.0
55063,0.0
55064,0.0
55065,0.0
55067,0.0
55068,0.0
55069,0.0
55070,0.0
55071,0.0
55072,0.0
55073,0.0
55074,0.0
55075,0.0
55076,0.0
55077,0.0
55078,0.0
55079,0.0
55080,0.0
55081,0.0
55082,0.0
55244,0.0
55245,0.0
55246,0.0
55247,0.0
55248,0.0
55249,0.0
55250,0.0
55251,0.0
55252,0.0
55253,0.0
55254,0.0
55255,0.0
55256,0.0
55257,0.0
55258,0.0
55259,0.0
55260,0.0
55261,0.0
55572,0.0
55573,0.0
55574,0.0
55575,0.0
55576,0.0
55577,0.0
55578,0.0
55579,0.0
55580,0.0
55581,0.0
55582,0.018514
55583,0.178871
55585,1.0
55587,1.0
55588,0.982798
55589,0.004136
55590,0.0
55591,0.0
55592,0.0
55593,0.0
55594,0.0
55595,0.0
55596,0.00872
55597,0.390741
55598,0.75941
55599,0.968623
55600,0.004067
55602,1.0
55603,0.547333
55604,0.228607
55605,0.0
55606,0.0
55607,0.0
55608,0.0
55609,0.0
55610,0.0
55611,0.0
55612,0.000741
55613,0.315967
55614,0.0
55615,0.0
55616,0.0
55617,0.0
55618,0.0
55619,0.074148
55620,0.000957
55621,0.124018
55622,0.0646
55623,0.0
55624,0.0
55625,0.004894
55626,0.158379
55627,0.501691
55628,1.0
55629,1.0
55630,0.912131
55631,0.602254
55632,1.0
55633,0.106969
55634,0.058135
55635,0.012306
55636,0.0
55637,0.0
55638,0.0
55639,0.0
55641,1.0
55642,1.0
55648,0.0
55649,0.0
55650,0.076812
55651,0.0
55652,0.0
55653,0.0
55654,0.0
55655,0.0
55656,0.0
55657,0.0
55658,0.0
55659,0.0
55660,0.0
55661,0.0
55662,0.00259
55663,0.001514
55664,0.000378
55665,0.004337
55666,0.000426
55667,0.0
55668,0.000458
55669,0.0
55670,0.0
55671,0.001166
55672,0.004483
55673,0.0
55674,0.0
55675,0.0
55676,0.0
55677,0.001448
55678,0.018895
55679,0.035718
55680,0.115977
55681,0.045196
55682,0.25543
55683,0.021199
55684,0.015871
55685,0.032743
55686,0.035597
55687,0.027892
55688,0.253585
55689,0.2248
55690,0.109132
55691,0.0
55692,0.0
55693,0.0
55694,0.0
55695,0.0
55696,0.0
55697,0.0
55698,0.0
55699,0.0
55700,0.0
55701,0.0
55702,0.0
55703,0.002799
55704,0.0
55705,0.0
55706,0.0
55707,0.0
55708,0.0
55709,0.0
55710,0.0
55711,0.0
55712,0.003495
55713,0.0
55714,0.002823
55715,0.0187
55716,0.007671
55717,0.0
55718,0.006394
55719,0.001032
55720,0.0
55721,0.022893
55722,0.0
55723,0.0
55724,0.0
55725,0.0
55726,0.000354
55727,0.003564
55728,0.0
55729,0.0
55730,0.000706
55731,0.0
55732,0.0
55733,0.0
55734,0.0
55735,0.0
55736,0.0
55737,0.0
55738,0.0
55739,0.0
55740,0.000752
55741,0.0
55742,0.0
55743,0.0
55744,0.0
55745,0.042222
55746,0.0
55747,0.0
55748,0.0
55749,0.0
55751,0.0
55752,0.0
55753,0.0
55754,0.0
55755,0.0
55756,0.0
55757,0.0
55758,0.0
55759,0.0
55760,0.0
55761,0.001802
55762,0.0
55763,0.013477
55764,0.0
55765,0.0
55766,0.0
55767,0.0
55768,0.0
55769,0.0
55928,0.0
55929,0.0
55930,0.0
55931,0.0
55932,0.0
55933,0.0
55934,0.0
55935,0.0
55936,0.0
55937,0.0
55938,0.0
55939,0.0
55940,0.0
55941,0.0
55942,0.0
55943,0.0
55944,0.0
55945,0.0
56256,0.0
56257,0.0
56258,0.0
56259,0.0
56260,0.0
56261,0.002115
56262,0.0
56263,0.0
56264,0.0
56265,0.0
56266,0.0
56267,0.232669
56268,0.829825
56269,0.486565
56270,1.0
56271,1.0
56273,0.001536
56274,0.0
56275,0.0
56276,0.0
56277,0.0
56278,0.0
56279,0.0
56280,0.0
56281,0.085713
56282,0.120832
56283,0.196957
56284,0.000607
56285,1.0
56287,0.022198
56288,0.0
56289,0.083347
56290,0.05131
56291,0.0
56292,0.0
56293,0.0
56294,0.0
56295,0.0
56296,0.0
56297,0.0
56298,0.0
56299,0.0
56300,0.0
56301,0.0
56302,0.0
56303,0.04501
56304,0.344853
56305,0.776807
56306,0.738412
56307,0.20509
56308,0.0
56309,0.084754
56310,0.746442
56311,0.912309
56312,1.0
56313,1.0
56314,1.0
56315,1.0
56316,0.417918
56317,1.0
56318,0.102442
56319,0.011582
56320,0.0
56321,0.0
56322,0.0
56323,0.0
56325,1.0
56326,1.0
56332,0.002451
56333,0.059631
56334,0.140005
56335,0.0
56336,0.043872
56337,0.041231
56338,0.018853
56339,0.079858
56340,0.0
56341,0.0
56342,0.0
56343,0.0
56344,0.000238
56345,0.002133
56346,0.006886
56347,0.003811
56348,0.0
56349,0.001252
56350,0.001722
56351,0.0
56352,0.002348
56353,0.015929
56354,0.000107
56355,0.003461
56356,0.018381
56357,0.009562
56358,0.0
56359,0.0
56360,0.0
56361,0.000563
56362,0.003557
56363,0.062762
56364,0.013526
56365,0.010454
56366,0.259952
56367,0.015295
56368,0.025791
56369,0.116182
56370,0.03615
56371,0.043247
56372,0.012851
56373,0.001958
56374,0.011292
56375,0.0
56376,0.0
56377,0.0
56378,0.0
56379,0.0
56380,0.0
56381,0.0
56382,0.0
56383,0.0
56384,0.0
56385,0.0
56386,0.0
56387,0.0
56388,0.0
56389,0.0
56390,0.0
56391,0.0
56392,0.0
56393,0.0
56394,0.0
56395,0.0
56396,0.0
56397,0.0
56398,0.0
56399,0.000904
56400,0.000522
56401,0.0
56402,0.004851
56403,0.0
56404,0.0
56405,0.029562
56406,0.004712
56407,0.0
56408,0.0
56409,0.0
56410,0.0
56411,0.0
56412,0.000437
56413,0.000952
56414,0.0
56415,0.0
56416,0.0
56417,0.0
56418,0.0
56419,0.0
56420,0.002828
56421,0.001365
56422,0.0
56423,0.000793
56424,0.0
56425,0.0
56426,0.0
56427,0.0
56428,0.0
56429,0.0
56430,0.0
56431,0.0
56432,0.0
56433,0.0
56434,0.0
56435,0.0
56436,0.0
56437,0.0
56438,0.0
56439,0.0
56440,0.0
56441,0.0
56442,0.0
56443,0.0
56444,0.00122
56445,0.007404
56446,0.029214
56447,0.008886
56448,0.004404
56449,0.0
56450,0.0
56451,0.0
56452,0.0
56453,0.0
56454,0.0
56455,0.0
56456,0.0
56457,0.0
56458,0.0
56459,0.0
56460,0.0
56612,0.0
56613,0.0
56614,0.0
56615,0.0
56616,0.0
56617,0.0
56618,0.0
56619,0.0
56620,0.0
56622,0.0
56623,0.0
56624,0.0
56625,0.0
56626,0.0
56627,0.0
56628,0.0
56629,0.0
56630,0.0
56632,0.0
56939,0.0
56940,0.0
56941,0.0
56942,0.0
56943,0.0
56944,0.0
56945,0.038143
56946,0.002082
56947,0.0
56948,0.0
56949,0.0
56950,0.0
56951,0.096116
56952,0.723821
56953,0.599376
56954,1.0
56955,1.0
56956,0.018046
56957,0.0
56958,0.0
56959,0.0
56960,0.0
56961,0.0
56962,0.0
56963,0.0
56964,0.0
56965,0.00523
56966,0.136578
56967,0.034824
56968,0.003939
56969,0.937789
56970,1.0
56971,0.867725
56972,0.0
56973,0.185147
56974,0.024684
56975,0.0
56976,0.0
56977,0.0
56978,0.0
56979,0.017254
56980,0.0
56981,0.0
56982,0.0
56983,0.0
56984,0.0
56985,0.0
56986,0.0
56987,0.0
56988,0.073272
56989,0.187898
56990,0.982242
56991,0.309484
56992,0.0
56993,0.023223
56994,0.325684
56995,0.996289
56996,1.0
56997,1.0
56998,1.0
56999,1.0
57000,0.232901
57001,0.411458
57002,1.0
57003,0.997012
57004,0.003139
57005,0.0
57006,0.0
57007,0.0
57009,1.0
57010,1.0
57016,0.000581
57017,0.002437
57018,0.187932
57019,0.189874
57020,0.098654
57021,0.044298
57022,0.000152
57023,0.022893
57024,0.0
57025,0.027788
57026,0.0
57027,0.0
57028,0.000198
57029,0.001665
57030,0.0
57031,0.0
57032,0.0
57033,0.002724
57034,0.001526
57035,0.0
57036,0.000367
57037,0.011717
57038,0.004405
57039,0.016413
57040,0.026161
57041,0.005631
57042,0.001407
57043,0.02512
57044,0.000811
57045,0.000527
57046,0.002996
57047,0.018065
57048,0.040811
57049,0.018785
57050,0.014288
57051,0.035833
57052,0.013484
57053,0.007845
57054,0.058294
57055,0.005857
57056,0.003444
57057,0.0
57058,0.0
57059,0.0
57060,0.0
57061,0.0
57062,0.0
57063,0.0
57064,0.0
57065,0.0
57066,0.0
57067,0.0
57068,0.0
57069,0.0
57070,0.0
57071,0.0
57072,0.0
57073,0.0
57074,0.0
57075,0.0
57076,0.0
57077,0.0
57078,0.0
57079,0.0
57080,0.0
57081,0.0
57082,0.0
57083,0.0
57084,0.0
57085,0.00077
57086,0.0
57087,0.000865
57088,0.0
57089,0.014881
57090,0.067336
57091,0.28963
57092,0.0
57093,0.0
57094,0.0
57095,0.0
57096,0.0
57097,0.0
57098,0.0
57099,0.0
57100,0.000692
57101,0.000104
57102,0.0
57103,0.000244
57104,0.0
57105,0.001299
57106,0.0
57107,0.0
57108,0.000236
57109,0.0
57110,0.0
57111,0.0
57112,0.0
57113,0.0
57114,0.0
57115,0.0
57116,0.0
57117,0.0
57118,0.0
57119,0.0
57120,0.0
57121,0.0
57122,0.0
57123,0.0
57124,0.0
57125,0.0
57126,0.0
57127,0.0
57128,0.0
57129,0.0
57130,0.0
57132,0.047682
57133,0.009166
57134,0.0
57135,0.0
57136,0.0
57137,0.0
57138,0.0
57139,0.0
57140,0.0
57141,0.0
57142,0.0
57143,0.0
57144,0.000987
57145,0.0
57296,0.0
57297,0.0
57298,0.0
57299,0.0
57300,0.0
57301,0.0
57302,0.0
57303,0.0
57304,0.0
57305,0.0
57306,0.0
57307,0.0
57308,0.0
57309,0.0
57310,0.0
57311,0.0
57312,0.0
57313,0.0
57314,0.0
57315,0.0
57316,0.0
57623,0.0
57624,0.009002
57625,0.0
57626,0.0
57627,0.0
57628,0.0
57629,0.010764
57630,0.0
57631,0.0
57632,0.0
57633,0.0
57634,0.000758
57635,0.293897
57636,1.0
57637,1.0
57638,1.0
57639,0.025937
57640,0.001892
57641,0.0
57642,0.0
57643,0.0
57644,0.0
57645,0.0
57646,0.0
57647,0.0
57648,0.0
57649,0.0
57650,0.0
57651,0.0
57652,0.0
57653,0.0
57654,0.697004
57655,0.92654
57656,0.0
57657,0.003957
57658,0.0
57659,0.0
57660,0.001892
57661,0.0
57662,0.0
57663,0.0
57664,0.0
57665,0.0
57666,0.0
57667,0.0
57668,0.0
57669,0.0
57670,0.0
57671,0.0
57672,0.0
57673,0.002606
57674,0.06624
57675,0.000223
57676,0.0
57677,0.463632
57678,0.221075
57679,0.049512
57681,1.0
57682,1.0
57683,1.0
57684,1.0
57685,0.21771
57686,0.353578
57687,0.75162
57688,0.506731
57689,0.037228
57690,0.0
57691,0.0
57692,0.0
57693,1.0
57694,1.0
57700,0.000384
57701,0.0
57702,0.0
57703,0.0
57704,0.0
57705,0.0
57706,0.0
57707,0.0
57708,0.0
57709,0.0
57710,0.001334
57711,0.0
57712,0.0
57713,0.0
57714,0.0
57715,0.0
57716,0.0
57717,0.0
57718,0.00299
57719,0.006088
57720,0.002985
57721,0.01345
57722,0.003364
57723,0.004338
57724,0.009589
57726,0.007764
57727,0.006323
57728,0.000525
57729,0.003993
57730,0.00273
57731,0.007727
57732,0.00571
57733,0.006268
57734,0.009506
57735,0.013179
57736,0.015613
57737,0.013091
57738,0.010928
57739,0.064169
57740,0.006068
57741,0.036242
57742,0.06696
57743,0.002264
57744,0.001471
57745,0.0
57746,0.0
57747,0.0
57748,0.00301
57749,0.0
57750,0.000265
57751,0.01574
57752,0.004217
57753,0.000488
57754,0.002749
57755,0.0
57756,0.0
57757,0.0
57758,0.0
57759,0.0
57760,0.0
57761,0.0
57762,0.0
57763,0.0
57764,0.0
57765,0.0
57766,0.0
57767,0.0
57768,0.0
57769,0.0
57770,0.0
57771,0.0
57772,0.0
57773,0.0
57774,0.0
57775,0.0
57776,0.0
57777,0.0
57778,0.0
57779,0.019101
57780,0.0
57781,0.0
57782,0.0
57783,0.0
57784,0.0
57785,0.0
57786,0.0
57787,0.0
57788,0.0
57789,0.000109
57790,0.0
57791,0.0
57792,0.0
57793,0.0
57794,0.0
57795,0.0
57796,0.0
57797,0.0
57798,0.0
57799,0.0
57800,0.0
57801,0.0
57802,0.0
57803,0.0
57804,0.0
57805,0.0
57806,0.0
57807,0.0
57808,0.0
57809,0.00161
57810,0.0
57811,0.0
57812,0.0
57813,0.0
57814,0.0
57815,0.0
57816,0.0
57817,0.0
57818,0.0
57819,0.0
57820,0.0
57821,0.0
57822,0.0
57823,0.0
57824,0.0
57825,0.0
57826,0.0
57827,0.0
57828,0.0
57829,0.000274
57830,0.000157
57831,0.502934
57832,1.0
57980,0.0
57981,0.0
57982,0.0
57983,0.0
57984,0.0
57985,0.0
57986,0.0
57987,0.0
57988,0.0
57989,0.0
57990,0.0
57991,0.0
57992,0.0
57993,0.0
57994,0.0
57995,0.0
57996,0.0
57997,0.0
57998,0.0
57999,0.0
58000,0.0
58001,0.0
58307,0.0
58308,0.002778
58309,0.0
58310,0.0
58311,0.001791
58312,0.0
58313,0.0
58314,0.0
58315,0.0
58316,0.0
58317,0.0
58318,0.001674
58319,0.611496
58320,0.79399
58321,1.0
58322,1.0
58323,0.067154
58324,0.0
58325,0.016004
58326,0.003203
58327,0.0
58328,0.0
58329,0.0
58330,0.0
58331,0.0
58332,0.0
58333,0.0
58334,0.0
58335,0.0
58336,0.000184
58337,0.001938
58338,0.0
58339,0.005424
58340,0.0
58341,0.246252
58342,0.14503
58343,0.000485
58344,0.0
58345,0.0
58346,0.0
58347,0.0
58348,0.0
58349,0.0
58350,0.0
58351,0.0
58352,0.0
58353,0.0
58354,0.0
58355,0.0
58356,0.0
58357,0.0
58358,0.0
58359,0.0
58360,0.0
58361,0.0
58362,0.042054
58363,0.0
58364,1.0
58367,1.0
58368,1.0
58369,1.0
58370,0.265282
58371,0.338418
58372,0.295696
58373,0.24091
58374,0.114628
58375,0.0
58376,0.0
58377,0.570789
58378,0.78948
58379,0.799075
58384,0.0
58385,0.000236
58386,0.0
58387,0.0
58388,0.0
58389,0.0
58390,0.0
58391,0.0
58392,0.008906
58393,0.028606
58394,0.170964
58395,0.0
58396,0.0
58397,0.000286
58398,0.006928
58399,0.001599
58400,0.0
58401,0.0
58402,0.00038
58403,0.004194
58404,0.001784
58405,0.001832
58406,0.00116
58407,0.0
58408,0.006964
58409,0.0
58410,0.022209
58411,0.01598
58412,0.019145
58413,0.013822
58414,0.018231
58415,0.007841
58416,0.015909
58417,0.046636
58418,0.004994
58419,0.047121
58420,0.00959
58421,0.008981
58422,0.007683
58423,0.004715
58424,0.0
58426,0.003694
58427,0.007785
58428,0.006167
58429,0.00125
58430,0.001458
58431,0.002218
58432,0.000396
58433,0.000736
58434,0.00773
58435,0.016688
58436,0.012348
58437,0.027367
58438,0.039995
58439,0.006704
58440,0.000884
58441,0.001359
58442,0.0
58443,0.0
58444,0.0
58445,0.0
58446,0.0
58447,0.465553
58448,0.679335
58449,0.419843
58450,0.0
58451,0.0
58452,0.000578
58453,0.0
58454,0.0
58455,6.2e-05
58456,0.000425
58457,0.0
58458,0.0
58459,0.0
58460,0.0
58461,0.0
58462,0.000617
58463,0.0
58464,0.0
58465,0.0
58466,0.0
58467,0.0
58468,0.0
58469,0.0
58470,0.002065
58471,0.000698
58472,0.0
58473,0.0
58474,0.0
58475,0.0
58476,0.0
58477,0.0
58478,0.0
58479,0.0
58480,0.0
58481,0.0
58482,0.0
58483,0.0
58484,0.0
58485,0.0
58487,0.0
58488,0.0
58489,0.0
58490,0.0
58491,0.0
58492,0.0
58493,0.0
58494,0.0
58495,0.0
58496,0.0
58497,0.0
58498,0.0
58503,0.0
58504,0.0
58505,0.0
58506,0.0
58507,0.0
58508,0.0
58509,0.0
58510,0.0
58511,0.0
58512,0.0
58513,0.0
58514,0.0
58515,0.295943
58516,1.0
58517,1.0
58526,1.0
58527,1.0
58664,0.0
58665,0.0
58666,0.0
58667,0.0
58668,0.0
58669,0.0
58670,0.0
58671,0.0
58672,0.0
58673,0.0
58674,0.0
58675,0.0
58676,0.0
58677,0.0
58678,0.0
58679,0.0
58680,0.0
58681,0.0
58682,0.0
58683,0.0
58684,0.0
58685,0.0
58990,0.295331
58991,0.066846
58992,0.0
58993,0.001554
58994,0.005676
58995,0.0
58996,0.0
58997,0.0
58998,0.0
58999,0.0
59000,0.0
59001,0.0
59002,0.010996
59003,0.129819
59004,0.784259
59005,0.704966
59006,0.397234
59007,0.16023
59008,0.003198
59009,0.0
59010,0.0
59011,0.0
59012,0.0
59013,0.0
59014,0.0
59015,0.0
59016,0.0
59017,0.0
59018,0.0
59019,0.0
59020,0.0
59021,0.000181
59022,0.000261
59023,0.0
59024,0.045771
59025,0.132499
59026,0.000605
59027,8e-05
59028,0.0
59029,0.0
59030,0.0
59031,0.0
59032,0.0
59033,0.0
59034,0.0
59035,0.0
59036,0.0
59037,0.0
59038,0.0
59039,0.0
59040,0.0
59041,0.0
59042,0.0
59043,0.0
59044,0.0
59045,0.0
59046,0.0
59047,0.0
59048,0.986577
59050,1.0
59051,1.0
59052,1.0
59053,1.0
59054,1.0
59055,0.955244
59056,0.159973
59057,0.151928
59058,0.049419
59059,0.461894
59060,0.091384
59061,0.877727
59062,0.778269
59063,0.016521
59064,0.223404
59065,0.6
59069,0.0
59070,0.0
59071,0.0
59072,0.0
59073,0.0
59074,0.0
59075,0.0
59076,0.0
59077,0.0
59078,0.0
59079,0.0
59080,0.0
59081,0.001728
59082,0.086844
59083,0.0
59084,0.001616
59085,0.003536
59086,0.002178
59087,0.001753
59088,0.005169
59089,0.000122
59090,0.000997
59091,0.001166
59092,0.003948
59093,0.715036
59094,0.110735
59095,0.111194
59096,0.010151
59097,0.342609
59098,0.013302
59099,0.011047
59100,0.009324
59101,0.043475
59102,0.004148
59103,0.140554
59104,0.038014
59105,0.005994
59106,0.001624
59107,0.595644
59109,0.022114
59110,0.009783
59111,0.036571
59112,0.006475
59113,0.003551
59114,0.004217
59115,0.001916
59116,0.0
59117,0.000322
59118,0.0
59119,0.0
59120,0.0
59121,0.0
59122,0.010607
59123,0.0
59124,0.0
59125,0.021366
59126,0.0
59127,0.0
59128,0.0
59129,0.0
59130,0.0
59131,0.810201
59132,0.495791
59133,0.407168
59134,0.178251
59135,0.0
59136,0.0
59137,0.0
59138,0.0
59139,0.0
59140,0.0
59141,0.0
59142,0.0
59143,0.0
59144,0.0
59145,0.0
59146,0.0
59147,0.0
59148,0.0
59149,0.0
59150,0.0
59151,0.0
59152,0.0
59153,0.0
59154,0.0
59155,0.0
59156,0.004264
59157,0.03567
59158,0.002769
59159,0.0
59160,0.0
59161,0.0
59162,0.0
59163,0.0
59164,0.0
59165,0.0
59166,0.0
59167,0.0
59168,0.0
59169,0.0
59170,0.0
59171,0.0
59172,0.0
59173,0.0
59174,0.0
59175,0.0
59176,0.0
59177,0.0
59178,0.0
59179,0.0
59180,0.0
59181,0.0
59182,0.0
59186,0.033735
59187,0.0
59188,0.0
59189,0.0
59190,0.0
59191,0.0
59192,0.0
59193,0.0
59194,0.0
59195,0.0
59196,0.0
59197,0.0
59198,0.0
59199,0.017976
59200,0.663807
59201,1.0
59202,1.0
59203,1.0
59204,1.0
59210,1.0
59211,1.0
59212,1.0
59213,1.0
59214,1.0
59215,1.0
59216,0.725883
59217,0.139834
59218,0.0
59348,0.0
59349,0.0
59350,0.0
59351,0.0
59352,0.0
59353,0.0
59354,0.0
59355,0.0
59356,0.0
59357,0.0
59358,0.0
59359,0.0
59360,0.0
59361,0.0
59362,0.0
59363,0.0
59364,0.0
59365,0.0
59366,0.0
59367,0.0
59368,0.0
59369,0.0
59370,0.04306
59371,0.003818
59674,0.417743
59675,0.09679
59676,0.367417
59677,0.048923
59678,0.002739
59679,0.0
59680,0.0
59681,0.00035
59682,0.0
59683,0.0
59684,0.0
59685,0.218719
59686,0.338426
59687,0.97365
59688,1.0
59689,0.656883
59690,0.115926
59691,0.636432
59692,0.676223
59693,0.006809
59694,0.0
59695,0.0
59696,0.0
59697,0.020663
59698,0.093896
59699,0.0
59700,0.0
59701,0.004428
59702,0.0
59703,0.0
59704,0.0
59705,0.0
59706,0.0
59707,0.0
59708,0.000114
59709,0.010652
59710,0.0
59711,0.0
59712,0.0
59713,0.0
59714,0.0
59715,0.0
59716,0.0
59717,0.0
59718,0.0
59719,0.0
59720,0.0
59721,0.0
59722,0.0
59723,0.0
59724,0.0
59725,0.0
59726,0.0
59727,0.0
59728,0.0
59729,0.0
59730,0.0
59731,0.028007
59732,1.0
59733,1.0
59735,1.0
59736,1.0
59737,1.0
59738,1.0
59739,1.0
59740,1.0
59741,0.338598
59742,0.0
59743,0.010357
59744,0.775413
59745,0.942071
59746,0.169452
59747,0.0
59748,0.0
59749,0.0
59750,0.01193
59752,0.001038
59753,0.040371
59754,0.0
59755,0.0
59756,0.0
59757,0.006937
59758,0.0
59759,0.0
59760,0.0
59761,0.0
59762,0.0
59763,0.0
59764,0.0
59765,0.0
59766,0.0
59767,0.0
59768,0.003403
59769,0.001148
59770,0.0
59771,0.0
59772,0.000989
59773,0.0
59774,0.006482
59775,0.004108
59776,0.030223
59777,0.002279
59778,0.016569
59779,0.009393
59780,0.051087
59781,0.025584
59782,0.02339
59783,0.007866
59784,0.0
59785,0.042149
59786,0.00886
59787,0.005081
59788,0.001975
59789,0.0
59790,0.9952
59791,0.003441
59792,0.010921
59793,0.026186
59794,0.010015
59795,0.00645
59796,0.007257
59797,0.00197
59798,0.001007
59799,0.0
59800,0.0
59801,0.0
59802,0.0
59803,0.0
59804,0.0
59805,0.0
59806,0.0
59807,0.0
59808,0.0
59809,0.249985
59810,0.424114
59811,0.089712
59812,0.0
59813,0.0
59814,0.0
59815,0.276694
59816,0.141602
59817,0.230132
59818,0.0
59819,0.0
59820,0.0
59821,0.0
59822,0.0
59823,0.0
59824,0.0
59825,0.0
59826,0.0
59827,0.0
59828,0.0
59829,0.0
59830,0.0
59831,0.0
59832,0.0
59833,0.0
59834,0.0
59835,0.0
59836,0.0
59837,0.0
59838,0.0
59839,0.0
59840,0.001419
59841,0.056209
59842,0.154604
59843,0.00647
59844,0.007254
59845,0.0
59846,0.0
59847,0.0
59848,0.0
59849,0.0
59850,0.0
59851,0.0
59852,0.0
59853,0.002374
59854,0.0
59855,0.0
59856,0.0
59857,0.0
59858,0.0
59859,0.0
59860,0.0
59861,0.0
59862,0.0
59863,0.0
59864,0.0
59865,0.0
59866,0.0
59867,0.0
59868,0.0
59869,0.0
59870,0.0
59871,0.0
59872,0.0
59873,0.0
59874,0.0
59875,0.0
59876,0.0
59877,0.0
59878,0.0
59879,0.0
59880,0.0
59881,0.0
59882,0.0
59883,0.000293
59884,0.084963
59885,0.993191
59886,1.0
59887,1.0
59888,1.0
59889,1.0
59890,1.0
59891,1.0
59897,1.0
59898,1.0
59899,1.0
59900,0.050827
59901,0.0
59902,0.0
60031,0.0
60032,0.0
60033,0.0
60034,0.0
60035,0.0
60036,0.0
60037,0.0
60038,0.0
60039,0.0
60040,0.0
60041,0.0
60042,0.0
60043,0.0
60044,0.0
60045,0.0
60046,0.0
60047,0.0
60048,0.0
60049,0.0
60050,0.0
60051,0.0
60052,0.0
60053,0.0
60054,0.007246
60055,0.002492
60056,0.0
60357,0.31372
60358,0.418234
60359,0.160469
60360,0.043555
60361,0.005999
60362,0.0
60363,0.0
60364,0.0
60365,1.8e-05
60366,0.0
60367,0.0
60368,0.0
60369,7.8e-05
60370,0.080596
60371,1.0
60372,1.0
60373,0.398123
60374,0.196239
60375,0.093009
60376,0.212533
60377,0.954603
60378,0.53971
60379,0.040654
60380,0.0
60381,0.0
60382,0.0
60383,0.0
60384,0.006316
60385,0.002155
60386,0.003025
60387,0.001962
60388,0.003785
60389,0.0
60390,0.0
60391,0.0
60392,0.003545
60393,0.013579
60394,0.0
60395,0.0
60396,0.0
60397,0.0
60398,0.0
60399,0.0
60400,0.002655
60401,0.025754
60402,0.336773
60403,0.007302
60404,0.0
60405,0.0
60406,0.0
60407,0.0
60408,0.0
60409,0.0
60410,0.0
60411,0.0
60412,0.0
60413,0.0
60414,0.0
60415,0.070028
60416,1.0
60417,1.0
60422,1.0
60423,1.0
60424,0.418955
60425,0.274751
60426,0.136499
60427,0.440861
60428,0.0
60429,0.0
60430,0.000295
60431,0.005282
60432,0.007229
60433,3.2e-05
60434,0.020445
60435,0.012235
60436,0.004174
60437,0.02876
60438,0.002523
60439,0.0
60440,0.0
60441,0.000647
60442,0.0
60443,0.0
60444,0.0
60445,0.00157
60446,0.007285
60447,0.017845
60448,0.0
60449,0.0
60450,0.0
60451,0.0
60452,0.0
60453,0.0
60454,0.0
60455,0.0
60456,0.000304
60457,0.000429
60458,0.014279
60459,0.033269
60460,0.004116
60461,0.005628
60462,0.000445
60463,0.00603
60464,0.087079
60465,0.436321
60466,0.058277
60467,1.0
60468,0.028499
60469,0.006992
60470,0.002863
60471,0.002777
60472,0.004085
60473,0.010618
60474,0.357857
60475,0.137671
60476,0.010008
60477,0.010981
60478,0.137999
60479,0.003582
60480,0.006405
60481,0.004094
60482,0.000984
60483,0.0
60484,0.000162
60485,0.0
60486,0.0
60487,0.0
60488,0.0
60489,0.0
60490,0.0
60491,0.0
60492,0.000497
60493,0.950449
60494,0.771472
60495,0.151057
60496,0.0
60497,0.0
60498,0.007173
60499,0.054046
60500,0.023713
60501,0.105114
60502,0.0
60503,0.0
60504,0.0
60505,0.0
60506,0.0
60507,0.0
60508,0.0
60509,0.0
60510,0.0
60511,0.0
60512,0.0
60513,0.0
60514,0.0
60515,0.0
60516,0.0
60517,0.0
60518,0.0
60519,0.0
60520,0.0
60521,0.0
60522,0.0
60523,0.0
60524,0.0
60525,0.006506
60526,0.001118
60527,0.001212
60528,0.002919
60529,0.0
60530,0.0
60531,0.0
60532,0.0
60533,0.0
60534,0.0
60535,0.0
60536,0.263808
60537,0.015272
60538,0.0
60539,0.0
60540,0.0
60541,0.0
60542,0.0
60543,0.0
60544,0.0
60545,0.0
60546,0.0
60547,0.0
60548,0.0
60549,0.0
60550,0.0
60552,0.0
60553,0.0
60554,0.0
60555,0.0
60556,0.0
60557,0.0
60558,0.0
60559,0.0
60560,0.0
60561,0.0
60562,0.0
60563,0.0
60564,0.0
60565,0.0
60566,0.0
60567,0.0
60568,0.047856
60569,0.91597
60570,0.724863
60571,0.58032
60572,0.98692
60573,1.0
60574,1.0
60575,1.0
60579,1.0
60580,1.0
60581,1.0
60582,1.0
60583,1.0
60584,0.080375
60715,0.0
60716,0.0
60717,0.0
60718,0.0
60719,0.0
60720,0.0
60721,0.0
60722,0.0
60723,0.0
60724,0.0
60725,0.0
60726,0.0
60727,0.0
60728,0.0
60729,0.0
60730,0.0
60731,0.0
60732,0.0
60733,0.0
60734,0.0
60735,0.0
60736,0.0
60737,0.0
60738,0.0
60739,0.002698
60741,0.0
61041,0.142582
61042,0.109998
61043,0.012469
61044,0.0
61045,0.0
61046,0.0
61047,0.0
61048,0.0
61049,0.0
61050,0.0
61051,0.0
61052,0.0
61053,0.001644
61054,0.130639
61055,0.242903
61056,1.0
61057,1.0
61058,0.30881
61059,0.067391
61060,0.023567
61061,0.171714
61062,0.134106
61063,0.00226
61064,0.0
61065,0.0
61066,0.000155
61067,0.0
61068,0.007671
61069,0.005587
61070,0.034896
61071,0.620527
61072,0.206846
61073,0.451334
61074,0.0
61075,0.043851
61076,0.024286
61077,0.0
61078,0.0
61079,0.0
61080,0.0
61081,0.0
61082,0.0
61083,0.005363
61084,0.443973
61086,1.0
61087,0.349015
61088,0.0
61089,0.0
61090,0.0
61091,0.0
61092,0.0
61093,0.0
61094,0.0
61095,0.0
61096,0.0
61097,0.0
61098,0.11924
61099,0.97396
61100,1.0
61102,1.0
61103,1.0
61104,1.0
61105,1.0
61106,1.0
61107,1.0
61108,1.0
61109,0.008509
61110,0.005373
61111,0.677705
61112,0.303629
61113,0.0
61114,0.014354
61115,0.074833
61116,0.00233
61117,0.0
61118,0.038285
61119,0.021067
61120,0.318878
61121,0.045147
61122,0.002242
61123,0.00613
61124,0.006049
61125,0.017404
61126,0.0
61127,0.0
61128,0.000952
61129,0.020757
61130,0.80201
61131,0.390546
61132,0.099971
61133,0.224578
61134,0.018748
61135,0.0
61136,0.0
61137,0.0
61138,0.0
61139,0.0
61140,0.0
61141,0.0
61142,0.005393
61143,0.0
61144,0.002017
61145,0.000421
61146,0.001342
61147,0.00015
61148,0.003909
61149,0.002259
61150,0.023622
61151,0.100888
61152,0.037949
61153,0.015546
61154,0.002595
61155,0.0
61156,0.0
61157,0.0
61158,0.022776
61159,0.067523
61160,0.031958
61161,0.025937
61162,0.042037
61163,0.034429
61164,8.7e-05
61165,0.000535
61166,0.0
61167,0.0
61168,0.0
61169,0.0
61170,0.0
61171,0.0
61172,0.0
61173,0.0
61174,0.0
61175,0.0
61176,0.0019
61177,0.95921
61178,0.783683
61179,0.334086
61180,0.14914
61181,0.411359
61182,0.064259
61183,0.939052
61184,0.284964
61185,0.000388
61186,0.0
61187,0.0
61188,0.0
61189,0.0
61190,0.0
61191,0.0
61192,0.0
61193,0.0
61194,0.0
61195,0.0
61196,0.0
61197,0.0
61198,0.0
61199,0.0
61200,0.0
61201,0.000238
61202,0.0
61203,0.0
61204,0.0
61205,0.0
61206,0.0
61207,0.0
61208,0.0
61209,0.0
61210,0.0
61211,0.0
61212,0.0
61213,0.0
61214,0.0
61215,0.0
61216,0.0
61217,0.0
61218,0.0
61219,0.0
61220,0.0
61221,0.0
61222,0.0
61223,0.0
61224,0.0
61225,0.0
61226,0.0
61227,0.0
61228,0.0
61229,0.0
61230,0.0
61231,0.0
61232,0.0
61233,0.0
61234,0.0
61235,0.0
61236,0.0
61237,0.0
61238,0.0
61239,0.0
61240,0.0
61241,0.271744
61242,0.2161
61243,0.149687
61244,0.043972
61245,0.0
61246,0.0
61247,0.0
61248,0.0
61249,0.0
61250,0.0
61251,0.0
61252,0.090144
61253,0.058681
61254,0.025963
61255,4.2e-05
61256,0.858588
61257,1.0
61258,1.0
61259,1.0
61260,1.0
61261,1.0
61262,1.0
61263,1.0
61264,1.0
61265,1.0
61266,0.999411
61399,0.0
61400,0.0
61401,0.0
61402,0.0
61403,0.0
61404,0.0
61405,0.0
61406,0.0
61407,0.0
61408,0.0
61409,0.0
61410,0.0
61411,0.0
61412,0.0
61413,0.0
61414,0.0
61415,0.0
61416,0.0
61417,0.0
61418,0.0
61419,0.0
61420,0.0
61421,0.0
61422,0.0
61423,0.000201
61424,0.012927
61724,0.0
61725,0.16202
61726,0.017123
61727,0.029483
61728,0.000604
61729,0.00155
61730,0.0
61731,0.0
61732,0.0
61733,0.0
61734,0.0
61735,0.0
61736,0.035373
61737,0.173546
61738,0.296981
61739,0.357414
61740,1.0
61742,1.0
61743,0.136357
61744,0.0
61745,0.0
61746,0.0
61747,0.0
61748,0.0
61749,0.0
61750,0.000115
61751,0.0
61752,0.000109
61753,0.036846
61754,0.486924
61755,0.829289
61756,0.0
61757,0.052316
61758,0.0
61759,0.0
61760,0.0
61761,0.0
61762,0.0
61763,0.0
61764,0.0
61765,0.0
61766,0.04792
61767,0.511765
61768,1.0
61770,0.811797
61771,0.710592
61772,0.015259
61773,0.0
61774,0.0
61775,0.0
61776,0.0
61777,0.0
61778,0.0
61779,0.0
61780,0.0
61781,0.0
61782,0.378745
61783,1.0
61786,1.0
61787,1.0
61788,1.0
61789,1.0
61790,1.0
61791,1.0
61793,0.022099
61794,0.000322
61795,0.412955
61796,1.0
61797,0.832596
61798,0.059316
61799,0.000467
61800,0.000277
61801,0.008172
61802,0.000985
61803,0.002855
61804,0.537594
61805,0.002631
61806,0.000283
61807,0.0
61808,0.087312
61809,0.908958
61810,0.739471
61811,0.042918
61812,0.022229
61813,0.544061
61814,1.0
61815,1.0
61816,1.0
61817,1.0
61818,0.171886
61819,0.003759
61820,0.0
61821,0.0
61822,0.0
61823,0.0
61824,0.0
61825,0.0
61826,0.005969
61827,0.001057
61828,0.014869
61829,0.016767
61830,0.015902
61831,0.003955
61832,0.023163
61833,0.047224
61834,0.053272
61835,0.042059
61836,0.019895
61837,0.009028
61838,0.001486
61839,0.0
61840,0.0
61841,0.0
61842,0.00161
61843,0.00588
61844,0.021355
61845,0.010019
61846,0.008058
61847,0.001857
61848,0.0
61849,0.0
61850,0.0
61851,0.0
61852,0.0
61853,0.000323
61854,0.0
61855,0.0
61856,0.0
61857,0.0
61858,0.0
61859,0.002465
61860,0.023307
61861,1.0
61862,1.0
61863,1.0
61864,0.902243
61865,0.966587
61866,0.471289
61867,0.50956
61868,0.049116
61869,0.045161
61870,0.0
61871,0.0
61872,0.0
61873,0.0
61874,0.0
61875,0.0
61876,0.0
61877,0.0
61878,0.0
61879,0.0
61880,0.0
61881,0.0
61882,0.0
61883,0.000343
61884,0.0
61885,0.043917
61886,0.033685
61887,0.007424
61888,0.0
61889,0.0
61890,0.0
61891,0.0
61892,0.0
61893,0.0
61894,0.0
61895,0.0
61896,0.191855
61897,0.0
61898,0.0
61899,0.0
61900,0.0
61901,0.0
61902,0.0
61903,0.0
61904,0.0
61905,0.0
61906,0.0
61907,0.0
61908,0.0
61909,0.0
61910,0.0
61911,0.001085
61912,0.001944
61913,0.0
61914,0.001467
61915,0.0
61916,0.0
61917,0.0
61918,0.0
61919,0.0
61920,0.0
61921,0.0
61922,0.0
61923,0.0
61924,0.010301
61925,0.958746
61926,1.0
61927,1.0
61928,0.487486
61929,0.152553
61930,0.0
61931,0.0
61932,0.0
61933,0.200925
61934,0.679887
61935,0.493361
61936,1.0
61937,0.061293
61938,0.0
61939,0.0
61940,0.231963
61941,1.0
61942,1.0
61943,1.0
61944,1.0
61945,1.0
61946,1.0
61947,1.0
61948,1.0
62082,0.0
62083,0.0
62084,0.0
62085,0.0
62086,0.0
62087,0.0
62088,0.0
62089,0.0
62090,0.0
62091,0.0
62092,0.0
62093,0.0
62094,0.0
62095,0.0
62096,0.0
62097,0.0
62098,0.00156
62099,0.0
62100,0.0
62101,0.0
62102,0.0
62103,0.0
62104,0.0
62105,0.0
62106,0.0
62107,0.005251
62108,0.049807
62408,0.0
62409,0.0
62410,0.0
62411,0.001402
62412,0.000394
62413,0.001981
62414,5.1e-05
62415,0.0
62416,0.0
62417,0.0
62418,0.010733
62419,0.000205
62420,0.0
62421,1.0
62423,1.0
62424,1.0
62426,1.0
62427,0.047105
62428,0.0
62429,0.0
62430,0.040541
62431,0.0
62432,0.0
62433,0.003553
62434,0.00314
62435,0.0
62436,0.0
62437,0.0
62438,0.19816
62439,0.294109
62440,0.0
62441,0.0
62442,0.0
62443,0.0
62444,0.0
62445,0.0
62446,0.0
62447,0.0
62448,0.0
62449,0.0
62450,0.036131
62451,1.0
62452,1.0
62453,0.986389
62454,0.015518
62455,0.00383
62456,0.0
62457,0.000834
62458,0.0
62459,0.0
62460,0.0
62461,0.0
62462,0.0
62463,0.0
62464,0.0
62465,0.0
62466,0.680933
62467,1.0
62469,1.0
62476,0.0
62477,0.0
62478,0.040507
62479,1.0
62480,1.0
62481,1.0
62482,0.033177
62483,0.0
62484,0.0
62485,0.0
62486,0.013166
62487,0.0
62488,0.009717
62489,0.836918
62490,0.004989
62491,0.031004
62492,0.236586
62493,0.998737
62494,1.0
62495,0.292358
62496,0.517171
62497,0.031911
62498,0.733575
62499,1.0
62500,1.0
62501,1.0
62502,0.64609
62503,0.004726
62504,0.0
62505,0.0
62506,0.0
62507,0.0
62508,0.0
62509,0.0
62510,0.00186
62511,0.001752
62512,0.003115
62513,0.002023
62514,0.008874
62515,0.011311
62516,0.008654
62517,0.010469
62518,0.021502
62519,0.034617
62520,0.001958
62521,0.003081
62522,0.0
62523,0.00125
62524,0.001521
62525,0.004382
62526,0.001868
62527,0.00645
62528,0.007106
62529,0.00471
62530,0.000606
62531,0.0
62532,0.0
62533,0.0
62534,0.0
62535,0.0
62536,0.001204
62537,0.001746
62538,0.0
62539,0.0
62540,0.0
62541,0.0
62542,0.001178
62543,0.014969
62544,0.125407
62545,1.0
62546,1.0
62547,1.0
62548,1.0
62549,0.641848
62550,0.146284
62551,0.032047
62552,0.0
62553,0.0
62554,0.0
62555,0.0
62556,0.0
62557,0.0
62558,0.0
62559,0.0
62560,0.0
62561,0.0
62562,0.0
62563,0.005219
62564,0.002308
62565,0.025744
62566,0.0
62567,0.0
62568,0.0
62569,0.001226
62570,0.00098
62571,0.00107
62572,0.0
62573,0.000221
62574,0.0
62575,0.0
62576,0.0
62577,0.0
62578,0.0
62579,0.001429
62580,0.29869
62581,0.0
62582,0.0
62583,0.0
62584,0.0
62585,0.0
62586,0.0
62587,0.0
62588,0.0
62589,0.0
62590,0.0
62591,0.0
62592,0.0
62593,0.0
62594,0.0
62595,0.001021
62596,0.026398
62597,0.004557
62598,0.00028
62599,0.000552
62600,0.0
62601,0.0
62602,0.0
62603,0.0
62604,0.0
62605,0.0
62606,0.53113
62607,0.995603
62608,1.0
62609,1.0
62610,1.0
62611,1.0
62612,1.0
62613,0.731177
62614,0.0
62615,0.0
62616,0.0
62617,0.531465
62618,0.919315
62619,1.0
62620,1.0
62621,0.36906
62622,0.018928
62623,0.19176
62624,0.621881
62625,1.0
62626,1.0
62627,1.0
62628,0.925455
62629,0.787632
62630,0.489735
62631,0.703767
62649,0.0
62650,0.0
62651,0.0
62765,0.0
62766,0.0
62767,0.0
62768,0.0
62769,0.0
62770,0.0
62771,0.0
62772,0.0
62773,0.0
62774,0.0
62775,0.0
62776,0.0
62777,0.0
62778,0.0
62779,0.0
62780,0.0
62781,0.0
62782,0.0
62783,0.0
62784,0.0
62785,0.0
62786,0.0
62787,0.0
62788,0.0
62789,0.0
62790,0.0
62791,0.0
63092,0.0
63093,0.0
63094,0.0
63095,0.0
63096,0.0
63097,0.0
63098,0.000365
63099,0.0
63100,0.0
63101,0.0
63102,0.012781
63103,0.054001
63104,0.027041
63105,1.0
63106,1.0
63107,1.0
63108,0.034661
63109,0.027874
63110,0.649201
63111,0.026625
63112,0.0
63113,0.008118
63114,0.000779
63115,0.0
63116,0.0
63117,0.0
63118,0.0
63119,0.0
63120,0.0
63121,0.0
63122,0.0
63123,0.0
63124,0.0
63125,0.0
63126,0.0
63127,0.0
63128,0.0
63129,0.0
63130,0.0
63131,0.0
63132,0.00724
63133,0.247864
63134,0.934126
63135,0.730333
63136,0.111349
63137,0.004542
63138,0.054303
63139,0.000121
63140,0.0
63141,0.0
63142,0.0
63143,0.0
63144,0.0
63145,0.0
63146,0.0
63147,0.0
63148,0.0
63149,0.030402
63150,0.979003
63151,1.0
63160,0.0
63161,0.0
63162,0.030586
63163,1.0
63164,1.0
63165,0.192678
63166,0.335191
63167,0.102473
63168,0.498791
63169,0.058369
63170,0.0
63171,0.0
63172,0.041381
63173,0.157264
63174,0.236263
63175,0.010986
63176,0.020461
63177,0.345149
63178,0.071963
63179,0.357208
63180,0.002157
63181,0.154293
63182,0.76774
63183,1.0
63184,1.0
63186,0.157277
63187,0.104266
63188,0.0
63189,0.0
63190,0.0
63191,0.0
63192,0.0
63193,0.0
63194,0.0
63195,0.002371
63196,0.001419
63197,0.000811
63198,0.003892
63199,0.025914
63200,0.00044
63201,0.00466
63202,0.009199
63203,0.001864
63204,0.001338
63205,0.000367
63206,0.0
63207,0.000458
63208,0.000907
63209,0.001075
63210,0.004699
63211,0.00144
63212,0.000653
63213,0.0
63214,0.0
63215,0.000306
63216,0.0
63217,0.0
63218,0.0
63219,0.0
63220,0.00016
63221,0.0
63222,0.0
63223,0.0
63224,0.008187
63225,0.049044
63226,0.012671
63227,0.007546
63228,0.087651
63229,0.585183
63230,0.609626
63231,0.904749
63232,1.0
63233,1.0
63234,0.907984
63235,0.022035
63236,0.0
63237,0.000258
63238,0.0
63239,0.0
63240,0.0
63241,0.0
63242,0.0
63243,0.0
63244,0.0
63245,0.0
63246,0.0
63247,0.0
63248,3.5e-05
63249,0.017823
63250,0.0
63251,0.0
63252,0.0
63253,0.0
63254,0.0
63255,0.000765
63256,0.0
63257,0.0
63258,0.0
63259,0.0
63260,0.0
63261,0.0
63262,0.0
63263,0.0
63264,0.0
63265,0.001214
63266,0.001248
63267,0.0
63268,0.0
63269,0.0
63270,3.4e-05
63271,0.0
63272,0.0
63273,0.0
63274,0.0
63275,0.0
63276,0.0
63277,0.0
63278,0.0
63279,0.0
63280,0.0
63281,0.0
63282,0.003441
63283,0.005545
63284,0.0
63285,0.0
63286,0.0
63287,0.0
63288,0.0
63289,0.0
63290,0.402359
63291,1.0
63292,1.0
63293,1.0
63294,1.0
63295,1.0
63296,1.0
63297,0.837282
63298,0.208269
63299,0.0
63300,0.0
63301,0.0
63302,0.168793
63303,0.348631
63304,0.122663
63305,0.183599
63306,0.063132
63307,0.950532
63308,1.0
63309,1.0
63310,1.0
63311,1.0
63312,0.670481
63313,0.0
63314,0.0
63332,0.0
63333,0.0
63334,0.0
63447,0.0
63448,0.0
63449,0.0
63450,0.0
63451,0.0
63452,0.0
63453,0.0
63454,0.0
63455,0.0
63456,0.0
63457,0.0
63458,0.0
63459,0.0
63460,0.0
63461,0.0
63462,0.0
63463,0.0
63464,0.0
63465,0.0
63466,0.0
63467,0.0
63468,0.0
63469,0.0
63470,0.0
63471,0.0
63472,0.0
63473,0.0
63474,0.0
63775,0.014612
63776,0.125885
63777,0.095186
63778,0.005399
63779,0.0
63780,0.0
63781,0.0
63782,0.001217
63783,0.0
63784,0.0
63785,0.0
63786,0.00069
63787,0.025605
63788,0.08
63790,1.0
63791,0.154714
63792,0.000394
63793,0.000141
63794,0.004473
63795,0.0
63796,0.035374
63797,0.0
63798,0.006261
63799,0.0
63800,0.0
63801,0.0
63802,0.0
63803,0.0
63804,0.0
63805,0.0
63806,0.0
63807,0.0
63808,0.0
63809,0.0
63810,0.0
63811,0.0
63812,0.0
63813,0.0
63814,0.0
63815,0.094519
63816,1.0
63817,1.0
63818,0.263206
63819,0.026457
63820,0.0
63821,0.071029
63822,0.252901
63823,0.120249
63824,1.0
63825,1.0
63826,0.0
63827,0.0
63828,0.0
63829,0.001675
63830,0.0
63831,0.0
63832,0.014265
63833,0.302021
63834,1.0
63835,1.0
63844,0.0
63845,0.0
63846,0.602801
63847,1.0
63848,0.6411
63849,0.106532
63850,0.162768
63851,1.0
63852,1.0
63853,0.034746
63854,0.057626
63855,0.026635
63856,0.892878
63857,0.973027
63858,0.661553
63859,0.035372
63860,0.015882
63861,0.134339
63862,0.05033
63863,0.321057
63864,0.08075
63865,0.0
63866,0.038321
63867,0.137187
63868,0.12426
63869,0.870247
63870,1.0
63871,0.012821
63872,0.037454
63873,0.042081
63874,0.0
63875,0.01319
63876,0.11319
63877,0.109071
63878,0.001259
63879,0.059025
63880,0.001041
63881,0.001283
63882,0.014194
63883,0.009769
63884,0.000887
63885,0.000985
63886,0.000114
63887,0.008559
63888,0.001578
63889,0.000536
63890,0.000278
63891,0.000614
63892,0.00243
63893,0.000706
63894,0.001517
63895,0.0
63896,0.0
63897,0.0
63898,0.0
63899,0.005465
63900,0.013737
63901,0.001353
63902,0.001357
63903,0.010193
63904,0.0
63905,0.0
63906,0.0
63907,0.01817
63908,0.00104
63909,0.00221
63910,0.007397
63911,0.000789
63912,0.0
63913,0.0
63914,0.149459
63915,0.824059
63916,1.0
63917,1.0
63918,0.552378
63919,7e-05
63920,0.0
63921,0.000337
63922,0.0001
63923,0.0
63924,0.0
63925,0.0
63926,0.0
63927,0.0
63928,0.0
63929,0.0
63930,0.046588
63931,0.0
63932,0.0
63933,0.004774
63934,0.042686
63935,0.001081
63936,0.0
63937,0.0
63938,0.000235
63939,0.0
63940,0.0
63941,0.0
63942,0.0
63943,0.0
63944,0.0
63945,0.0
63946,0.0
63947,0.0
63948,0.0
63949,0.0
63950,0.0
63951,0.0
63952,0.0
63953,0.0
63954,0.0
63955,0.0
63956,0.0
63957,0.0
63958,0.0
63959,0.0
63960,0.0
63961,0.0
63962,0.0
63963,0.0
63964,0.0
63965,0.001515
63966,1.2e-05
63967,0.0
63968,0.0
63969,0.0
63970,0.0
63971,0.0
63972,0.0
63973,0.0
63974,0.255961
63975,0.992008
63976,1.0
63977,1.0
63978,1.0
63979,0.941126
63980,0.766991
63981,0.678272
63982,0.359245
63983,0.0
63984,0.0
63985,0.0
63986,0.0
63987,0.0
63988,0.0
63989,0.0
63990,8.9e-05
63991,0.966389
63992,1.0
63993,1.0
63994,1.0
63995,1.0
63996,0.614164
63997,0.0
64015,0.006983
64016,0.0
64017,0.0
64131,0.0
64132,0.0
64133,0.0
64134,0.0
64135,0.0
64136,0.0
64137,0.0
64138,0.0
64139,0.0
64140,0.0
64141,0.0
64142,0.0
64143,0.0
64144,0.0
64145,0.0
64146,0.0
64147,0.0
64148,0.0
64149,0.0
64150,0.0
64151,0.0
64152,0.0
64153,0.0
64154,0.0
64155,0.0
64156,0.000952
64459,0.093186
64460,1.0
64461,1.0
64462,0.878066
64463,0.080433
64464,0.0
64465,0.0
64466,0.0
64467,0.0
64468,0.014828
64469,0.010438
64470,0.00772
64471,0.015912
64472,1.0
64473,1.0
64474,1.0
64475,0.200506
64476,0.0
64477,0.0
64478,0.0
64479,0.0
64480,0.321302
64481,0.003119
64482,0.00016
64483,0.0
64484,0.020608
64485,0.0
64486,0.003524
64487,0.0
64488,0.007902
64489,0.0
64490,0.0
64491,0.0
64492,0.0
64493,0.0
64494,0.0
64495,0.0
64496,0.0
64497,0.0
64498,0.0
64499,0.032256
64500,1.0
64501,0.018515
64502,0.001826
64503,0.0
64504,0.0
64505,0.043074
64506,0.068446
64507,0.76235
64508,0.141746
64509,0.809527
64510,1.0
64511,0.0
64512,0.0
64513,0.036418
64514,0.004633
64515,0.289334
64516,1.0
64517,1.0
64518,1.0
64519,1.0
64520,1.0
64526,1.0
64527,0.771075
64528,0.039309
64529,0.152048
64530,1.0
64531,1.0
64532,0.590081
64533,0.009729
64534,0.194053
64535,1.0
64536,0.970345
64537,0.007879
64538,0.002604
64539,0.182567
64540,1.0
64541,1.0
64542,0.153575
64543,0.318486
64544,0.7073
64545,0.012827
64546,0.088326
64547,0.002983
64548,0.103227
64549,0.001417
64550,0.0
64551,0.026606
64552,0.094994
64553,0.184315
64554,0.019794
64555,0.015333
64556,0.031811
64557,0.0
64558,0.0
64559,0.003477
64560,0.036676
64561,0.099589
64562,0.143309
64563,0.224827
64564,0.002293
64565,0.003208
64566,0.015427
64567,0.005736
64568,0.002722
64569,0.000523
64570,0.005562
64571,0.001459
64572,0.001233
64573,0.001948
64574,0.006756
64575,0.000824
64576,0.002208
64577,0.002121
64578,0.000318
64579,0.000164
64580,0.000351
64581,0.0
64582,0.0
64583,0.011567
64584,0.03656
64585,0.013977
64586,0.033342
64587,0.002285
64588,0.000315
64589,0.0
64590,0.0
64591,0.0
64592,0.002072
64593,0.001268
64594,0.0
64595,0.0
64596,0.0
64597,0.0
64598,0.108542
64599,0.908902
64600,1.0
64601,0.850563
64602,0.172188
64603,0.0
64604,0.0
64605,0.0
64606,0.0
64607,0.0
64608,0.0
64609,0.0
64610,0.0
64611,0.0
64612,0.0
64613,0.0
64614,0.0
64615,0.0
64616,0.0
64617,0.0
64618,0.0
64619,0.000722
64620,0.000214
64621,0.000976
64622,0.0
64623,0.0
64624,0.0
64625,0.0
64626,0.000434
64627,0.007006
64628,0.0
64629,0.0
64630,0.0
64631,0.0
64632,0.0
64633,0.0
64634,0.0
64635,0.0
64636,0.0
64637,0.0
64638,0.0
64639,0.002216
64640,0.0
64641,0.0
64642,0.0
64643,0.0
64644,0.0
64645,0.0
64646,0.0
64647,0.0
64648,0.0
64649,0.0
64650,0.000332
64651,0.000285
64652,0.0
64653,0.0
64654,0.0
64655,0.0
64656,0.0
64657,0.0
64658,0.000588
64659,0.933461
64660,1.0
64661,1.0
64662,1.0
64663,0.793652
64664,0.037611
64665,0.0
64666,0.0
64667,0.0
64668,0.0
64669,0.0
64670,0.0
64671,0.0
64672,0.0
64673,0.0
64674,0.0
64675,0.38465
64676,0.301153
64677,0.476036
64678,0.274737
64679,0.235393
64680,0.014619
64699,0.001622
64700,0.0
64815,0.0
64816,0.0
64817,0.0
64818,0.0
64819,0.0
64820,0.0
64821,0.0
64822,0.0
64823,0.0
64824,0.0
64825,0.0
64826,0.0
64827,0.0
64828,0.0
64829,0.0
64830,9.3e-05
64831,0.0
64832,0.0
64833,0.0
64834,0.0
64835,0.0
64836,0.0
64837,0.0
64839,0.000234
64840,0.019951
65142,0.087931
65143,0.739154
65144,1.0
65145,0.222416
65146,0.244592
65147,0.006158
65148,0.000329
65149,0.0
65150,0.0
65151,0.0
65152,0.007185
65153,0.003461
65154,0.022359
65155,0.21139
65156,1.0
65157,1.0
65158,1.0
65159,0.000725
65160,0.0
65161,0.0
65162,0.0
65163,0.0
65164,0.000181
65165,0.022801
65166,0.073485
65167,0.015938
65168,0.019714
65169,0.0
65170,0.0
65171,0.0
65172,0.0
65173,0.0
65174,0.0
65175,0.0
65176,0.086659
65177,0.009277
65178,0.0
65179,0.198004
65180,0.710004
65181,0.28098
65182,0.331276
65183,0.494542
65184,0.610191
65185,0.039127
65186,0.0
65187,0.110786
65188,0.0
65189,0.0
65190,0.0
65191,0.076198
65192,0.0
65193,0.079517
65194,1.0
65196,0.005205
65197,0.222349
65198,0.575566
65199,1.0
65200,1.0
65201,1.0
65202,0.996804
65203,0.091717
65211,0.51796
65212,0.096529
65213,1.0
65214,1.0
65215,1.0
65216,0.641593
65217,0.302255
65218,1.0
65219,0.493292
65220,0.321531
65221,0.0
65222,0.148116
65223,0.928602
65224,1.0
65225,0.804659
65226,0.032691
65227,0.657538
65228,1.0
65229,0.136423
65230,0.115811
65231,0.0
65232,0.778625
65233,0.011215
65234,0.0
65235,0.13832
65236,0.230584
65237,0.056681
65238,0.0
65239,0.0
65240,0.0
65241,0.0
65242,0.0
65243,0.0
65244,0.0
65245,0.0
65246,0.0
65247,0.0
65248,0.013889
65249,0.005713
65250,0.036944
65251,0.011403
65252,0.000771
65253,0.000735
65254,0.000458
65255,0.001489
65256,0.0
65257,0.000555
65258,0.002655
65259,4.9e-05
65260,0.001607
65261,0.00098
65262,0.000889
65263,0.002591
65264,9.2e-05
65265,0.0
65266,0.000871
65267,0.007187
65268,0.008788
65269,0.016113
65270,0.017713
65271,0.013384
65272,0.005157
65273,0.054448
65274,0.0
65275,0.000805
65276,0.003412
65277,0.005565
65278,0.0
65279,0.0
65280,0.0
65281,0.0
65282,0.120951
65283,0.956105
65284,1.0
65285,0.583919
65286,0.0
65287,0.0
65288,0.0
65289,0.0
65290,0.0
65291,0.0
65292,0.0
65293,0.0
65294,0.0
65295,0.0
65296,0.0
65297,0.0
65298,0.0
65299,0.0
65300,0.0
65301,0.0
65302,0.0
65303,0.0
65304,0.000126
65305,0.00014
65306,0.0
65307,0.0
65308,0.0
65309,0.0
65310,0.0
65311,0.0001
65312,0.002689
65313,0.0
65314,0.0
65315,0.0
65316,0.000749
65317,0.0
65318,0.0
65319,0.000962
65320,0.0
65321,0.0
65322,0.0
65323,0.0
65324,0.0
65325,0.0
65326,0.0
65327,0.0
65328,0.0
65329,0.0
65330,0.0
65331,0.0
65332,0.0
65333,0.0
65334,0.0
65335,0.0
65336,0.0
65337,0.0
65338,0.0
65339,0.0
65340,0.0
65341,0.0
65342,0.0
65343,0.907946
65344,1.0
65345,1.0
65346,1.0
65347,1.0
65348,0.523764
65349,0.0
65350,0.0
65351,0.0
65352,0.0
65353,0.0
65354,0.0
65355,0.0
65356,0.0
65357,0.0
65358,0.0
65359,0.0
65360,0.0
65361,0.0
65362,0.0
65363,0.0
65381,0.0
65382,0.0
65383,0.0
65498,0.0
65499,0.0
65500,0.0
65501,0.0
65502,0.0
65503,0.0
65504,0.0
65505,0.0
65506,0.0
65507,0.0
65508,0.0
65509,0.0
65510,0.0
65511,0.0
65512,0.0
65513,0.0
65514,0.0
65515,0.0
65516,0.0
65517,0.0
65519,0.0
65520,0.0
65522,0.059742
65826,0.319252
65827,1.0
65828,0.940665
65829,0.012095
65830,0.0875
65831,0.001548
65832,0.006744
65833,0.0
65834,0.0
65835,0.0
65836,0.002326
65837,0.026667
65838,0.012505
65839,0.828025
65840,1.0
65841,1.0
65842,0.0
65843,0.000314
65844,0.000261
65845,0.0
65846,0.000442
65847,0.00496
65848,0.047438
65849,0.060952
65850,0.0
65851,0.005349
65852,0.083754
65853,0.0
65854,0.0
65855,0.003921
65856,0.064011
65857,0.0
65858,0.240268
65859,0.696593
65860,0.986732
65861,0.976581
65862,0.04612
65863,0.230747
65864,0.990913
65865,0.968683
65866,0.101167
65867,0.389527
65868,0.006063
65869,0.0
65870,0.018269
65871,0.707534
65872,0.0
65873,0.026686
65874,0.0
65875,0.0
65876,0.0
65877,0.007391
65878,1.0
65880,1.0
65881,0.033235
65882,1.0
65883,1.0
65886,1.0
65887,0.831907
65888,1.0
65895,0.66708
65896,0.157802
65897,0.999109
65898,1.0
65899,1.0
65900,1.0
65901,1.0
65902,1.0
65903,0.015465
65904,0.00891
65905,0.0
65906,0.38548
65907,0.841016
65908,0.212231
65909,0.95007
65910,0.146186
65911,0.094644
65912,0.526177
65913,0.174234
65914,0.008853
65915,0.006727
65916,0.858385
65917,0.045393
65918,0.0
65919,0.000614
65920,0.011209
65921,0.0
65922,0.0
65923,0.0
65924,0.0
65925,0.0
65926,0.0
65927,0.0
65928,0.0
65929,0.0
65930,0.0
65931,0.0
65932,0.004406
65933,0.015431
65934,0.013315
65935,0.005112
65936,0.000499
65937,0.0
65938,0.000609
65939,0.0
65940,0.0
65941,0.0
65942,0.000346
65943,0.002749
65944,0.001202
65945,0.010298
65946,0.003226
65947,0.002787
65948,0.0
65949,0.0
65950,0.001567
65951,0.018351
65952,0.003242
65953,0.004908
65954,0.009558
65955,0.036281
65956,0.030427
65957,0.048623
65958,0.0
65959,0.007412
65960,0.004785
65961,0.0
65962,0.000118
65963,0.0
65964,0.0
65965,0.0
65966,0.421046
65967,1.0
65968,1.0
65969,0.750713
65970,0.0
65971,0.0
65972,0.0
65973,0.0
65974,0.0
65975,0.0
65976,0.0
65977,0.0
65978,0.0
65979,0.0
65980,0.0
65981,0.0
65982,0.0
65983,0.0
65984,0.0
65985,0.0
65986,0.0
65987,0.0
65988,0.0
65989,0.0
65990,0.0
65991,0.0
65992,0.0
65993,3.8e-05
65994,0.0
65995,0.002447
65996,0.001419
65997,0.004108
65998,0.0
65999,0.016878
66000,0.0
66001,0.0
66002,0.0
66003,0.0
66004,0.0
66005,0.0
66006,0.0
66007,0.0
66008,0.0
66009,0.0
66010,0.0
66011,0.0
66012,0.0
66013,0.0
66014,0.0
66015,0.0
66016,0.0
66017,0.000804
66018,0.000336
66019,0.0
66020,0.0
66021,0.0
66022,0.0
66023,0.0
66024,0.0
66025,0.0
66026,0.177059
66027,0.998582
66028,1.0
66029,1.0
66030,1.0
66031,1.0
66032,0.465155
66033,0.0
66034,0.0
66035,0.0
66036,0.0
66037,0.0
66038,0.0
66039,0.0
66040,0.0
66041,0.0
66042,0.0
66043,0.0
66044,0.0
66045,0.0
66046,0.0
66063,0.0
66064,0.0
66065,0.0
66066,0.0
66067,0.0
66069,0.0
66089,0.0
66090,0.0
66179,0.0
66180,0.0
66181,0.0
66182,0.0
66183,0.0
66184,0.0
66185,0.0
66186,0.004404
66187,0.007911
66188,0.0
66189,0.0
66190,0.0
66191,0.0
66192,0.0
66193,0.0
66194,0.0
66195,0.0
66196,0.0
66197,0.0
66198,0.0
66199,0.0
66200,0.0
66203,0.0
66204,0.0
66206,0.07631
66510,0.939109
66511,1.0
66512,0.738602
66513,0.023679
66514,0.124104
66515,0.0
66516,0.0
66517,0.0
66518,0.000296
66519,0.0
66520,0.003696
66521,0.047084
66522,0.828446
66523,0.996828
66524,1.0
66525,1.0
66527,0.119804
66528,0.012358
66529,0.000177
66530,0.074232
66531,0.2639
66532,0.107987
66533,0.0
66534,0.0
66535,0.001204
66536,0.150953
66537,0.004488
66538,0.0
66539,0.013029
66540,0.3743
66541,0.536595
66542,0.634589
66543,0.891643
66544,0.861006
66545,0.162103
66546,0.034305
66547,0.109566
66548,0.745804
66549,1.0
66550,0.181651
66551,0.188881
66552,0.079227
66553,0.0
66554,0.0
66555,0.753821
66557,0.0
66558,0.0
66559,0.0
66560,0.085284
66561,1.0
66564,0.819512
66565,0.0
66566,1.0
66567,1.0
66568,1.0
66569,1.0
66570,1.0
66571,1.0
66572,1.0
66573,1.0
66574,1.0
66575,1.0
66576,1.0
66577,1.0
66578,0.665507
66579,0.369058
66580,0.788679
66581,1.0
66582,1.0
66583,1.0
66585,0.996019
66586,0.746408
66587,0.177317
66588,0.057499
66589,0.021786
66590,0.012232
66591,0.0873
66592,0.680405
66593,0.349551
66594,0.092865
66595,0.00532
66596,0.005696
66597,0.020337
66598,0.00024
66599,0.022512
66600,0.550603
66601,0.054078
66602,0.001198
66603,0.0
66604,0.065771
66605,0.086457
66606,0.01385
66607,0.0
66608,0.0
66609,0.0
66610,0.0
66611,0.0
66612,0.0
66613,0.0
66614,0.0
66615,0.0
66616,0.009013
66617,0.012962
66618,0.006299
66619,0.005881
66620,0.0
66621,0.0
66622,0.0
66623,0.000534
66624,0.0
66625,0.0
66626,0.000836
66627,0.001583
66628,0.000726
66629,0.002644
66630,0.002964
66631,0.009319
66632,0.003245
66633,0.0
66634,0.000131
66635,0.002845
66636,0.003337
66637,0.005074
66638,0.108273
66639,0.052127
66640,0.029445
66641,0.00876
66642,0.017006
66643,0.011936
66644,0.014197
66645,0.002107
66646,0.000492
66647,0.0
66648,0.0
66649,0.0
66650,0.529769
66651,1.0
66652,1.0
66653,0.812023
66654,0.0
66655,0.0
66656,0.014119
66657,0.0
66658,0.0
66659,0.0
66660,0.0
66661,0.0
66662,0.0
66663,0.0
66664,0.0
66665,0.0
66666,0.0
66667,0.0
66668,0.0
66669,0.0
66670,0.0
66671,0.0
66672,0.0
66673,0.0
66674,0.0
66675,0.0
66676,0.0
66677,4.3e-05
66678,0.0
66679,0.000423
66680,0.0
66681,0.003527
66682,0.0
66683,0.046272
66684,0.0
66685,0.0
66686,0.0
66687,0.0
66688,0.0
66689,0.0
66690,0.0
66691,0.0
66692,0.0
66693,0.0
66694,0.0
66695,0.0
66696,0.0
66697,0.0
66698,0.0
66699,0.00105
66700,0.0
66701,0.000864
66702,0.003019
66703,0.000712
66704,0.044093
66705,0.0
66706,0.0
66707,0.0
66708,0.0
66709,0.0
66710,0.33704
66711,1.0
66712,1.0
66713,1.0
66714,1.0
66715,1.0
66716,0.529233
66717,0.0
66718,0.0
66719,0.0
66720,0.0
66721,0.0
66722,0.0
66723,0.0
66724,0.0
66725,0.0
66726,0.0
66727,0.0
66728,0.0
66729,0.0
66746,0.0
66747,0.0
66748,0.0
66749,0.0
66750,0.0
66751,0.0
66752,0.0
66753,0.0
66754,0.0
66755,0.0
66756,0.0
66757,0.0
66768,0.280359
66769,0.0
66770,0.0
66771,0.0
66772,0.0
66773,0.0
66774,0.0
66779,0.0
66858,0.0
66859,0.0
66860,0.0
66861,0.0
66862,0.0
66863,0.0
66864,0.0
66865,0.000378
66866,0.018858
66867,0.0
66868,0.000373
66869,0.0
66870,0.061079
66871,0.00947
66872,0.0
66873,0.0
66874,0.0
66875,0.0
66876,0.0
66877,0.0
66878,0.0
66879,0.0
66880,0.0
66881,0.0
66882,0.0
66883,0.0
66884,0.0
66885,0.0
66886,0.0
66888,0.0
66889,0.0
66890,0.0
67193,0.133324
67194,0.451032
67195,0.253682
67196,0.286957
67197,0.0
67198,0.001694
67199,0.0
67200,0.0
67201,0.000255
67202,0.017245
67203,0.00566
67204,0.0
67205,0.023927
67206,0.971232
67207,1.0
67208,1.0
67209,1.0
67210,1.0
67211,1.0
67212,0.666417
67213,0.59513
67214,0.489785
67215,0.776213
67216,0.007967
67217,0.0
67218,0.0
67219,0.021301
67220,0.059178
67221,0.00534
67222,0.00185
67223,0.0
67224,0.0
67225,0.224796
67226,0.148736
67227,0.019277
67228,0.0
67229,0.132427
67230,0.726176
67231,1.0
67232,0.999288
67233,1.0
67234,1.0
67235,1.0
67236,0.441833
67237,0.0
67238,0.0
67239,0.075487
67242,0.0
67243,0.152963
67244,0.260784
67245,1.0
67248,0.092033
67249,1.0
67250,1.0
67251,1.0
67253,1.0
67254,1.0
67255,1.0
67258,1.0
67260,1.0
67261,1.0
67262,0.744997
67263,1.0
67264,1.0
67265,1.0
67266,1.0
67267,0.435196
67268,0.408677
67269,0.167035
67270,0.05416
67271,0.531241
67272,0.884005
67273,0.161794
67274,0.019103
67275,0.224912
67276,0.933928
67277,0.128746
67278,0.080444
67279,0.037538
67280,0.005929
67281,0.0
67282,0.001595
67283,0.005797
67284,0.010321
67285,0.408921
67286,0.017806
67287,0.0
67288,0.045964
67289,0.71986
67290,0.026753
67291,0.0
67292,0.0
67293,0.0
67294,0.0
67295,0.0
67296,0.0
67297,0.0
67298,0.0
67299,0.0
67300,0.039256
67301,0.014382
67302,0.0
67303,0.0
67304,0.000681
67305,0.0
67306,0.0
67307,0.0
67308,0.0
67309,0.0
67310,0.000778
67311,0.0
67312,0.002149
67313,0.000843
67314,0.000681
67315,0.003899
67316,0.004937
67317,0.000284
67318,0.002265
67319,0.005603
67320,0.001911
67321,0.013379
67322,0.009249
67323,0.011618
67324,0.015038
67325,0.036104
67326,0.037303
67327,0.044632
67328,0.006804
67329,0.001042
67330,0.00063
67331,0.0
67332,0.0
67333,0.0
67334,0.608961
67335,1.0
67336,1.0
67337,0.753843
67338,0.0
67339,0.0
67340,0.0
67341,0.0
67342,0.0
67343,0.0
67344,0.0
67345,0.0
67346,0.0
67347,0.0
67348,0.0
67349,0.0
67350,0.0
67351,0.0
67352,0.0
67353,0.0
67354,0.0
67355,0.0
67356,0.0
67357,0.0
67358,0.0
67359,0.0
67360,0.0
67361,0.000111
67362,0.000426
67363,0.001532
67364,0.0
67365,0.000226
67366,0.0
67367,0.00656
67368,0.0
67369,0.0
67370,0.0
67371,0.0
67372,0.0
67373,0.0
67374,0.0
67375,0.0
67376,0.0
67377,0.0
67378,0.0
67379,0.0
67380,0.0
67381,0.0
67382,0.0
67383,0.0
67384,0.001161
67385,0.015815
67386,0.003204
67387,0.0
67388,0.019199
67389,0.0
67390,0.0
67391,0.0
67392,0.0
67393,0.0
67394,0.020174
67395,0.062989
67396,0.065618
67397,0.037078
67398,0.047367
67399,0.010712
67400,0.003015
67401,0.0
67402,0.0
67403,0.0
67404,0.0
67405,0.0
67406,0.0
67407,0.0
67408,0.0
67409,0.0
67410,0.0
67411,0.0
67412,0.0
67417,0.0
67418,0.026823
67419,0.0
67427,0.000526
67428,0.002438
67429,0.243945
67430,0.210571
67431,0.0
67432,0.173598
67433,0.193263
67434,0.461187
67435,0.0
67436,0.0
67437,0.0
67438,0.000545
67439,0.001839
67440,0.0
67441,0.0
67450,0.607038
67451,0.264834
67452,0.054618
67453,0.0
67454,0.0
67455,0.0
67456,0.0
67457,0.0
67458,0.34335
67461,0.985921
67463,0.0
67464,0.0
67538,0.0
67539,0.0
67540,0.011936
67541,0.0
67542,0.0
67543,0.0
67544,0.0
67545,0.0
67546,0.0
67547,0.0
67548,0.0
67549,0.0
67550,0.018753
67551,0.0
67552,0.0
67553,0.0
67554,0.0
67555,0.0
67556,0.0
67557,0.0
67558,0.0
67559,0.0
67560,0.0
67561,0.0
67562,0.0
67563,0.0
67564,0.0
67565,0.0
67566,0.0
67567,0.0
67568,0.0
67569,0.0
67877,0.195603
67878,0.85551
67879,0.32756
67880,0.0
67881,0.002057
67882,0.0
67883,0.0
67884,0.0
67885,0.00666
67886,0.016481
67887,0.000389
67888,0.002054
67889,0.055392
67891,1.0
67892,1.0
67893,1.0
67894,1.0
67895,1.0
67896,0.598279
67897,0.820382
67898,0.869162
67899,0.65365
67900,0.070283
67901,0.401981
67902,0.026999
67903,0.003162
67904,0.016908
67905,0.004235
67906,0.0
67907,0.0
67908,0.130414
67909,0.000634
67910,0.000202
67911,0.0
67912,0.0
67913,0.033106
67914,0.65232
67915,1.0
67916,1.0
67917,1.0
67918,1.0
67919,0.988175
67920,0.009381
67921,0.0
67922,0.015164
67923,0.549336
67924,1.0
67927,1.0
67928,1.0
67932,0.045093
67933,1.0
67935,1.0
67945,1.0
67946,0.502799
67947,1.0
67948,1.0
67949,1.0
67950,0.889757
67951,0.052282
67952,0.0
67953,0.045459
67954,1.0
67955,0.383516
67956,0.157394
67957,0.030415
67958,0.851166
67959,0.783661
67960,0.011764
67961,0.004875
67962,0.019342
67963,0.000718
67964,0.0
67965,0.034769
67966,0.0
67967,0.0
67968,0.0
67969,0.441748
67970,0.058416
67971,0.0
67972,0.012081
67973,1.0
67974,0.193089
67975,0.0
67976,0.0
67977,0.0
67978,0.0
67979,0.0
67980,0.0
67981,0.0
67982,0.0
67983,0.0
67984,0.0
67985,0.0
67986,0.000452
67987,0.000619
67988,0.001101
67989,0.004794
67990,0.001309
67991,0.0
67992,0.0
67993,0.0
67994,0.0
67995,0.0
67996,0.0
67997,0.002213
67998,0.003015
67999,0.005608
68000,0.019916
68001,0.007347
68002,0.012333
68003,0.002523
68004,0.001474
68005,0.005326
68006,0.01256
68007,0.009678
68008,0.014294
68009,0.089803
68010,0.005576
68011,0.005477
68012,0.003056
68013,6.5e-05
68014,0.019605
68015,0.013983
68016,0.596365
68017,0.732546
68018,0.755936
68019,1.0
68020,1.0
68021,0.78223
68022,0.223319
68023,0.0
68024,0.0
68025,0.0
68026,0.0
68027,0.0
68028,0.0
68029,0.0
68030,0.0
68031,0.0
68032,0.0
68033,0.0
68034,0.0
68035,0.0
68036,0.0
68037,0.0
68038,0.0
68039,0.0
68040,0.0
68041,0.00066
68042,0.000364
68043,0.00077
68044,0.0
68045,0.0
68046,0.0
68047,0.0
68048,0.0
68049,0.000408
68050,0.0
68051,0.0
68052,0.0
68053,0.0
68054,0.0
68055,0.0
68056,0.0
68057,0.0
68058,0.0
68059,3.1e-05
68060,0.0
68061,0.0
68062,0.0
68063,0.0
68064,0.0
68065,0.0
68066,0.0
68067,0.000741
68068,0.001674
68069,0.000796
68070,0.015523
68071,0.0
68072,0.0
68073,0.0
68074,0.0
68075,0.0
68076,0.0
68077,0.0
68078,0.0
68079,0.0
68080,0.0
68081,0.0
68082,0.0
68083,0.0
68084,0.0
68085,0.0
68086,0.0
68087,0.0
68088,0.0
68089,0.0
68090,0.0
68091,0.0
68092,0.0
68093,0.0
68094,0.0
68095,0.0
68100,0.0
68101,0.361669
68102,0.793927
68103,0.0
68110,0.573812
68111,0.755852
68112,0.743405
68113,0.902399
68114,0.89962
68115,0.636583
68116,0.799772
68117,1.0
68118,0.959368
68119,0.0
68120,0.0
68121,0.0
68122,0.00515
68123,0.0
68124,0.0
68125,0.0
68126,0.0
68133,0.775288
68134,0.097748
68135,0.0
68136,0.0
68137,0.0
68138,0.0
68139,0.0
68140,0.0
68141,0.0
68142,0.603498
68143,1.0
68144,1.0
68145,0.794122
68146,0.0
68147,0.0
68148,0.0
68218,0.0
68219,0.0
68220,0.0
68221,0.0
68222,0.0
68223,0.0
68224,0.013246
68225,0.0
68226,0.0
68227,0.0
68228,0.0
68229,0.0
68230,0.0
68231,0.0
68232,0.0
68233,0.0
68234,0.0
68235,0.0
68236,0.044328
68237,0.491414
68238,0.025575
68239,0.0
68240,0.0
68241,0.0
68242,0.0
68243,0.0
68244,0.0
68245,0.0
68246,0.0
68247,0.0
68248,0.0
68249,0.0
68250,0.0
68251,0.0
68252,0.0
68253,0.0
68560,0.622027
68561,0.207421
68562,0.721649
68563,0.311968
68564,0.015543
68565,0.013238
68566,0.008077
68567,0.0
68568,0.0
68569,0.0
68570,0.016578
68571,0.0
68572,0.003478
68573,0.256363
68574,0.988341
68575,1.0
68576,1.0
68577,1.0
68578,1.0
68579,0.776137
68580,0.115451
68581,0.083431
68582,0.071909
68583,0.331551
68584,0.351703
68585,1.0
68586,1.0
68587,0.877548
68588,0.014404
68589,0.001208
68590,0.0
68591,0.0
68592,0.022382
68593,0.002241
68594,0.000231
68595,0.089107
68596,0.001542
68597,0.023692
68598,0.08393
68599,1.0
68600,1.0
68601,1.0
68602,1.0
68603,0.888889
68604,0.0
68605,0.0
68606,9e-06
68607,0.118748
68608,1.0
68609,1.0
68610,1.0
68611,1.0
68613,1.0
68614,1.0
68615,1.0
68616,0.35019
68617,1.0
68618,1.0
68619,1.0
68620,1.0
68621,1.0
68628,1.0
68629,1.0
68630,1.0
68632,1.0
68633,1.0
68634,0.364419
68635,0.000453
68636,0.01137
68637,1.0
68638,1.0
68639,1.0
68640,0.853259
68641,0.009945
68642,0.629771
68643,0.036478
68644,0.001537
68645,0.011449
68646,0.001985
68647,0.00445
68648,0.00097
68649,0.0
68650,0.0
68651,0.0
68652,0.0
68653,0.284608
68654,0.042473
68655,0.0
68656,0.014899
68657,0.404648
68658,0.140391
68659,0.0
68660,0.0
68661,0.000211
68662,0.0
68663,0.0
68664,0.0
68665,0.0
68666,0.0
68667,8.4e-05
68668,0.0
68669,0.001371
68670,0.001862
68671,0.000584
68672,0.008434
68673,0.003133
68674,0.006484
68675,0.0
68676,0.000365
68677,5.6e-05
68678,0.000536
68679,0.0
68680,0.000539
68681,0.0
68682,0.0
68683,0.002353
68684,0.003909
68685,0.003504
68686,0.014147
68687,0.850803
68688,0.11293
68689,0.000299
68690,0.002616
68691,0.024264
68692,0.009509
68693,0.064522
68694,0.012326
68695,0.014022
68696,0.004044
68697,0.003688
68698,0.007252
68699,0.002519
68700,0.893285
68701,1.0
68702,1.0
68703,1.0
68704,1.0
68705,0.594511
68706,0.502503
68707,0.0
68708,0.0
68709,0.0
68710,0.000323
68711,0.0
68712,0.0
68713,0.021061
68714,0.04247
68715,0.023102
68716,0.0
68717,0.0
68718,0.0
68719,0.0
68720,0.0
68721,0.0
68722,0.0
68723,0.0
68724,0.0
68725,0.000131
68726,0.004285
68727,0.000919
68728,0.0
68729,0.0
68730,0.0
68731,0.0
68732,0.0
68733,0.0
68734,0.0
68735,0.0
68736,0.0
68737,0.0
68738,0.0
68739,0.0
68740,0.0
68741,0.0
68742,0.0
68743,0.005168
68744,0.0
68745,0.0
68746,0.0
68747,0.0
68748,0.0
68749,0.0
68750,0.0
68751,0.000271
68752,0.0
68753,0.0
68754,0.0
68755,0.000115
68756,0.0
68757,0.0
68758,0.0
68759,0.0
68760,0.0
68761,0.0
68762,0.0
68763,0.0
68764,0.0
68765,0.0
68766,0.0
68767,0.0
68768,0.0
68769,0.0
68770,0.0
68771,0.0
68772,0.0
68773,0.0
68774,0.0
68775,0.0
68776,0.0
68777,0.0
68778,0.0
68779,0.0
68780,0.0
68781,0.0
68782,0.0
68783,0.0
68784,0.014077
68785,0.993599
68786,0.752208
68787,0.002725
68789,0.0
68792,0.7797
68793,1.0
68794,1.0
68795,1.0
68796,1.0
68797,0.220905
68798,0.13077
68799,0.149225
68800,0.988809
68801,1.0
68802,1.0
68803,0.013268
68804,0.0
68805,0.0
68806,0.0
68807,0.0
68808,0.0
68809,0.0
68810,0.0
68811,0.0
68812,0.009825
68813,0.027546
68814,0.883411
68815,0.999948
68816,0.840234
68817,0.472333
68818,0.00055
68819,0.007682
68820,0.0
68821,0.0
68822,0.0
68823,0.0
68824,0.0
68825,0.0
68826,0.154265
68827,1.0
68828,1.0
68829,0.139004
68830,0.0
68831,0.0
68832,0.0
68898,0.0
68899,0.0
68900,0.0
68901,0.0
68902,0.0
68903,0.0
68904,0.0
68905,0.0
68906,0.0
68907,0.0
68908,0.0
68909,0.0
68910,0.0
68911,0.0
68912,0.0
68913,0.0
68914,0.0
68915,0.0
68916,0.0
68917,0.0
68918,0.0
68919,0.0
68920,0.0
68921,0.951783
68922,0.520106
68923,0.058467
68924,0.455435
68925,0.144197
68926,0.0
68927,0.0
68928,0.0
68929,0.0
68930,0.0
68931,0.0
68932,0.0
68933,0.0
68934,0.0
68935,0.0
68936,0.0
68937,0.0
69244,0.002076
69245,0.0
69246,0.568551
69247,0.081456
69248,0.237529
69249,0.020168
69250,0.024689
69251,0.000367
69252,0.000333
69253,0.0
69254,0.001244
69255,0.027186
69256,0.40239
69257,0.039474
69258,0.215431
69259,1.0
69260,1.0
69262,1.0
69263,0.813469
69264,0.065098
69265,0.127161
69266,0.041953
69267,0.0
69268,0.003779
69269,0.246957
69270,0.989282
69271,1.0
69272,0.666108
69273,0.617645
69274,0.217278
69275,0.0
69276,0.131388
69277,0.006104
69278,0.013935
69279,0.095654
69280,0.011414
69281,0.459896
69282,1.0
69283,1.0
69284,1.0
69285,1.0
69286,1.0
69287,1.0
69288,0.005562
69289,0.0
69290,0.0
69291,0.008486
69292,0.345353
69293,0.978381
69294,0.828551
69295,0.953013
69296,0.200323
69297,1.0
69298,1.0
69299,0.73488
69300,0.145509
69301,1.0
69302,1.0
69303,1.0
69304,1.0
69305,1.0
69309,1.0
69315,1.0
69316,1.0
69317,1.0
69318,0.547181
69319,0.001338
69320,0.032669
69322,1.0
69323,1.0
69324,0.072341
69325,0.017124
69326,0.122655
69327,0.072693
69328,0.000707
69329,0.005836
69330,0.031088
69331,0.0
69332,0.0
69333,0.0
69334,0.0
69335,0.0
69336,0.0
69337,0.353278
69338,0.244395
69339,0.0
69340,0.0
69341,0.0
69342,0.0
69343,0.0
69344,0.000162
69345,0.0
69346,0.0
69347,0.0
69348,0.0
69349,0.0
69350,0.0
69351,0.0
69352,0.000595
69353,0.002447
69354,0.000287
69355,0.008836
69356,0.000467
69357,0.001854
69358,0.001699
69359,0.000239
69360,0.00064
69361,0.0
69362,0.0
69363,0.0
69364,0.00013
69365,0.001554
69366,0.000438
69367,0.000629
69368,0.000928
69369,0.004587
69370,0.042024
69371,0.778409
69372,0.306275
69373,0.002306
69374,0.00013
69375,0.008031
69376,0.021465
69377,0.1812
69378,0.032709
69379,0.014067
69380,0.001851
69381,0.001166
69382,0.000951
69383,0.003528
69384,0.97929
69385,1.0
69386,1.0
69387,1.0
69388,0.999481
69389,0.030379
69390,0.0
69391,0.0
69392,0.0
69393,0.0
69394,0.0
69395,0.0
69396,0.0
69397,0.0
69398,0.0
69399,0.0
69400,0.0
69401,0.0
69402,0.0
69403,0.0
69404,0.0
69405,0.0
69406,0.0
69407,0.0
69408,0.0
69409,0.0
69410,0.0
69411,0.0
69412,0.0
69413,0.0
69414,0.0
69415,0.0
69416,0.0
69417,6.9e-05
69418,0.0
69419,0.0
69420,0.0
69421,0.0
69422,0.0
69423,0.0
69424,0.0
69425,0.0
69426,0.0
69427,0.0
69428,0.003163
69429,0.063913
69430,0.0
69431,0.0
69432,0.0
69433,0.0
69434,0.0
69435,0.003324
69436,0.003934
69437,0.0
69438,0.0
69439,0.0
69440,0.0
69441,0.0
69442,0.000667
69443,0.0
69444,0.0
69445,0.0
69446,0.0
69447,0.0
69448,0.0
69449,0.0
69450,0.0
69451,0.0
69452,0.0
69453,0.0
69454,0.0
69455,0.0
69456,0.0
69457,0.0
69458,0.0
69459,0.0
69460,0.0
69461,0.0
69462,0.0
69463,0.0
69464,0.0
69465,0.0
69466,0.0
69467,0.0
69468,0.016256
69469,0.72008
69470,0.289919
69471,0.000509
69472,0.0
69473,0.0
69474,0.0
69475,0.0
69476,0.24832
69477,0.258655
69478,0.818186
69479,1.0
69480,1.0
69481,0.835456
69482,0.613641
69483,0.649434
69484,0.992337
69485,1.0
69486,1.0
69487,0.010145
69488,0.0
69489,0.0
69490,0.0
69491,0.0
69492,0.0
69493,0.0
69494,0.0
69495,0.0
69496,0.102843
69497,0.045309
69498,0.372666
69499,1.0
69500,1.0
69501,0.969811
69502,0.881796
69503,0.0095
69505,0.025526
69506,0.0
69507,0.0
69508,0.0
69509,0.0
69510,0.09787
69511,0.794457
69512,1.0
69513,0.677782
69514,0.285089
69515,0.0
69516,0.0
69517,0.0
69520,0.0
69580,0.0
69581,0.0
69582,0.0
69583,0.0
69584,0.0
69585,0.0
69586,0.0
69587,0.0
69588,0.0
69589,0.0
69590,0.0
69591,0.0
69592,0.0
69593,0.0
69594,0.0
69595,0.0
69596,0.0
69597,0.0
69598,0.0
69599,0.0
69600,0.0
69601,0.0
69602,0.0
69603,0.0
69604,0.020789
69605,0.171133
69606,0.295031
69607,0.783178
69608,0.610007
69609,0.466991
69610,0.0
69611,0.0
69612,0.0
69613,0.0
69614,0.0
69615,0.0
69616,0.0
69617,0.0
69618,0.0
69619,0.0
69927,0.257167
69928,0.0
69929,0.0
69930,0.005102
69931,0.010908
69932,0.00236
69933,0.001632
69934,0.0
69935,0.0
69936,0.016327
69937,0.072234
69938,0.228267
69939,0.31686
69940,1.0
69941,1.0
69944,1.0
69945,1.0
69946,1.0
69947,0.957238
69948,0.012502
69949,0.088623
69950,0.030424
69951,0.005982
69952,0.052217
69953,0.303105
69954,1.0
69955,1.0
69956,0.138051
69957,0.974307
69958,0.998901
69959,0.111904
69960,0.001835
69961,0.0
69962,0.0
69963,0.028096
69964,0.253625
69965,0.913699
69966,0.9737
69967,0.997725
69968,1.0
69969,1.0
69970,1.0
69971,1.0
69972,0.224414
69973,0.005785
69974,0.011564
69975,0.008094
69976,0.013414
69977,0.0783
69978,0.193597
69979,0.220144
69980,0.086366
69981,1.0
69982,0.816881
69983,0.126081
69984,0.020864
69985,0.358936
69986,1.0
69987,1.0
69988,1.0
69990,1.0
69997,1.0
69998,1.0
69999,1.0
70000,0.52485
70001,0.419973
70002,0.873455
70003,0.047931
70004,0.051796
70005,0.565089
70006,0.403971
70007,1.0
70008,0.289943
70009,0.058749
70010,0.213396
70011,0.000328
70012,0.000981
70014,0.543796
70015,0.000477
70016,0.007012
70017,0.0
70018,0.0
70019,0.0
70020,0.0
70021,0.016535
70022,0.216933
70023,0.0
70024,0.0
70025,0.0
70026,0.0
70027,0.0
70028,0.0
70029,0.00024
70030,0.0
70031,0.0
70032,0.0
70033,0.0
70034,0.0
70035,0.0
70036,0.0
70037,0.0
70038,0.000225
70039,0.000183
70040,0.000418
70041,0.000784
70042,0.001015
70043,0.0
70044,0.0
70045,0.0
70046,0.0
70047,0.0
70048,0.000318
70049,0.004085
70050,0.004697
70051,0.000841
70052,0.020874
70053,0.000281
70054,6.5e-05
70055,0.002826
70056,0.000545
70057,0.000838
70058,0.012369
70059,0.014314
70060,0.004905
70061,0.041801
70062,0.056677
70063,0.033117
70064,0.004345
70065,0.000947
70066,0.000225
70067,0.070235
70068,0.633202
70069,0.742879
70070,0.84265
70071,0.65568
70072,0.140821
70073,0.0
70074,0.0
70075,0.0
70076,0.0
70077,0.0
70078,0.0
70079,0.0
70080,0.0
70081,0.0
70082,0.0
70083,0.0
70084,0.0
70085,0.0
70086,0.0
70087,0.0
70088,0.0
70089,0.0
70090,0.0
70091,0.0
70092,0.0
70093,0.0
70094,0.0
70095,0.0
70096,0.0
70097,0.0
70098,0.000101
70099,0.0
70100,0.0
70101,0.0
70102,0.0
70103,0.0
70104,0.0
70105,0.0
70106,0.0
70107,0.0
70108,0.0
70109,0.0
70110,0.0
70111,0.001965
70112,0.702462
70113,0.642678
70114,0.077985
70115,0.0
70116,0.0
70117,0.0
70118,0.0
70119,0.0
70120,0.0
70121,0.003544
70122,0.000309
70123,0.0
70124,0.0
70125,0.0
70126,0.0
70127,0.0
70128,0.0
70129,0.0
70130,0.0
70131,0.0
70132,0.0
70133,0.0
70134,0.0
70135,0.0
70136,0.0
70137,0.0
70138,0.0
70139,0.027954
70140,0.0
70141,0.0
70142,0.0
70143,0.0
70144,0.0
70145,0.0
70146,0.0
70147,0.0
70148,0.0
70149,0.0
70150,0.0
70151,0.0
70152,0.919664
70153,0.359102
70154,0.007188
70155,0.0
70156,0.0
70157,0.0
70158,0.0
70159,0.0
70160,0.0
70161,0.0
70162,0.163461
70163,1.0
70164,1.0
70165,1.0
70166,1.0
70167,1.0
70168,1.0
70169,1.0
70170,1.0
70171,0.2053
70172,0.0
70173,0.0
70174,0.0
70175,0.0
70176,0.0
70177,0.0
70178,0.0
70179,0.0
70180,0.0
70181,0.0
70182,0.0
70183,0.995222
70184,1.0
70185,1.0
70186,0.494729
70187,0.00127
70188,0.101275
70189,0.000851
70190,0.0
70191,0.0
70192,0.0
70193,0.0
70194,0.0
70195,0.261011
70196,1.0
70197,1.0
70198,0.697699
70199,0.045485
70200,0.0
70201,0.0
70202,0.0
70203,0.0
70204,0.0
70205,0.0
70263,0.0
70264,0.0
70265,0.0
70266,0.0
70267,0.0
70268,0.0
70269,0.0
70270,0.0
70271,0.0
70272,0.0
70273,0.0
70274,0.0
70275,0.0
70276,0.0
70277,0.0
70278,0.0
70279,0.240026
70280,0.0
70281,0.0
70282,0.0
70283,0.0
70284,0.0
70285,0.0
70286,0.0
70287,0.0
70288,0.160106
70289,0.645081
70290,0.948905
70291,0.71014
70292,0.423049
70293,0.0
70294,0.0
70295,0.0
70296,0.0
70297,0.0
70298,0.0
70299,0.0
70300,0.0
70301,0.0
70302,0.0
70611,0.018346
70612,0.0
70613,0.0
70614,0.0
70615,0.074371
70616,0.0
70617,0.011377
70618,0.000511
70619,0.005491
70620,0.00105
70621,0.012152
70622,0.32835
70623,1.0
70624,1.0
70625,1.0
70626,1.0
70627,1.0
70628,1.0
70629,1.0
70630,1.0
70631,0.929493
70632,0.223297
70633,0.032815
70634,0.033863
70635,0.048474
70636,0.13704
70637,0.06702
70638,0.183412
70639,0.177871
70640,0.008386
70641,0.299624
70642,0.692025
70643,1.0
70644,0.514024
70645,1.0
70646,0.002781
70647,0.0
70648,0.0
70649,0.014223
70650,0.041938
70651,0.061517
70652,1.0
70653,0.997847
70654,0.218022
70655,0.394512
70656,0.112018
70657,0.0
70658,0.001146
70659,0.005336
70660,0.0
70661,0.017623
70662,0.335392
70663,0.346048
70664,1.0
70665,0.761378
70666,0.080123
70667,0.22906
70668,0.067505
70669,0.065442
70670,0.639383
70671,1.0
70672,1.0
70673,1.0
70674,1.0
70680,1.0
70681,1.0
70682,1.0
70683,1.0
70684,0.006286
70685,0.00541
70686,1.0
70687,0.18137
70688,0.0
70689,0.05442
70690,0.19675
70691,1.0
70692,0.040042
70693,0.064656
70694,0.000187
70695,0.0
70696,0.001717
70697,0.512214
70698,0.369028
70699,0.015097
70700,0.010502
70701,0.0
70702,0.0
70703,0.018314
70704,0.022591
70705,0.441514
70706,0.136109
70707,0.059542
70708,0.032754
70709,0.0
70710,0.0
70711,0.020135
70712,0.000387
70713,0.000502
70714,0.0
70715,0.0
70716,0.0
70717,0.0
70718,0.0
70719,0.0
70720,0.0
70721,0.0
70722,0.010883
70723,0.000117
70724,0.0
70725,0.0
70726,0.0
70727,0.0
70728,0.0
70729,0.0
70730,0.0
70731,0.0
70732,0.0
70733,0.02098
70734,0.0
70735,0.001049
70736,0.034144
70737,0.005279
70738,0.014795
70739,0.017899
70740,0.010021
70741,0.005975
70742,0.013781
70743,0.007164
70744,0.003197
70745,0.003078
70746,0.000825
70747,0.000152
70748,0.000756
70749,0.000785
70750,0.00037
70751,0.013262
70752,0.009954
70753,0.003499
70754,0.0
70755,0.0
70756,0.0
70757,0.0
70758,0.0
70759,0.0
70760,0.0
70761,0.0
70762,0.0
70763,0.0
70764,0.0
70765,0.0
70766,0.0
70767,0.0
70768,0.0
70769,0.0
70770,0.0
70771,0.0
70772,0.0
70773,0.0
70774,0.0
70775,0.0
70776,0.0
70777,0.0
70778,0.0
70779,0.0
70780,0.0
70781,0.0
70782,0.002006
70783,0.000581
70784,0.0
70785,0.0
70786,0.0
70787,0.0
70788,0.0
70789,0.0
70790,0.0
70791,0.0
70792,0.002733
70793,0.0
70794,0.0
70795,0.025053
70796,0.970118
70797,0.933095
70798,0.040864
70799,0.0
70800,0.0
70801,0.0
70802,0.0
70803,0.001089
70804,0.0
70805,0.0
70806,0.0
70807,0.0
70808,0.0
70809,0.0
70810,0.0
70811,0.0
70812,0.0
70813,0.0
70814,0.0
70815,0.0
70816,0.0
70817,0.0
70818,0.0
70819,0.0
70820,0.0
70821,0.0
70822,0.0
70823,0.0
70824,0.0
70825,0.0
70826,0.0
70827,0.0
70828,0.0
70829,0.0
70830,0.0
70831,0.0
70832,0.0
70833,0.0
70834,0.0
70835,0.0
70836,0.675567
70837,1.0
70838,0.504827
70839,0.535131
70840,0.770946
70841,0.225569
70842,0.0
70843,0.0
70844,0.0
70845,0.0
70846,0.00747
70847,0.491669
70848,0.814404
70849,0.986761
70850,1.0
70851,1.0
70852,1.0
70853,0.990193
70854,1.0
70855,0.127114
70856,0.0
70857,0.0
70858,0.0
70859,0.0
70860,0.0
70861,0.0
70862,0.0
70863,0.0
70864,0.0
70865,0.0
70866,0.601785
70867,0.993572
70868,1.0
70869,1.0
70870,0.687299
70871,0.0
70872,0.0
70873,0.0
70874,0.0
70875,0.0
70880,1.0
70881,1.0
70946,0.0
70947,0.0
70948,0.0
70949,0.0
70950,0.0
70951,0.0
70952,0.0
70953,0.0
70954,0.0
70955,0.0
70956,0.0
70957,0.0
70958,0.0
70959,0.0
70960,0.0
70961,0.0
70962,0.0
70963,0.504711
70964,0.0
70965,0.0
70966,0.0
70967,0.0
70968,0.0
70969,0.0
70970,0.0
70971,0.000387
70972,0.759703
70973,0.142857
70974,0.244119
70975,0.441807
70976,0.641449
70977,0.001662
70978,0.0
70979,0.0
70980,0.0
70981,0.0
70982,0.0
70983,0.0
70984,0.0
70985,0.0
71294,0.0
71295,0.0
71296,0.0
71297,0.020522
71298,0.0
71299,0.00638
71300,0.0
71301,0.0
71302,0.0
71303,0.001189
71304,0.01268
71305,0.0
71306,1.0
71307,1.0
71308,1.0
71310,1.0
71311,1.0
71312,1.0
71313,1.0
71314,1.0
71315,1.0
71316,0.99071
71317,0.745288
71318,0.131442
71319,0.000166
71320,0.012522
71321,0.184592
71322,0.109944
71323,0.059507
71324,0.000119
71325,7.6e-05
71326,0.048477
71327,0.191874
71328,0.939277
71329,1.0
71330,1.0
71331,0.448481
71332,0.010494
71333,0.012003
71334,0.000211
71335,0.001513
71337,0.048912
71338,0.003722
71339,0.0
71340,0.107012
71341,0.221763
71342,0.012448
71343,0.01706
71344,0.000719
71345,0.0
71346,0.157063
71347,0.315105
71348,0.438026
71349,0.872616
71350,0.039675
71351,0.855615
71352,0.055191
71353,0.038875
71354,0.902063
71355,1.0
71357,1.0
71358,1.0
71359,1.0
71363,1.0
71364,1.0
71365,1.0
71366,1.0
71367,1.0
71368,0.040416
71369,0.016897
71370,1.0
71371,1.0
71372,0.10358
71373,0.011599
71374,0.121409
71375,0.339795
71376,0.018183
71377,0.0
71378,0.0
71379,0.0
71380,0.0
71381,0.027172
71382,0.081318
71383,0.0
71384,0.017027
71386,0.531994
71387,1.0
71388,1.0
71389,0.655893
71390,0.004107
71391,0.000346
71392,0.648013
71393,0.066565
71394,0.022633
71395,0.228107
71396,0.054368
71397,0.0
71398,0.0
71399,0.0
71400,0.0
71401,0.0
71402,0.0
71403,0.0
71404,0.0
71405,0.015457
71406,0.0
71407,0.0
71408,0.0
71409,0.0
71410,0.0
71411,0.0
71412,0.0
71413,0.0
71414,0.0
71415,0.000139
71416,0.0
71417,0.0
71418,0.0
71419,0.000262
71420,0.000173
71421,0.051464
71422,0.208811
71423,0.001212
71424,0.000272
71425,0.002129
71426,0.005793
71427,0.011296
71428,0.00474
71429,0.002635
71430,4e-05
71431,0.0
71432,0.0
71433,8.9e-05
71434,7.7e-05
71435,0.023266
71436,0.0451
71437,0.0
71438,0.0
71439,0.0
71440,0.0
71441,0.0
71442,0.0
71443,0.0
71444,0.0
71445,0.0
71446,0.0
71447,0.0
71448,0.0
71449,0.0
71450,0.0
71451,0.0
71452,0.0
71453,0.0
71454,0.0
71455,0.0
71456,0.0
71457,0.0
71458,0.0
71459,0.0
71460,0.0
71461,0.0
71462,0.0
71463,0.0
71464,0.0
71465,0.0
71466,0.0
71467,0.001879
71468,0.004022
71469,0.0
71470,0.0
71471,0.0
71472,0.0
71473,0.0
71474,0.0
71475,0.0
71476,0.001639
71477,0.0
71478,0.0
71479,0.0
71480,0.122354
71481,0.14351
71482,0.04129
71483,0.0
71484,0.0
71485,0.0
71486,0.0
71487,0.0
71488,0.0
71489,0.0
71490,0.0
71491,0.0
71492,0.0
71493,0.000177
71494,0.0
71495,0.0
71496,0.0
71497,0.0
71498,0.0
71499,0.009107
71500,0.605912
71501,0.0
71502,0.0
71503,0.0
71504,0.0
71505,0.0
71506,0.0
71507,0.0
71508,0.0
71509,0.0
71510,0.0
71511,0.0
71512,0.0
71513,0.0
71514,0.0
71515,0.0
71516,0.001525
71517,0.00075
71518,0.0
71519,0.0
71520,0.254536
71521,0.515084
71522,0.901359
71523,1.0
71524,1.0
71525,0.828573
71526,0.28564
71527,0.0
71528,0.0
71529,0.0
71530,0.0
71531,0.0
71532,0.0
71533,0.008337
71534,0.023716
71535,0.712001
71536,1.0
71537,1.0
71538,0.891735
71539,0.038529
71540,0.0
71541,0.0
71542,0.0
71543,0.0
71544,0.0
71545,0.0
71546,0.0
71547,0.0
71548,0.0
71549,0.042748
71550,0.992009
71551,1.0
71552,1.0
71553,1.0
71554,0.918174
71555,0.0
71557,0.0
71565,0.54254
71629,0.0
71630,0.0
71631,0.0
71632,0.0
71633,0.0
71634,0.0
71635,0.0
71636,0.0
71637,0.0
71638,0.0
71639,0.0
71640,0.0
71641,0.0
71642,0.0
71643,0.0
71644,0.0
71645,0.0
71646,0.0
71647,0.0
71648,0.0
71649,0.0
71650,0.0
71651,0.0
71652,0.0
71653,0.0
71654,0.029894
71655,0.67672
71656,0.389884
71657,1.0
71658,0.913523
71659,0.746224
71660,0.191893
71661,0.0
71662,0.0
71663,0.0
71664,0.0
71665,0.0
71666,0.0
71667,0.0
71668,0.0
71669,0.0
71977,0.000243
71978,0.0
71979,0.010345
71980,0.0894
71981,0.079635
71982,0.0
71983,0.009793
71984,0.0
71985,0.0
71986,0.0
71987,0.0
71988,0.035952
71989,1.0
71990,1.0
71991,1.0
71992,1.0
71993,1.0
71994,1.0
71995,1.0
71996,1.0
71997,0.976275
71998,0.596373
71999,1.0
72000,1.0
72001,0.90955
72002,0.010868
72003,0.097645
72004,0.393346
72005,0.092654
72006,0.075573
72007,0.051538
72008,0.011232
72009,0.0
72010,0.000134
72011,0.016246
72012,0.145935
72013,0.730381
72014,0.990044
72015,0.072351
72016,0.162969
72017,0.158754
72018,1.0
72019,0.532535
72020,1.0
72021,0.04202
72022,0.013914
72023,0.000415
72024,0.000274
72025,0.008292
72026,0.076667
72027,0.012742
72028,0.0
72029,0.070133
72030,0.908768
72031,0.03139
72032,0.052454
72033,0.018866
72034,0.0015
72035,0.964281
72036,0.150241
72037,0.018664
72038,0.735418
72039,1.0
72040,1.0
72041,1.0
72042,1.0
72046,1.0
72047,1.0
72048,1.0
72049,1.0
72050,1.0
72051,0.806754
72052,0.005751
72053,0.004203
72054,0.002631
72055,0.985076
72056,0.158213
72057,0.044642
72058,0.041246
72059,0.014159
72060,0.0
72061,0.0
72062,0.00044
72063,0.007791
72064,2.9e-05
72065,0.007138
72066,0.006868
72067,0.0
72068,0.130546
72069,1.0
72070,1.0
72071,1.0
72072,1.0
72073,0.123363
72074,0.0
72075,0.0
72078,1.0
72079,0.122073
72080,0.002813
72081,0.00016
72082,0.0
72083,0.0
72084,0.0
72085,0.001143
72086,0.000359
72087,0.0
72088,0.0
72089,0.0
72090,0.0
72091,0.0
72092,0.0
72093,0.0
72094,0.0
72095,0.0
72096,0.0
72097,0.0
72098,0.0
72099,0.0
72100,0.0
72101,0.0
72102,0.0
72103,0.00252
72104,0.004784
72105,0.050115
72106,0.016128
72107,0.0003
72108,0.0
72109,0.00071
72110,0.001921
72111,0.000676
72112,0.00039
72113,0.002759
72114,0.000344
72115,0.0
72116,0.020862
72117,0.001394
72118,0.000401
72119,0.001098
72120,0.012983
72121,0.002111
72122,0.0
72123,0.0
72124,0.007449
72125,0.005071
72126,0.0
72127,0.0
72128,0.0
72129,0.0
72130,0.0
72131,0.0
72132,0.0
72133,0.0
72134,0.0
72135,0.0
72136,0.001981
72137,0.0
72138,0.0
72139,0.0
72140,0.0
72141,0.0
72142,0.0
72143,0.0
72144,0.000357
72145,0.0
72146,0.0
72147,0.0
72148,0.0
72149,0.0
72150,0.001418
72151,0.001299
72152,0.000467
72153,0.000452
72154,0.0
72155,0.0
72156,0.0
72157,0.0
72158,0.0
72159,0.0
72160,0.0
72161,0.0
72162,0.0
72163,0.0
72164,0.0
72165,0.0
72166,0.0
72167,0.0
72168,0.0
72169,0.0
72170,0.0
72171,0.0
72172,0.004569
72173,0.012901
72174,0.00137
72175,0.0
72176,0.0
72177,0.0
72178,0.0
72179,0.0
72180,0.0
72181,0.0
72182,0.0
72183,0.147924
72184,0.821983
72185,0.0
72186,0.0
72187,0.0
72188,0.0
72189,0.0
72190,0.0
72191,0.0
72192,0.0
72193,0.0
72194,0.0
72195,0.0
72196,0.0
72197,0.0
72198,0.0
72199,0.000959
72200,0.000478
72201,0.0
72202,0.0
72203,0.0
72204,0.000182
72205,0.001844
72206,0.825694
72207,1.0
72208,1.0
72209,0.349761
72210,0.0
72211,0.0
72212,0.0
72213,0.0
72214,0.0
72215,0.0
72216,0.0
72217,0.0
72218,0.0
72219,0.540566
72220,1.0
72221,1.0
72222,0.650871
72223,0.144351
72224,0.018997
72225,0.0
72226,0.0
72227,0.0
72228,0.0
72229,0.0
72230,0.0
72231,0.0
72232,0.0
72233,0.003124
72234,0.941014
72235,1.0
72236,1.0
72238,0.363093
72249,0.0
72312,0.0
72313,0.0
72314,0.0
72315,0.0
72316,0.0
72317,0.0
72318,0.0
72319,0.0
72320,0.0
72321,0.0
72322,0.0
72323,0.0
72324,0.0
72325,0.0
72326,0.0
72327,0.0
72328,0.0
72329,0.0
72330,0.0
72331,0.0
72332,0.0
72333,0.0
72334,0.0
72335,0.0
72336,0.0
72337,0.0
72338,0.007606
72339,0.843816
72340,0.426929
72341,0.993279
72342,0.389959
72343,0.08222
72344,0.0
72345,0.0
72346,0.0
72347,0.0
72348,0.0
72349,0.0
72350,0.0
72661,0.0
72662,0.0
72663,0.018439
72664,0.014216
72665,0.498312
72666,0.019528
72667,0.0
72668,0.0
72669,0.002066
72670,0.001531
72671,0.010027
72672,0.052135
72673,0.112026
72674,1.0
72675,1.0
72676,1.0
72677,1.0
72678,1.0
72679,1.0
72680,0.610144
72681,0.73331
72682,0.728604
72683,1.0
72684,1.0
72685,1.0
72686,0.489072
72687,0.032829
72688,0.018842
72689,0.0
72690,0.000754
72691,0.044174
72692,0.006843
72693,0.000341
72694,0.0
72695,0.019305
72696,0.013276
72697,0.054719
72698,0.783011
72699,0.043506
72700,0.068437
72701,0.856073
72702,1.0
72703,1.0
72704,1.0
72705,0.039539
72706,0.01928
72707,0.0
72708,0.0
72709,0.000347
72710,0.002524
72711,0.011338
72712,0.0
72713,0.001984
72714,0.11658
72715,0.005503
72716,0.000184
72717,0.0
72718,0.002821
72719,0.98928
72720,0.064886
72721,0.143784
72722,0.829164
72723,1.0
72724,1.0
72727,1.0
72728,1.0
72731,1.0
72732,1.0
72733,1.0
72734,1.0
72735,1.0
72736,1.0
72737,0.019577
72738,0.209865
72739,0.041254
72740,0.073792
72741,0.010489
72742,0.003192
72743,0.055341
72744,0.039999
72745,0.000519
72746,0.005454
72747,0.005793
72748,9.2e-05
72749,0.962617
72750,0.004517
72751,0.00037
72752,0.106893
72753,1.0
72754,1.0
72755,1.0
72756,0.545905
72757,0.000703
72758,0.001891
72759,1.0
72762,1.0
72763,0.094629
72764,0.125797
72765,0.0
72766,0.0
72767,0.0
72768,0.0
72769,0.0
72770,0.0
72771,0.001383
72772,0.0
72773,0.0
72774,0.0
72775,0.0
72776,0.0
72777,0.0
72778,0.0
72779,0.0
72780,0.0
72781,0.0
72782,0.0
72783,0.0
72784,0.0
72785,0.012056
72786,0.000499
72787,0.003627
72788,0.00031
72789,0.046188
72790,0.192492
72791,0.024671
72792,0.0
72793,0.0
72794,0.001735
72795,0.018913
72796,0.000648
72797,0.004901
72798,0.002973
72799,0.014299
72800,0.532062
72801,0.022717
72802,0.0
72803,0.001495
72804,0.005452
72805,0.057858
72806,0.005712
72807,0.060182
72808,0.0
72809,0.0
72810,0.0
72811,0.048289
72812,0.246148
72813,0.228544
72814,0.000883
72815,0.0
72816,0.0
72817,0.0
72818,0.166704
72819,0.028458
72820,0.0
72821,0.0
72822,0.0
72823,0.0
72824,0.0
72825,0.0
72826,0.0
72827,0.0
72828,0.0
72829,0.0
72830,0.0
72831,0.0
72832,0.0
72833,0.0
72834,0.000754
72835,0.000497
72836,0.0
72837,0.003921
72838,0.004017
72839,0.0
72840,0.0
72841,0.0
72842,0.000358
72843,0.0
72844,0.0
72845,3.1e-05
72846,0.0
72847,0.000126
72848,0.0
72849,0.0
72850,0.0
72851,0.452896
72852,0.0
72853,0.0
72854,0.0
72855,0.0
72856,0.003815
72857,0.0
72858,0.000142
72859,0.0
72860,0.002782
72861,0.000138
72862,0.0
72863,0.0
72864,0.0
72865,0.0
72866,0.0
72867,0.001514
72868,0.432901
72869,0.002828
72870,0.0
72871,0.0
72872,0.0
72873,0.0
72874,0.0
72875,0.0
72876,0.0
72877,0.0
72878,0.000149
72879,0.000887
72880,0.0
72881,0.000579
72882,0.016608
72883,0.023679
72884,0.004426
72885,0.0
72886,0.0
72887,0.000883
72888,0.011645
72889,0.0
72890,0.654054
72891,1.0
72892,1.0
72893,0.309766
72894,0.0
72895,0.029769
72896,0.701975
72897,0.539011
72898,0.201613
72899,0.0
72900,0.0
72901,0.0
72902,0.0
72903,0.045377
72904,0.780577
72905,1.0
72906,1.0
72907,1.0
72908,0.526858
72909,0.0
72910,0.0
72911,0.0
72912,0.0
72913,0.0
72914,0.0
72915,0.0
72916,0.0
72917,0.0
72919,1.0
72921,0.0
72928,0.0
72932,0.0
72933,0.0
72934,0.0
72935,0.0
72936,0.0
72937,0.0
72996,0.0
72997,0.0
72998,0.0
72999,0.0
73000,0.0
73001,0.0
73002,0.0
73003,0.0
73004,0.0
73005,0.0
73006,0.0
73007,0.0
73008,0.0
73009,0.0
73010,0.0
73011,0.0
73012,0.0
73013,0.0
73014,0.003033
73015,0.250711
73016,0.212979
73017,0.0
73018,0.0
73019,0.0
73020,0.0
73021,0.0
73022,0.005866
73023,0.495576
73024,0.613086
73025,0.200266
73026,0.028872
73027,0.0
73028,0.0
73029,0.0
73030,0.0
73031,0.0
73032,0.0
73033,0.0
73034,0.0
73035,0.011849
73344,0.009179
73345,0.0
73346,0.0
73347,0.01662
73348,0.005515
73349,0.031546
73350,0.017755
73351,0.0
73352,0.0
73353,0.0
73354,0.001962
73355,0.446001
73356,0.971451
73357,1.0
73358,1.0
73359,1.0
73360,1.0
73361,1.0
73362,1.0
73363,1.0
73364,0.838048
73365,0.500366
73366,0.993085
73367,1.0
73368,1.0
73369,1.0
73371,0.06625
73372,0.177685
73373,0.00194
73374,0.00072
73375,0.306272
73376,0.010417
73377,0.000118
73378,0.274568
73379,0.949442
73380,0.930813
73381,0.343996
73382,1.0
73383,0.389281
73384,0.099425
73385,1.0
73386,1.0
73387,1.0
73388,0.308821
73389,0.000762
73390,0.008464
73391,0.0
73392,9.7e-05
73393,0.006443
73394,0.001474
73395,0.027931
73396,0.001734
73397,0.006185
73398,0.000199
73399,0.004086
73400,0.0
73401,0.000381
73402,0.023226
73403,0.995504
73404,0.02991
73405,0.086467
73406,0.840792
73407,1.0
73408,1.0
73414,1.0
73415,1.0
73417,1.0
73418,0.940937
73419,0.296788
73420,0.049538
73421,0.006119
73422,0.051475
73423,0.065371
73424,0.054713
73425,0.021342
73426,0.163934
73427,0.129116
73428,0.004381
73429,0.000146
73430,0.010603
73431,0.001452
73432,0.011696
73433,1.0
73434,0.312369
73435,0.018588
73436,0.155583
73437,1.0
73438,1.0
73439,0.324471
73440,0.097351
73441,0.272071
73449,0.022554
73450,0.0
73451,0.0
73452,0.0
73453,0.0
73454,0.001202
73455,0.000136
73456,0.0
73457,0.0
73458,0.0
73459,0.0
73460,0.0
73461,0.0
73462,0.000642
73463,0.0
73464,0.0
73465,0.0
73466,0.0
73467,0.0
73468,0.0
73469,0.0
73470,0.0
73471,0.0
73472,0.014865
73473,0.966464
73474,0.857342
73475,0.139261
73476,0.0
73477,0.0
73478,9.5e-05
73479,0.003011
73480,0.004444
73481,0.007829
73482,0.001246
73483,0.010356
73484,0.02166
73485,0.001526
73486,0.277058
73487,0.000348
73488,0.0
73489,0.0
73490,0.034443
73491,0.051272
73492,0.0
73493,0.0
73494,0.0
73495,0.042218
73496,0.160682
73497,0.370506
73498,0.289607
73499,0.014987
73500,0.003403
73501,0.0
73502,0.0
73503,0.0
73504,0.0
73505,0.0
73506,0.0
73507,0.0
73508,0.0
73509,0.0
73510,0.0
73511,0.0
73512,0.0
73513,0.0
73514,0.0
73515,0.0
73516,0.0
73517,0.0
73518,0.0
73519,0.000604
73520,0.0
73521,0.001831
73522,0.00011
73523,0.0
73524,0.0
73525,0.0
73526,0.0
73527,0.0
73528,0.0
73529,0.0
73530,0.0
73531,0.001832
73532,0.005949
73533,0.000141
73534,0.000141
73535,0.0
73536,0.0
73537,0.0
73538,0.0
73539,0.0
73540,0.00087
73541,0.0
73542,0.010574
73543,0.00322
73544,0.000185
73545,0.0
73546,0.0
73547,0.0
73548,0.0
73549,0.0
73550,0.0
73551,0.0
73552,0.0
73553,0.0
73554,0.000167
73555,0.0
73556,0.0
73557,0.0
73558,0.0
73559,0.0
73560,0.0
73561,0.0
73562,0.0
73563,0.0
73564,0.009839
73565,0.048675
73566,0.000706
73567,0.0
73568,0.00086
73569,0.002874
73570,0.00228
73571,0.002201
73572,0.0
73573,0.0
73574,0.117713
73575,0.344287
73576,0.262287
73577,0.047765
73578,0.0
73579,0.083074
73580,1.0
73581,0.980337
73582,0.099923
73583,0.0
73584,0.0
73585,0.0
73586,0.0
73587,0.0
73588,0.44373
73589,1.0
73590,1.0
73591,1.0
73592,0.251263
73593,0.0
73594,0.0
73595,0.0
73596,0.0
73597,0.0
73598,0.0
73599,0.0
73600,0.0
73601,0.0
73612,0.0
73615,0.0
73616,0.0
73617,0.0
73618,0.0
73619,0.0
73620,0.0
73621,0.0
73622,0.0
73623,0.0
73680,0.0
73681,0.0
73682,0.0
73683,0.0
73684,0.0
73685,0.0
73686,0.0
73687,0.0
73688,0.0
73689,0.0
73690,0.0
73691,0.0
73692,0.0
73693,0.0
73694,0.0
73695,0.0
73696,0.0
73697,0.0
73698,0.0
73699,0.890091
73700,0.830788
73701,0.0
73702,0.0
73703,0.0
73704,0.0
73705,0.0
73706,0.0
73707,0.033308
73708,0.271304
73709,0.0
73710,0.0
73711,0.0
73712,0.0
73713,0.0
73714,0.0
73715,0.0
73716,0.0
73717,0.0
73718,0.000434
74027,0.0
74028,0.079158
74029,0.02657
74030,0.001902
74031,0.003893
74032,0.006455
74033,0.019851
74034,0.00246
74035,0.0
74036,0.0
74037,0.036545
74038,0.208433
74039,0.947935
74040,1.0
74041,1.0
74042,1.0
74043,1.0
74044,1.0
74045,1.0
74046,1.0
74047,1.0
74048,1.0
74049,0.997988
74050,1.0
74051,1.0
74052,0.886976
74053,0.05323
74054,0.773643
74055,0.292918
74056,0.143114
74057,0.50888
74058,0.000233
74059,0.138017
74060,0.046948
74061,0.003259
74062,0.821319
74063,0.613043
74064,0.99195
74065,0.906832
74066,0.655133
74067,0.54448
74068,0.427194
74069,0.238411
74070,0.151926
74071,0.320282
74072,0.048047
74073,0.003923
74074,0.046243
74075,0.003206
74076,0.012755
74077,0.001703
74078,0.011221
74079,0.015908
74080,0.21081
74081,0.027481
74082,0.00026
74083,0.049248
74084,0.003122
74085,0.039927
74086,0.298264
74087,0.977085
74088,0.159906
74089,0.019979
74090,1.0
74091,1.0
74093,1.0
74094,1.0
74095,1.0
74098,1.0
74100,1.0
74101,0.124229
74102,0.983425
74103,0.381971
74104,1.0
74105,0.065157
74106,0.007441
74107,0.921325
74108,0.15681
74109,0.014443
74110,0.020241
74111,0.004136
74112,0.027981
74113,0.008596
74114,0.00246
74115,0.0
74116,0.273868
74117,1.0
74118,0.05184
74119,0.034083
74121,1.0
74122,1.0
74123,1.0
74124,1.0
74125,1.0
74126,1.0
74133,0.009023
74134,0.143326
74135,0.0
74136,0.000323
74137,0.002157
74138,0.001777
74139,0.002757
74140,0.0
74141,0.0
74142,0.0
74143,0.0
74144,0.065756
74145,0.053145
74146,0.007375
74147,0.0
74148,0.0
74149,0.0
74150,0.0
74151,0.0
74152,0.0
74153,0.0
74154,0.0
74155,0.0
74156,0.013351
74157,0.462058
74158,0.843886
74159,0.016839
74160,0.000464
74161,0.000515
74162,0.003516
74163,0.01557
74164,0.007302
74165,0.004485
74166,0.001445
74167,0.057341
74168,0.037977
74169,3e-05
74170,0.560368
74171,0.134351
74172,0.0
74173,0.0
74174,0.005212
74175,0.000452
74176,0.0
74177,0.0
74178,0.0
74179,0.0
74180,0.0
74181,0.16088
74182,0.112877
74183,0.180045
74184,0.452395
74185,0.003631
74186,0.0
74187,0.0
74188,0.0
74189,0.0
74190,0.0
74191,0.0
74192,0.0
74193,0.0
74194,0.0
74195,0.0
74196,0.0
74197,0.0
74198,0.0
74199,0.0
74200,0.0
74201,0.0
74202,0.000266
74203,0.0
74204,0.003292
74205,0.0
74206,0.0
74207,0.0
74208,0.0
74209,0.0
74210,0.001552
74211,0.000136
74212,0.0
74213,0.0
74214,0.0
74215,0.0
74216,0.0
74217,0.0
74218,0.0
74219,0.0
74220,0.0
74221,0.0
74222,0.0
74223,0.0
74224,0.000475
74225,0.003455
74226,0.0
74227,0.006135
74228,8.5e-05
74229,0.0
74230,0.0
74231,0.0
74232,0.0
74233,0.0
74234,0.0
74235,0.0
74236,0.0
74237,0.000681
74238,0.0
74239,0.0
74240,0.0
74241,0.0
74242,0.0
74243,0.0
74244,0.0
74245,0.0
74246,0.0
74247,0.029646
74248,0.011112
74249,0.0
74250,0.0
74251,0.0
74252,0.0
74253,0.0
74254,0.0
74255,0.0
74256,0.0
74257,0.0
74258,0.0
74259,0.0
74260,0.0
74261,0.0
74262,0.0
74263,0.080388
74264,0.59627
74265,0.925889
74266,0.052833
74267,0.0
74268,0.0
74269,0.0
74270,0.0
74271,0.0
74272,0.113348
74273,0.80274
74274,0.522807
74275,0.723561
74276,0.261177
74277,0.0
74278,0.0
74279,0.0
74280,0.0
74281,0.0
74282,0.0
74283,0.0
74284,0.0
74300,0.0
74301,0.0
74302,0.0
74303,0.0
74304,0.0
74305,0.0
74306,0.0
74307,0.0
74308,0.0
74309,0.0
74310,0.0
74363,0.0
74364,0.0
74365,0.0
74366,0.0
74367,0.0
74368,0.0
74369,0.0
74370,0.0
74371,0.0
74372,0.0
74373,0.0
74374,0.0
74376,0.0
74377,0.0
74378,0.0
74379,0.0
74380,0.0
74381,0.0
74382,0.0
74383,0.332552
74384,1.0
74385,0.110173
74386,0.0
74387,0.0
74388,0.0
74389,0.0
74390,0.0
74391,0.0
74392,0.0
74393,0.0
74394,0.0
74395,0.0
74396,0.0
74397,0.0
74398,0.0
74399,0.0
74400,0.0
74401,0.0
74402,0.001553
74712,0.274455
74713,0.025432
74714,0.21842
74715,0.482581
74716,0.004889
74717,0.011922
74718,0.006428
74719,0.003275
74720,0.001098
74721,0.000488
74722,0.479735
74723,0.971932
74724,1.0
74725,1.0
74726,1.0
74727,1.0
74728,1.0
74730,1.0
74731,1.0
74732,1.0
74733,1.0
74734,1.0
74735,0.895088
74736,0.024892
74737,0.021528
74738,0.009623
74739,0.085859
74740,0.578468
74741,0.024891
74742,0.250854
74743,0.111231
74744,0.002069
74745,0.469431
74746,0.139324
74747,0.035541
74748,0.849822
74749,0.526897
74750,0.030491
74751,0.805116
74752,0.709529
74753,0.058976
74754,0.021747
74755,0.048982
74756,0.04182
74757,0.174293
74758,0.13917
74759,0.110907
74760,0.046436
74761,0.020865
74762,0.302374
74763,0.078634
74764,0.348314
74765,0.009122
74766,0.000144
74767,0.014654
74768,0.196918
74769,0.163134
74770,0.017753
74771,0.410643
74772,0.011683
74773,0.935655
74774,1.0
74775,1.0
74776,1.0
74777,1.0
74778,1.0
74779,1.0
74781,1.0
74782,1.0
74783,1.0
74784,0.754737
74785,0.049797
74786,1.0
74787,1.0
74789,0.0
74790,0.00731
74791,0.010347
74792,0.498486
74793,0.106708
74794,0.037647
74795,0.002518
74796,0.010811
74797,0.064782
74798,0.007541
74799,0.008108
74800,1.0
74801,1.0
74802,1.0
74803,0.549171
74809,1.0
74810,1.0
74814,1.0
74815,1.0
74818,1.0
74819,0.01788
74820,0.013123
74821,0.009639
74822,0.027289
74823,0.002461
74824,0.089305
74825,0.099724
74826,0.147007
74827,0.737144
74828,0.524491
74829,0.012109
74830,0.0
74831,0.0
74832,0.0
74833,0.0
74834,0.0
74835,0.0
74836,8.2e-05
74837,0.002175
74838,0.000853
74839,0.251902
74840,0.158514
74841,0.386533
74842,0.479244
74843,0.000157
74844,0.000609
74845,0.001711
74846,0.007666
74847,0.030187
74848,0.004151
74849,0.003109
74850,0.017085
74851,0.025558
74852,0.015142
74853,0.000895
74854,0.099292
74855,0.048518
74856,0.001601
74857,0.001439
74858,0.032514
74859,0.0
74860,0.004303
74861,0.036714
74862,0.0
74863,0.0
74864,0.0
74865,0.378503
74866,0.185136
74867,0.139381
74868,0.199
74869,0.037261
74870,0.0
74871,0.0
74872,0.0
74873,0.0
74874,0.0
74875,0.0
74876,0.0
74877,0.0
74878,0.0
74879,0.0
74880,0.0
74881,0.0
74882,0.0
74883,0.0
74884,0.0
74885,0.0
74886,0.0
74887,0.000269
74888,0.0
74889,0.0
74890,0.0
74891,0.0
74892,0.0
74893,0.0
74894,0.003119
74895,0.0
74896,0.0
74897,0.0
74898,0.0
74899,0.0
74900,0.002935
74901,0.0
74902,0.0
74903,0.0
74904,0.0
74905,0.0
74906,0.0
74907,0.0
74908,0.0
74909,0.000646
74910,0.000551
74911,0.0
74912,0.001903
74913,0.0
74914,0.0
74915,0.000125
74916,0.0
74917,0.0
74918,0.000719
74919,0.0
74920,0.0
74921,0.0
74922,0.0
74923,0.0
74924,0.0
74925,0.0
74926,0.0
74927,0.0
74928,0.0
74929,0.0
74930,0.0
74931,0.011932
74932,0.0
74933,0.0
74934,0.0
74935,0.0
74936,0.0
74937,0.0
74938,0.0
74939,0.0
74940,0.0
74941,0.0
74942,0.0
74943,0.0
74944,0.0
74945,0.0
74946,0.0
74947,0.0
74948,0.0
74949,0.336487
74950,0.310258
74951,0.0
74952,0.0
74953,0.0
74954,0.0
74955,0.0
74956,0.00938
74957,0.088636
74958,0.493384
74959,0.927966
74960,0.876194
74961,0.047316
74962,0.0
74963,0.0
74964,0.0
74965,0.0
74966,0.0
74967,0.0
74968,0.0
74983,0.0
74984,0.0
74985,0.0
74986,0.0
74987,0.0
74988,0.0
74989,0.0
74990,0.0
74991,0.0
74992,0.0
74993,0.0
74994,0.0
75046,0.0
75047,0.0
75048,0.0
75049,0.100932
75050,0.710321
75051,0.153106
75052,0.0
75053,0.0
75054,0.0
75055,0.0
75056,0.0
75057,0.0
75058,0.0
75059,0.0
75060,0.0
75061,0.0
75062,0.0
75063,0.0
75064,0.0
75065,0.0
75066,0.0
75067,0.037729
75068,0.449849
75069,0.51565
75070,0.0
75071,0.0
75072,0.0
75073,0.0
75074,0.0
75075,0.0
75076,0.0
75077,0.0
75078,0.0
75079,0.0
75080,0.0
75081,0.0
75082,0.0
75083,0.0
75084,0.0
75085,0.003286
75396,0.284123
75397,1.0
75398,1.0
75399,0.790378
75400,0.0
75401,0.0
75402,0.0
75403,0.068474
75404,0.176237
75405,0.0
75406,0.477144
75407,0.990215
75408,1.0
75409,1.0
75410,1.0
75411,1.0
75412,1.0
75413,1.0
75414,0.285397
75415,0.609766
75416,1.0
75417,1.0
75418,1.0
75419,0.748865
75420,0.628938
75421,0.002592
75422,0.395502
75423,0.081045
75424,0.204442
75425,0.000726
75426,0.005286
75427,0.003693
75428,0.175819
75429,0.496971
75430,0.01191
75431,0.015394
75432,0.852814
75433,0.380653
75434,0.067622
75435,0.091045
75436,0.574679
75437,0.089512
75438,0.078625
75439,0.033579
75440,0.0491
75441,0.670408
75442,0.166197
75443,0.239358
75444,0.735388
75445,0.432872
75446,0.0726
75447,0.093376
75448,0.014551
75449,0.0
75450,0.001082
75451,0.004296
75452,0.097255
75453,0.263466
75454,0.037412
75455,0.180714
75456,0.063244
75457,1.0
75458,1.0
75459,1.0
75460,1.0
75461,1.0
75462,1.0
75463,1.0
75464,1.0
75465,1.0
75466,1.0
75467,1.0
75468,0.005291
75469,0.223514
75470,1.0
75471,1.0
75472,0.246029
75474,0.794254
75475,0.056819
75476,0.055203
75477,0.013556
75478,0.14908
75479,0.097389
75480,0.002541
75481,0.038283
75482,0.00954
75483,0.000693
75484,0.435974
75485,0.413341
75486,1.0
75487,0.535828
75488,0.026443
75489,1.0
75490,1.0
75498,1.0
75499,1.0
75502,1.0
75503,0.106773
75504,0.048107
75505,0.012744
75506,0.053822
75507,0.004577
75508,0.154309
75509,0.643064
75510,0.498846
75511,0.169027
75512,0.0
75513,0.0
75514,0.0
75515,0.0
75516,0.0
75517,0.0
75518,0.0
75519,0.0
75520,0.010016
75521,0.002309
75522,0.114085
75523,1.0
75524,0.89197
75525,0.779425
75526,0.184429
75527,0.000872
75528,0.028533
75529,0.001534
75530,0.001906
75531,0.003551
75532,0.00082
75533,0.004814
75534,0.003239
75535,0.011313
75536,0.008766
75537,0.002159
75538,0.0
75539,0.016572
75540,0.0
75541,0.000594
75542,0.002007
75543,0.0
75544,0.032237
75545,0.097024
75546,0.0
75547,0.0
75548,0.0
75549,0.016465
75550,0.17699
75551,0.0
75552,0.0
75553,0.780895
75554,0.240193
75555,0.0
75556,0.0
75557,0.0
75558,0.0
75559,0.0
75560,0.0
75561,0.0
75562,0.0
75563,0.0
75564,0.0
75565,0.0
75566,0.0
75567,0.0
75568,0.0004
75569,0.0
75570,6.6e-05
75571,0.005875
75572,0.002527
75573,0.0
75574,0.0
75575,0.0
75576,0.0
75577,0.0
75578,0.0
75579,0.0
75580,0.0
75581,0.0
75582,0.0
75583,0.0
75584,0.008137
75585,0.003719
75586,0.0
75587,0.0
75588,0.0
75589,0.0
75590,0.0
75591,0.0
75592,0.0
75593,0.002038
75594,0.0
75595,0.0
75596,0.0
75597,0.0
75598,0.0
75599,0.006056
75600,0.000313
75601,0.0
75602,0.0
75603,0.0
75604,0.0
75605,0.0
75606,0.0
75607,0.0
75608,0.0
75609,0.0
75610,0.0
75611,0.0
75612,0.0
75613,0.0
75614,0.008357
75615,0.0
75616,0.0
75617,0.0
75618,0.0
75619,0.0
75620,0.0
75621,0.0
75622,0.0
75623,0.0
75624,0.0
75625,0.0
75626,0.0
75627,0.0
75628,0.0
75629,0.0
75630,0.0
75631,0.0
75632,0.0
75633,0.0
75634,0.0
75635,0.0
75636,0.0
75637,0.0
75638,0.0
75639,0.0
75640,0.0
75641,0.0
75642,0.31379
75643,1.0
75644,1.0
75645,0.232915
75646,0.0
75647,0.0
75648,0.0
75649,0.0
75650,0.0
75651,0.0
75652,0.0
75666,0.0
75667,0.0
75668,0.0
75669,0.0
75670,0.0
75671,0.0
75672,0.0
75673,0.0
75674,0.0
75675,0.0
75676,0.0
75677,0.0
75678,0.0
75679,0.0
75729,0.0
75730,0.0
75731,0.0
75732,0.0
75733,0.723004
75734,0.877478
75735,0.077939
75736,0.0
75737,0.0
75738,0.0
75739,0.0
75740,0.0
75741,0.0
75742,0.0
75743,0.0
75744,0.0
75745,0.0
75746,0.0
75747,0.0
75748,0.0
75749,0.0
75750,0.0
75751,0.0
75752,0.173135
75753,0.510565
75754,0.0
75755,0.032318
75756,0.0
75757,0.0
75758,0.0
75759,0.0
75760,0.0
75761,0.0
75762,0.0
75763,0.0
75764,0.0
75765,0.0
75766,0.0
75767,0.0
75768,0.0
75769,0.001509
76079,0.0
76080,0.115038
76081,0.536398
76082,1.0
76085,0.095225
76086,0.004706
76087,0.01397
76088,0.065378
76089,0.700624
76090,0.594176
76091,0.958072
76092,1.0
76093,1.0
76094,1.0
76097,0.588337
76098,0.013484
76099,0.384037
76100,1.0
76101,1.0
76102,1.0
76103,0.785617
76104,0.22509
76105,0.015691
76106,0.003121
76107,0.216706
76108,0.298962
76109,0.077471
76110,0.0
76111,0.063895
76112,0.011451
76113,0.000325
76114,0.228514
76115,0.050221
76116,0.467939
76117,0.104862
76118,0.0
76119,0.000221
76120,0.017456
76121,0.007276
76122,0.058375
76123,0.006728
76124,0.120691
76125,0.040359
76126,0.029389
76127,0.100431
76128,0.586687
76129,0.386846
76130,0.592868
76131,0.535718
76132,0.239734
76133,0.001756
76134,0.023184
76135,0.040704
76136,0.105942
76137,0.131817
76138,0.000385
76139,0.194759
76140,0.073195
76141,1.0
76142,1.0
76143,1.0
76144,1.0
76145,1.0
76147,1.0
76148,1.0
76149,1.0
76150,0.65827
76151,1.0
76152,1.0
76153,1.0
76154,1.0
76155,1.0
76156,0.814034
76157,0.07113
76158,1.0
76159,0.012172
76160,0.00486
76161,0.007018
76162,0.113934
76163,0.669852
76164,0.092544
76165,0.007999
76166,0.037884
76167,0.003998
76168,0.003123
76169,0.014916
76170,1.0
76171,1.0
76172,0.368328
76173,1.0
76174,1.0
76183,1.0
76184,1.0
76185,1.0
76187,0.051551
76188,0.003837
76189,0.030646
76190,0.047119
76191,0.089047
76192,0.350113
76193,0.225222
76194,0.477314
76195,0.01382
76196,0.0
76197,0.0
76198,0.0
76199,0.0
76200,0.0
76201,0.0
76202,0.0
76203,0.001506
76204,0.021288
76205,0.00084
76206,0.05843
76207,0.135471
76208,0.535733
76209,0.772408
76210,0.876812
76211,0.042635
76212,0.003028
76213,0.001645
76214,0.00401
76215,0.016034
76216,0.0
76217,0.001733
76218,0.006448
76219,0.019614
76220,0.001834
76221,0.018225
76222,0.013964
76223,4.4e-05
76224,0.0
76225,0.029246
76226,0.006947
76227,0.0
76228,0.055497
76229,0.172469
76230,0.0
76231,0.0
76232,0.0
76233,0.0
76234,0.0
76235,0.0
76236,0.0
76237,0.10887
76238,0.042115
76239,0.0
76240,0.0
76241,0.0
76242,0.0
76243,0.0
76244,0.0
76245,0.0
76246,0.0
76247,0.0
76248,0.0
76249,0.0
76250,0.0
76251,0.0
76252,0.0
76253,0.0
76254,0.0
76255,0.0
76256,0.0
76257,0.0
76258,0.0
76259,0.0
76260,0.0
76261,0.0
76262,0.0
76263,0.0
76264,0.0
76265,0.0
76266,0.0
76267,0.000865
76268,0.0
76269,0.0
76270,0.0
76271,0.0
76272,0.002441
76273,0.005166
76274,0.007783
76275,0.0
76276,0.0
76277,0.0
76278,3.6e-05
76279,0.004099
76280,0.001127
76281,0.0
76282,0.0
76283,0.007762
76284,0.0
76285,0.0
76286,0.0
76287,0.0
76288,0.0
76289,0.0
76290,0.0
76291,0.0
76292,0.001941
76293,0.000886
76294,0.0
76295,0.0
76296,0.0
76297,0.0
76298,0.001482
76299,0.015259
76300,0.000364
76301,0.0
76302,0.0
76303,0.0
76304,0.0
76305,0.0
76306,0.0
76307,0.0
76308,0.0
76309,0.0
76310,0.0
76311,0.0
76312,0.0
76313,0.0
76314,0.0
76315,0.0
76316,0.0
76317,0.0
76318,0.0
76319,0.0
76320,0.0
76321,0.0
76322,0.0
76323,0.0
76324,0.0
76325,0.0
76326,0.087631
76327,1.0
76328,1.0
76329,0.332802
76330,0.031011
76331,0.0
76332,0.0
76333,0.0
76334,0.0
76335,0.0
76338,0.0
76350,0.0
76351,0.0
76352,0.0
76353,0.0
76354,0.0
76355,0.0
76356,0.0
76357,0.0
76358,0.0
76359,0.0
76360,0.0
76361,0.0
76362,0.0
76413,0.0
76414,0.0
76415,0.0
76416,0.276888
76417,0.696296
76418,0.33413
76419,0.0
76420,0.0
76421,0.0
76422,0.0
76423,0.0
76424,0.0
76425,0.0
76426,0.0
76427,0.0
76428,0.0
76429,0.0
76430,0.0
76431,0.0
76432,0.0
76433,0.0
76434,0.0
76435,0.0
76436,0.0
76437,0.0
76438,0.0
76439,0.0
76440,0.0
76441,0.0
76442,0.0
76443,0.0
76444,0.0
76445,0.0
76446,0.0
76447,0.0
76448,0.0
76449,0.0
76450,0.0
76451,0.0
76452,0.0
76453,0.000271
76763,0.017098
76764,1.0
76765,1.0
76766,1.0
76768,0.0
76769,0.094189
76770,0.0
76771,0.046473
76772,0.067693
76773,0.04548
76774,0.22009
76775,0.136111
76776,0.096026
76777,0.6908
76778,1.0
76781,0.113481
76782,0.0
76783,0.427651
76784,0.892766
76785,1.0
76786,0.737097
76787,0.547484
76788,0.049014
76789,0.02184
76790,0.080794
76791,0.046878
76792,0.68266
76793,0.378227
76794,0.0014
76795,0.007059
76796,0.027592
76797,0.188324
76798,0.802278
76799,0.477116
76800,0.155329
76801,0.002216
76802,0.040175
76803,0.0
76804,0.0
76805,0.018198
76806,0.078873
76807,0.629369
76808,0.995199
76809,0.088086
76810,0.036108
76811,0.408159
76812,0.155674
76813,0.002471
76814,0.994531
76815,0.587065
76816,0.014519
76817,0.03211
76818,0.039085
76819,0.037309
76820,0.032003
76821,0.007497
76822,0.000431
76823,0.034276
76824,0.984889
76825,1.0
76826,1.0
76827,1.0
76828,1.0
76829,1.0
76831,1.0
76832,1.0
76833,1.0
76834,0.911032
76835,0.984409
76836,0.083259
76837,0.828357
76838,0.287056
76839,0.977358
76840,0.391516
76841,0.125877
76842,0.815942
76843,0.602269
76844,0.067359
76845,0.658329
76846,1.0
76847,0.563129
76848,0.937524
76849,0.09697
76850,0.319342
76851,0.885447
76852,0.732177
76853,1.0
76854,0.278769
76855,0.509713
76856,0.999601
76857,0.999702
76858,0.998378
76868,1.0
76869,1.0
76870,0.255717
76871,0.026802
76872,0.387454
76873,0.533668
76874,0.426805
76875,0.178107
76876,0.448376
76877,0.748346
76878,0.944745
76879,0.0
76880,0.029487
76881,0.100884
76882,0.000608
76883,0.0
76884,0.0
76885,0.0
76886,0.000146
76887,0.000699
76888,0.000209
76889,0.001122
76890,0.0
76891,0.000156
76892,0.002711
76893,0.000538
76894,0.005826
76895,0.007251
76896,0.001175
76897,0.00158
76898,0.003307
76899,0.003545
76900,0.005205
76901,0.001628
76902,0.004746
76903,0.009149
76904,0.003157
76905,0.002329
76906,0.004006
76907,0.009404
76908,0.017149
76909,0.003689
76910,0.0
76911,0.0
76912,0.0
76913,0.009173
76914,0.00858
76915,0.0
76916,0.0
76917,0.0
76918,0.0
76919,0.0
76920,0.0
76921,0.0
76922,0.0
76923,0.0
76924,0.0
76925,0.0
76926,0.0
76927,0.0
76928,0.0
76929,0.0
76930,0.0
76931,0.0
76932,0.0
76933,0.0
76934,0.0
76935,0.000256
76936,0.0
76937,0.0
76938,0.0
76939,0.0
76940,0.0
76941,0.0
76942,0.0
76943,0.0
76944,0.0
76945,0.0
76946,0.0
76947,0.0
76948,0.0
76949,0.0
76950,0.0
76951,0.000139
76952,0.000121
76953,0.0
76954,0.0
76955,0.0
76956,0.0
76957,0.0
76958,0.000288
76959,0.002877
76960,0.004471
76961,0.0
76962,0.0
76963,0.000799
76964,0.0
76965,0.002228
76966,0.010695
76967,0.000493
76968,0.001472
76969,0.0
76970,0.0
76971,0.0
76972,0.002245
76973,0.0
76974,0.0
76975,0.0
76976,8.2e-05
76977,0.00614
76978,0.0
76979,0.0
76980,0.0
76981,0.0
76982,0.0
76983,0.0
76984,0.003358
76985,0.0
76986,0.0
76987,0.0
76988,0.0
76989,0.0
76990,0.0
76991,0.0
76992,0.0
76993,0.0
76994,0.0
76995,0.0
76996,0.0
76997,0.061773
76998,0.837228
76999,0.557968
77000,0.11218
77001,0.0
77002,0.0
77003,0.0
77004,0.0
77005,0.0
77006,0.0
77007,0.0
77008,0.0
77009,0.0
77010,0.0
77011,0.930112
77012,1.0
77013,1.0
77014,0.068158
77015,0.0
77016,0.0
77017,0.0
77018,0.0
77019,0.0
77022,0.0
77032,0.0
77034,0.0
77035,0.0
77036,0.0
77037,0.0
77038,0.0
77039,0.0
77040,0.0
77041,0.0
77042,0.0
77043,0.0
77044,0.0
77045,0.0
77046,0.0
77047,0.0
77097,0.0
77098,0.0
77099,0.0
77100,0.0
77101,0.0
77102,0.0
77103,0.0
77104,0.0
77105,0.0
77106,0.0
77107,0.0
77108,0.0
77109,0.0
77110,0.0
77111,0.0
77112,0.0
77113,0.0
77114,0.0
77115,0.0
77116,0.0
77117,0.0
77118,0.0
77119,0.0
77120,0.0
77121,0.240818
77122,0.034019
77123,0.0
77124,0.0
77125,0.0
77126,0.0
77127,0.0
77128,0.0
77129,0.0
77130,0.0
77131,0.0
77132,0.0
77133,0.0
77134,0.0
77135,0.0
77136,0.000158
77137,0.0
77447,0.169342
77448,1.0
77451,1.0
77452,0.9181
77453,0.006461
77454,0.0
77455,0.0
77456,0.000895
77457,0.004544
77458,0.04697
77459,0.099549
77460,0.031245
77461,0.12072
77462,1.0
77463,1.0
77464,0.486386
77465,0.214058
77466,0.021977
77467,1.0
77468,0.526909
77469,0.01381
77470,0.910367
77471,0.979538
77472,0.930096
77473,0.296303
77474,0.626103
77475,0.740597
77476,0.943381
77477,0.864374
77478,0.769827
77479,0.2794
77480,0.001623
77481,0.000598
77482,0.815166
77483,0.718536
77484,0.052635
77485,0.037556
77486,0.004185
77487,0.0
77488,0.0
77489,0.008024
77490,0.00905
77491,0.142213
77492,0.008626
77493,0.007488
77494,0.06201
77495,0.011078
77496,0.121108
77497,0.1726
77498,0.999162
77499,0.712634
77500,0.017868
77501,0.0
77502,0.0
77503,0.018696
77504,0.051003
77505,0.0
77506,0.024065
77507,0.874154
77508,1.0
77509,1.0
77510,1.0
77511,1.0
77515,1.0
77516,1.0
77518,0.25722
77519,0.053634
77520,0.079745
77521,0.010492
77522,0.080417
77523,1.0
77524,1.0
77525,1.0
77526,0.351616
77527,1.0
77528,0.029504
77529,0.174775
77531,0.160246
77532,0.022481
77533,0.856869
77534,0.809731
77535,0.813563
77536,0.226368
77537,0.163009
77538,0.3027
77539,0.561219
77540,0.996991
77541,0.999294
77542,1.0
77552,1.0
77553,1.0
77554,0.306692
77555,0.002047
77556,0.159067
77557,0.199308
77558,0.056035
77559,0.472025
77560,0.30173
77561,0.320287
77562,0.416878
77563,0.09788
77564,1.0
77565,1.0
77566,1.0
77567,0.06294
77568,0.0
77569,0.0
77570,0.0
77571,0.0
77572,0.000338
77573,9.1e-05
77574,0.0
77575,0.000624
77576,0.004287
77577,0.004158
77578,0.008567
77579,0.002491
77580,0.001268
77581,0.000595
77582,0.003131
77583,0.001306
77584,0.01202
77585,0.007869
77586,0.00394
77587,0.037811
77588,0.003374
77589,0.000855
77590,0.005858
77591,0.025785
77592,0.051223
77593,0.072919
77594,0.00307
77595,0.0
77596,0.0
77597,0.0
77598,0.0
77599,0.0
77600,0.0
77601,0.018362
77602,0.0
77603,0.0
77604,0.0
77605,0.0
77606,0.0
77607,0.0
77608,0.0
77609,0.0
77610,0.0
77611,0.0
77612,0.0
77613,0.0
77614,0.0
77615,0.0
77616,0.0
77617,0.0
77618,0.0
77619,0.001033
77620,0.0
77621,0.0
77622,0.0
77623,0.0
77624,0.0
77625,0.0
77626,0.0
77627,0.0
77628,0.0
77629,0.0
77630,0.0
77631,0.0
77632,0.0
77633,0.0
77634,0.0
77635,0.0
77636,0.001081
77637,0.0
77638,0.0
77639,0.0
77640,0.0
77641,0.0
77642,0.0
77643,0.017826
77644,0.003272
77645,0.0
77646,0.0
77647,0.002393
77648,0.002781
77649,0.010131
77650,0.009704
77651,0.005384
77652,0.001374
77653,0.003189
77654,0.001989
77655,0.000976
77656,0.0
77657,0.0
77658,0.0
77659,0.0
77660,0.0
77661,0.000473
77662,0.0
77663,0.0
77664,0.0
77665,0.0
77666,0.0
77667,0.000943
77668,0.004507
77669,0.0
77670,0.0
77671,0.0
77672,0.0
77673,0.0
77674,0.0
77675,0.0
77676,0.0
77677,0.0
77678,0.0
77679,0.0
77680,0.0
77681,0.355772
77682,1.0
77683,0.826711
77684,0.150621
77685,0.0
77686,0.0
77687,0.0
77688,0.0
77689,0.0
77690,0.0
77691,0.0
77692,0.0
77693,0.0
77694,0.0
77695,0.39216
77696,1.0
77697,1.0
77698,0.248143
77699,0.0
77700,0.0
77701,0.0
77702,0.0
77705,0.0
77716,0.0
77717,0.0
77718,0.0
77719,0.0
77720,0.0
77721,0.0
77722,0.0
77723,0.001388
77724,0.007482
77725,0.0
77726,0.0
77727,0.0
77728,0.0
77729,0.0
77730,0.0
77731,0.022956
77732,0.677752
77783,0.0
77784,0.0
77785,0.0
77786,0.0
77787,0.0
77788,0.0
77789,0.0
77790,0.0
77791,0.0
77792,0.0
77793,0.0
77794,0.0
77795,0.0
77796,0.0
77797,0.0
77798,0.0
77799,0.0
77800,0.0
77801,0.0
77802,0.0
77803,0.0
77804,0.0
77805,0.161224
77806,0.680117
77807,0.0
77808,0.0
77809,0.0
77810,0.0
77811,0.0
77812,0.0
77813,0.0
77814,0.0
77815,0.0
77816,0.0
77817,0.0
77818,0.0
77819,0.0
77820,0.0
78131,0.030916
78132,0.807689
78133,1.0
78135,1.0
78136,0.220505
78137,0.004222
78138,0.0
78139,0.0
78140,0.001053
78141,0.000618
78142,0.017134
78143,0.01916
78144,0.062386
78145,0.130503
78147,0.93824
78148,0.197808
78149,0.296731
78150,0.817824
78151,0.976928
78152,0.13574
78153,0.0
78154,0.645541
78155,1.0
78156,0.985722
78157,0.508011
78158,0.482317
78159,1.0
78160,1.0
78161,1.0
78162,1.0
78163,0.902001
78164,0.0
78165,0.0
78166,0.003521
78167,0.002298
78168,0.129611
78169,0.001839
78170,0.194206
78171,0.573807
78172,0.156824
78173,0.002988
78174,0.0
78175,0.005806
78176,0.011209
78177,0.060754
78178,0.094203
78179,0.029432
78180,0.025429
78181,0.72095
78182,1.0
78183,0.857665
78184,0.041671
78185,0.0
78186,0.0
78187,0.0
78188,0.011452
78189,0.0
78190,0.172362
78191,1.0
78192,1.0
78193,1.0
78194,1.0
78195,1.0
78196,1.0
78197,1.0
78199,1.0
78200,1.0
78202,1.0
78204,0.411765
78205,0.32121
78206,0.06062
78207,0.23731
78208,0.0
78209,0.564103
78210,0.946986
78211,0.283879
78212,0.789916
78213,0.078417
78214,0.289506
78215,0.113573
78216,0.04412
78217,0.006755
78218,0.581913
78219,0.206131
78220,0.000889
78221,0.001883
78222,0.722843
78223,0.692939
78224,0.878801
78225,0.973886
78238,0.35326
78239,0.013797
78240,0.256923
78241,0.156516
78242,0.397198
78243,0.535815
78244,0.913899
78245,0.735825
78246,0.652903
78247,0.060299
78248,0.119056
78249,1.0
78250,1.0
78251,1.0
78252,0.034108
78253,0.0
78254,0.0
78255,0.0
78256,0.0
78257,0.0
78258,0.000425
78259,3.9e-05
78260,0.023239
78261,0.004467
78262,0.000865
78263,7.1e-05
78264,0.0
78265,6.6e-05
78266,0.00326
78267,0.0
78268,0.001711
78269,0.034239
78270,0.095736
78271,0.01191
78272,0.001511
78273,0.044824
78274,0.039916
78275,0.015573
78276,0.069829
78277,0.05935
78278,0.002787
78279,0.003893
78280,0.001161
78281,0.0
78282,0.0
78283,0.011033
78284,0.019029
78285,0.0
78286,0.0
78287,0.0
78288,0.0
78289,0.0
78290,0.0
78291,0.0
78292,0.0
78293,0.0
78294,0.0
78295,0.0
78296,0.0
78297,0.0
78298,0.0
78299,0.0
78300,0.0
78301,0.0
78302,0.0
78303,0.0
78304,0.002769
78305,0.001467
78306,0.001021
78307,0.0
78308,0.0
78309,0.0
78310,0.000343
78311,0.0
78312,0.0
78313,0.0
78314,0.0
78315,0.0
78316,0.0
78317,0.0
78318,0.0
78319,0.0
78320,0.0
78321,0.0
78322,0.000183
78323,0.000891
78324,0.0
78325,0.0
78326,0.000409
78327,0.001211
78328,0.0
78329,0.004461
78330,0.0
78331,0.0
78332,0.0
78333,0.002745
78334,0.0
78335,0.001549
78336,0.004268
78337,0.0
78338,0.0
78339,0.005772
78340,0.0
78341,0.0
78342,0.0
78344,0.0
78345,0.0
78346,0.046951
78347,0.029563
78348,0.0
78349,0.0
78350,0.0
78351,0.001719
78352,0.001332
78353,0.003757
78354,0.00015
78355,0.0
78356,0.0
78357,0.0
78358,0.0
78359,0.0
78360,0.0
78361,0.0
78362,0.0
78363,0.0
78364,0.0
78365,0.289096
78366,0.973915
78367,0.27849
78368,0.0
78369,0.0
78370,0.0
78371,0.0
78372,0.0
78373,0.0
78374,0.0
78375,0.0
78376,0.0
78377,0.0
78378,0.0
78379,0.032798
78380,0.023296
78381,0.029928
78382,0.0
78383,0.0
78384,0.0
78385,0.0
78386,0.0
78389,0.0
78398,0.551262
78399,0.155865
78400,0.0
78401,0.0
78402,0.0
78403,0.0
78404,0.0
78405,0.0
78406,0.0
78407,0.019272
78408,0.073682
78409,0.015908
78410,0.0
78411,0.086152
78412,0.407178
78413,0.494415
78414,0.673855
78415,0.577243
78416,0.0
78466,0.0
78467,0.0
78468,0.0
78469,0.0
78470,0.0
78471,0.0
78472,0.0
78473,0.0
78474,0.0
78475,0.0
78476,0.0
78477,0.0
78478,0.0
78479,0.0
78480,0.0
78481,0.0
78482,0.0
78483,0.0
78484,0.0
78485,0.0
78486,0.0
78487,0.0
78488,0.0
78489,0.747754
78490,0.628225
78491,0.0
78492,0.0
78493,0.0
78494,0.0
78495,0.0
78496,0.0
78497,0.0
78498,0.0
78499,0.0
78500,0.0
78501,0.0
78502,0.0
78503,0.0
78504,0.0
78815,0.0
78816,0.60804
78817,1.0
78818,1.0
78819,0.122742
78820,0.015725
78821,0.004175
78822,0.012741
78823,0.021092
78824,0.0
78825,0.0
78826,0.00122
78827,0.012227
78828,0.535336
78829,0.64091
78831,0.956939
78832,0.285732
78833,0.420144
78834,0.744029
78835,1.0
78836,0.586314
78837,0.402316
78838,0.652495
78839,1.0
78840,0.970186
78841,1.0
78844,1.0
78845,1.0
78846,0.828718
78847,1.0
78848,0.0
78849,0.508534
78852,0.888067
78853,0.289428
78854,0.59605
78855,0.790904
78856,0.102524
78857,0.000192
78858,0.000111
78859,0.000171
78860,0.014952
78861,0.040447
78862,0.009111
78863,0.009457
78864,0.372078
78865,1.0
78866,1.0
78867,0.875673
78868,0.064765
78869,0.100403
78870,0.000533
78871,0.000626
78872,0.0
78873,0.0
78874,0.124397
78875,1.0
78876,1.0
78877,1.0
78878,1.0
78879,1.0
78880,1.0
78881,1.0
78883,1.0
78884,1.0
78887,1.0
78888,0.965486
78889,0.355879
78890,0.314444
78891,0.087299
78892,0.0
78893,0.365488
78894,0.663763
78895,0.773004
78896,1.0
78897,0.038869
78898,1.0
78899,0.303161
78900,0.034595
78901,0.002188
78902,0.352905
78903,0.002366
78904,0.009143
78905,0.018095
78906,0.641088
78907,1.0
78908,1.0
78909,1.0
78918,1.0
78919,1.0
78920,0.642755
78921,0.017427
78922,0.411751
78923,0.436031
78924,0.106316
78925,0.002783
78926,0.046073
78927,0.870252
78928,0.914291
78929,0.66747
78930,0.329246
78931,0.062542
78932,0.01766
78934,1.0
78935,1.0
78936,0.0
78937,0.0
78938,0.0
78939,0.0
78940,0.0
78941,0.0
78942,0.0
78943,0.007802
78944,0.004079
78945,0.003138
78946,0.003088
78947,0.005687
78948,0.001285
78949,0.001067
78950,0.005236
78951,0.001006
78952,0.005402
78953,0.021822
78954,0.001614
78955,0.050797
78956,0.0
78957,0.0
78958,0.054505
78959,0.024691
78960,0.013309
78961,0.048177
78962,0.024502
78963,0.018134
78964,0.001872
78965,0.0
78966,0.0
78967,0.0
78968,0.0
78969,0.0
78970,0.0
78971,0.0
78972,0.0
78973,0.0
78974,0.0
78975,0.0
78976,0.0
78977,0.0
78978,0.0
78979,0.0
78980,0.0
78981,0.0
78982,0.0
78983,0.0
78984,0.0
78985,0.0
78986,0.0
78987,0.0
78988,0.000291
78989,0.0
78990,0.0
78991,0.0
78992,0.0
78993,0.0
78994,0.0
78995,0.0
78996,0.0
78997,0.0
78998,0.0
78999,0.0
79000,0.0
79001,0.0
79002,0.0
79003,0.0
79004,0.0
79005,0.0
79006,0.0
79007,0.003281
79008,0.0
79009,0.0
79010,0.0
79011,0.0
79012,0.0
79013,0.0
79014,0.002459
79015,0.0
79016,0.0
79017,0.0
79018,0.0
79019,0.0004
79020,0.002316
79021,0.0
79022,0.0
79023,0.0
79024,0.0
79025,0.0
79028,0.0
79029,0.0
79030,0.0
79031,0.014845
79032,0.032516
79033,0.08748
79034,0.0
79035,0.001493
79036,0.002509
79037,0.009287
79038,0.0
79039,0.0
79040,0.0
79041,0.0
79042,0.0
79043,0.0
79044,0.0
79045,0.0
79046,0.0
79047,0.0
79048,0.0
79049,0.026122
79050,0.023857
79051,0.0
79052,0.0
79053,0.0
79054,0.0
79055,0.0
79056,0.0
79057,0.0
79058,0.0
79059,0.0
79060,0.0
79061,0.0
79062,0.0
79063,0.0
79064,0.0
79065,0.0
79066,0.0
79067,0.0
79068,0.0
79069,0.0
79073,0.0
79082,0.116849
79083,0.0
79084,0.0
79086,0.0
79087,0.0
79088,0.0
79089,0.011609
79090,0.298228
79091,0.122585
79092,0.717476
79093,0.581147
79094,0.667108
79095,0.81435
79096,1.0
79097,1.0
79098,1.0
79099,0.566369
79100,0.0
79151,0.0
79152,0.0
79153,0.0
79154,0.0
79155,0.0
79156,0.0
79157,0.0
79158,0.0
79159,0.0
79160,0.0
79161,0.0
79162,0.0
79163,0.0
79164,0.0
79165,0.0
79166,0.0
79167,0.0
79168,0.0
79169,0.0
79170,0.0
79171,0.0
79172,0.0
79173,0.345016
79174,0.688302
79175,0.244071
79176,0.0
79177,0.0
79178,0.0
79179,0.0
79180,0.0
79181,0.0
79182,0.0
79183,0.136299
79184,0.0
79185,0.0
79186,0.0
79187,0.0
79188,0.0
79499,0.132248
79500,0.678571
79502,0.597972
79503,0.050372
79504,0.008416
79505,0.093288
79506,0.0052
79507,0.000555
79508,0.000864
79509,0.0
79510,0.0
79511,0.048136
79512,0.986895
79513,1.0
79514,1.0
79515,0.65063
79516,0.170166
79517,0.415767
79518,0.596299
79519,0.880418
79520,0.563115
79521,0.399099
79522,0.839748
79523,1.0
79524,0.957785
79525,0.011252
79526,0.157793
79527,1.0
79528,1.0
79529,0.808607
79530,1.0
79532,0.003534
79533,0.0
79537,0.104505
79538,0.371183
79539,0.374362
79540,0.01692
79541,0.0
79542,0.0
79543,0.000114
79544,0.006543
79545,0.000402
79546,0.0
79547,0.000338
79548,0.107335
79549,0.788295
79551,0.210841
79552,0.190143
79553,0.138102
79554,0.108127
79555,0.000919
79556,0.000116
79557,0.014882
79558,0.000136
79559,0.229083
79560,1.0
79561,1.0
79563,1.0
79564,1.0
79566,1.0
79567,1.0
79568,1.0
79569,1.0
79570,1.0
79571,1.0
79572,1.0
79573,1.0
79574,1.0
79575,0.135142
79576,0.024917
79577,0.065888
79578,1.0
79579,0.971167
79580,0.0
79581,0.790924
79582,0.487529
79583,0.198563
79584,0.001979
79585,0.064788
79586,0.080984
79587,0.007119
79588,0.011792
79589,0.018984
79590,0.020295
79591,0.967106
79592,1.0
79593,1.0
79605,0.002098
79606,0.005815
79607,0.033118
79608,0.09673
79609,0.121378
79610,0.018768
79611,0.008853
79612,0.004405
79613,0.010367
79614,0.070599
79615,0.032515
79616,0.007962
79617,0.010007
79618,0.475754
79619,1.0
79620,1.0
79621,0.257505
79622,0.0
79623,0.0
79624,0.0
79625,0.0
79626,0.00022
79627,0.001423
79628,3.9e-05
79629,0.002712
79630,0.0
79631,0.01408
79632,0.006653
79633,0.064095
79634,0.629514
79635,0.251152
79636,0.001175
79637,0.002048
79638,0.000292
79639,0.0
79640,0.042662
79641,0.007219
79642,0.000647
79643,0.004689
79644,0.091451
79645,0.00058
79646,0.044669
79647,0.033047
79648,0.024738
79649,0.0
79650,0.0
79651,0.0
79652,0.0
79653,0.0
79654,0.0
79655,0.0
79656,0.0
79657,0.0
79658,0.0
79659,0.0
79660,0.0
79661,0.0
79662,0.0
79663,0.0
79664,0.0
79665,0.0
79666,0.0
79667,0.0
79668,0.0
79669,0.0
79670,0.0
79671,0.0
79672,0.0
79673,0.0
79674,0.0
79675,0.0
79676,0.0
79677,0.0
79678,0.0
79679,0.0
79680,0.0
79681,0.0
79682,0.0
79683,0.0
79684,0.0
79685,0.0
79686,0.000431
79687,3.2e-05
79688,0.003227
79689,0.0
79690,0.0
79691,0.0
79692,0.0
79693,0.0
79694,0.0
79695,0.0
79696,0.0
79697,0.0
79698,0.0
79699,0.0
79700,0.0
79701,0.0
79702,0.000231
79703,0.000625
79704,0.0
79705,0.004974
79706,0.002561
79707,0.0
79708,0.0
79709,0.0
79710,0.0
79711,0.0
79712,0.0
79713,0.0
79714,0.0
79715,0.0
79716,0.055907
79717,0.153164
79718,0.0
79719,0.025752
79720,0.002901
79721,0.000518
79722,0.0
79723,0.0
79724,0.0
79725,0.0
79726,0.0
79727,0.0
79728,0.0
79729,0.0
79730,0.0
79731,0.0
79732,0.0
79733,0.0
79734,0.0
79735,0.0
79736,0.0
79737,0.0
79738,0.0
79739,0.0
79740,0.0
79741,0.0
79742,0.0
79743,0.0
79744,0.0
79745,0.0
79746,0.0
79747,0.0
79748,0.0
79749,0.0
79750,0.0
79751,0.0
79752,0.0
79755,0.0
79756,0.0
79765,0.666558
79766,0.00076
79767,0.0
79768,0.0
79769,0.0
79770,0.0
79771,0.0
79772,0.0
79773,0.742881
79774,0.84981
79775,0.059583
79776,0.999008
79777,1.0
79778,0.997688
79779,0.986975
79780,1.0
79781,1.0
79782,1.0
79783,0.756419
79784,0.006751
79835,0.0
79836,0.0
79837,0.0
79838,0.0
79839,0.0
79840,0.0
79841,0.0
79842,0.0
79843,0.0
79844,0.0
79845,0.0
79846,0.0
79847,0.0
79848,0.0
79849,0.0
79850,0.0
79851,0.0
79852,0.0
79853,0.0
79854,0.0
79855,0.0
79856,0.021763
79857,0.734544
79858,0.999472
79859,0.401371
79860,0.0
79861,0.0
79862,0.0
79863,0.0
79864,0.0
79865,0.0
79866,0.001228
79867,0.0
79868,0.0
79869,0.0
79870,0.0
79871,0.0
79872,0.0
79873,0.0
79874,0.0
80183,0.054258
80184,0.602941
80185,1.0
80186,0.220857
80187,0.070054
80188,0.066781
80189,1.0
80190,0.321686
80191,0.231685
80192,0.04929
80193,0.003364
80194,0.0
80195,0.105961
80196,0.734518
80197,1.0
80198,1.0
80199,0.01731
80200,0.355251
80201,0.500407
80202,0.174251
80203,0.000194
80204,0.023397
80205,0.332718
80206,1.0
80207,1.0
80208,1.0
80209,0.933237
80210,0.007775
80211,0.604304
80212,0.872872
80213,0.218724
80214,0.000712
80215,0.0
80216,0.0
80217,0.000333
80218,8.7e-05
80219,0.0
80220,0.0
80221,0.076085
80222,0.176342
80223,0.084746
80224,0.021477
80225,0.047111
80226,0.0
80227,0.0
80228,0.0
80229,0.000289
80230,0.01501
80231,0.477866
80232,0.075381
80233,0.000993
80234,0.001896
80235,0.050542
80236,0.372404
80237,0.062767
80238,0.002702
80239,0.199432
80240,0.748968
80241,0.428609
80242,0.293654
80243,0.120407
80244,0.551485
80245,1.0
80246,1.0
80247,1.0
80248,0.996831
80249,1.0
80250,1.0
80251,1.0
80252,1.0
80253,1.0
80254,0.330906
80255,0.934186
80257,1.0
80258,1.0
80259,1.0
80260,0.101385
80261,0.057658
80262,1.0
80263,0.708947
80264,0.001998
80265,1.0
80266,0.864555
80267,0.00034
80268,0.002768
80269,0.01448
80270,0.005203
80271,0.000771
80272,0.002413
80273,0.010348
80274,0.000662
80275,0.023387
80276,0.325445
80277,1.0
80278,1.0
80279,1.0
80288,0.806745
80289,0.007838
80290,0.078536
80291,0.0
80292,0.015809
80293,0.124227
80294,0.009521
80295,0.004608
80296,0.007459
80297,0.025917
80298,0.022568
80299,0.054354
80300,0.122003
80301,0.046634
80302,0.024807
80303,0.697344
80304,1.0
80306,0.0
80307,0.0
80308,0.0
80309,0.0
80310,9.2e-05
80311,0.000798
80312,0.000162
80313,0.013998
80314,0.013914
80315,0.0
80316,0.024992
80317,0.129104
80318,0.787663
80319,0.391814
80320,0.0
80321,0.000415
80322,0.0
80323,5.4e-05
80324,0.293231
80325,0.0
80326,0.0
80327,0.0
80328,0.154098
80329,0.04156
80330,0.0
80331,0.024196
80332,0.03256
80333,0.015803
80334,0.0
80335,0.0
80336,0.0
80337,0.0
80338,0.0
80339,0.0
80340,0.0
80341,0.0
80342,0.0
80343,0.0
80344,0.0
80345,0.0
80346,0.0
80347,0.0
80348,0.0
80349,0.0
80350,0.0
80351,0.0
80352,0.0
80353,0.0
80354,0.0
80355,0.0
80356,0.0
80357,0.0
80358,0.0
80359,0.0
80360,0.0
80361,0.0
80362,0.004211
80363,0.0
80364,0.0
80365,0.0
80366,0.0
80367,0.0
80368,0.0
80369,0.0
80370,0.0
80371,0.001965
80372,0.0
80373,0.0
80374,0.0
80375,0.0
80376,0.0
80377,0.0
80378,0.0
80379,0.0
80380,0.0
80381,0.0
80382,0.0
80383,0.0
80384,0.0
80385,0.0
80386,0.0
80387,0.004287
80388,0.007706
80389,0.0
80390,0.0
80391,0.0
80392,0.000334
80393,0.0
80394,0.0
80395,0.0
80396,0.0
80397,0.0
80398,0.0
80399,0.0
80400,0.070003
80401,0.125767
80402,0.087803
80403,0.040337
80404,0.013392
80405,0.0
80406,0.0
80407,0.0
80408,0.0
80409,0.0
80410,0.0
80411,0.0
80412,0.0
80413,0.0
80414,0.0
80415,0.0
80416,0.0
80417,0.0
80418,0.0
80419,0.0
80420,0.0
80421,0.0
80422,0.0
80423,0.0
80424,0.0
80425,0.0
80426,0.0
80427,0.0
80428,0.0
80429,0.0
80430,0.0
80431,0.0
80432,0.0
80433,0.0
80434,0.0
80435,0.0
80436,0.0
80439,0.0
80440,0.0
80449,0.0
80450,0.0
80451,0.0
80452,0.0
80453,0.0
80454,0.0
80455,0.0
80456,0.053394
80457,0.594642
80458,0.13844
80459,0.0
80460,0.482919
80461,0.29702
80462,0.062724
80463,0.159277
80464,0.320821
80465,0.556048
80466,0.999813
80467,0.856768
80468,0.970254
80518,0.0
80519,0.0
80520,0.0
80521,0.0
80522,0.0
80523,0.0
80524,0.0
80525,0.0
80526,0.0
80527,0.0
80528,0.0
80529,0.0
80530,0.0
80531,0.0
80532,0.0
80533,0.0
80534,0.0
80535,0.0
80536,0.0
80537,0.0
80538,0.0
80539,0.0
80540,0.000686
80541,0.826663
80542,0.979247
80543,0.166983
80544,0.0
80545,0.0
80546,0.0
80547,0.0
80548,0.0
80549,0.0
80550,0.0
80551,0.0
80552,0.0
80553,0.0
80554,0.0
80555,0.0
80556,0.0
80557,0.0
80866,0.000149
80867,0.020007
80868,1.0
80870,1.0
80871,1.0
80872,1.0
80873,1.0
80874,0.952864
80875,0.991361
80876,0.704216
80877,1.0
80878,0.0
80879,0.0
80880,0.155088
80881,0.079532
80882,0.165479
80883,0.000246
80884,0.000168
80885,0.000156
80886,0.111979
80887,0.247659
80888,0.032382
80889,0.133796
80890,0.636895
80891,1.0
80892,1.0
80893,1.0
80894,0.000966
80895,0.063126
80896,0.0
80897,0.057875
80898,0.926995
80899,0.0
80900,0.080371
80901,1.0
80903,0.093142
80904,0.053152
80905,0.079055
80906,0.061617
80907,0.103602
80908,0.007562
80909,0.013781
80910,0.002954
80911,0.019264
80912,0.000132
80913,0.0
80914,0.132292
80916,0.032995
80917,0.050512
80918,0.00868
80919,0.018449
80920,0.927157
80921,0.024603
80922,0.418902
80923,0.660819
80924,1.0
80925,0.713272
80926,0.114401
80927,0.070262
80928,0.585433
80929,0.998686
80930,1.0
80931,0.785124
80932,0.917377
80933,1.0
80934,0.654054
80935,1.0
80936,1.0
80937,1.0
80938,0.055383
80939,0.1275
80940,0.0
80941,0.184783
80942,1.0
80943,0.125408
80944,0.012856
80945,0.0023
80946,0.030759
80947,0.386654
80948,0.00274
80949,0.0
80950,1.0
80951,0.033995
80952,0.000104
80953,0.012175
80954,0.028893
80955,0.006865
80956,0.000776
80957,0.0
80958,0.029248
80959,0.005119
80960,0.001198
80961,0.787977
80962,1.0
80963,1.0
80972,1.0
80973,1.0
80974,0.037404
80975,0.024847
80976,0.00373
80977,0.01221
80978,0.016467
80979,0.026668
80980,0.020584
80981,0.189012
80982,0.018766
80983,0.07418
80984,0.456523
80985,0.146563
80986,0.143909
80987,1.0
80990,0.0
80991,0.0
80992,0.0
80993,0.0
80994,0.000539
80995,0.007771
80996,0.004953
80997,0.007782
80998,0.04057
80999,0.0
81000,0.0
81001,0.000519
81002,0.000199
81003,0.000675
81004,0.000687
81005,0.000361
81006,0.006663
81007,0.094548
81008,0.634952
81009,0.008098
81010,0.0
81011,0.0
81012,0.013084
81013,0.009808
81014,0.0
81015,0.234959
81016,0.163792
81017,0.096283
81018,0.0
81019,0.0
81020,0.0
81021,0.0
81022,0.0
81023,0.015427
81024,0.0
81025,0.0
81026,0.0
81027,0.0
81028,0.0
81029,0.0
81030,0.0
81031,0.001522
81032,0.029955
81033,0.0
81034,0.0
81035,0.0
81036,0.0
81037,0.0
81038,0.0
81039,0.0
81040,0.0
81041,0.0
81042,0.0
81043,0.000273
81044,0.0
81045,0.0
81046,0.0
81047,0.0
81048,0.0
81049,0.0
81050,0.0
81051,0.0
81052,0.0
81053,0.0
81054,0.0
81055,0.0
81056,0.0
81057,0.0
81058,0.0
81059,0.0
81060,0.0
81061,0.0
81062,0.0
81063,0.011036
81064,0.0
81065,0.0
81066,0.0
81067,0.0
81068,0.0
81069,0.0
81070,0.0
81071,0.0
81072,0.0
81073,0.0
81074,0.0
81075,0.0
81076,0.0
81077,0.000529
81078,0.0
81079,0.0
81080,0.0
81081,0.0
81082,0.001526
81083,2.4e-05
81084,0.001747
81085,0.012295
81086,0.267198
81087,0.101011
81088,0.006873
81089,0.0
81090,0.0
81091,0.0
81092,0.0
81093,0.0
81094,0.0
81095,0.0
81096,0.0
81097,0.0
81098,0.0
81099,0.0
81100,0.0
81101,0.0
81102,0.0
81103,0.0
81104,0.0
81105,0.0
81106,0.0
81107,0.0
81108,0.0
81109,0.0
81110,0.0
81111,0.0
81112,0.0
81113,0.0
81114,0.0
81115,0.0
81116,0.0
81117,0.0
81118,0.0
81119,0.0
81120,0.0
81122,0.0
81123,0.0
81124,0.0
81133,0.0
81134,0.0
81135,0.0
81136,0.0
81137,0.0
81138,0.0
81139,0.0
81140,0.0
81141,0.0
81142,0.0
81143,0.0
81144,0.0
81145,0.0
81146,0.0
81147,0.0
81148,0.0
81149,0.0
81150,0.536706
81151,0.286576
81201,0.0
81202,0.0
81203,0.0
81204,0.0
81205,0.0
81206,0.0
81207,0.0
81208,0.0
81209,0.0
81210,0.0
81211,0.0
81212,0.0
81213,0.0
81214,0.0
81215,0.0
81216,0.0
81217,0.0
81218,0.0
81219,0.205947
81220,0.0
81221,0.001777
81222,0.0
81223,0.0
81224,0.0
81225,0.641493
81226,1.0
81227,0.150543
81228,0.0
81229,0.0
81230,0.0
81231,0.0
81232,0.0
81233,0.0
81234,0.0
81235,0.0
81236,0.006949
81237,0.0
81238,0.010785
81239,0.0
81240,0.0
81241,0.0
81551,0.003777
81552,1.0
81555,1.0
81556,1.0
81557,1.0
81558,1.0
81559,1.0
81560,1.0
81561,0.061179
81562,0.046864
81564,0.012584
81565,0.001656
81566,0.015974
81567,0.0
81568,0.0
81569,0.011457
81570,0.019508
81571,0.471588
81572,0.565596
81573,0.770804
81574,0.745211
81575,1.0
81576,1.0
81577,1.0
81578,0.230574
81579,0.010955
81580,0.009265
81581,0.011063
81582,0.671273
81583,1.0
81584,0.364229
81586,0.003814
81587,0.073329
81588,0.029947
81589,0.153018
81591,0.0
81592,0.000498
81593,0.134362
81595,1.0
81598,1.0
81599,0.010455
81600,0.005572
81601,0.011139
81602,0.001451
81603,0.807165
81604,0.992242
81605,0.446027
81606,0.239101
81607,0.217195
81608,1.0
81609,1.0
81610,0.319084
81611,0.381406
81612,0.46674
81613,0.218421
81614,0.842768
81615,1.0
81616,0.55646
81617,0.165214
81618,0.010855
81619,0.04591
81620,0.19014
81621,0.109121
81622,0.030602
81623,0.094155
81624,0.001059
81625,0.011417
81626,0.035552
81627,0.018877
81628,0.022159
81629,0.279671
81630,0.005467
81631,0.365385
81635,0.00475
81636,0.003148
81637,0.001421
81638,0.004194
81639,0.098762
81640,0.0
81641,0.0
81642,0.011325
81643,0.000168
81644,0.000135
81645,0.345749
81646,1.0
81648,1.0
81657,0.046094
81658,0.000545
81659,0.051579
81660,0.000781
81661,0.00146
81662,0.007977
81663,0.005863
81664,0.050293
81665,1.0
81666,0.910544
81667,0.035077
81668,0.018467
81669,0.029143
81670,0.046878
81671,0.186123
81672,1.0
81673,1.0
81674,1.0
81675,0.005075
81676,0.0
81677,0.002337
81678,0.011017
81679,0.051993
81680,0.006886
81681,0.017194
81682,0.03084
81683,0.0
81684,0.0
81685,0.01685
81686,0.0
81687,7e-05
81688,0.01584
81689,0.00979
81690,0.02867
81691,0.468578
81692,0.047351
81693,0.00366
81694,0.014818
81695,0.0
81696,0.0
81697,0.0
81698,0.0
81699,0.003679
81700,0.056878
81701,0.022023
81702,0.0102
81703,0.0
81704,0.0
81705,0.0
81706,0.0
81707,0.0
81708,0.0
81709,0.0
81710,0.0
81711,0.0
81712,0.0
81713,0.0
81714,0.040805
81715,0.120155
81716,0.018616
81717,0.083298
81718,0.0
81719,0.0
81720,0.0
81721,0.0
81722,0.0
81723,0.0
81724,0.0
81725,0.0
81726,0.0
81727,0.0
81728,0.0
81729,0.0
81730,0.0
81731,0.0
81732,0.0
81733,0.0
81734,0.0
81735,0.0
81736,0.0
81737,0.0
81738,0.0
81739,0.0
81740,0.0
81741,0.0
81742,0.000868
81743,0.0
81744,0.0
81745,0.0
81746,0.0
81747,0.0
81748,0.0
81749,0.0
81750,0.0
81751,0.0
81752,0.0
81753,0.0
81754,0.000168
81755,0.0
81756,0.0
81757,0.0
81758,0.0
81759,0.0
81760,0.0
81761,0.0
81762,0.0
81763,0.0
81764,0.0
81765,0.0
81766,0.004388
81767,0.000137
81768,0.0
81769,0.0
81770,0.260817
81771,0.103857
81772,0.009514
81773,0.0
81774,0.0
81775,0.0
81776,0.0
81777,0.0
81778,0.0
81779,0.0
81780,0.0
81781,0.0
81782,0.0
81783,0.0
81784,0.0
81785,0.0
81786,0.0
81787,0.0
81788,0.0
81789,0.0
81790,0.0
81791,0.0
81792,0.0
81793,0.0
81794,0.0
81795,0.0
81796,0.0
81797,0.0
81798,0.0
81799,0.0
81800,0.0
81801,0.0
81802,0.0
81803,0.0
81804,0.0
81805,0.0
81806,0.0
81807,0.0
81817,0.0
81818,0.022124
81819,0.159536
81820,0.444542
81821,0.665554
81822,0.273934
81823,0.0
81824,0.0
81825,0.0
81826,0.0
81827,0.0
81828,0.0
81829,0.0
81830,0.0
81831,0.0
81832,0.0
81833,0.0
81834,0.0
81835,0.0
81884,0.0
81885,0.0
81886,0.0
81887,0.0
81888,0.0
81889,0.0
81890,0.0
81891,0.0
81892,0.0
81893,0.0
81894,0.0
81895,0.0
81896,0.0
81897,0.0
81898,0.0
81899,0.0
81900,0.0
81901,0.0
81902,0.0
81903,0.0
81904,0.0
81905,0.0
81906,0.0
81907,0.0
81908,0.0
81909,0.661642
81910,0.617673
81911,0.079738
81912,0.0
81913,0.0
81914,0.0
81915,0.0
81916,0.0
81917,0.0
81918,0.0
81919,0.0
81920,0.003841
81921,0.000342
81922,0.027562
81923,0.089322
81924,0.0
82235,0.032303
82236,0.513989
82239,1.0
82240,1.0
82241,1.0
82242,1.0
82243,1.0
82244,1.0
82245,0.118927
82246,0.019344
82247,0.0
82248,0.084864
82249,0.144109
82250,0.080777
82251,0.000731
82252,0.000186
82253,0.0
82254,0.169142
82255,0.314118
82256,0.652752
82257,0.836176
82258,1.0
82259,1.0
82260,1.0
82261,1.0
82262,0.421953
82263,0.43578
82264,0.279227
82265,0.025824
82266,0.07036
82267,1.0
82270,0.0
82271,0.0
82272,0.0
82276,0.003452
82277,0.0
82279,1.0
82281,0.002984
82282,0.064742
82283,0.001199
82284,0.009803
82285,0.003404
82286,0.025063
82287,0.643942
82288,0.708017
82289,0.090672
82290,0.116099
82291,0.242031
82292,0.368467
82293,1.0
82294,0.835812
82295,0.733485
82296,0.559958
82297,0.6413
82298,0.440351
82299,0.151908
82300,0.017353
82301,0.0
82302,0.000141
82303,0.0003
82304,0.00715
82305,0.05735
82306,0.004146
82307,0.008713
82308,0.019883
82309,0.002351
82310,0.0
82311,0.025296
82312,0.022851
82313,0.116812
82314,0.0
82315,1.0
82316,1.0
82319,0.076835
82320,0.001249
82321,0.000412
82322,0.000518
82323,0.0
82324,0.0
82325,0.016616
82326,0.081348
82327,0.34873
82328,0.0
82329,0.119594
82330,1.0
82331,1.0
82332,1.0
82333,1.0
82334,1.0
82342,0.530823
82343,0.023379
82344,0.001385
82345,0.353072
82346,0.016082
82347,0.037069
82348,0.62504
82349,0.711493
82350,0.91437
82351,0.291434
82352,0.663272
82353,0.072557
82354,0.062809
82355,0.145082
82356,1.0
82357,1.0
82358,0.996156
82359,0.00049
82360,0.0
82361,4.6e-05
82362,0.01435
82363,0.029385
82364,0.033348
82365,0.0
82366,0.0
82367,0.0
82368,0.0
82369,0.0
82370,0.0
82371,0.0
82372,0.208347
82373,0.11573
82374,0.005333
82375,0.002993
82376,0.007981
82377,0.071374
82378,1.0
82379,0.764234
82380,0.116999
82381,0.110542
82382,0.006517
82383,0.0
82384,0.015953
82385,0.008867
82386,0.016315
82387,0.0
82388,0.0
82389,0.091355
82390,0.170075
82391,0.063296
82392,0.044597
82393,0.0
82394,0.0
82395,0.0
82396,0.0
82397,0.0
82398,0.0
82399,0.0
82400,0.0
82401,0.0
82402,0.0
82403,0.0
82404,0.0
82405,0.0
82406,0.0
82407,0.0
82408,0.0
82409,0.0
82410,0.0
82411,0.0
82412,0.0
82413,0.0
82414,0.0
82415,0.0
82416,0.0
82417,0.0
82418,0.0
82419,0.0
82420,0.0
82421,0.0
82422,0.001683
82423,0.0
82424,0.0
82425,0.0
82426,0.0
82427,0.0
82428,0.0
82429,0.0
82430,0.0
82431,0.0
82432,0.0
82433,0.0
82434,0.0
82435,0.0
82436,0.0
82437,0.0
82438,0.0
82439,0.0
82440,0.0
82441,0.0
82442,0.0
82443,0.0
82444,0.0
82445,0.0
82446,0.0
82447,0.0
82448,0.0
82449,0.0
82450,0.0
82451,0.0
82452,0.0
82453,0.0
82454,0.0
82455,0.0
82456,0.017918
82457,0.0
82458,0.0
82459,0.0
82460,0.0
82461,0.0
82462,0.0
82463,0.0
82464,0.0
82465,0.0
82466,0.0
82467,0.0
82468,0.0
82469,0.0
82470,0.0
82471,0.0
82472,0.0
82473,0.0
82474,0.0
82475,0.0
82476,0.0
82477,0.0
82478,0.0
82479,0.0
82480,0.0
82481,0.0
82482,0.0
82483,0.0
82484,0.0
82485,0.0
82486,0.0
82487,0.0
82488,0.0
82489,0.0
82490,0.0
82491,0.0
82501,0.248497
82502,0.734294
82503,1.0
82504,1.0
82505,1.0
82506,0.367627
82507,0.0
82508,0.0
82509,0.0
82510,0.0
82511,0.0
82512,0.0
82513,0.0
82514,0.0
82515,0.0
82516,0.0
82517,0.0
82518,0.0
82519,0.0
82523,0.0
82524,0.0
82567,0.0
82568,0.0
82569,0.0
82570,0.0
82571,0.0
82572,0.0
82573,0.0
82574,0.0
82575,0.0
82576,0.0
82577,0.0
82578,0.0
82579,0.0
82580,0.0
82581,0.0
82582,0.0
82583,0.0
82584,0.0
82585,0.0
82586,0.0
82587,0.0
82588,0.0
82589,0.0
82590,0.0
82591,0.0
82592,0.0
82593,0.0
82594,0.0
82595,0.0
82596,0.0
82597,0.0
82598,0.0
82599,0.0
82600,0.0
82601,0.0
82602,0.0
82603,0.0
82604,0.0
82605,0.0005
82606,0.047243
82607,0.0
82608,0.0
82609,0.0
82610,0.0
82611,0.0
82919,9.1e-05
82920,1.0
82923,1.0
82924,1.0
82925,1.0
82926,1.0
82927,0.903036
82928,1.0
82929,0.287886
82930,0.000385
82931,0.000306
82932,0.485001
82933,0.138827
82934,0.275588
82935,0.002936
82936,0.032547
82937,0.049656
82938,0.016686
82939,0.006605
82940,0.354311
82941,0.685408
82942,1.0
82943,1.0
82944,0.930435
82945,0.315393
82946,0.055498
82947,0.858229
82948,0.046508
82949,0.079999
82950,0.150639
82951,1.0
82952,0.122227
82953,0.082482
82954,0.019483
82955,0.00056
82956,0.0
82957,0.000239
82958,0.0
82959,0.00071
82960,0.0
82963,1.0
82964,0.045993
82965,0.011384
82966,0.000851
82967,0.000706
82968,0.0
82969,0.049605
82970,0.037031
82971,0.054625
82972,0.029362
82973,0.003022
82974,0.125199
82975,0.673852
82976,0.817598
82977,0.228053
82978,0.93153
82979,0.505505
82980,0.13383
82981,0.38768
82982,0.026948
82983,0.055735
82984,0.01244
82985,0.181004
82986,0.003918
82987,0.051726
82988,0.048446
82989,0.084783
82990,0.001927
82991,0.000874
82992,0.017564
82993,0.006469
82994,0.016297
82998,1.0
82999,0.623049
83000,0.628967
83001,0.969608
83002,0.011909
83003,0.005284
83004,0.002019
83005,0.00195
83006,0.0
83007,0.0
83008,0.0
83009,0.289686
83010,1.0
83011,0.684448
83012,0.001874
83013,0.038217
83014,1.0
83016,1.0
83017,1.0
83018,1.0
83026,1.0
83027,0.017429
83028,0.003139
83029,0.119225
83030,0.023093
83031,0.025323
83032,0.0316
83033,0.272945
83034,0.376421
83035,0.238396
83036,0.836424
83037,0.052177
83038,0.051915
83039,0.082036
83040,0.166456
83041,0.628824
83042,0.33101
83043,0.0
83044,0.001682
83045,0.001013
83046,0.015265
83047,0.041855
83048,0.013732
83049,0.043304
83050,0.001415
83051,0.0
83052,0.0
83053,0.0
83054,0.0
83055,0.0
83056,0.013607
83057,0.016705
83058,0.008304
83059,0.0
83060,0.095176
83061,0.603921
83062,1.0
83063,0.868415
83064,0.725552
83065,0.9986
83066,0.01971
83067,0.0
83068,0.012124
83069,0.01257
83070,0.00429
83071,0.0
83072,0.031667
83073,0.016189
83074,0.022732
83075,0.125714
83076,0.019863
83077,0.0
83078,0.0
83079,0.0
83080,0.0
83081,0.0
83082,0.0
83083,0.0
83084,0.0
83085,0.0
83086,0.0
83087,0.0
83088,0.0
83089,0.0
83090,0.0
83091,0.0
83092,0.0
83093,0.0
83094,0.0
83095,0.0
83096,0.0
83097,0.0
83098,0.0
83099,0.0
83100,0.0
83101,0.0
83102,0.0
83103,0.0
83104,0.0
83105,0.0
83106,0.0
83107,0.000808
83108,0.0
83109,0.0
83110,0.0
83111,0.0
83112,0.0
83113,0.0
83114,0.0
83115,0.0
83116,0.0
83117,0.00014
83118,0.0
83119,0.0
83120,0.0
83121,0.0
83122,0.0
83123,0.0
83124,0.0
83125,0.0
83126,0.0
83127,0.0
83128,0.0
83129,0.0
83130,0.0
83131,0.0
83132,0.0
83133,0.0
83134,0.0
83135,0.0
83136,0.0
83137,0.0
83138,0.0
83139,0.0
83140,0.0
83141,0.0
83142,0.0
83143,0.0
83144,0.0
83145,0.0
83146,0.0
83147,0.0
83148,0.0
83149,0.0
83150,0.0
83151,0.0
83152,0.0
83153,0.0
83154,0.0
83155,0.0
83156,0.0
83157,0.0
83158,0.0
83159,0.0
83160,0.0
83161,0.0
83162,0.0
83163,0.0
83164,0.0
83165,0.0
83166,0.0
83167,0.0
83168,0.0
83169,0.0
83170,0.0
83171,0.0
83172,0.0
83173,0.0
83174,0.0
83175,0.0
83184,0.296393
83185,0.977118
83186,1.0
83187,0.998717
83188,0.842245
83189,0.763002
83190,0.131791
83191,0.0
83192,0.0
83193,0.002311
83194,0.0
83195,0.0
83196,0.0
83197,0.0
83198,0.0
83199,0.0
83200,0.0
83201,0.0
83202,0.0
83206,0.0
83207,0.0
83208,0.0
83209,0.0
83241,0.0
83242,0.0
83243,0.0
83244,0.0
83245,0.0
83247,0.0
83248,0.0
83249,0.0
83250,0.0
83251,0.0
83252,0.0
83253,0.0
83254,0.0
83255,0.0
83256,0.0
83257,0.0
83258,0.0
83259,0.0
83260,0.0
83261,0.0
83262,0.0
83263,0.0
83264,0.0
83265,0.0
83266,0.0
83267,0.0
83268,0.0
83269,0.0
83270,0.0
83271,0.0
83272,0.0
83273,0.0
83274,0.0
83275,0.0
83276,0.0
83277,0.0
83278,0.0
83279,0.0
83280,0.0
83281,0.0
83282,0.0
83283,0.0
83284,0.0
83285,0.0
83286,0.0
83287,0.0
83288,0.0
83289,0.0
83290,0.0
83291,0.0
83292,0.0
83293,0.0
83294,0.0
83295,0.0
83296,0.0
83603,0.007006
83604,0.36554
83606,1.0
83607,1.0
83609,1.0
83610,0.013879
83611,0.048264
83612,0.117479
83613,0.000516
83614,0.0
83615,0.003239
83616,0.127871
83617,0.382516
83618,0.263253
83619,0.009997
83620,0.214876
83621,0.10825
83622,0.007953
83623,0.302234
83624,0.750762
83625,0.096809
83626,0.824203
83627,1.0
83628,0.14097
83629,0.0
83630,0.354085
83631,0.730396
83632,0.042077
83633,0.38849
83634,0.359217
83635,1.0
83637,0.444397
83638,0.128987
83639,0.084385
83640,0.001676
83641,0.0
83642,6.9e-05
83643,0.083675
83644,0.0
83646,0.769274
83647,0.654003
83648,0.00935
83649,0.000416
83650,1.0
83652,0.0
83653,0.081394
83654,0.005932
83655,0.00027
83656,0.291652
83657,0.131989
83658,0.150264
83659,0.869405
83660,0.898591
83661,0.519702
83662,0.484272
83663,0.457374
83664,0.452028
83665,0.395878
83666,0.186531
83667,0.369685
83668,0.843513
83669,0.13408
83670,1.0
83671,0.218926
83672,0.324249
83673,0.149743
83674,0.053744
83675,0.028742
83676,0.043379
83681,0.0
83683,1.0
83684,0.298465
83685,0.451417
83686,0.006234
83687,0.02132
83688,0.039482
83689,0.001007
83690,0.0
83691,0.0
83692,0.0
83693,0.0
83694,6e-05
83695,1.0
83696,0.056574
83697,0.178233
83698,0.155116
83699,0.021346
83700,1.0
83701,1.0
83704,1.0
83705,0.006706
83706,0.003465
83707,1.0
83711,0.020289
83712,0.010947
83713,0.009605
83714,0.026718
83715,0.08413
83716,0.182963
83717,0.131543
83718,0.015096
83719,0.037948
83720,0.494674
83721,0.013336
83722,0.019018
83723,0.012718
83724,0.001224
83725,0.039803
83726,0.008188
83727,0.0
83728,0.0
83729,0.000208
83730,0.003269
83731,0.000584
83732,0.060221
83733,0.017772
83734,0.0
83735,0.0
83736,0.0
83737,8.4e-05
83738,0.003787
83739,0.002124
83740,0.110298
83741,0.618555
83742,0.554275
83743,0.335084
83744,0.003173
83745,0.079907
83746,0.941918
83747,1.0
83748,1.0
83749,1.0
83750,0.327991
83751,0.0
83752,0.0
83753,0.005537
83754,0.016458
83755,0.020895
83756,0.013036
83757,0.000324
83758,0.015936
83759,0.015081
83760,0.0
83761,0.0
83762,0.0
83763,0.0
83764,0.0
83765,0.0
83766,0.0
83767,0.0
83768,0.0
83769,0.0
83770,0.0
83771,0.0
83772,0.0
83773,0.0
83774,0.0
83775,0.0
83776,0.0
83777,0.0
83778,0.0
83779,0.0
83780,0.0
83781,0.000555
83782,0.0
83783,0.0
83784,0.0
83785,7.9e-05
83786,0.0
83787,0.0
83788,0.0
83789,0.0
83790,0.0
83791,0.002537
83792,0.0
83793,0.0
83794,0.0
83795,0.0
83796,0.0
83797,0.0
83798,0.0
83799,0.0
83800,0.0
83801,0.0
83802,0.0
83803,0.0
83804,0.0
83805,0.0
83806,0.0
83807,0.0
83808,0.0
83809,0.0
83810,0.0
83811,0.0
83812,0.0
83813,0.0
83814,0.0
83815,0.0
83816,0.0
83817,0.0
83818,0.0
83819,0.0
83820,0.0
83821,0.0
83822,0.0
83823,0.0
83824,0.0
83825,0.0
83826,0.0
83827,0.0
83828,0.0
83829,0.002106
83830,0.0
83831,0.0
83832,0.0
83833,0.0
83834,0.0
83835,0.0
83836,0.0
83837,0.0
83838,0.0
83839,0.0
83840,0.000831
83841,0.0
83842,0.001002
83843,0.0
83844,0.0
83845,0.0
83846,0.0
83847,0.0
83848,0.0
83849,0.0
83850,0.0
83851,0.0
83852,0.0
83853,0.0
83854,0.0
83855,0.0
83856,0.0
83857,0.0
83858,0.0
83859,0.0
83868,0.783557
83869,0.822086
83870,0.971105
83871,1.0
83872,0.168915
83873,0.065194
83874,0.0
83875,0.0
83876,0.0
83877,0.0
83878,0.0
83879,0.0
83880,0.0
83881,0.0
83882,0.0
83883,0.0
83884,0.0
83885,0.0
83889,0.0
83890,0.0
83891,0.0
83892,0.0
83893,0.0
83894,0.0
83922,0.0
83923,0.0
83924,0.0
83925,0.0
83926,0.0
83927,0.0
83928,0.0
83929,0.0
83930,0.0
83931,0.0
83932,0.0
83933,0.0
83934,0.0
83935,0.005393
83936,0.019397
83937,0.0
83938,0.0
83939,0.0
83940,0.0
83941,0.0
83942,0.0
83943,0.0
83944,0.0
83945,0.0
83946,0.0
83947,0.0
83948,0.0
83949,0.0
83950,0.0
83951,0.0
83952,0.0
83953,0.0
83954,0.0
83955,0.0
83956,0.0
83957,0.0
83958,0.0
83959,0.0
83960,0.0
83961,0.0
83962,0.0
83963,0.0
83964,0.0
83965,0.0
83966,0.0
83967,0.0
83968,0.0
83969,0.0
83970,0.0
83971,0.0
83972,0.0
83973,0.0
83974,0.0
83975,0.0
83976,0.0
83977,0.0
83978,0.0
83979,0.0
84286,0.011734
84287,0.004659
84288,0.06386
84290,1.0
84291,1.0
84294,0.001447
84295,0.001257
84296,0.0
84297,0.0
84298,0.0
84299,0.004554
84300,0.501988
84301,0.443524
84302,0.106297
84303,0.120304
84304,0.781602
84305,0.382651
84306,0.359275
84307,0.985003
84308,1.0
84309,0.977561
84310,1.0
84311,1.0
84312,0.163401
84313,0.0
84314,0.188299
84315,0.634784
84316,0.049868
84317,0.330782
84318,0.576261
84319,0.235441
84320,0.23531
84321,1.0
84323,0.0
84324,0.004576
84325,0.002689
84326,0.052947
84327,0.107527
84328,0.032193
84329,7.3e-05
84330,0.087154
84331,1.0
84333,0.022216
84334,1.0
84337,0.000471
84338,0.009216
84339,0.078469
84340,0.030609
84341,0.21655
84342,0.023955
84343,0.09225
84344,0.775964
84345,0.823232
84346,0.384733
84347,0.650246
84348,0.806052
84349,0.652648
84350,0.364629
84351,0.228429
84352,0.523527
84353,0.807705
84354,0.233243
84355,0.086503
84356,0.006144
84357,0.084667
84358,0.063219
84359,0.588233
84360,0.779095
84361,0.007603
84362,1.0
84365,1.0
84366,1.0
84367,1.0
84368,0.958966
84369,0.153026
84370,0.0
84371,0.0371
84372,0.009852
84373,0.0
84374,0.0
84375,0.000106
84376,0.000425
84377,0.20656
84378,0.074875
84379,1.0
84381,1.0
84382,0.017122
84383,0.081426
84384,0.140351
84385,1.0
84386,1.0
84387,1.0
84388,1.0
84389,0.026436
84390,0.003435
84391,0.084913
84392,0.414671
84393,0.259148
84394,0.001843
84395,0.001033
84396,0.00716
84397,0.007343
84398,0.006831
84399,0.031848
84400,0.463101
84401,0.082139
84402,0.004207
84403,0.04105
84404,0.09089
84405,0.00474
84406,0.015216
84407,0.011099
84408,0.000179
84409,0.007141
84410,0.009259
84411,0.00145
84412,0.007111
84413,0.0
84414,0.001377
84415,0.001015
84416,0.0094
84417,0.0
84418,0.0
84419,0.0
84420,0.014269
84421,0.013629
84422,0.007107
84423,0.001467
84424,0.490748
84425,1.0
84426,1.0
84427,0.742506
84428,0.0
84429,0.054551
84430,0.920227
84431,1.0
84432,1.0
84433,1.0
84434,0.586542
84435,0.013192
84436,0.164369
84437,0.0
84438,0.0
84439,0.0
84440,0.0
84441,0.012171
84442,0.0
84443,0.0
84444,0.0
84445,0.0
84446,0.0
84447,0.0
84448,0.0
84449,0.0
84450,0.0
84451,0.0
84452,0.0
84453,0.0
84454,0.046211
84455,0.357764
84456,0.537473
84457,0.226131
84458,0.0
84459,0.0
84460,0.0
84461,0.0
84462,0.0
84463,0.0
84464,0.0
84465,0.001284
84466,0.0
84467,0.0
84468,0.0
84469,0.004559
84470,0.0
84471,0.0
84472,0.0
84473,0.0
84474,0.0
84475,0.000648
84476,0.0
84477,0.0
84478,0.010486
84479,0.0
84480,0.0
84481,0.0
84482,0.0
84483,0.0
84484,9.3e-05
84485,0.0
84486,0.00207
84487,0.0
84488,0.0
84489,0.0
84490,0.0
84491,0.0
84492,0.0
84493,0.0
84494,0.0
84495,0.0
84496,0.0
84497,0.0
84498,0.0
84499,0.0
84500,0.0
84501,0.0
84502,0.0
84503,0.0
84504,0.0
84505,0.0
84506,0.0
84507,0.0
84508,0.0
84509,0.0
84510,0.0
84511,0.0
84512,0.0
84513,0.002393
84514,0.001447
84515,0.0
84516,0.0
84517,0.0
84518,0.0
84519,0.0
84520,0.0
84521,0.0
84522,0.0
84523,0.0
84524,0.0
84525,0.065967
84526,0.09804
84527,0.1187
84528,0.0
84529,0.0
84530,0.0
84531,0.0
84532,0.0
84533,0.0
84534,0.0
84535,0.0
84536,0.0
84537,0.0
84538,0.0
84539,0.0
84540,0.0
84541,0.0
84542,0.0
84543,0.0
84552,0.0
84553,0.038371
84554,0.903169
84555,1.0
84556,0.285923
84557,0.162834
84558,0.0
84559,0.0
84560,0.0
84561,0.0
84562,0.0
84563,0.0
84564,0.0
84565,0.0
84566,0.0
84567,0.0
84568,0.0
84569,0.0
84572,0.0
84573,0.0
84574,0.0
84575,0.0
84576,0.0
84577,0.0
84578,0.0
84604,0.0
84605,0.0
84606,0.0
84607,0.0
84608,0.003845
84609,0.006699
84610,0.0
84611,0.0
84612,0.0
84613,0.0
84614,0.0
84615,0.0
84616,0.0
84617,0.0
84618,0.0
84619,0.0
84620,0.009086
84621,0.0
84622,0.0
84623,0.0
84624,0.0
84625,0.0
84626,0.0
84627,0.0
84628,0.0
84629,0.0
84630,0.0
84631,0.0
84632,0.0
84633,0.0
84634,0.0
84635,0.0
84636,0.0
84637,0.0
84638,0.0
84639,0.0
84640,0.0
84641,0.0
84642,0.0
84643,0.0
84644,0.0
84645,0.0
84646,0.0
84647,0.0
84648,0.0
84649,0.0
84650,0.0
84651,0.115137
84652,0.0
84653,0.0
84654,0.0
84655,0.0
84656,0.0
84657,0.0
84658,0.0
84659,0.0
84660,0.0
84661,0.0
84662,0.0
84663,0.0
84664,0.0
84665,0.0
84669,0.0
84969,0.0
84970,0.051309
84971,0.000127
84972,0.0
84973,1.0
84974,1.0
84975,1.0
84978,0.0
84979,0.0
84980,0.0
84981,0.0
84982,0.154682
84983,0.365118
84984,0.805336
84985,0.723706
84986,0.788195
84987,1.0
84988,1.0
84989,1.0
84990,0.928593
84991,1.0
84992,1.0
84993,1.0
84994,1.0
84995,1.0
84996,1.0
84997,0.0
84998,0.258584
84999,0.263325
85000,0.139799
85001,0.174279
85002,0.088437
85003,0.016233
85004,0.059534
85005,1.0
85008,0.286013
85009,0.320002
85010,0.725387
85011,0.0
85012,0.046549
85013,0.009845
85014,0.058048
85015,1.0
85016,1.0
85017,0.07976
85020,0.0
85021,0.001775
85022,0.046642
85023,0.016864
85024,0.034608
85025,0.21415
85026,0.014712
85027,0.002409
85028,1.0
85029,0.670537
85030,0.877641
85031,0.881969
85032,1.0
85033,0.974137
85034,0.730405
85035,0.912338
85036,0.179012
85037,0.251797
85038,0.151935
85039,0.678089
85040,0.740241
85041,0.488274
85042,0.850896
85043,0.956726
85044,0.927739
85045,0.743269
85049,1.0
85050,1.0
85051,1.0
85052,0.906082
85053,0.485519
85054,0.000278
85055,0.001508
85056,0.0
85057,0.0
85058,0.001041
85059,0.0
85060,0.0
85061,0.202795
85062,1.0
85063,1.0
85064,1.0
85065,1.0
85066,0.248984
85067,0.514239
85073,0.049793
85074,0.001273
85075,0.016088
85076,0.0
85077,0.0
85078,0.0
85079,0.0
85080,0.0
85081,0.0
85082,0.0
85083,0.0
85084,0.082155
85085,0.135387
85086,0.088586
85087,0.018909
85088,0.019317
85089,0.005702
85090,0.067365
85091,0.008332
85092,0.002801
85093,0.023942
85094,0.013973
85095,0.016295
85096,0.0005
85097,0.000204
85098,0.001109
85099,0.014501
85100,0.086885
85101,0.0
85102,0.0
85103,0.0
85104,0.0
85105,0.005288
85106,0.049347
85107,0.099012
85108,0.691254
85109,1.0
85110,0.815669
85111,0.417571
85112,0.0
85113,0.02731
85114,0.998078
85115,1.0
85116,1.0
85117,1.0
85118,0.87258
85119,0.061898
85120,0.0
85121,0.0
85122,0.0
85123,0.0
85124,0.0
85125,0.002346
85126,0.0
85127,0.0
85128,0.0
85129,0.0
85130,0.0
85131,0.0
85132,0.0
85133,0.0
85134,0.0
85135,0.0
85136,0.0
85137,0.0
85138,0.003206
85139,0.954796
85140,1.0
85141,0.550207
85142,0.0
85143,0.0
85144,0.0
85145,0.0
85146,0.0
85147,0.0
85148,0.0
85149,0.000531
85150,0.0
85151,0.0
85152,0.0
85153,0.0
85154,0.0
85155,0.002004
85156,0.0
85157,0.0
85158,0.0
85159,0.0
85160,0.0
85161,0.0
85162,0.002389
85163,0.001545
85164,0.0
85165,0.0
85166,0.0
85167,0.0
85168,0.0
85169,0.0
85170,0.0
85171,0.0
85172,0.0
85173,0.0
85174,0.0
85175,0.0
85176,0.0
85177,0.0
85178,0.0
85179,0.0
85180,0.0
85181,0.0
85182,0.0
85183,0.0
85184,0.0
85185,0.0
85186,0.0
85187,0.0
85188,0.0
85189,0.0
85190,0.0
85191,0.0
85192,0.0
85193,0.0
85194,0.0
85195,0.0
85196,0.0
85197,0.00132
85198,0.000183
85199,0.00018
85200,0.0
85201,0.0
85202,0.0
85203,0.0
85204,0.0
85205,0.0
85206,0.679678
85207,0.105514
85208,0.001378
85209,0.104306
85210,0.024392
85211,0.0
85212,0.0
85213,0.0
85214,0.0
85215,0.0
85216,0.0
85217,0.0
85218,0.0
85219,0.0
85220,0.0
85221,0.0
85222,0.0
85223,0.0
85224,0.0
85225,0.0
85226,0.0
85236,0.0
85237,0.427773
85238,1.0
85239,1.0
85240,0.985531
85241,0.846883
85242,0.0
85243,0.0
85244,0.0
85245,0.0
85246,0.0
85247,0.0
85248,0.0
85249,0.0
85250,0.0
85251,0.0
85252,0.0
85253,0.0
85256,0.0
85257,0.0
85258,0.0
85259,0.0
85260,0.0
85261,0.0
85262,0.0
85288,0.004051
85289,0.01315
85290,0.0
85291,0.0
85292,0.004901
85293,0.004836
85294,0.0
85295,0.0
85296,0.0
85297,0.0
85298,0.0
85299,0.0
85300,0.0
85301,0.0
85302,0.0
85303,0.0
85304,0.0
85305,0.0
85306,0.0
85307,0.0
85308,0.0
85309,0.0
85310,0.0
85311,0.0
85312,0.0
85313,0.0
85314,0.0
85315,0.0
85316,0.0
85317,0.0
85318,0.0
85319,0.0
85320,0.0
85321,0.0
85322,0.0
85323,0.0
85324,0.0
85325,0.0
85326,0.0
85327,0.0
85328,0.0
85329,0.0
85330,0.0
85331,0.0
85332,0.0
85333,0.0
85334,0.0
85335,0.007785
85336,0.0
85337,0.0
85338,0.0
85339,0.0
85340,0.0
85341,0.0
85342,0.0
85343,0.0
85344,0.0
85345,0.0
85346,0.0
85347,0.0
85348,0.0
85350,0.688252
85351,0.0
85352,0.0
85653,0.000106
85654,0.002144
85655,0.002257
85656,0.0
85657,0.0
85659,1.0
85662,0.362013
85663,0.154172
85664,0.314491
85665,0.041897
85666,0.22171
85667,1.0
85668,0.939866
85669,0.779974
85670,0.974156
85671,1.0
85672,1.0
85673,0.9374
85674,1.0
85675,1.0
85676,1.0
85677,0.927496
85678,1.0
85679,1.0
85680,0.998427
85681,0.261984
85682,0.534415
85683,0.004052
85684,0.191719
85685,0.052845
85686,0.146803
85687,0.001505
85688,0.813824
85690,0.0
85691,1.0
85692,1.0
85693,0.179179
85694,0.211882
85695,0.001522
85696,0.108014
85697,0.000781
85698,0.91693
85699,1.0
85701,0.793002
85703,1.0
85704,0.0
85705,0.004152
85706,0.003042
85707,0.003493
85708,0.021413
85709,0.001937
85710,0.066453
85711,0.088171
85712,0.571543
85713,0.768492
85714,0.824987
85715,0.914818
85716,1.0
85717,0.925096
85718,0.935075
85719,0.956104
85720,0.546368
85721,0.02652
85722,0.123502
85723,0.561949
85724,0.753047
85725,0.634604
85726,0.673835
85727,0.865584
85728,0.7826
85729,0.794823
85730,0.067391
85731,1.0
85733,0.518644
85734,0.431566
85735,0.572731
85736,0.47746
85737,0.271013
85738,0.0
85739,5e-05
85740,0.0
85741,0.000352
85742,0.001285
85743,0.000151
85744,0.0
85745,0.073925
85746,1.0
85747,1.0
85748,1.0
85750,1.0
85751,1.0
85755,1.0
85756,1.0
85759,0.00592
85760,0.0
85761,0.0
85762,0.0
85763,0.0
85764,0.0
85765,0.0
85766,0.0
85767,0.0
85768,0.007864
85769,0.012352
85770,0.006128
85771,0.005323
85772,0.004343
85773,0.027284
85774,0.036699
85775,0.047223
85776,0.018533
85777,0.002646
85778,0.015331
85779,0.002449
85780,0.021825
85781,0.051779
85782,0.005402
85783,0.043311
85784,0.13806
85785,0.0
85786,0.0
85787,0.0
85788,0.0
85789,0.26833
85790,0.527166
85791,0.494623
85792,0.8825
85793,1.0
85794,0.915739
85795,0.277145
85796,0.028192
85797,0.067323
85798,1.0
85799,1.0
85800,1.0
85801,1.0
85802,0.945706
85803,0.020123
85804,0.0
85805,0.16122
85806,0.045533
85807,0.001902
85808,0.033229
85809,0.329235
85810,0.327125
85811,0.245964
85812,0.088941
85813,0.015273
85814,0.0
85815,0.0
85816,0.0
85817,0.0
85818,0.0
85819,0.0
85820,0.0
85821,0.0
85822,0.000571
85823,0.983194
85824,0.961511
85825,0.039968
85826,0.0
85827,0.0
85828,0.0
85829,0.0
85830,0.0
85831,0.0
85832,0.0
85833,0.0
85834,0.0
85835,0.0
85836,0.0
85837,0.0
85838,0.0
85839,0.0
85840,0.0
85841,0.0
85842,0.0
85843,0.0
85844,0.0
85845,0.001782
85846,0.003981
85847,0.012117
85848,0.000838
85849,0.0
85850,0.0
85851,0.0
85852,0.0
85853,0.0
85854,0.0
85855,0.0
85856,0.0
85857,0.0
85858,0.0
85859,0.0
85860,0.0
85861,0.0
85862,0.0
85863,0.0
85864,0.0
85865,0.0
85866,0.0
85867,0.0
85868,0.0
85869,0.0
85870,0.0
85871,0.0
85872,0.0
85873,0.0
85874,0.0
85875,0.0
85876,0.0
85877,0.0
85878,0.0
85879,0.0
85880,0.0
85881,0.0
85882,0.0
85883,0.000546
85884,0.000522
85885,0.0
85886,0.0
85887,0.0
85888,0.0
85889,0.0
85890,0.799275
85891,0.193281
85892,0.0
85893,0.0
85894,0.00378
85895,0.0
85896,0.0
85897,0.0
85898,0.0
85899,0.0
85900,0.0
85901,0.0
85902,0.0
85903,0.002182
85904,0.001275
85905,0.0
85906,0.0
85907,0.0
85908,0.0
85909,0.0
85910,0.0
85920,0.479325
85921,0.605513
85922,1.0
85923,1.0
85924,1.0
85925,0.930174
85926,0.235807
85927,0.0
85928,0.0
85929,0.0
85930,0.0
85931,0.0
85932,0.0
85933,0.0
85934,0.0
85935,0.0
85936,0.0
85937,0.0
85938,0.0
85939,0.0
85940,0.0
85941,0.0
85942,0.0
85943,0.0
85944,0.0
85945,0.0
85946,0.0
85947,0.0
85972,0.0
85973,0.0
85974,0.0
85975,0.0
85976,0.0
85977,0.0
85978,0.0
85979,0.0
85980,0.0
85981,0.0
85982,0.0
85983,0.0
85984,0.0
85985,0.0
85986,0.0
85987,0.0
85988,0.0
85989,0.0
85990,0.0
85991,0.0
85992,0.0
85993,0.0
85994,0.0
85995,0.0
85996,0.0
85997,0.0
85998,0.0
85999,0.0
86000,0.0
86001,0.0
86002,0.0
86003,0.0
86004,0.0
86005,0.0
86006,0.0
86007,0.0
86008,0.0
86009,0.0
86010,0.0
86011,0.0
86012,0.0
86013,0.0
86014,0.0
86015,0.0
86016,0.0
86017,0.0
86018,0.0
86019,0.0
86020,0.0
86021,0.0
86022,0.0
86023,0.0
86024,0.0
86025,0.0
86026,0.0
86027,0.0
86028,0.0
86029,0.0
86030,0.0
86031,0.0
86032,0.0
86034,0.393471
86337,0.000624
86338,0.0
86339,0.0
86340,0.0
86341,0.577338
86344,1.0
86345,1.0
86346,1.0
86347,0.801296
86348,1.0
86349,0.238628
86350,0.089408
86351,1.0
86352,0.86807
86353,0.231125
86354,0.910826
86355,1.0
86356,1.0
86357,0.789965
86358,1.0
86359,1.0
86360,1.0
86361,0.844026
86362,1.0
86363,1.0
86364,0.121956
86365,0.47427
86366,0.582296
86367,0.074019
86368,0.049969
86369,0.170434
86370,0.192784
86376,0.0
86377,0.830036
86378,0.380436
86379,0.014684
86380,0.441502
86381,0.183423
86382,0.011244
86383,0.637649
86384,1.0
86387,1.0
86389,0.002134
86390,1.0
86391,0.000653
86392,0.004539
86393,0.050728
86394,0.180555
86395,0.163724
86396,0.010503
86397,0.4126
86398,0.433806
86399,0.016394
86400,0.67983
86401,0.09203
86402,0.92432
86403,0.847386
86404,0.761414
86405,0.047813
86406,0.020605
86407,0.0
86408,0.174951
86409,0.814533
86410,0.889139
86411,0.743188
86412,0.804436
86413,0.186217
86414,0.496894
86415,0.717334
86416,0.082438
86417,0.150214
86418,0.145112
86419,0.0
86420,0.078946
86421,0.0
86422,0.0
86423,0.0
86424,0.0
86425,0.0
86426,0.000691
86427,0.000101
86428,0.0
86429,0.000394
86430,0.817477
86431,1.0
86432,0.997973
86436,1.0
86437,1.0
86438,1.0
86439,1.0
86440,1.0
86441,1.0
86443,0.014125
86444,0.0
86445,0.0
86446,0.0
86447,0.0
86448,0.0
86449,0.0
86450,0.0
86451,0.0
86452,0.0
86453,0.017322
86454,0.000814
86455,0.000893
86456,0.002409
86457,0.006514
86458,0.011868
86459,0.012625
86460,0.062057
86461,0.014581
86462,0.011171
86463,0.028763
86464,0.129255
86465,0.15167
86466,0.01043
86467,0.000753
86468,0.0
86469,0.0
86470,0.548341
86471,0.919831
86472,0.77367
86473,0.855664
86474,1.0
86475,1.0
86476,1.0
86477,1.0
86478,1.0
86479,0.725179
86480,0.052551
86481,0.068699
86482,0.853754
86483,1.0
86484,1.0
86485,1.0
86486,0.454856
86487,0.0
86488,0.0
86489,0.139061
86490,0.882971
86491,0.263152
86492,0.008479
86493,0.704051
86494,1.0
86495,1.0
86496,1.0
86497,0.999003
86498,0.426643
86499,0.0
86500,0.0
86501,0.0
86502,0.0
86503,0.0
86504,0.0
86505,0.0
86506,0.004477
86507,0.23629
86508,0.378233
86509,0.0
86510,0.0
86511,0.0
86512,0.0
86513,0.0
86514,0.0
86515,0.0
86516,0.0
86517,0.0
86518,0.0
86519,0.0
86520,0.0
86521,0.0
86522,0.0
86523,0.0
86524,0.0
86525,0.0
86526,0.0
86527,0.0
86528,0.0
86529,0.0
86530,4.5e-05
86531,0.006213
86532,0.001348
86533,0.0
86534,0.0
86535,0.0
86536,0.0
86537,0.0
86538,0.0
86539,0.001199
86540,0.0
86541,0.0
86542,0.006146
86543,0.00017
86544,0.0
86545,0.0
86546,0.0
86547,0.0
86548,0.0
86549,0.0
86550,0.0
86551,0.0
86552,0.000646
86553,0.0
86554,0.0
86555,0.0
86556,0.0
86557,0.0
86558,0.0
86559,0.0
86560,0.0
86561,0.0
86562,0.0
86563,0.0
86564,0.0
86565,0.0
86566,0.0
86567,0.0
86568,0.0
86569,0.0
86570,0.043453
86571,0.0
86572,0.0
86573,0.0
86574,0.619912
86575,0.237037
86576,0.0
86577,0.094616
86578,0.0
86579,0.0
86580,0.0
86581,0.0
86582,0.000107
86583,0.0
86584,0.0
86585,0.0
86586,0.0
86587,0.0
86588,0.0
86589,0.0
86590,0.0
86591,0.0
86592,0.0
86593,0.0
86594,0.0
86604,0.0
86605,0.00633
86606,0.968276
86607,0.942715
86608,1.0
86609,1.0
86610,0.826699
86611,0.0
86612,0.0
86613,0.0
86614,0.0
86615,0.0
86616,0.0
86617,0.0
86618,0.0
86619,0.0
86620,0.0
86621,0.0
86622,0.0
86623,0.0
86624,0.0
86625,0.0
86626,0.0
86627,0.0
86628,0.0
86629,0.0
86630,0.0
86631,0.0
86658,0.0
86659,0.0
86660,0.0
86661,0.0
86662,0.0
86663,0.0
86664,0.0
86665,0.0
86666,0.0
86667,0.0
86668,0.0
86669,0.0
86670,0.0
86671,0.0
86672,0.123208
86673,0.047782
86674,0.0
86675,0.0
86676,0.0
86677,0.0
86678,0.0
86679,0.0
86680,0.0
86681,0.0
86682,0.0
86683,0.0
86684,0.0
86685,0.0
86686,0.0
86687,0.0
86688,0.0
86689,0.0
86690,0.0
86691,0.0
86692,0.0
86693,0.0
86694,0.0
86695,0.0
86696,0.0
86697,0.0
86698,0.0
86699,0.0
86700,0.0
86701,0.0
86702,0.0
86703,0.0
86704,0.0
86705,0.0
86706,0.0
86707,0.0
86708,0.0
86709,0.0
86710,0.0
86711,0.0
86712,0.0
86714,0.0
86715,0.0
87021,0.0
87022,0.0
87023,0.251618
87024,1.0
87025,1.0
87026,1.0
87028,1.0
87029,1.0
87030,1.0
87031,1.0
87032,1.0
87033,0.97136
87034,0.129706
87035,0.259802
87036,0.84384
87037,0.612714
87038,0.959227
87039,1.0
87040,1.0
87041,1.0
87042,1.0
87043,1.0
87044,0.753885
87045,0.712349
87046,0.998334
87047,0.754342
87048,0.047174
87049,0.648029
87050,0.120733
87051,0.282776
87052,0.554688
87053,0.666086
87054,0.308359
87055,1.0
87058,1.0
87060,1.0
87061,0.224942
87062,0.502418
87063,0.07052
87064,0.056358
87065,0.209564
87066,0.127015
87067,0.813112
87068,0.767171
87069,0.022168
87070,0.357539
87071,0.724813
87075,0.006842
87077,0.105682
87078,0.045706
87079,0.346628
87080,0.060529
87081,0.130101
87082,0.132812
87083,0.074711
87084,0.137567
87085,0.002031
87086,0.892772
87087,0.857983
87088,0.333041
87089,0.0
87090,0.0
87091,0.103452
87092,0.232404
87093,0.53337
87094,0.722392
87095,0.64332
87096,0.405436
87097,0.001721
87098,0.032156
87099,0.504562
87100,0.99739
87101,0.00389
87102,0.0
87103,0.002865
87104,8.6e-05
87105,0.008754
87106,0.000473
87107,0.003669
87108,0.018667
87109,0.000522
87110,0.002422
87111,0.075799
87112,0.048628
87113,0.141282
87114,0.457462
87115,0.931616
87116,0.052487
87120,1.0
87121,0.537031
87122,0.003127
87123,0.007118
87124,0.541667
87127,0.0
87128,0.0
87129,0.0
87130,0.0
87131,0.0
87132,0.0
87133,0.0
87134,0.0
87135,0.0
87136,0.025717
87137,0.763564
87138,0.463746
87139,0.40941
87140,0.043019
87141,0.018198
87142,0.001716
87143,0.017043
87144,0.097219
87145,0.002945
87146,0.016636
87147,0.00818
87148,0.088877
87149,0.358436
87150,0.079591
87151,0.013451
87152,0.0
87153,0.0
87154,0.672312
87155,1.0
87156,1.0
87157,1.0
87158,1.0
87159,1.0
87160,1.0
87161,1.0
87162,1.0
87163,0.619581
87164,0.065493
87165,0.152741
87166,0.453974
87167,1.0
87168,1.0
87169,1.0
87170,0.0
87171,0.0
87172,0.264589
87173,0.513232
87174,0.93583
87175,0.501053
87176,0.944585
87177,1.0
87178,1.0
87179,1.0
87180,1.0
87181,1.0
87182,0.796156
87183,0.25699
87184,0.0
87185,0.0
87186,0.0
87187,0.0
87188,0.0
87189,0.0
87190,0.0
87191,0.0
87192,0.0
87193,0.0
87194,0.0
87195,0.0
87196,0.0
87197,0.0
87198,0.0
87199,0.0
87200,0.0
87201,0.0
87202,0.0
87203,0.0
87204,0.0
87205,0.0
87206,0.0
87207,0.0
87208,0.0
87209,0.0
87210,0.0
87211,0.0
87212,0.0
87213,0.0
87214,0.003048
87215,0.0
87216,0.0
87217,0.0
87218,0.0
87219,0.0
87220,0.0
87221,0.0
87222,0.0
87223,0.002786
87224,0.0
87225,0.0
87226,0.0
87227,0.001336
87228,0.0
87229,0.0
87230,0.0
87231,0.0
87232,0.0
87233,0.0
87234,0.0
87235,0.0
87236,0.0
87237,0.0
87238,0.0
87239,0.0
87240,0.0
87241,0.000208
87242,0.0
87243,0.0
87244,0.0
87245,0.0
87246,0.0
87247,0.0
87248,0.0
87249,0.0
87250,0.0
87251,0.0
87252,0.0
87253,0.0
87254,0.019056
87255,0.0
87256,0.0
87257,0.0
87258,0.0
87259,0.0
87260,0.0
87261,0.0
87262,0.0
87263,0.0
87264,0.0
87265,0.0
87266,0.0
87267,0.0
87268,0.0
87269,0.0
87270,0.0
87271,0.0
87272,0.0
87273,0.0
87274,0.0
87275,0.0
87276,0.0
87277,0.0
87278,0.0
87279,0.0
87288,0.0
87289,0.570875
87290,0.972588
87291,0.146834
87292,0.691019
87293,1.0
87294,0.998577
87295,0.137946
87296,0.0
87297,0.0
87298,0.0
87299,0.0
87300,0.0
87301,0.0
87302,0.0
87303,0.0
87304,0.0
87305,0.0
87306,0.0
87307,0.0
87308,0.0
87309,0.0
87310,0.0
87311,0.0
87312,0.0
87313,0.0
87314,0.0
87315,0.0
87342,0.0
87343,0.0
87344,0.0
87345,0.0
87346,0.0
87347,0.0
87348,0.0
87349,0.0
87350,0.0
87351,0.0
87352,0.0
87353,0.0
87354,0.0
87355,0.0
87356,0.288144
87357,0.391709
87358,0.0
87359,0.0
87360,0.0
87361,0.0
87362,0.0
87363,0.0
87364,0.0
87365,0.0
87366,0.0
87367,0.0
87368,0.0
87369,0.0
87370,0.0
87371,0.0
87372,0.0
87373,0.0
87374,0.0
87375,0.0
87376,0.0
87377,0.0
87378,0.0
87379,0.0
87380,0.0
87381,0.0
87382,0.0
87383,0.0
87384,0.0
87385,0.0
87386,0.0
87387,0.0
87388,0.0
87389,0.0
87390,0.0
87391,0.0
87392,0.0
87393,0.0
87394,0.0
87395,0.024869
87396,0.0
87397,0.0
87398,0.0
87399,0.0
87704,0.0
87705,0.0
87706,0.128799
87707,0.271081
87708,1.0
87709,1.0
87710,1.0
87711,1.0
87714,1.0
87715,1.0
87716,1.0
87717,0.463866
87718,0.150472
87719,0.074067
87720,0.586362
87721,0.142352
87722,0.127871
87723,0.917403
87724,0.213487
87725,0.73135
87726,0.996355
87727,1.0
87728,0.345358
87729,0.02307
87730,0.063603
87731,0.014442
87732,0.033563
87733,0.274195
87734,0.00727
87735,0.139633
87736,0.597168
87737,0.076429
87738,0.046183
87739,1.0
87742,1.0
87744,0.088023
87745,0.573747
87746,0.335665
87747,0.064219
87748,0.007433
87749,0.22681
87750,0.100826
87751,0.284279
87752,0.675545
87753,0.032854
87754,1.0
87755,1.0
87758,0.0
87759,0.000704
87760,0.0
87762,0.038157
87763,0.036726
87764,0.000372
87765,0.004363
87766,0.006037
87767,0.0
87768,0.002048
87769,0.041076
87770,0.729939
87771,0.885326
87772,0.394257
87773,0.625414
87774,0.451864
87775,0.0
87776,0.00028
87777,0.074392
87778,0.178546
87779,0.218789
87780,0.347311
87781,0.128012
87782,0.567077
87783,0.890792
87784,0.918342
87785,0.605296
87786,0.119319
87787,0.0
87788,0.0
87789,0.017573
87790,0.042883
87791,0.01077
87792,0.125716
87793,0.069982
87794,0.0002
87795,0.002866
87796,0.205143
87797,0.102452
87798,0.169101
87799,0.33553
87800,0.013925
87801,0.118961
87802,1.0
87804,0.206852
87805,0.000272
87806,0.002016
87807,0.009267
87808,0.012059
87811,0.0
87812,0.0
87813,0.0
87814,0.0
87815,0.0
87816,0.0
87817,0.0
87818,0.0
87819,0.0
87820,0.173271
87821,0.741215
87822,0.797295
87823,0.673939
87824,0.383306
87825,0.142935
87826,0.01039
87827,0.106564
87828,0.037915
87829,0.036117
87830,0.026799
87831,0.010769
87832,0.233893
87833,0.362574
87834,0.190126
87835,0.00039
87836,0.027874
87837,0.050405
87838,0.759685
87839,1.0
87840,1.0
87841,1.0
87842,1.0
87843,0.805283
87844,0.48217
87845,0.499071
87846,1.0
87847,0.511096
87848,0.101684
87849,0.108464
87850,0.212996
87851,0.760213
87852,0.950263
87853,1.0
87854,0.005459
87855,0.0
87856,0.736905
87857,0.558819
87858,0.901819
87859,0.766294
87860,0.169265
87861,0.356281
87862,0.436939
87863,0.425048
87864,0.590163
87865,0.666907
87866,0.417068
87867,0.080875
87868,0.0
87869,0.0
87870,0.0
87871,0.0
87872,0.0
87873,0.0
87874,0.0
87875,0.0
87876,0.0
87877,0.0
87878,0.0
87879,0.0
87880,0.0
87881,0.0
87882,0.0
87883,0.0
87884,0.0
87885,0.0
87886,0.0
87887,8.2e-05
87888,0.0
87889,0.0
87890,0.0
87891,0.0
87892,0.0
87893,0.0
87894,0.0
87895,0.0
87896,0.0
87897,0.0
87898,0.002108
87899,0.0
87900,0.0
87901,0.0
87902,0.0
87903,0.0
87904,0.0
87905,0.0
87906,0.0
87907,0.0
87908,0.0
87909,0.0
87910,0.0
87911,0.000198
87912,0.0
87913,0.0
87914,0.0
87915,0.0
87916,0.0
87917,0.0
87918,0.0
87919,0.0
87920,0.0
87921,0.0
87922,0.0
87923,0.0
87924,0.0
87925,0.0
87926,0.0
87927,0.0
87928,0.0
87929,0.0
87930,0.0
87931,0.0
87932,0.0
87933,0.0
87934,0.0
87935,0.0
87936,0.0
87937,0.0
87938,0.0
87939,0.0
87940,0.0
87941,0.0
87942,0.0
87943,0.0
87944,0.0
87945,0.0
87946,0.0
87947,0.0
87948,0.0
87949,0.0
87950,0.0
87951,0.000675
87952,0.0
87953,0.0
87954,0.0
87955,0.0
87956,0.0
87957,0.002784
87958,0.0
87959,0.0
87960,0.0
87961,0.0
87962,0.0
87972,0.037146
87973,0.898262
87974,0.968011
87975,0.088535
87976,0.137306
87977,0.975769
87978,0.614156
87979,0.18532
87980,0.0
87981,0.0
87982,0.0
87983,0.0
87984,0.0
87985,0.0
87986,0.0
87987,0.0
87988,0.0
87989,0.0
87990,0.0
87991,0.0
87992,0.0
87993,0.0
87994,0.0
87995,0.0
87996,0.0
87997,0.0
87998,0.0
87999,0.0
88026,0.0
88027,0.0
88028,0.0
88029,0.0
88030,0.0
88031,0.0
88032,0.0
88033,0.0
88034,0.0
88035,0.0
88036,0.0
88037,0.0
88038,0.0
88039,0.0
88040,0.008438
88041,0.090806
88042,0.0
88043,0.0
88044,0.0
88045,0.0
88046,0.0
88047,0.0
88048,0.0
88049,0.0
88050,0.0
88051,0.0
88052,0.0
88053,0.0
88054,0.0
88055,0.0
88056,0.0
88057,0.0
88058,0.0
88059,0.0
88060,0.0
88061,0.0
88062,0.0
88063,0.0
88064,0.0
88065,0.0
88066,0.0
88067,0.0
88068,0.0
88069,0.0
88070,0.0
88071,0.0
88072,0.0
88073,0.0
88074,0.0
88075,0.0
88076,0.0
88077,0.0
88078,0.0
88079,0.0
88080,0.0
88386,0.006186
88387,0.0
88388,0.002735
88389,0.0
88390,0.0
88391,0.091514
88392,1.0
88393,1.0
88395,1.0
88397,1.0
88398,1.0
88399,1.0
88400,1.0
88401,0.650943
88402,1.0
88403,1.0
88404,1.0
88405,0.446548
88406,0.004408
88407,0.341943
88408,0.311484
88409,0.440409
88410,0.151029
88411,0.912846
88412,0.997848
88413,0.541511
88414,0.036624
88415,0.011764
88416,0.30297
88417,0.125297
88418,0.127794
88419,0.064715
88420,0.338923
88421,0.228818
88422,0.24894
88423,0.303839
88424,1.0
88426,0.432409
88427,0.029853
88428,0.225923
88429,0.067245
88430,0.03124
88431,0.127337
88432,0.290549
88433,0.16957
88434,0.040656
88435,0.553173
88436,0.82874
88437,0.0
88438,1.0
88439,1.0
88440,1.0
88441,0.404163
88442,0.00159
88443,0.0
88444,0.001413
88445,0.003271
88446,0.022456
88447,0.017779
88448,0.018515
88449,0.064011
88450,0.148411
88451,0.004852
88452,0.000898
88453,0.895995
88454,0.002467
88455,0.005083
88456,0.014314
88457,0.791634
88458,0.597524
88459,0.42885
88460,0.063242
88461,0.000225
88462,0.001929
88463,0.114877
88464,0.0
88465,0.0
88466,0.174536
88467,0.76079
88468,0.465853
88469,0.214206
88470,0.01785
88471,0.00011
88472,8.2e-05
88473,0.002764
88474,0.59078
88475,0.00244
88476,0.859567
88477,0.003749
88478,0.00759
88479,0.000775
88480,0.02097
88481,0.187074
88482,0.154455
88483,0.214179
88484,0.040817
88485,0.021449
88486,1.0
88488,0.013888
88489,0.001704
88490,0.032215
88491,0.001012
88492,0.00374
88493,1.0
88495,0.0
88496,0.0
88497,0.0
88498,0.0
88499,0.0
88500,0.0
88501,0.0
88502,0.0
88503,0.0
88504,0.167069
88505,0.843995
88506,0.848902
88507,0.708926
88508,0.781005
88509,0.593492
88510,0.075963
88511,0.073205
88512,0.057787
88513,0.006782
88514,0.033392
88515,0.022278
88516,0.352267
88517,0.244546
88518,0.489804
88519,0.013166
88520,6.3e-05
88521,0.049652
88522,0.815045
88523,1.0
88524,1.0
88525,1.0
88526,1.0
88527,0.466704
88528,0.017416
88529,0.025283
88530,0.27951
88531,0.177484
88532,0.032034
88533,0.151801
88534,0.176105
88535,0.037143
88536,0.488782
88537,0.605249
88538,7.2e-05
88539,0.040035
88540,0.943436
88541,0.225196
88542,0.899722
88543,0.648564
88544,0.079308
88545,0.263688
88546,0.001483
88547,0.0
88548,0.0
88549,0.0
88550,0.0
88551,0.0
88552,0.0
88553,0.0
88554,0.0
88555,0.0
88556,0.0
88557,0.0
88558,0.0
88559,0.0
88560,0.0
88561,0.0
88562,0.0
88563,0.0
88564,0.0
88565,0.0
88566,0.0
88567,0.0
88568,0.0
88569,0.0
88570,0.0
88571,0.0
88572,0.0
88573,0.0
88574,0.0
88575,0.0
88576,0.0
88577,0.0
88578,0.0
88579,0.0
88580,0.0
88581,0.0
88582,0.0
88583,0.0
88584,0.0
88585,0.0
88586,0.0
88587,0.001584
88588,0.00035
88589,0.0
88590,0.0
88591,0.0
88592,0.0
88593,0.0
88594,0.0
88595,0.0
88596,0.0
88597,0.0
88598,0.0
88599,0.0
88600,0.0
88601,0.0
88602,0.0
88603,0.0
88604,0.0
88605,0.0
88606,0.0
88607,0.000502
88608,0.0
88609,0.0
88610,0.0
88611,0.0
88612,0.0
88613,0.0
88614,0.0
88615,0.0
88616,0.0
88617,0.0
88618,0.0
88619,0.0
88620,0.0
88621,0.0
88622,0.0
88623,0.001483
88624,0.0
88625,0.0
88626,0.0
88627,0.0
88628,0.0
88629,0.0
88630,0.0
88631,0.0
88632,0.0
88633,0.0
88634,0.0
88635,0.0
88636,0.001167
88637,0.0
88638,0.0
88639,0.0
88640,0.007643
88641,6.8e-05
88642,0.0
88643,0.0
88644,0.0
88645,0.0
88646,0.0
88657,0.123129
88658,0.605588
88659,0.218422
88660,0.0
88661,0.009381
88662,0.0
88663,0.0
88664,0.0
88665,0.0
88666,0.0
88667,0.0
88668,0.0
88669,0.0
88670,0.0
88671,0.0
88672,0.0
88673,0.0
88674,0.0
88675,0.0
88676,0.0
88677,0.0
88678,0.0
88679,0.0
88680,0.0
88681,0.0
88682,0.0
88683,0.0
88684,0.0
88709,0.0
88710,0.0
88711,0.0
88712,0.0
88713,0.0
88714,0.0
88715,0.0
88716,0.0
88717,0.0
88718,0.0
88719,0.0
88720,0.0
88721,0.0
88722,0.0
88723,0.0
88724,0.0
88725,0.0
88726,0.0
88727,0.0
88728,0.0
88729,0.0
88730,0.0
88731,0.0
88732,0.0
88733,0.0
88734,0.0
88735,0.0
88736,0.0
88737,0.0
88738,0.0
88739,0.0
88740,0.0
88741,0.0
88742,0.0
88743,0.0
88744,0.0
88745,0.0
88746,0.0
88747,0.0
88748,0.0
88749,0.0
88750,0.0
88751,0.0
88752,0.0
88753,0.0
88754,0.0
88755,0.0
88756,0.0
88757,0.0
88758,0.0
88759,0.0
88760,0.0
88761,0.0
88762,0.0
88763,0.004034
88764,0.0
89070,0.0
89071,0.0
89072,0.0
89073,0.0
89074,0.0
89075,0.30374
89076,1.0
89077,1.0
89078,1.0
89079,0.651764
89080,0.781938
89081,0.964366
89082,0.958472
89083,0.658571
89084,1.0
89085,1.0
89086,1.0
89087,0.190281
89088,0.208513
89089,0.651111
89090,0.401029
89091,0.080993
89092,0.25518
89093,0.008818
89094,0.0
89095,0.013831
89096,0.565971
89097,0.681998
89098,0.003573
89099,0.095288
89100,1.0
89101,0.0
89102,0.007046
89103,0.207373
89104,0.670974
89105,0.603774
89106,1.0
89107,0.366721
89108,1.0
89109,0.0914
89110,0.535631
89111,0.007184
89112,0.112217
89113,0.107287
89114,0.43546
89115,0.927317
89116,0.499114
89117,0.41262
89118,0.92354
89119,0.852894
89120,0.809637
89122,0.94223
89123,1.0
89125,0.017279
89127,0.25641
89128,0.012238
89129,0.000485
89130,0.0
89131,0.0
89132,0.000389
89133,0.029109
89134,0.009643
89135,0.003215
89136,0.00369
89137,0.030113
89138,0.038987
89139,0.000951
89140,0.044596
89141,0.813067
89142,0.234138
89143,0.243038
89144,0.25127
89145,0.069457
89146,0.154392
89147,0.0
89148,0.0
89149,0.000838
89150,0.088944
89151,0.245893
89152,0.022328
89153,0.009808
89154,0.000181
89155,0.0
89156,0.000226
89157,9.2e-05
89158,0.005363
89159,0.0
89160,0.022141
89161,0.000336
89162,5.1e-05
89163,0.017681
89164,0.021268
89165,0.077411
89166,0.619804
89167,0.039312
89168,0.018921
89172,0.00024
89173,0.002193
89174,0.003837
89175,0.012109
89176,0.032566
89177,0.10311
89180,0.0
89181,0.0
89182,0.0
89183,0.0
89184,0.0
89185,0.0
89186,0.0
89187,0.0
89188,0.32887
89189,0.77358
89190,0.211782
89191,0.562195
89192,0.232425
89193,0.130378
89194,0.019831
89195,0.075174
89196,0.021107
89197,0.017669
89198,0.004659
89199,0.010169
89200,0.098288
89201,0.166756
89202,0.101711
89203,0.003114
89204,0.036573
89205,0.041999
89206,0.957662
89207,1.0
89208,1.0
89209,1.0
89210,1.0
89211,0.462827
89212,0.004613
89213,0.005279
89214,0.000769
89215,0.000251
89216,0.000355
89217,0.411126
89218,0.326628
89219,0.342784
89220,0.324488
89221,0.76392
89222,0.024744
89223,0.172876
89224,0.720539
89225,0.023861
89226,0.027662
89227,0.038538
89228,0.114313
89229,0.362993
89230,0.0
89231,0.0
89232,0.0
89233,0.0
89234,0.0
89235,0.0
89236,0.0
89237,0.0
89238,0.0
89239,0.0
89240,0.0
89241,0.0
89242,0.0
89243,0.0
89244,0.0
89245,0.0
89246,0.0
89247,0.0
89248,0.0
89249,0.0
89250,0.0
89251,0.0
89252,0.0
89253,0.004368
89254,0.0
89255,1.9e-05
89256,0.0
89257,0.0
89258,0.0
89259,0.0
89260,0.0
89261,0.0
89262,0.0
89263,0.00092
89264,0.0
89265,0.0
89266,0.00021
89267,0.0
89268,0.0
89269,0.0
89270,0.0
89271,0.0
89272,0.0
89273,0.0
89274,0.0
89275,0.0
89276,0.0
89277,0.0
89278,0.0
89279,0.001613
89280,0.0
89281,0.0
89282,0.0
89283,0.0
89284,0.0
89285,0.0
89286,0.000348
89287,0.0
89288,0.0
89289,0.0
89290,0.0
89291,0.0
89292,0.0
89293,0.0
89294,0.0
89295,0.0
89296,0.0
89297,0.0
89298,0.0
89299,0.0
89300,0.0
89301,0.0
89302,0.0
89303,0.0
89304,0.0
89305,0.0
89306,0.0
89307,0.0
89308,0.0
89309,0.0
89310,0.0
89311,0.0
89312,0.0
89313,0.0
89314,0.0
89315,0.0
89316,0.0
89317,0.027462
89318,0.0
89319,0.002157
89320,0.002246
89321,0.0
89322,0.0
89323,0.0
89324,0.0
89325,0.0
89326,0.0
89327,0.0
89328,0.0
89329,0.0
89330,0.0
89341,0.0
89342,0.075017
89343,0.0
89344,0.0
89345,0.0
89346,0.0
89347,0.0
89348,0.0
89349,0.0
89350,0.0
89351,0.0
89352,0.0
89353,0.0
89354,0.0
89355,0.0
89356,0.0
89357,0.0
89358,0.0
89359,0.0
89360,0.0
89361,0.0
89362,0.0
89363,0.0
89364,0.0
89365,0.0
89366,0.0
89367,0.0
89368,0.0
89369,0.0
89392,0.0
89393,0.0
89394,0.0
89395,0.0
89396,0.0
89397,0.0
89398,0.0
89399,0.0
89400,0.0
89401,0.0
89402,0.0
89403,0.0
89404,0.0
89405,0.0
89406,0.0
89407,0.0
89408,0.0
89409,0.0
89410,0.0
89411,0.0
89412,0.0
89413,0.0
89414,0.0
89415,0.0
89416,0.0
89417,0.0
89418,0.0
89419,0.0
89420,0.029047
89421,0.0
89422,0.0
89423,0.0
89424,0.0
89425,0.0
89426,0.0
89427,0.0
89428,0.0
89429,0.0
89430,0.078746
89431,0.0
89432,0.0
89433,0.0
89434,0.0
89435,0.0
89436,0.0
89437,0.0
89438,0.0
89439,0.0
89440,0.0
89441,0.002705
89442,0.0
89443,0.0
89444,0.016459
89445,0.0
89446,0.0
89754,0.0
89755,0.0
89756,0.0
89757,0.0
89758,0.0
89759,0.109055
89760,1.0
89761,1.0
89762,0.088167
89763,0.253423
89764,0.000348
89765,0.118965
89766,0.177221
89767,0.276009
89768,1.0
89769,1.0
89770,1.0
89771,0.169583
89772,0.0
89773,0.202221
89774,0.761977
89775,0.280012
89776,0.001738
89777,0.005374
89778,0.114112
89779,0.362914
89780,0.442683
89781,0.38504
89782,0.002607
89783,0.243839
89784,1.0
89785,0.058685
89786,0.1981
89787,0.147997
89788,0.147559
89789,0.585949
89793,0.061234
89794,0.950249
89795,0.032312
89796,0.0
89797,0.228917
89798,0.053636
89799,1.0
89800,0.997123
89801,0.726581
89802,0.546404
89803,0.711081
89804,0.431314
89805,1.0
89806,0.923817
89807,0.465447
89808,0.381664
89809,0.575321
89811,1.0
89812,0.021378
89813,0.000511
89814,0.0
89815,0.0
89816,0.207003
89817,0.500515
89818,0.424402
89819,0.112557
89820,0.038474
89821,0.026299
89822,0.01605
89823,0.010648
89824,0.042352
89825,0.162454
89826,0.123573
89827,0.343482
89828,1.0
89829,1.0
89830,0.827358
89831,0.198033
89832,0.001889
89833,0.046406
89834,0.425067
89835,0.70193
89836,0.25934
89837,0.634832
89838,0.005356
89839,0.000114
89840,0.0
89841,0.005067
89842,0.26308
89843,0.049247
89844,0.0
89845,0.000404
89846,0.0
89847,0.007342
89848,0.016546
89849,0.512951
89850,1.0
89851,0.12997
89852,0.000402
89855,0.023474
89856,0.014276
89857,0.001287
89858,0.005511
89859,0.016103
89860,0.269298
89861,0.023805
89862,0.013011
89865,0.0
89866,0.0
89867,0.0
89868,0.0
89869,0.000994
89870,0.01162
89871,0.075734
89872,0.01731
89873,0.015834
89874,0.009117
89875,0.035474
89876,0.002454
89877,0.011338
89878,0.210657
89879,0.07698
89880,0.001325
89881,0.012966
89882,0.054907
89883,0.059553
89884,0.146012
89885,0.070551
89886,0.004089
89887,0.018154
89888,0.075752
89889,0.040368
89890,0.175128
89891,0.196964
89892,0.28683
89893,0.183517
89894,0.782178
89895,0.421486
89896,0.006502
89897,0.000559
89898,0.00047
89899,0.000297
89900,0.000132
89901,0.472583
89902,0.934891
89903,0.11109
89904,0.206844
89905,0.499098
89906,0.004566
89907,0.482897
89908,0.603095
89909,0.0
89910,0.0
89911,0.0
89912,0.0
89913,0.0
89914,0.0
89915,0.0
89916,0.0
89917,0.0
89918,0.0
89919,0.0
89920,0.0
89921,0.0
89922,0.0
89923,0.0
89924,0.0
89925,0.0
89926,0.0
89927,0.0
89928,0.0
89929,0.0
89930,0.0
89931,0.0
89932,0.0
89933,0.0
89934,0.0
89935,0.0
89936,0.0
89937,0.0
89938,0.0
89939,0.0
89940,0.0
89941,0.0
89942,0.0
89943,0.0
89944,0.0
89945,0.0
89946,0.0
89947,0.0
89948,0.0
89949,0.0
89950,0.0
89951,0.0
89952,0.0
89953,0.0
89954,0.0
89955,0.0
89956,0.0
89957,0.0
89958,0.0
89959,0.0
89960,0.0
89961,0.0
89962,0.0
89963,0.001041
89964,0.0
89965,0.002508
89966,0.0
89967,0.0
89968,0.0
89969,0.0
89970,0.0
89971,0.0
89972,0.0
89973,0.0
89974,0.0
89975,0.004979
89976,0.0
89977,0.0
89978,0.0
89979,0.0
89980,0.0
89981,0.0
89982,0.0
89983,0.0
89984,0.0
89985,0.0
89986,0.0
89987,0.0
89988,0.0
89989,0.0
89990,0.0
89991,0.0
89992,0.0
89993,0.0
89994,0.0
89995,0.0
89996,0.0
89997,0.0
89998,0.0
89999,0.0
90000,0.0
90001,0.020064
90002,0.0
90003,0.0
90004,0.005291
90005,0.0
90006,0.0
90007,0.0
90008,0.0
90009,0.0
90010,0.0
90011,0.0
90012,0.0
90013,0.0
90026,0.0
90027,0.0
90028,0.0
90029,0.0
90030,0.0
90031,0.0
90032,0.0
90033,0.0
90034,0.0
90035,0.0
90036,0.0
90037,0.0
90038,0.0
90039,0.0
90040,0.0
90041,0.0
90042,0.0
90043,0.0
90044,0.0
90045,0.0
90046,0.0
90047,0.0
90048,0.0
90049,0.0
90050,0.0
90051,0.0
90052,0.0
90075,0.0
90076,0.0
90077,0.0
90078,0.0
90079,0.0
90080,0.0
90081,0.0
90082,0.0
90083,0.0
90084,0.0
90085,0.0
90086,0.0
90087,0.0
90088,0.0
90089,0.0
90090,0.0
90091,0.0
90092,0.0
90093,0.0
90094,0.0
90095,0.0
90096,0.0
90097,0.0
90098,0.0
90099,0.0
90100,0.0
90101,0.0
90102,0.0
90103,0.0
90104,0.031263
90105,0.079734
90106,0.165413
90107,0.0
90108,0.0
90109,0.0
90110,0.0
90111,0.0
90112,0.000836
90113,0.0
90114,0.0
90115,0.0
90116,0.0
90117,0.0
90118,0.0
90119,0.0
90120,0.0
90121,0.0
90122,0.0
90123,0.0
90124,0.0
90125,0.0
90126,0.056346
90127,0.132487
90437,0.006358
90438,0.0
90439,0.0
90440,0.0
90441,0.0
90442,0.000844
90443,0.585414
90444,1.0
90445,0.952392
90446,0.092757
90447,0.380409
90448,0.118764
90449,0.480306
90450,0.0
90451,0.436379
90452,0.040014
90453,0.099198
90454,0.214177
90455,0.228126
90456,0.00053
90457,0.030719
90458,0.126915
90459,0.689785
90460,0.5231
90461,0.083877
90462,0.974963
90463,0.633685
90464,0.706218
90465,0.017017
90466,0.077906
90467,0.186157
90468,0.685079
90469,0.530287
90470,0.056408
90471,0.018868
90472,1.0
90473,0.745143
90474,0.792047
90477,1.0
90478,0.001638
90479,1.0
90481,0.193938
90482,0.091385
90483,0.822911
90484,0.971508
90485,0.815517
90486,0.637664
90487,0.983927
90488,0.364125
90489,0.230069
90490,0.228124
90495,0.316319
90496,0.0
90497,0.000103
90498,0.014028
90499,0.08051
90500,1.0
90501,1.0
90502,0.828655
90503,0.064409
90504,0.017295
90505,0.167433
90506,0.014025
90507,0.009638
90508,0.057356
90509,0.01485
90510,0.000964
90511,0.059684
90512,1.0
90513,1.0
90514,0.815407
90515,0.022588
90516,0.132623
90517,0.03679
90518,0.380373
90519,0.519341
90520,0.145917
90521,0.247268
90522,0.283129
90523,0.097529
90524,0.0
90525,0.000184
90526,0.405316
90527,0.026388
90528,0.0
90529,0.0
90530,0.000108
90531,0.172158
90532,0.001915
90533,0.049374
90534,0.527645
90535,0.853293
90536,0.009399
90539,0.004027
90540,0.02228
90541,0.0144
90542,0.018805
90543,0.023793
90544,0.512162
90545,0.034268
90546,0.0029
90547,0.002255
90551,1.0
90552,0.00372
90553,0.046268
90554,0.158558
90555,0.816086
90556,0.439744
90557,0.014459
90558,0.02278
90559,0.15964
90560,0.344076
90561,0.169987
90562,0.228851
90563,0.041942
90564,0.012654
90565,0.019954
90566,0.113617
90567,0.118486
90568,0.117927
90569,0.198794
90570,0.30787
90571,0.035958
90572,0.008139
90573,0.06502
90574,0.022667
90575,0.034593
90576,0.007323
90577,0.024626
90578,0.279478
90579,0.188767
90580,0.004825
90581,0.00014
90582,0.0
90583,0.000622
90584,0.001035
90585,0.553994
90586,0.437918
90587,0.007292
90588,0.244668
90589,0.589603
90590,0.172541
90591,0.789214
90592,0.650215
90593,0.0
90594,0.0
90595,0.0
90596,0.0
90597,0.0
90598,0.0
90599,0.0
90600,0.0
90601,0.0
90602,0.0
90603,0.0
90604,0.0
90605,0.0
90606,0.0
90607,0.0
90608,0.0
90609,0.0
90610,0.0
90611,0.0
90612,0.0
90613,0.0
90614,0.0
90615,0.0
90616,0.0
90617,0.0
90618,0.0
90619,0.0
90620,0.0
90621,0.0
90622,0.0
90623,0.003473
90624,0.0
90625,0.0
90626,0.0
90627,0.0
90628,0.0
90629,0.0
90630,0.0
90631,0.0
90632,0.0
90633,0.0
90634,0.0
90635,0.0
90636,0.0
90637,0.0
90638,0.0
90639,0.0
90640,0.0
90641,0.0
90642,0.0
90643,0.0
90644,0.0
90645,0.0
90646,0.000601
90647,0.003673
90648,0.0
90649,0.0
90650,0.0
90651,0.0
90652,0.0
90653,0.0
90654,0.0
90655,0.0
90656,0.0
90657,0.0
90658,0.0
90659,0.0
90660,0.0
90661,0.0
90662,0.0
90663,0.0
90664,0.0
90665,0.0
90666,0.0
90667,0.0
90668,0.0
90669,0.0
90670,0.0
90671,0.0
90672,0.0
90673,0.0
90674,0.0
90675,5.2e-05
90676,0.0
90677,0.0
90678,0.0
90679,0.0
90680,0.0
90681,0.0
90682,0.0
90683,0.0
90684,0.0
90685,0.0
90686,0.0
90687,0.0
90688,0.0
90689,0.0
90690,0.0
90691,0.0
90692,0.0
90693,0.0
90694,0.0
90695,0.0
90696,0.0
90697,0.0
90698,0.0
90710,0.0
90711,0.0
90712,0.0
90713,0.0
90714,0.0
90715,0.0
90716,0.0
90717,0.0
90718,0.0
90719,0.0
90720,0.0
90721,0.0
90722,0.0
90723,0.0
90724,0.0
90725,0.0
90726,0.0
90727,0.0
90728,0.026018
90729,0.0
90730,0.0
90731,0.0
90732,0.0
90733,0.0
90734,0.0
90735,0.0
90736,0.0
90758,0.0
90759,0.0
90760,0.0
90761,0.0
90762,0.0
90763,0.0
90764,0.0
90765,0.0
90766,0.0
90767,0.0
90768,0.0
90769,0.0
90770,0.0
90771,0.0
90772,0.0
90773,0.0
90774,0.0
90775,0.0
90776,0.0
90777,0.0
90778,0.0
90779,0.0
90780,0.0
90781,0.0
90782,0.0
90783,0.0
90784,0.0
90785,0.0
90786,0.0
90787,0.0
90788,0.0
90789,0.0
90790,0.136713
90791,0.0
90792,0.0
90793,0.0
90794,0.0
90795,0.0
90796,0.0
90797,0.0
90798,0.0
90799,0.0
90800,0.0
90801,0.0
90802,0.029053
90803,0.0
90804,0.0
90805,0.0
90806,0.0
90807,0.0
90808,0.0
90809,0.00173
91122,0.002679
91123,0.014111
91124,0.0
91125,0.0
91126,0.0
91127,0.989093
91128,1.0
91129,1.0
91130,1.0
91131,0.980676
91132,0.066265
91133,0.0
91134,0.047071
91135,0.047511
91136,0.0
91137,0.0
91138,0.0
91139,0.0
91140,0.011013
91141,0.29837
91142,1.0
91143,1.0
91144,1.0
91145,0.545795
91146,0.519537
91147,0.175966
91148,0.067507
91149,0.00122
91150,0.04217
91151,0.165875
91152,0.023706
91153,0.302332
91154,0.046625
91155,0.620013
91156,0.847603
91157,0.655741
91158,0.415511
91161,0.202792
91162,0.0
91163,0.0
91164,0.351556
91165,0.251482
91166,0.07394
91167,0.994098
91168,0.939904
91169,0.965506
91170,0.683137
91171,0.002146
91172,0.007978
91173,0.183747
91174,1.0
91175,1.0
91178,1.0
91179,0.41491
91180,0.0
91181,0.0
91182,0.021281
91183,1.0
91184,1.0
91185,1.0
91186,1.0
91187,1.0
91188,0.409042
91189,1.0
91190,1.0
91191,0.187156
91192,0.253741
91193,0.066175
91194,0.301813
91195,0.047518
91196,0.404121
91197,0.793825
91198,0.313583
91199,0.006731
91200,0.194405
91201,0.198767
91202,0.625719
91203,0.652178
91204,0.14852
91205,0.004166
91206,0.657864
91207,0.881217
91208,0.554416
91209,0.03452
91210,0.224613
91211,0.161684
91212,0.06416
91213,0.006116
91214,0.004937
91215,0.723129
91216,0.045914
91217,0.0
91218,0.77364
91219,0.17371
91220,0.287286
91223,0.168256
91224,0.030211
91225,0.054825
91226,0.183885
91227,0.276166
91228,0.789557
91229,0.448469
91230,0.002777
91231,0.070004
91232,1.0
91234,1.0
91235,1.0
91237,0.015524
91238,0.005159
91239,0.39607
91240,0.528302
91241,0.039713
91242,0.061329
91243,0.591104
91244,0.831266
91245,0.446408
91246,0.025012
91247,0.011269
91248,0.004192
91249,0.018373
91250,0.066947
91251,0.02211
91252,0.0
91253,0.0
91254,0.059626
91255,0.045866
91256,0.024438
91257,0.031707
91258,0.013319
91259,0.0
91260,0.0
91261,0.0
91262,0.000905
91263,0.000481
91264,0.000106
91265,0.000434
91266,0.002522
91267,0.0
91268,0.000233
91269,0.504127
91270,0.993882
91271,0.899712
91272,0.909605
91273,1.0
91274,0.459037
91275,0.870905
91276,0.633411
91277,0.0
91278,0.0
91279,0.0
91280,0.0
91281,0.0
91282,0.0
91283,0.0
91284,0.0
91285,0.0
91286,0.0
91287,0.0
91288,0.0
91289,0.0
91290,0.0
91291,0.0
91292,0.0
91293,0.0
91294,0.0
91295,0.0
91296,0.0
91297,0.0
91298,0.0
91299,0.0
91300,0.0
91301,0.0
91302,0.0
91303,0.0
91304,0.0
91305,0.0
91306,0.0
91307,0.002306
91308,0.0
91309,0.000181
91310,0.0
91311,0.0
91312,0.0
91313,0.0
91314,0.0
91315,0.0
91316,0.0
91317,0.0
91318,0.0
91319,0.0
91320,0.0
91321,0.0
91322,0.0
91323,0.0
91324,0.0
91325,0.0
91326,0.0
91327,0.0
91328,0.0
91329,0.0
91330,0.0
91331,0.0
91332,2.4e-05
91333,0.0
91334,0.0
91335,0.0
91336,0.0
91337,0.0
91338,0.014293
91339,0.007212
91340,0.0
91341,0.0
91342,0.0
91343,0.0
91344,0.007183
91345,0.0
91346,0.0
91347,0.0
91348,0.0
91349,0.0
91350,0.0
91351,0.0
91352,0.0
91353,0.0
91354,0.0
91355,0.0
91356,0.0
91357,0.0
91358,0.0
91359,0.0
91360,0.0
91361,0.0
91362,0.0
91363,0.0
91364,0.0
91365,0.0
91366,0.0
91367,0.0
91368,0.0
91369,0.0
91370,0.0
91371,0.0
91372,0.0
91373,0.0
91374,0.0
91375,0.0
91376,0.0
91377,0.0
91378,0.0
91379,0.0
91380,0.0
91381,0.0
91382,0.0
91395,0.0
91396,0.0
91397,0.0
91398,0.0
91399,0.0
91400,0.0
91401,0.0
91402,0.0
91403,0.0
91404,0.0
91405,0.0
91406,0.0
91407,0.0
91408,0.0
91409,0.0
91410,0.0
91411,0.0
91412,0.0
91413,0.0
91414,0.0
91415,0.0
91416,0.0
91417,0.0
91418,0.156412
91419,0.0
91420,0.0
91441,0.0
91442,0.0
91443,0.0
91444,0.0
91445,0.0
91446,0.0
91447,0.0
91448,0.0
91449,0.0
91450,0.0
91451,0.0
91452,0.0
91453,0.0
91454,0.0
91455,0.0
91456,0.0
91457,0.0
91458,0.0
91459,0.0
91460,0.0
91461,0.0
91462,0.0
91463,0.0
91464,0.0
91465,0.0
91466,0.0
91467,0.0
91468,0.0
91469,0.0
91470,0.0
91471,0.0
91472,0.0
91473,0.0
91474,0.06239
91475,0.060763
91476,0.0
91477,0.0
91478,0.0
91479,0.0
91480,0.0
91481,0.0
91482,0.056462
91483,0.022844
91484,0.0
91485,0.0
91486,0.0
91487,0.0
91488,0.0
91489,0.0
91807,0.00382
91808,0.0
91809,0.0
91810,0.0
91811,0.928175
91812,1.0
91813,1.0
91814,1.0
91815,0.665269
91816,0.002081
91817,0.0
91818,0.020964
91819,0.019095
91820,0.0
91821,0.0
91822,0.0
91823,0.0
91824,0.004284
91825,0.865717
91826,1.0
91827,1.0
91828,1.0
91829,1.0
91830,1.0
91831,0.437775
91832,0.001634
91833,0.0
91834,0.00393
91835,0.036416
91836,0.101889
91837,0.231351
91838,0.161771
91839,0.648412
91840,0.394149
91841,0.698264
91842,0.0375
91847,1.0
91848,0.614667
91849,0.471357
91850,0.013875
91851,0.995052
91852,1.0
91853,0.997223
91854,0.938321
91855,0.276668
91856,0.00221
91857,0.046095
91858,0.001647
91859,0.012636
91860,0.0
91863,0.001202
91864,0.076058
91865,0.001429
91866,0.109579
91867,1.0
91868,0.357235
91869,0.160333
91870,0.266949
91871,1.0
91873,0.303726
91874,0.185809
91875,0.030487
91876,0.0466
91877,0.061497
91878,0.045476
91879,0.097698
91880,0.163105
91881,0.089036
91882,0.017154
91883,0.040988
91884,0.490151
91885,0.402394
91886,0.390868
91887,0.383715
91888,1.0
91889,0.05582
91890,0.532529
91891,0.788893
91892,0.369537
91893,0.006237
91894,0.031425
91895,0.283891
91896,0.003463
91897,8.7e-05
91898,0.00557
91899,1.0
91900,0.046633
91901,0.000329
91902,0.096668
91903,0.011617
91904,0.180686
91906,0.108929
91907,0.034212
91908,0.483769
91909,0.73716
91910,0.268082
91911,0.882705
91912,0.882857
91913,0.893474
91914,0.025786
91915,0.084316
91916,0.202623
91917,0.393257
91919,1.0
91920,0.136813
91921,0.002341
91922,0.003768
91923,0.020375
91924,0.124892
91925,0.057565
91926,0.160389
91927,0.829903
91928,0.142143
91929,0.08102
91930,0.076531
91931,0.134504
91932,0.12791
91933,0.02976
91934,0.003429
91935,0.000156
91936,0.0
91937,0.0
91938,0.000624
91939,0.025515
91940,0.0
91941,0.0
91942,0.092776
91943,0.010239
91944,0.0
91945,0.0
91946,0.000227
91947,0.0
91948,0.0
91949,0.0
91950,0.0
91951,0.0
91952,9.2e-05
91953,0.582294
91954,0.980912
91955,1.0
91956,1.0
91957,0.933207
91958,0.604035
91959,0.635677
91960,0.421613
91961,0.0
91962,0.0
91963,0.0
91964,0.0
91965,0.0
91966,0.0
91967,0.0
91968,0.0
91969,0.0
91970,0.013195
91971,0.0
91972,0.0
91973,0.0
91974,0.0
91975,0.0
91976,0.0
91977,0.0
91978,0.0
91979,0.0
91980,0.0
91981,0.0
91982,0.0
91983,0.0
91984,0.0
91985,0.0
91986,0.0
91987,0.0
91988,0.0
91989,0.0
91990,0.0
91991,0.0
91992,0.0
91993,0.0
91994,0.0
91995,0.0
91996,0.0
91997,0.0
91998,0.0
91999,0.0
92000,0.0
92001,0.0
92002,0.0
92003,0.0
92004,0.0
92005,0.0
92006,0.0
92007,0.0
92008,0.0
92009,0.0
92010,0.0
92011,0.0
92012,0.0
92013,0.0
92014,0.0
92015,0.0
92016,0.0
92017,0.0
92018,0.0
92019,0.0
92020,0.0
92021,0.0
92022,0.002138
92023,0.0
92024,0.0
92025,0.0
92026,0.0
92027,0.0
92028,0.0
92029,0.0
92030,0.0
92031,0.0
92032,0.0
92033,0.0
92034,0.0
92035,0.0
92036,0.0
92037,0.0
92038,0.0
92039,0.0
92040,0.0
92041,0.0
92042,0.0
92043,0.001434
92044,0.0
92045,0.0
92046,0.0
92047,0.0
92048,0.0
92049,0.0
92050,0.0
92051,0.0
92052,0.0
92053,0.0
92054,0.0
92055,0.0
92056,0.0
92057,0.0
92058,0.0
92059,0.0
92060,0.0
92061,0.0
92062,0.0
92063,0.0
92064,0.0
92065,0.0
92066,0.0
92079,0.0
92080,0.0
92081,0.0
92082,0.0
92083,0.0
92084,0.0
92085,0.0
92086,0.0
92087,0.0
92088,0.0
92089,0.0
92090,0.0
92091,0.0
92092,0.0
92093,0.0
92094,0.0
92095,0.0
92096,0.0
92097,0.0
92098,0.0
92099,0.0
92100,0.0
92101,0.0
92102,0.073342
92103,0.0
92124,0.0
92125,0.0
92126,0.0
92127,0.0
92128,0.0
92129,0.0
92130,0.0
92131,0.0
92132,0.0
92133,0.0
92134,0.0
92135,0.0
92136,0.0
92137,0.0
92138,0.0
92139,0.0
92140,0.0
92141,0.0
92142,0.0
92143,0.0
92144,0.0
92145,0.0
92146,0.0
92147,0.0
92148,0.0
92149,0.0
92150,0.0
92151,0.0
92152,0.0
92153,0.0
92154,0.0
92155,0.0
92156,0.0
92157,0.0
92158,0.0
92159,0.100247
92160,0.106955
92161,0.056501
92162,0.0
92163,0.0
92164,0.0
92165,0.0
92166,0.382778
92167,0.169898
92168,0.0
92169,0.0
92170,0.0
92171,0.0
92172,0.0
92173,0.0
92178,0.0
92179,0.000702
92180,0.0
92491,0.001039
92492,0.0
92493,0.0
92494,0.003586
92495,0.123372
92496,1.0
92497,1.0
92498,1.0
92499,0.497856
92500,0.0
92501,0.0
92502,0.0
92503,0.0
92504,0.0
92505,0.0
92506,0.022348
92507,0.000134
92508,0.004795
92509,0.680111
92510,1.0
92511,1.0
92512,1.0
92513,1.0
92514,1.0
92515,0.904861
92516,0.075812
92517,0.159277
92518,0.008525
92519,0.039475
92520,0.152328
92521,0.658252
92522,1.0
92523,0.112006
92524,0.43913
92525,0.028067
92526,0.058123
92531,1.0
92532,0.931177
92533,0.229821
92535,0.7012
92536,0.863571
92537,0.784375
92538,0.247777
92539,0.030542
92540,0.216329
92541,0.933566
92542,0.667428
92543,0.270619
92544,0.765515
92545,0.318002
92546,0.180798
92547,0.044015
92548,0.022663
92549,0.030073
92550,0.025324
92551,0.100314
92552,0.091826
92553,0.149455
92554,0.017495
92555,1.0
92556,0.429421
92557,0.115293
92558,0.901731
92559,0.133284
92560,0.081963
92561,0.025248
92562,0.122617
92563,0.045399
92564,0.28765
92565,0.046574
92566,0.00054
92567,0.02208
92568,0.214301
92569,0.077895
92570,0.185996
92571,0.190741
92572,0.038339
92573,0.004204
92574,0.227748
92575,0.642386
92576,0.008472
92577,0.000588
92578,0.098261
92579,0.529053
92580,0.038554
92581,0.0
92582,0.033984
92583,0.807873
92584,0.009184
92585,0.001256
92586,0.001352
92587,0.000661
92588,0.010509
92590,0.929754
92591,0.127937
92592,0.36623
92593,0.576484
92594,0.942705
92595,0.975381
92596,0.937136
92597,0.672798
92598,0.138856
92599,0.256935
92600,0.035985
92601,0.245822
92602,0.176794
92603,0.986755
92604,0.138073
92605,0.039735
92606,0.027859
92607,0.027769
92608,0.170098
92609,0.0053
92610,0.033777
92611,0.045284
92612,0.035987
92613,0.004527
92614,0.00725
92615,0.38289
92616,0.034703
92617,0.070729
92618,0.078355
92619,0.018881
92620,0.037065
92621,0.052197
92622,4.1e-05
92623,0.0
92624,0.000112
92625,0.012492
92626,0.0
92627,0.0
92628,0.0
92629,0.0
92630,2.9e-05
92631,0.0
92632,0.0
92633,0.0
92634,0.0
92635,0.0
92636,0.0
92637,0.0
92638,0.234844
92639,0.467873
92640,0.985977
92641,0.835367
92642,0.0
92643,0.0
92644,0.0
92645,0.0
92646,0.0
92647,0.0
92648,0.0
92649,0.0
92650,0.0
92651,0.0
92652,0.0
92653,0.0
92654,0.0
92655,0.0
92656,0.0
92657,0.0
92658,0.0
92659,0.0
92660,0.0
92661,0.0
92662,0.0
92663,0.0
92664,0.0
92665,0.0
92666,0.0
92667,0.0
92668,0.0
92669,0.0
92670,0.0
92671,0.0
92672,0.0
92673,0.0
92674,0.0
92675,0.010363
92676,0.000384
92677,0.0
92678,0.0
92679,0.0
92680,0.0
92681,0.0
92682,0.0
92683,0.0
92684,0.0
92685,0.0
92686,0.0
92687,0.0
92688,0.0
92689,0.0
92690,0.0
92691,0.0
92692,0.0
92693,0.0
92694,0.0
92695,0.0
92696,0.0
92697,0.0
92698,0.0
92699,0.0
92700,0.0
92701,0.0
92702,0.0
92703,0.0
92704,0.0
92705,0.0
92706,0.0
92707,0.0
92708,0.0
92709,0.0
92710,0.0
92711,0.0
92712,0.0
92713,0.0
92714,0.0
92715,0.0
92716,0.0
92717,0.0
92718,0.0
92719,0.0
92720,0.0
92721,0.0
92722,0.0
92723,0.0
92724,0.0
92725,0.0
92726,0.0
92727,0.001066
92728,0.000758
92729,0.0
92730,0.0
92731,0.0
92732,0.0
92733,0.0
92734,0.0
92735,0.0
92736,0.0
92737,0.0
92738,0.0
92739,0.0
92740,0.0
92741,0.0
92742,0.0
92743,0.0
92744,0.0
92745,0.0
92746,0.0
92747,0.0
92748,0.0
92749,0.0
92750,0.0
92763,0.0
92764,0.0
92765,0.0
92766,0.0
92767,0.0
92768,0.0
92769,0.0
92770,0.0
92771,0.0
92772,0.0
92773,0.0
92774,0.0
92775,0.0
92776,0.0
92777,0.0
92778,0.0
92779,0.0
92780,0.0
92781,0.0
92782,0.0
92783,0.0
92784,0.0
92785,0.0
92786,0.0
92807,0.0
92808,0.0
92809,0.0
92810,0.0
92811,0.0
92812,0.0
92813,0.0
92814,0.013078
92815,0.604795
92816,0.351547
92817,0.0
92818,0.0
92819,0.0
92820,0.0
92821,0.0
92822,0.0
92823,0.0
92824,0.0
92825,0.0
92826,0.0
92827,0.0
92828,0.0
92829,0.0
92830,0.0
92831,0.0
92832,0.0
92833,0.0
92834,0.0
92835,0.0
92836,0.0
92837,0.0
92838,0.0
92839,0.0
92840,0.0
92841,0.0
92842,0.0
92843,0.0
92844,0.0
92845,0.029445
92846,0.0
92847,0.000651
92848,0.0
92849,0.0
92850,0.0
92851,0.0
92852,0.0
92853,0.0
92854,0.0
92855,0.0
92861,0.0
92863,0.0
93175,0.0
93176,0.0
93177,0.0
93178,0.023718
93179,0.063098
93180,0.616446
93183,0.0
93184,0.003391
93185,0.0
93186,0.0
93187,0.0
93188,0.0
93189,0.010329
93190,0.019755
93191,0.001039
93192,0.197723
93193,1.0
93194,1.0
93196,1.0
93197,1.0
93198,0.661288
93199,0.347842
93200,0.069487
93201,0.292867
93202,0.079737
93203,0.094254
93204,0.193538
93205,0.710692
93206,0.13031
93207,0.646003
93208,0.04223
93209,0.968828
93210,0.04234
93216,1.0
93217,0.699685
93218,0.621662
93219,0.140575
93220,0.309782
93221,0.377093
93222,0.365266
93223,0.090129
93224,0.418325
93225,0.60537
93226,0.680873
93227,0.493867
93228,0.155802
93229,0.517815
93230,0.300705
93231,0.076798
93232,0.127928
93233,0.097587
93234,0.034599
93235,0.198281
93236,0.0188
93237,0.680197
93238,0.059492
93239,0.111111
93240,0.052734
93241,0.646924
93242,0.931666
93243,0.101475
93244,0.056233
93245,0.310017
93246,1.0
93247,1.0
93248,0.096405
93249,0.034941
93250,0.007815
93251,0.010631
93252,0.006116
93253,0.002284
93254,0.004146
93255,0.001778
93256,0.006498
93257,0.141359
93258,0.0
93259,0.0
93260,0.000184
93261,0.000332
93262,0.021478
93263,0.084787
93264,0.0
93265,0.0
93266,0.491265
93267,1.0
93268,0.090373
93269,0.010816
93270,0.003812
93271,0.025321
93272,0.002158
93273,0.001447
93274,0.304803
93275,0.295718
93276,0.332807
93277,0.495985
93278,1.0
93279,0.557114
93280,0.681599
93281,0.018353
93282,0.556133
93283,0.063894
93284,0.162834
93285,0.332732
93286,0.118241
93287,0.099834
93290,0.118792
93291,0.01601
93292,0.110522
93293,0.057131
93294,0.003189
93295,0.009702
93296,0.009029
93297,0.177737
93298,0.267653
93299,0.009295
93300,0.001821
93301,0.250461
93302,0.071217
93303,0.00815
93304,0.023407
93305,0.004047
93306,0.24957
93307,0.21931
93308,0.072308
93309,0.0
93310,0.0
93311,0.000978
93312,0.0
93313,0.0
93314,0.0
93315,0.0
93316,0.0
93317,0.0
93318,0.0
93319,0.0
93320,0.0
93321,0.0
93322,0.0
93323,0.000167
93324,0.639512
93325,0.624356
93326,0.0
93327,0.0
93328,0.217604
93329,0.046763
93330,0.0
93331,0.0
93332,0.0
93333,0.0
93334,0.0
93335,0.0
93336,0.0
93337,0.0
93338,0.0
93339,0.0
93340,0.0
93341,0.0
93342,0.0
93343,0.0
93344,0.0
93345,0.0
93346,0.006768
93347,0.046626
93348,0.0
93349,0.0
93350,0.0
93351,0.0
93352,0.0
93353,0.0
93354,0.0
93355,0.0
93356,0.0
93357,0.0
93358,0.0
93359,0.0
93360,0.003711
93361,0.0
93362,0.0
93363,0.0
93364,0.0
93365,0.0
93366,0.0
93367,0.0
93368,0.0
93369,0.0
93370,0.0
93371,0.0
93372,0.0
93373,0.0
93374,0.0
93375,0.0
93376,0.0
93377,0.0
93378,0.0
93379,0.0
93380,0.0
93381,0.0
93382,0.0
93383,0.0
93384,0.0
93385,0.0
93386,0.0
93387,0.0
93388,0.0
93389,0.0
93390,0.0
93391,0.0
93392,0.0
93393,0.0
93394,0.0
93395,0.000593
93396,0.000604
93397,0.0
93398,0.0
93399,0.0
93400,0.0
93401,0.0
93402,0.0
93403,0.0
93404,0.0
93405,0.0
93406,0.0
93407,0.0
93408,0.0
93409,0.0
93410,0.0
93411,0.0
93412,0.0
93413,0.0
93414,0.0
93415,0.0
93416,0.0
93417,0.0
93418,0.0
93419,0.0
93420,0.0
93421,0.0
93422,0.0
93423,0.0
93424,0.000524
93425,0.0
93426,0.0
93427,0.0
93428,0.0
93429,0.0
93430,0.0
93431,0.0
93432,0.0
93433,0.0
93434,0.0
93435,0.0
93447,0.0
93448,0.0
93449,0.0
93450,0.0
93451,0.0
93452,0.0
93453,0.0
93454,0.0
93455,0.0
93456,0.0
93457,0.0
93458,0.0
93459,0.0
93460,0.0
93461,0.0
93462,0.0
93463,0.0
93464,0.0
93465,0.0
93466,0.0
93467,0.0
93468,0.0
93469,0.0
93470,0.0
93489,0.0
93490,0.0
93491,0.0
93492,0.0
93493,0.0
93494,0.0
93495,0.0
93496,0.0
93497,0.0
93498,0.036123
93499,1.0
93500,0.931268
93501,0.11943
93502,0.0
93503,0.0
93504,0.0
93505,0.0
93506,0.0
93507,0.0
93508,0.0
93509,0.0
93510,0.0
93511,0.0
93512,0.0
93513,0.0
93514,0.0
93515,0.0
93516,0.0
93517,0.0
93518,0.0
93519,0.0
93520,0.0
93521,0.0
93522,0.0
93523,0.0
93524,0.0
93525,0.0
93526,0.0
93527,0.0
93528,0.050721
93529,0.507927
93530,0.0
93531,0.022904
93532,0.0
93533,0.0
93534,0.0
93535,0.0
93536,0.0
93537,0.0
93538,0.0
93542,0.0
93543,0.24614
93544,0.224885
93545,0.0
93860,0.0
93861,0.0
93862,0.0
93863,0.000606
93864,0.211612
93867,1.0
93868,0.014429
93869,0.0
93870,0.0
93871,0.0
93872,0.000697
93873,0.0
93874,0.388053
93875,0.150448
93876,0.313001
93877,1.0
93878,1.0
93879,0.67975
93880,0.843193
93881,0.984259
93882,0.232909
93883,0.025821
93884,0.005816
93885,0.393246
93886,0.08012
93887,0.020763
93888,0.153984
93889,0.0
93891,0.516938
93892,0.52442
93893,0.438628
93894,0.002051
93895,1.0
93898,0.026658
93899,0.0
93900,0.103191
93901,0.468473
93902,0.447505
93903,0.425052
93904,0.407273
93905,0.330243
93906,0.535633
93907,0.303062
93908,0.123126
93909,0.528131
93910,0.561712
93911,0.156264
93912,0.00711
93913,0.056641
93914,0.131301
93915,0.020151
93916,0.065435
93917,0.002526
93918,0.035089
93919,0.059209
93920,0.023046
93921,0.198809
93922,0.0
93923,1.0
93924,0.105849
93925,0.004468
93926,0.128331
93927,1.0
93928,0.699015
93929,0.159816
93930,0.020206
93931,0.073112
93932,0.118552
93933,0.015083
93934,0.000972
93935,0.001356
93936,0.004035
93937,0.036322
93938,0.02409
93939,0.229371
93940,0.704925
93941,0.004588
93942,0.0
93943,0.0
93944,0.0
93945,0.000319
93946,0.000137
93947,0.0
93948,0.00084
93949,0.0
93950,1.0
93951,0.976466
93952,0.0
93953,0.003215
93954,0.00533
93955,0.076701
93956,0.016032
93957,0.02404
93958,0.011406
93959,0.234163
93960,0.156257
93961,0.909796
93962,1.0
93964,0.003677
93965,0.009771
93966,0.515506
93967,0.493314
93968,0.34804
93969,0.351115
93970,0.043178
93971,0.322542
93972,0.051896
93973,0.141995
93974,0.098719
93975,0.013412
93976,0.063989
93977,0.243309
93978,0.429906
93979,0.052204
93980,0.06318
93981,0.004177
93982,0.06293
93983,0.00675
93984,0.179454
93985,0.026567
93986,0.009252
93987,0.002714
93988,0.042268
93989,0.00622
93990,0.310986
93991,0.889537
93992,0.427188
93993,0.089255
93994,0.000627
93995,0.0
93996,0.000184
93997,0.006646
93998,0.022578
93999,0.0
94000,0.0
94001,0.000151
94002,0.0
94003,0.0
94004,0.0
94005,0.0
94006,0.0
94007,0.000721
94008,0.010152
94009,0.031911
94010,0.072701
94011,0.209096
94012,0.941746
94013,0.131795
94014,0.0
94015,0.0
94016,0.0
94017,0.0
94018,0.0
94019,0.0
94020,0.0
94021,0.0
94022,0.0
94023,0.0
94024,0.000437
94025,0.115877
94026,0.042699
94027,0.013205
94028,0.0
94029,0.00112
94030,0.002762
94031,0.027195
94032,0.052566
94033,0.000972
94034,0.0
94035,0.0
94036,0.0
94037,0.0
94038,0.0
94039,0.0
94040,0.0
94041,0.0
94042,0.0
94043,0.0
94044,0.0
94045,0.000128
94046,0.00076
94047,0.0
94048,0.0
94049,0.0
94050,0.0
94051,0.009599
94052,0.04532
94053,0.002691
94054,0.0
94055,0.0
94056,0.0
94057,0.0
94058,0.0
94059,0.0
94060,0.0
94061,0.0
94062,0.0
94063,0.0
94064,0.0
94065,0.0
94066,0.0
94067,0.0
94068,0.0
94069,0.0
94070,0.0
94071,0.0
94072,0.0
94073,0.0
94074,0.0
94075,0.0
94076,0.0
94077,0.0
94078,0.0
94079,0.0
94080,0.0
94081,0.0
94082,0.0
94083,0.0
94084,0.0
94085,0.0
94086,0.0
94087,0.0
94088,0.0
94089,0.0
94090,0.0
94091,0.0
94092,0.0
94093,0.0
94094,0.0
94095,0.0
94096,0.0
94097,0.0
94098,0.0
94099,0.0
94100,0.0
94101,0.0
94102,0.0
94103,0.0
94104,0.0
94105,0.0
94106,0.0
94107,0.0
94108,0.0
94109,0.0
94110,0.0
94111,0.0
94112,0.0
94113,0.0
94114,0.0
94115,0.0
94116,0.0
94117,0.0
94118,0.0
94119,0.0
94131,0.0
94132,0.0
94133,0.0
94134,0.0
94135,0.0
94136,0.0
94137,0.0
94138,0.0
94139,0.0
94140,0.0
94141,0.0
94142,0.0
94143,0.0
94144,0.0
94145,0.0
94146,0.0
94147,0.0
94148,0.0
94149,0.0
94150,0.0
94151,0.0
94152,0.0
94153,0.0
94172,0.0
94173,0.0
94174,0.0
94175,0.0
94176,0.0
94177,0.0
94178,0.0
94179,0.0
94180,0.003589
94181,0.86145
94182,0.98357
94183,1.0
94184,1.0
94185,0.300881
94186,0.0
94187,0.0
94188,0.0
94189,0.0
94190,0.0
94191,0.0
94192,0.0
94193,0.0
94194,0.0
94195,0.0
94196,0.0
94197,0.0
94198,0.0
94199,0.0
94200,0.0
94201,0.0
94202,0.0
94203,0.0
94204,0.0
94205,0.0
94206,0.0
94207,0.0
94208,0.0
94209,0.019601
94210,0.0
94211,0.0
94212,0.165024
94213,0.578317
94214,0.0
94215,0.0
94216,0.0
94217,0.0
94218,0.0
94219,0.0
94220,0.0
94221,0.0
94223,0.000837
94225,0.0
94226,0.0
94227,0.091707
94228,0.124127
94544,0.0
94545,0.0
94546,0.0
94547,0.0
94548,0.004022
94550,1.0
94551,1.0
94552,0.008257
94553,0.0
94554,0.0
94555,0.0
94556,0.0
94557,0.0
94558,0.026667
94559,0.717842
94560,0.53422
94561,1.0
94562,0.703779
94563,0.142035
94564,0.022786
94565,0.220695
94566,0.371824
94567,0.001052
94568,0.020428
94569,0.014863
94570,0.06443
94571,0.020224
94572,0.005681
94573,0.099628
94574,0.093457
94575,0.964075
94576,1.0
94577,0.878781
94578,1.0
94579,1.0
94582,0.0
94583,0.004906
94584,0.001927
94585,0.258244
94586,0.448848
94587,0.411181
94588,0.323319
94589,0.110123
94590,0.55329
94591,0.200072
94592,0.517677
94593,0.46465
94594,0.292012
94595,0.025975
94596,0.037493
94597,0.022253
94598,0.188527
94599,0.136754
94600,0.002099
94601,0.031623
94602,0.335296
94603,0.090252
94604,0.009609
94605,0.017882
94606,0.391525
94607,0.002342
94608,0.000536
94609,0.003717
94610,0.010553
94611,0.02552
94612,0.042781
94613,0.026354
94614,0.005717
94615,0.00441
94616,0.006863
94617,0.018298
94618,0.081265
94619,0.007304
94620,0.003104
94621,0.006473
94622,0.004902
94623,0.022713
94624,0.053402
94625,0.00837
94626,0.004129
94627,0.0
94628,0.0
94629,0.0
94630,0.0
94631,0.006528
94632,0.0
94633,0.0
94634,1.0
94635,0.538042
94636,0.0
94637,0.000547
94638,0.003443
94639,0.122117
94640,0.107696
94641,0.117976
94642,0.083519
94643,0.195701
94644,0.558498
94645,0.961344
94646,1.0
94647,1.0
94649,0.677611
94650,0.392213
94651,0.859649
94652,0.309726
94653,0.19313
94654,0.639512
94655,0.285606
94656,0.019296
94657,0.456477
94658,0.031814
94659,0.251008
94660,0.102349
94661,0.078261
94662,0.167618
94663,0.462053
94664,0.389956
94665,0.310449
94666,0.057942
94667,0.002227
94668,0.003668
94669,0.02989
94670,0.008224
94671,0.062217
94672,0.105793
94673,0.368546
94674,0.011273
94675,0.373589
94676,0.804389
94677,0.462959
94678,0.079082
94679,0.133474
94680,0.003061
94681,0.005432
94682,0.040565
94683,0.034567
94684,0.026924
94685,0.0
94686,0.0
94687,0.0
94688,0.0
94689,0.0
94690,0.0
94691,0.0
94692,0.070927
94693,0.593431
94694,0.575362
94695,0.242101
94696,0.14699
94697,0.001551
94698,0.0
94699,0.0
94700,0.0
94701,0.0
94702,0.0
94703,0.0
94704,0.0
94705,0.0
94706,0.0
94707,0.0
94708,0.000173
94709,0.426645
94710,1.0
94711,0.005072
94712,0.0
94713,0.0
94714,0.0
94715,0.0
94716,0.002863
94717,0.021812
94718,0.017187
94719,0.038692
94720,0.060388
94721,0.025547
94722,0.022405
94723,0.0
94724,0.0
94725,0.0
94726,0.0
94727,0.0
94728,0.0
94729,0.001175
94730,0.004577
94731,0.011265
94732,0.0
94733,0.0
94734,0.0
94735,5.3e-05
94736,0.0
94737,0.053799
94738,0.127525
94739,0.008122
94740,0.0
94741,0.0
94742,0.0
94743,0.0
94744,0.0
94745,0.0
94746,0.0
94747,0.0
94748,0.0
94749,0.0
94750,0.0
94751,0.0
94752,0.0
94753,0.0
94754,0.0
94755,0.0
94756,0.0
94757,0.0
94758,0.0
94759,0.0
94760,0.0
94761,0.0
94762,0.009126
94763,0.0
94764,0.0
94765,0.0
94766,0.0
94767,0.0
94768,0.0
94769,0.0
94770,0.0
94771,0.0
94772,0.0
94773,0.0
94774,0.0
94775,0.0
94776,0.0
94777,0.0
94778,0.0
94779,0.0
94780,0.0
94781,0.00025
94782,0.0
94783,0.000231
94784,0.0
94785,0.0
94786,0.0
94787,0.0
94788,0.0
94789,0.0
94790,0.0
94791,0.0
94792,0.0
94793,0.0
94794,0.0
94795,0.0
94796,0.0
94797,0.0
94798,0.0
94799,0.0
94800,0.0
94801,0.0
94802,0.0
94803,0.0
94815,0.0
94816,0.0
94817,0.0
94818,0.0
94819,0.0
94820,0.0
94821,0.151123
94822,0.0
94823,0.0
94824,0.0
94825,0.0
94826,0.0
94827,0.0
94828,0.0
94829,0.0
94830,0.0
94831,0.0
94832,0.0
94833,0.0
94834,0.0
94835,0.0
94836,0.0
94854,0.0
94855,0.0
94856,0.0
94857,0.0
94858,0.0
94859,0.0
94860,0.004227
94861,0.0
94862,0.0
94863,0.0
94864,0.124725
94865,1.0
94866,1.0
94867,1.0
94868,0.828495
94869,0.029833
94870,0.0
94871,0.0
94872,0.0
94873,0.0
94874,0.0
94875,0.0
94876,0.0
94877,0.0
94878,0.0
94879,0.0
94880,0.0
94881,0.0
94882,0.0
94883,0.0
94884,0.0
94885,0.0
94886,0.0
94887,0.0
94888,0.0
94889,0.0
94890,0.0
94891,0.0
94892,0.0
94893,0.016842
94894,0.0
94895,0.0
94896,0.537518
94897,0.103318
94898,0.0
94899,0.017305
94900,0.0993
94901,0.0
94902,0.0
94903,0.0
94904,0.0
94905,0.0
94907,0.0
94908,0.025585
94909,0.0
94910,0.0
95228,0.0
95229,0.0
95230,0.0
95231,0.0
95232,0.012702
95233,0.885246
95234,1.0
95235,1.0
95236,0.040725
95237,0.0
95238,0.0
95239,0.0
95240,0.0
95241,0.0
95242,0.011757
95243,0.648365
95244,0.068849
95245,1.0
95246,0.563537
95247,0.271648
95248,0.299828
95249,0.493247
95250,0.95234
95251,0.371595
95252,0.019265
95253,0.000558
95254,0.017756
95255,0.365916
95256,0.622397
95257,0.062179
95258,1.0
95259,1.0
95260,1.0
95261,0.979421
95265,1.0
95266,0.012282
95267,0.04135
95268,0.231731
95269,0.657604
95270,0.327861
95271,0.242138
95272,0.142496
95273,0.037185
95274,0.013624
95275,0.220934
95276,0.818649
95277,0.409536
95278,0.571098
95279,0.358885
95280,0.260789
95281,0.898562
95282,0.339447
95283,0.09886
95284,0.002747
95285,0.006559
95286,0.040334
95287,0.039898
95288,0.020127
95289,0.000263
95290,0.107597
95291,0.098482
95292,0.001791
95293,0.001205
95294,0.008327
95295,0.081983
95296,0.145375
95297,0.27351
95298,0.011108
95299,0.002112
95300,0.017922
95301,0.46573
95302,0.304953
95303,0.002971
95304,0.011207
95305,0.005042
95306,0.072538
95307,0.093957
95309,0.0
95310,0.001292
95311,0.005002
95312,0.002014
95313,0.0
95314,0.0
95315,0.105343
95316,0.0
95317,0.003162
95318,1.0
95319,0.504777
95320,0.022017
95321,0.155766
95322,0.096272
95323,0.023231
95324,0.123982
95325,0.449052
95326,0.369343
95327,0.680905
95328,0.973622
95329,0.932999
95330,0.972084
95331,1.0
95332,1.0
95333,0.440823
95334,0.612496
95335,1.0
95336,0.015394
95337,0.003656
95338,0.003408
95339,0.077904
95340,0.007741
95341,0.011358
95342,0.023787
95343,0.028991
95344,0.06448
95345,0.003206
95346,1.0
95347,0.384393
95348,0.81977
95349,0.067729
95350,0.010781
95351,0.218584
95352,0.268104
95353,0.062367
95354,0.016975
95355,0.454455
95356,0.920133
95357,0.478793
95358,0.012376
95359,0.015039
95360,0.270084
95361,0.807863
95362,0.856447
95363,0.355024
95364,0.021373
95365,0.0
95366,0.196863
95367,0.69509
95368,0.023787
95369,0.0
95370,0.0
95371,0.0
95372,0.0
95373,0.0
95374,0.006345
95375,0.000281
95376,0.01546
95377,0.036266
95378,0.0
95379,0.005919
95380,0.0
95381,0.0
95382,0.0
95383,0.0
95384,0.0
95385,0.0
95386,0.0
95387,0.0
95388,0.0
95389,0.0
95390,0.0
95391,0.0
95392,0.0
95393,0.000391
95394,0.1178
95395,0.112628
95396,0.001134
95397,0.0
95398,0.0
95399,0.0
95400,0.0
95401,0.0
95402,0.0
95403,0.0
95404,0.0
95405,0.0
95406,0.0
95407,0.0
95408,0.0
95409,0.0
95410,0.0
95411,0.0
95412,0.0
95413,0.0
95414,0.000997
95415,0.000434
95416,0.0
95417,0.0
95418,0.0
95419,0.0
95420,0.0
95421,0.0
95422,0.007575
95423,0.066586
95424,0.209834
95425,0.000421
95426,0.0
95427,0.0
95428,0.0
95429,0.0
95430,0.0
95431,0.0
95432,0.0
95433,0.0
95434,0.0
95435,0.0
95436,0.0
95437,0.0
95438,0.0
95439,0.0
95440,0.0
95441,0.0
95442,0.0
95443,0.0
95444,0.0
95445,0.0
95446,0.0
95447,0.0
95448,0.0
95449,0.0
95450,0.0
95451,0.0
95452,0.0
95453,0.0
95454,0.0
95455,0.0
95456,0.0
95457,0.0
95458,0.0
95459,0.0
95460,0.0
95461,0.0
95462,0.0
95463,0.0
95464,0.0
95465,0.0
95466,0.0
95467,9e-06
95468,0.0
95469,0.0
95470,0.0
95471,0.0
95472,0.0
95473,0.0
95474,0.0
95475,0.0
95476,0.0
95477,0.0
95478,0.0
95479,0.0
95480,0.0
95481,0.0
95482,0.0
95483,0.0
95484,0.0
95485,0.0
95486,0.0
95487,0.0
95499,0.0
95500,0.0
95501,0.0
95502,0.0
95503,0.0
95504,0.0
95505,0.449424
95506,0.0
95507,0.0
95508,0.0
95509,0.0
95510,0.0
95511,0.0
95512,0.0
95513,0.0
95514,0.0
95515,0.0
95516,0.0
95517,0.0
95518,0.0
95519,0.0
95520,0.005188
95536,0.0
95537,0.0
95538,0.0
95539,0.0
95540,0.0
95541,0.0
95542,0.0
95543,0.0
95544,0.004441
95545,0.0
95546,0.0
95547,0.0
95548,0.795677
95549,1.0
95550,1.0
95551,1.0
95552,1.0
95553,0.513743
95554,0.0
95555,0.0
95556,0.0
95557,0.0
95558,0.0
95559,0.0
95560,0.0
95561,0.0
95562,0.0
95563,0.0
95564,0.0
95565,0.0
95566,0.0
95567,0.0
95568,0.0
95569,0.0
95570,0.0
95571,0.0
95572,0.0
95573,0.0
95574,0.0
95575,0.0
95576,0.0
95577,0.0
95578,0.0
95579,0.177545
95580,0.116508
95581,0.0
95582,0.0
95583,0.103001
95584,0.009587
95585,0.0
95586,0.0
95587,0.0
95588,0.0
95589,0.0
95590,0.0
95591,0.0
95592,0.0
95911,0.000194
95912,0.0
95913,0.0
95914,0.0
95915,0.032204
95916,0.004292
95917,1.0
95918,1.0
95919,1.0
95920,0.038709
95921,0.0
95922,0.0
95923,0.0
95924,0.0
95925,0.0
95926,0.224772
95927,0.011842
95928,0.226442
95929,1.0
95930,0.391163
95931,0.978904
95932,0.913282
95933,0.579188
95934,1.0
95935,1.0
95936,0.445179
95937,0.0
95938,0.47106
95939,0.336895
95940,0.967123
95941,0.077898
95942,0.006295
95943,0.711845
95944,0.870308
95945,0.935065
95946,1.0
95949,1.0
95950,0.03959
95951,0.080814
95952,0.88249
95953,0.209708
95954,0.171342
95955,0.214481
95956,0.280912
95957,0.161903
95958,0.031314
95959,0.811563
95960,0.879883
95961,0.378768
95962,0.505426
95963,0.290388
95964,0.001893
95965,0.329024
95966,0.057098
95967,0.005412
95968,0.000514
95969,0.00261
95970,0.011721
95971,0.010151
95972,0.066342
95973,0.029207
95974,0.035284
95975,0.129907
95976,0.003148
95977,0.049826
95978,0.061218
95979,0.00945
95980,0.048038
95981,0.263674
95982,0.006413
95983,0.02624
95984,0.042265
95985,0.25759
95986,0.357419
95987,0.0
95988,0.004384
95989,0.0
95990,0.000784
95991,0.064793
95993,0.0
95994,0.005554
95995,0.008377
95996,0.135621
95997,0.0
95998,0.0
95999,0.581055
96000,0.032676
96001,1.0
96002,0.870889
96003,0.990504
96004,0.088379
96005,0.005966
96006,0.10334
96007,0.160185
96008,0.13848
96009,0.209758
96010,0.058928
96011,0.323664
96012,0.532435
96013,0.485456
96014,0.571096
96015,0.783915
96016,0.619361
96017,0.355803
96018,0.409506
96019,0.166476
96020,0.285499
96021,0.01287
96022,0.17571
96023,0.201387
96024,0.00452
96025,0.007455
96026,0.873147
96027,0.934511
96028,0.931641
96029,0.662848
96030,0.245934
96031,0.010262
96032,0.665243
96033,0.500854
96034,0.108811
96035,0.076593
96036,0.32107
96037,0.010959
96038,0.192376
96039,0.22754
96040,0.519878
96041,0.323627
96042,0.00092
96043,0.002187
96044,0.001227
96045,0.914917
96046,1.0
96047,0.742417
96048,0.013508
96049,0.000968
96050,0.053733
96051,0.385622
96052,0.000798
96053,0.0
96054,0.0
96055,0.0
96056,0.0
96057,0.0
96058,0.000456
96059,0.000311
96060,0.0
96061,0.0
96062,0.0
96063,0.005375
96064,0.0
96065,0.0
96066,0.0
96067,0.0
96068,0.0
96069,0.0
96070,0.0
96071,0.0
96072,0.0
96073,0.0
96074,0.0
96075,0.0
96076,0.0
96077,0.0
96078,0.0
96079,0.0
96080,0.020043
96081,0.001921
96082,0.013398
96083,0.0
96084,0.0
96085,0.0
96086,0.0
96087,0.0
96088,0.0
96089,0.0
96090,0.0
96091,0.0
96092,0.0
96093,0.0
96094,0.0
96095,0.0
96096,0.0
96097,0.0
96098,0.0
96099,0.0
96100,0.0
96101,0.0
96102,0.0
96103,0.0
96104,0.0
96105,0.0
96106,0.0
96107,0.0
96108,0.056363
96109,0.0
96110,0.0
96111,0.0
96112,0.0
96113,0.0
96114,0.0
96115,0.0
96116,0.0
96117,0.0
96118,0.0
96119,0.0
96120,0.0
96121,0.0
96122,0.0
96123,0.0
96124,0.0
96125,0.0
96126,0.0
96127,0.0
96128,0.0
96129,0.0
96130,0.0
96131,0.0
96132,0.0
96133,0.0
96134,0.0
96135,0.0
96136,0.0
96137,0.0
96138,0.0
96139,0.0
96140,0.0
96141,0.0
96142,0.0
96143,0.0
96144,0.0
96145,0.0
96146,0.0
96147,0.0
96148,0.0
96149,0.0
96150,0.0
96151,0.0
96152,3.4e-05
96153,0.0
96154,0.0
96155,0.0
96156,0.0
96157,0.0
96158,0.0
96159,0.0
96160,0.0
96161,0.0
96162,0.0
96163,0.0
96164,0.0
96165,0.0
96166,0.0
96167,0.0
96168,0.0
96169,0.0
96170,0.0
96171,0.094646
96182,0.0
96183,0.0
96184,0.0
96185,0.0
96186,0.0
96187,0.0
96188,0.0
96189,0.0
96190,0.0
96191,0.0
96192,0.0
96193,0.0
96194,0.0
96195,0.0
96196,0.0
96197,0.0
96198,0.0
96199,0.0
96200,0.0
96201,0.0
96202,0.0
96203,0.0
96204,0.0
96219,0.0
96220,0.0
96221,0.0
96222,0.0
96223,0.0
96224,0.0
96225,0.0
96226,0.0
96227,0.0
96228,0.02467
96229,0.0
96230,0.0
96231,0.020444
96232,0.90438
96233,0.94977
96234,0.879888
96235,1.0
96236,1.0
96237,0.167127
96238,0.0
96239,0.0
96240,0.0
96241,0.0
96242,0.0
96243,0.0
96244,0.0
96245,0.0
96246,0.0
96247,0.0
96248,0.0
96249,0.0
96250,0.0
96251,0.0
96252,0.0
96253,0.0
96254,0.0
96255,0.0
96256,0.0
96257,0.0
96258,0.0
96259,0.0
96260,0.0
96261,0.0
96262,0.0
96263,0.005176
96264,0.0
96265,0.0
96266,0.0
96267,0.0
96268,0.112415
96269,0.000693
96270,0.0
96271,0.0
96272,0.0
96273,0.002856
96274,0.0
96595,0.0
96596,0.0
96597,0.0
96598,0.002903
96599,0.0
96600,0.03217
96601,1.0
96602,1.0
96603,0.680745
96604,0.006482
96605,0.0
96606,0.0
96607,0.0
96608,0.0
96609,0.0
96610,0.0
96611,0.00064
96612,0.094104
96613,0.220632
96615,1.0
96616,1.0
96617,0.771326
96618,1.0
96619,1.0
96620,0.965835
96621,0.063375
96622,0.433434
96623,0.411028
96624,0.491679
96625,0.021122
96626,0.0
96627,0.09673
96628,0.956777
96629,1.0
96632,0.291304
96633,0.21661
96634,0.028249
96635,0.404311
96636,0.393395
96637,0.292109
96638,0.010976
96639,0.099865
96640,0.589507
96641,0.548705
96642,0.098911
96643,0.974012
96644,0.549622
96645,0.454343
96646,0.36869
96647,0.18772
96648,0.000631
96649,0.019269
96650,0.000158
96651,0.014805
96652,0.005127
96653,0.011541
96654,0.020034
96655,0.003144
96656,0.002318
96657,0.000142
96658,0.000357
96659,0.0
96660,0.030815
96661,0.019691
96662,0.181633
96663,0.082476
96664,0.000908
96665,0.065458
96666,0.131337
96667,0.001485
96668,0.062854
96669,0.091379
96670,0.000547
96671,0.000726
96673,0.0
96674,0.023322
96675,0.276784
96676,0.0
96678,0.0
96679,0.0
96680,0.0
96681,0.0
96682,0.012441
96683,0.750488
96684,0.391038
96685,1.0
96686,1.0
96687,0.478063
96688,0.055194
96689,0.009388
96690,0.442121
96691,0.214624
96692,0.057632
96693,0.221252
96694,0.005126
96695,0.299391
96696,0.410878
96697,0.340399
96698,0.225025
96699,0.359173
96700,0.40462
96701,0.011641
96702,0.210381
96703,0.381161
96704,0.227389
96705,0.043905
96706,0.077631
96707,0.131881
96708,0.044631
96709,0.046757
96710,0.600515
96711,0.611674
96712,0.380057
96713,0.048836
96714,0.002617
96715,0.007998
96716,0.265446
96717,0.437063
96718,0.231765
96719,0.065823
96720,0.470017
96721,0.204976
96722,0.015233
96723,0.164676
96724,0.190681
96725,0.110616
96726,0.014885
96727,0.007319
96728,0.002035
96729,0.192905
96730,0.144572
96731,0.831186
96732,0.0371
96733,0.0
96734,0.204631
96735,0.53814
96736,0.00186
96737,0.016546
96738,0.000137
96739,0.0
96740,0.0
96741,0.0
96742,0.0
96743,0.0
96744,0.0
96745,0.0
96746,0.0
96747,0.0
96748,0.0
96749,0.0
96750,0.0
96751,0.0
96752,0.0
96753,0.0
96754,0.0
96755,0.0
96756,0.0
96757,0.0
96758,0.0
96759,0.0
96760,0.0
96761,0.0
96762,0.0
96763,0.0
96764,0.0
96765,0.007471
96766,0.013337
96767,0.0
96768,0.0
96769,0.0
96770,0.0
96771,0.0
96772,0.0
96773,0.0
96774,0.0
96775,0.0
96776,0.0
96777,0.0
96778,0.0
96779,0.0
96780,0.0
96781,0.0
96782,0.0
96783,0.0
96784,0.0
96785,0.0
96786,0.0
96787,0.0
96788,0.0
96789,0.0
96790,0.0
96791,0.0
96792,0.0
96793,0.0
96794,0.0
96795,0.0
96796,0.0
96797,0.0
96798,0.0
96799,0.0
96800,0.0
96801,0.0
96802,0.0
96803,0.0
96804,0.001603
96805,0.0
96806,0.0
96807,0.0
96808,0.0
96809,0.0
96810,0.0
96811,0.0
96812,0.0
96813,0.0
96814,0.0
96815,0.0
96816,0.0
96817,0.0
96818,0.0
96819,0.0
96820,0.0
96821,0.0
96822,0.0
96823,0.0
96824,0.0
96825,0.0
96826,0.0
96827,0.0
96828,0.0
96829,0.0
96830,0.0
96831,0.0
96832,0.0
96833,0.0
96834,0.0
96835,0.0
96836,0.0
96837,5.1e-05
96838,0.0
96839,0.0
96840,0.0
96841,0.0
96842,0.0
96843,0.0
96844,0.0
96845,0.0
96846,0.0
96847,0.0
96848,0.0
96849,0.0
96850,0.0
96851,0.0
96852,0.0
96853,0.0
96854,0.0
96855,0.0
96866,0.0
96867,0.0
96868,0.0
96869,0.0
96870,0.0
96871,0.0
96872,0.0
96873,0.0
96874,0.0
96875,0.0
96876,0.0
96877,0.0
96878,0.0
96879,0.0
96880,0.0
96881,0.0
96882,0.0
96883,0.0
96884,0.0
96885,0.0
96886,0.0
96887,0.0
96902,0.0
96903,0.0
96904,0.0
96905,0.0
96906,0.0
96907,0.0
96908,0.0
96909,0.0
96910,0.0
96911,0.0
96912,0.0
96913,0.0
96914,0.0
96915,0.0
96916,0.002091
96917,0.065811
96918,0.250527
96919,0.663277
96920,0.061118
96921,0.0
96922,0.0
96923,0.0
96924,0.0
96925,0.0
96926,0.0
96927,0.0
96928,0.0
96929,0.0
96930,0.0
96931,0.0
96932,0.0
96933,0.0
96934,0.0
96935,0.0
96936,0.0
96937,0.0
96938,0.0
96939,0.0
96940,0.0
96941,0.0
96942,0.0
96943,0.0
96944,0.0
96945,0.0
96946,0.0
96947,0.0
96948,0.0
96949,0.0
96950,0.0
96951,0.0
96952,0.003527
96953,0.014905
96954,0.0
96955,0.001974
97278,2.3e-05
97279,0.0
97280,0.0
97281,0.0
97282,0.0
97283,0.017726
97284,1.0
97285,1.0
97286,1.0
97287,0.011979
97288,0.0
97289,0.0
97290,0.0
97291,0.0
97292,0.0
97293,0.0
97294,0.0
97295,0.030807
97296,0.296582
97297,1.0
97298,1.0
97299,1.0
97300,0.504716
97301,0.856514
97302,1.0
97303,1.0
97304,1.0
97305,0.967447
97306,0.056905
97307,0.113827
97308,0.151303
97309,0.018462
97310,0.0
97311,0.0
97312,0.650859
97316,0.063277
97317,0.176107
97318,0.023682
97319,0.616891
97320,0.149459
97321,0.041441
97322,0.141813
97323,0.360082
97324,0.776064
97325,0.932828
97326,0.188033
97327,0.94357
97328,0.503782
97329,0.38837
97330,0.259804
97331,0.164391
97332,0.05704
97333,0.000981
97334,0.000399
97335,0.030591
97336,0.011504
97337,0.001968
97338,0.007187
97339,0.069661
97340,0.043788
97341,0.002896
97342,0.000453
97343,0.076277
97344,0.002777
97345,0.07432
97346,0.018915
97347,0.105584
97348,0.229231
97349,0.366544
97350,0.111115
97351,0.002514
97352,0.008277
97353,0.000459
97354,0.001407
97355,0.0
97356,0.026181
97357,0.001207
97358,0.203284
97359,0.795714
97360,0.0
97363,0.0
97364,0.0
97365,0.0
97366,0.029111
97367,0.890384
97368,0.982383
97369,1.0
97370,1.0
97371,0.362871
97372,0.009148
97373,0.000101
97374,0.260971
97375,0.137798
97376,0.007043
97377,0.096557
97378,0.006818
97379,0.171467
97380,0.41414
97381,0.212079
97382,0.315379
97383,0.290464
97384,0.140521
97385,0.003959
97386,0.233681
97387,0.276993
97388,0.416472
97389,0.180432
97390,0.288196
97391,0.106171
97392,0.251722
97393,0.414633
97394,0.499004
97395,0.481638
97396,0.464511
97397,0.019267
97398,0.006368
97399,0.18421
97400,0.003488
97401,0.226738
97402,0.378206
97403,0.279767
97404,0.241273
97405,0.056459
97406,0.002176
97407,0.119664
97408,0.281195
97409,0.139409
97410,0.016555
97411,0.000219
97412,0.001135
97413,0.000342
97414,0.011647
97415,0.582396
97416,0.211019
97417,0.074481
97418,0.009218
97419,0.000549
97420,0.0
97421,0.0
97422,0.0
97423,0.016834
97424,0.01864
97425,0.0
97426,0.0
97427,0.0
97428,0.0
97429,0.0
97430,0.0
97431,0.0
97432,0.0
97433,0.0
97434,0.0
97435,0.0
97436,0.0
97437,0.0
97438,0.0
97439,0.0
97440,0.0
97441,0.0
97442,0.0
97443,0.0
97444,0.0
97445,0.0
97446,0.0
97447,0.0
97448,0.0
97449,0.0
97450,0.0
97451,0.0
97452,0.0
97453,0.0
97454,0.0
97455,0.0
97456,0.0
97457,0.0
97458,0.0
97459,0.0
97460,0.0
97461,0.0
97462,0.0
97463,0.0
97464,0.0
97465,0.0
97466,0.0
97467,0.0
97468,0.0
97469,0.0
97470,0.0
97471,0.0
97472,0.0
97473,0.0
97474,0.0
97475,0.0
97476,0.0
97477,0.0
97478,0.0
97479,0.0
97480,0.0
97481,0.0
97482,0.0
97483,0.0
97484,0.0
97485,0.0
97486,0.0
97487,0.0
97488,0.0
97489,0.0
97490,0.0
97491,0.0
97492,0.0
97493,0.0
97494,0.0
97495,0.0
97496,0.0
97497,0.0
97498,0.0
97499,0.0
97500,0.0
97501,0.0
97502,0.0
97503,0.0
97504,0.0
97505,0.0
97506,0.0
97507,0.0
97508,0.0
97509,0.0
97510,0.0
97511,0.0
97512,0.0
97513,0.0
97514,0.0
97515,0.0
97516,0.0
97517,0.0
97518,0.0
97519,0.0
97520,0.0
97521,0.020711
97522,0.022588
97523,0.0
97524,0.0
97525,0.0
97526,0.0
97527,0.0
97528,0.0
97529,0.0
97530,0.0
97531,0.0
97532,0.0
97533,0.0
97534,0.0
97535,0.0
97536,0.0
97537,0.0
97538,0.0
97539,0.0
97540,0.0
97549,0.0
97550,0.0
97551,0.0
97552,0.0
97553,0.0
97554,0.0
97555,0.0
97556,0.0
97557,0.0
97558,0.0
97559,0.0
97560,0.0
97561,0.0
97562,0.0
97563,0.0
97564,0.0
97565,0.0
97566,0.0
97567,0.0
97568,0.0
97569,0.0
97570,0.0
97571,0.0
97585,0.0
97586,0.0
97587,0.0
97588,0.0
97589,0.0
97590,0.0
97591,0.0
97592,0.0
97593,0.0
97594,0.0
97595,0.0
97596,0.0
97597,0.0
97598,0.0
97599,0.0
97600,0.0
97601,0.0
97602,0.0
97603,0.0
97604,0.0
97605,0.0
97606,0.0
97607,0.0
97608,0.0
97609,0.0
97610,0.0
97611,0.0
97612,0.0
97613,0.0
97614,0.0
97615,0.0
97616,0.0
97617,0.0
97618,0.0
97619,0.0
97620,0.0
97621,0.0
97622,0.0
97623,0.0
97624,0.0
97625,0.0
97626,0.0
97627,0.0
97628,0.0
97629,0.0
97630,0.0
97631,0.0
97632,0.0
97633,0.0
97634,0.0
97635,0.0
97636,0.0
97637,0.0
97638,0.0
97962,0.0
97963,0.0
97964,0.0
97965,0.0
97966,0.0
97967,0.001314
97968,0.968225
97969,1.0
97971,0.02451
97972,0.0
97973,0.0
97974,0.0
97975,0.0
97976,0.0
97977,0.0
97978,0.0
97979,0.001654
97980,0.662142
97981,1.0
97982,1.0
97983,1.0
97984,1.0
97985,0.554959
97986,0.814841
97987,0.981208
97988,1.0
97989,0.99881
97990,0.029985
97991,0.031824
97992,0.351717
97993,0.072278
97994,0.0
97995,0.0
97996,0.0
97998,0.0
97999,0.298978
98000,0.268757
98001,0.534425
98002,0.303153
98003,0.27927
98004,0.154783
98005,0.290693
98006,0.430299
98007,0.926368
98008,0.616685
98009,0.939084
98010,0.935956
98011,0.983752
98012,0.80363
98013,0.487131
98014,0.183655
98015,0.163508
98016,0.029817
98017,0.002707
98018,0.001231
98019,0.03974
98020,0.00404
98021,0.000674
98022,0.055195
98023,0.044517
98024,0.00979
98025,0.00071
98026,0.000954
98027,0.305622
98028,0.0006
98029,0.000432
98030,0.004025
98031,0.002545
98032,0.025793
98033,0.088734
98034,0.062185
98035,0.21051
98036,0.004096
98037,0.021757
98038,0.005528
98041,1.0
98042,1.0
98043,1.0
98044,0.691018
98045,0.0
98046,0.0
98047,0.0
98048,0.0
98049,0.034177
98050,0.0
98051,0.011539
98052,0.353981
98053,1.0
98054,1.0
98055,0.718532
98056,0.031343
98057,0.003652
98058,0.184615
98059,0.138827
98060,0.036145
98061,0.342968
98062,0.340499
98063,0.386842
98064,0.383782
98065,0.300203
98066,0.430515
98067,0.2903
98068,0.25308
98069,0.065112
98070,0.309664
98071,0.12886
98072,0.269009
98073,0.251302
98074,0.263622
98075,0.38452
98076,0.475589
98077,0.503357
98078,0.319924
98079,0.469768
98080,0.469497
98081,0.474158
98082,0.001614
98083,0.273202
98084,0.324837
98085,0.150029
98086,0.229047
98087,0.154467
98088,0.025779
98089,0.003242
98090,0.004312
98091,0.009572
98092,0.110399
98093,0.161837
98094,0.072455
98095,0.000297
98096,0.001379
98097,7.6e-05
98098,0.002675
98099,0.002164
98100,0.289691
98101,0.030485
98102,0.0
98103,0.0
98104,0.0
98105,0.0
98106,0.0
98107,0.002972
98108,0.017935
98109,0.0
98110,0.0
98111,0.0
98112,0.0
98113,0.0
98114,0.0
98115,0.0
98116,0.0
98117,0.0
98118,0.0
98119,0.0
98120,0.0
98121,0.0
98122,0.0
98123,0.0
98124,0.0
98125,0.0
98126,0.0
98127,0.0
98128,0.0
98129,0.0
98130,0.0
98131,0.0
98132,0.0
98133,0.0
98134,0.0
98135,0.0
98136,0.0
98137,0.0
98138,0.0
98139,0.0
98140,0.0
98141,0.0
98142,0.0
98143,0.0
98144,0.0
98145,0.0
98146,0.0
98147,0.0
98148,0.0
98149,0.0
98150,0.0
98151,0.0
98152,0.0
98153,0.0
98154,0.0
98155,0.0
98156,0.0
98157,0.0
98158,0.0
98159,0.0
98160,0.0
98161,0.0
98162,0.0
98163,0.0
98164,0.0
98165,0.0
98166,0.0
98167,0.0
98168,0.0
98169,0.0
98170,0.0
98171,0.0
98172,0.0
98173,0.0
98174,0.0
98175,0.0
98176,0.0
98177,0.0
98178,0.0
98179,0.0
98180,0.0
98181,0.0
98182,0.0
98183,0.0
98184,0.0
98185,0.0
98186,0.0
98187,0.0
98188,0.0
98189,0.0
98190,0.0
98191,0.0
98192,0.0
98193,0.0
98194,0.0
98195,0.0
98196,0.0
98197,0.0
98198,0.0
98199,0.0
98200,0.0
98201,0.0
98202,0.0
98203,0.0
98204,0.0
98205,0.0
98206,0.100042
98207,0.0
98208,0.0
98209,0.0
98210,0.0
98211,0.0
98212,0.0
98213,0.0
98214,0.0
98215,0.0
98216,0.0
98217,0.0
98218,0.0
98219,0.0
98220,0.0
98221,0.0
98222,0.0
98223,0.0
98224,0.0
98233,0.0
98234,0.0
98235,0.0
98236,0.0
98237,0.0
98238,0.0
98239,0.0
98240,0.0
98241,0.0
98242,0.0
98243,0.0
98244,0.0
98245,0.0
98246,0.0
98247,0.0
98248,0.0
98249,0.0
98250,0.0
98251,0.0
98252,0.0
98253,0.0
98254,0.0
98255,0.0
98256,0.0
98268,0.0
98269,0.0
98270,0.0
98271,0.0
98272,0.0
98273,0.0
98274,0.0
98275,0.0
98276,0.0
98277,0.0
98278,0.0
98279,0.0
98280,0.0
98281,0.0
98282,0.0
98283,0.0
98284,0.0
98285,0.0
98286,0.0
98287,0.0
98288,0.0
98289,0.0
98290,0.0
98291,0.0
98292,0.0
98293,0.0
98294,0.0
98295,0.0
98296,0.0
98297,0.0
98298,0.0
98299,0.0
98300,0.0
98301,0.0
98302,0.0
98303,0.0
98304,0.0
98305,0.0
98306,0.0
98307,0.0
98308,0.0
98309,0.0
98310,0.0
98311,0.0
98312,0.0
98313,0.0
98314,0.0
98315,0.0
98316,0.0
98317,0.0
98318,0.0
98319,0.0
98320,0.0
98321,0.0
98322,0.0
98323,0.0
98324,0.112429
98647,0.0
98648,0.0
98649,0.0
98650,0.0
98651,0.0
98652,0.78065
98653,1.0
98654,1.0
98655,0.135171
98656,0.000549
98657,0.0
98658,0.000135
98659,0.0
98660,0.0
98661,0.0
98662,0.0
98663,0.0
98664,0.115912
98665,0.438206
98666,0.297769
98667,1.0
98668,1.0
98669,0.695131
98670,0.338337
98671,0.337209
98672,0.095801
98673,0.313331
98674,0.130714
98675,0.255861
98676,0.155006
98677,0.038416
98678,0.005519
98679,0.1602
98680,0.794509
98681,0.477823
98682,0.486549
98683,0.495909
98684,0.393826
98685,0.438276
98686,0.242393
98687,0.350159
98688,0.335885
98689,0.399045
98690,0.671955
98691,0.991555
98692,0.438287
98693,0.184903
98694,0.984122
98695,1.0
98696,0.639379
98697,0.12346
98698,0.000275
98699,0.008315
98700,0.157273
98701,0.136138
98702,0.003124
98703,0.014114
98704,0.005503
98705,0.013705
98706,0.000471
98707,0.000209
98708,0.007463
98709,0.030909
98710,0.018739
98711,0.023439
98712,0.146144
98713,0.185478
98714,0.005371
98715,0.023695
98716,0.257597
98717,0.428752
98718,0.803951
98719,0.931706
98720,0.325057
98721,0.0
98724,1.0
98725,1.0
98726,1.0
98727,0.999852
98728,0.99667
98731,0.0
98732,0.0
98733,0.0
98734,0.246525
98735,0.0
98736,0.692333
98737,0.886187
98738,0.935788
98739,1.0
98740,0.167185
98741,0.051041
98742,0.14805
98743,0.149269
98744,0.275863
98745,0.516163
98746,0.555378
98747,0.366132
98748,0.483508
98749,0.126242
98750,0.368326
98751,0.149468
98752,0.124979
98753,0.184548
98754,0.281585
98755,0.30032
98756,0.35314
98757,0.391681
98758,0.327304
98759,0.365231
98760,0.448268
98761,0.407609
98762,0.318688
98763,0.453719
98764,0.440651
98765,0.311627
98766,0.004302
98767,0.272563
98768,0.2369
98769,0.350257
98770,0.410713
98771,0.38034
98772,0.134451
98773,0.188026
98774,0.106984
98775,0.003055
98776,0.129182
98777,0.221141
98778,0.045439
98779,0.138888
98780,0.000912
98781,0.000611
98782,0.000151
98783,0.000364
98784,0.057252
98785,0.00984
98786,0.0
98787,0.0
98788,0.0
98789,0.0
98790,0.0
98791,0.000312
98792,0.0
98793,0.0
98794,0.0
98795,0.000309
98796,0.002419
98797,0.0
98798,0.0
98799,0.0
98800,0.0
98801,0.0
98802,0.0
98803,0.0
98804,0.0
98805,0.0
98806,0.0
98807,0.0
98808,0.0
98809,0.0
98810,0.0
98811,0.0
98812,0.0
98813,0.0
98814,0.0
98815,0.0
98816,0.0
98817,0.0
98818,0.0
98819,0.0
98820,0.0
98821,0.0
98822,0.0
98823,0.0
98824,0.0
98825,0.0
98826,0.0
98827,0.0
98828,0.0
98829,0.0
98830,0.0
98831,0.0
98832,0.0
98833,0.0
98834,0.0
98835,0.0
98836,0.0
98837,0.0
98838,0.0
98839,0.0
98840,0.0
98841,0.0
98842,0.0
98843,0.0
98844,0.0
98845,0.0
98846,0.0
98847,0.0
98848,0.0
98849,0.0
98850,0.0
98851,0.0
98852,0.0
98853,0.0
98854,0.0
98855,0.0
98856,0.0
98857,0.0
98858,0.0
98859,0.0
98860,0.0
98861,0.0
98862,0.0
98863,0.0
98864,0.0
98865,0.0
98866,0.0
98867,0.0
98868,0.0
98869,0.0
98870,0.0
98871,0.0
98872,0.0
98873,0.0
98874,0.0
98875,0.0
98876,0.0
98877,0.0
98878,0.0
98879,0.0
98880,0.0
98881,0.0
98882,0.0
98883,0.0
98884,0.0
98885,0.0
98886,0.0
98887,0.0
98888,0.0
98889,0.0
98890,0.0
98891,0.000728
98892,0.0
98893,0.0
98894,0.0
98895,0.0
98896,0.0
98897,0.0
98898,0.0
98899,0.0
98900,0.0
98901,0.0
98902,0.0
98903,0.0
98904,0.0
98905,0.0
98906,0.0
98907,0.0
98908,0.0
98909,0.0
98916,0.0
98917,0.0
98918,0.0
98919,0.0
98920,0.0
98921,0.0
98922,0.0
98923,0.0
98924,0.0
98925,0.0
98926,0.0
98927,0.0
98928,0.0
98929,0.0
98930,0.0
98931,0.0
98932,0.0
98933,0.0
98934,0.0
98935,0.0
98936,0.0
98937,0.0
98938,0.0
98939,0.0
98940,0.0
98941,0.0
98942,0.0
98943,0.0
98949,0.0
98950,0.0
98951,0.0
98952,0.022331
98953,0.20258
98954,0.0
98955,0.0
98956,0.0
98957,0.0
98958,0.0
98959,0.0
98960,0.0
98961,0.0
98962,0.0
98963,0.0
98964,0.0
98965,0.0
98966,0.0
98967,0.0
98968,0.0
98969,0.0
98970,0.0
98971,0.0
98972,0.0
98973,0.0
98974,0.0
98975,0.0
98976,0.0
98977,0.0
98978,0.0
98979,0.0
98980,0.0
98981,0.0
98982,0.0
98983,0.0
98984,0.0
98985,0.0
98986,0.0
98987,0.0
98988,0.0
98989,0.0
98990,0.0
98991,0.0
98992,0.0
98993,0.0
98994,0.0
98995,0.0
98996,0.0
98997,0.0
98998,0.0
98999,0.0
99000,0.0
99001,0.0
99002,0.0
99003,0.0
99004,0.0
99005,0.0
99006,0.0
99007,0.010257
99008,0.434838
99330,0.0
99331,0.0
99332,0.0
99333,0.004414
99334,0.0
99335,0.013446
99336,0.099608
99337,1.0
99338,1.0
99339,0.011971
99340,0.00432
99341,0.0
99342,9.3e-05
99343,0.0
99344,0.0
99345,0.0
99346,0.0
99347,0.0
99348,0.032272
99349,0.113522
99350,0.899269
99351,1.0
99352,1.0
99353,1.0
99354,0.602226
99355,0.233276
99356,0.0
99357,0.081156
99358,0.019022
99359,0.175641
99360,0.710975
99361,0.096474
99362,0.0
99363,0.335362
99364,0.543755
99365,0.428154
99366,0.46776
99367,0.444423
99368,0.325001
99369,0.461074
99370,0.006121
99371,0.079451
99372,0.044318
99373,0.105712
99374,0.0
99375,0.007339
99376,0.676157
99377,1.0
99378,0.994755
99379,1.0
99380,0.99583
99381,0.369583
99382,0.108362
99383,0.096997
99384,0.223005
99385,0.28864
99386,0.000421
99387,0.000442
99388,0.003254
99389,0.006479
99390,0.060438
99391,0.002079
99392,0.001353
99394,0.013626
99395,0.091318
99398,1.0
99399,0.58533
99400,0.719018
99401,0.96428
99402,0.841007
99403,0.927163
99404,0.799991
99405,1.0
99409,1.0
99410,0.960669
99411,0.87219
99412,0.74987
99413,0.574968
99414,0.134686
99416,0.0
99417,0.0
99418,0.385248
99419,0.086494
99420,0.424178
99421,0.545122
99422,0.0
99423,0.153722
99424,0.083566
99425,0.000344
99426,0.06724
99427,0.083271
99428,0.153198
99429,0.045479
99430,0.011125
99431,0.278457
99432,0.282331
99433,0.051554
99434,0.016851
99435,0.024422
99436,0.162774
99437,0.243235
99438,0.300312
99439,0.157911
99440,0.296668
99441,0.402216
99442,0.438652
99443,0.455875
99444,0.390146
99445,0.094549
99446,0.215418
99447,0.448889
99448,0.499407
99449,0.294437
99450,0.007515
99451,0.091556
99452,0.023364
99453,0.215873
99454,0.347485
99455,0.12879
99456,0.003425
99457,0.037889
99458,0.0
99459,0.005817
99460,0.028689
99461,0.045197
99462,0.150477
99463,0.24628
99464,0.000282
99465,0.001461
99466,0.0
99467,0.002687
99468,0.212561
99469,0.003073
99470,0.0
99471,0.0
99472,0.0
99473,0.0
99474,0.0
99475,0.0
99476,0.0
99477,0.0
99478,0.005084
99479,0.0
99480,0.0
99481,0.0
99482,0.0
99483,0.0
99484,0.0
99485,0.0
99486,0.0
99487,0.0
99488,0.0
99489,0.0
99490,0.0
99491,0.0
99492,0.0
99493,0.0
99494,0.0
99495,0.0
99496,0.0
99497,0.0
99498,0.0
99499,0.0
99500,0.0
99501,0.054578
99502,0.0
99503,0.0
99504,0.0
99505,0.0
99506,0.0
99507,0.0
99508,0.0
99509,0.0
99510,0.0
99511,0.0
99512,0.0
99513,0.0
99514,0.0
99515,0.0
99516,0.0
99517,0.0
99518,0.0
99519,0.0
99520,0.0
99521,0.0
99522,0.0
99523,0.0
99524,0.0
99525,0.0
99526,0.0
99527,0.0
99528,0.0
99529,0.0
99530,0.0
99531,0.0
99532,0.0
99533,0.0
99534,0.0
99535,0.0
99536,0.0
99537,0.0
99538,0.0
99539,0.0
99540,0.0
99541,0.0
99542,0.0
99543,0.0
99544,0.0
99545,0.0
99546,0.0
99547,0.000205
99548,0.001055
99549,0.0
99550,0.0
99551,0.0
99552,0.0
99553,0.0
99554,0.0
99555,0.0
99556,0.0
99557,0.0
99558,0.0
99559,0.0
99560,0.0
99561,0.0
99562,0.0
99563,0.0
99564,0.0
99565,0.0
99566,0.0
99567,0.0
99568,0.0
99569,0.0
99570,0.0
99571,0.0
99572,0.0
99573,0.0
99574,0.0
99575,0.009797
99576,0.0
99577,0.0
99578,0.0
99579,0.0
99580,0.0
99581,0.0
99582,0.0
99583,0.0
99584,0.0
99585,0.0
99586,0.0
99587,0.0
99588,0.0
99589,0.319
99590,0.0
99591,0.0
99592,0.0
99593,0.0
99599,0.0
99600,0.0
99601,0.0
99602,0.0
99603,0.0
99604,0.0
99605,0.0
99606,0.0
99607,0.0
99608,0.0
99609,0.0
99610,0.0
99611,0.0
99612,0.0
99613,0.0
99614,0.0
99615,0.0
99616,0.0
99617,0.0
99618,0.0
99619,0.0
99620,0.0
99621,0.0
99622,0.0
99623,0.0
99624,0.0
99625,0.0
99626,0.0
99627,0.0
99628,0.0
99629,0.474357
99630,0.0
99631,0.0
99632,0.0
99633,0.0
99634,0.0
99635,0.0
99636,0.0
99637,0.44661
99638,0.004935
99639,0.0
99640,0.46795
99641,0.630208
99642,0.0
99643,0.0
99644,0.0
99645,0.0
99646,0.0
99647,0.0
99648,0.0
99649,0.0
99650,0.0
99651,0.0
99652,0.0
99653,0.0
99654,0.0
99655,0.0
99656,0.0
99657,0.0
99658,0.0
99659,0.0
99660,0.0
99661,0.0
99662,0.0
99663,0.0
99664,0.0
99665,0.0
99666,0.0
99667,0.0
99668,0.0
99669,0.0
99670,0.0
99671,0.0
99672,0.0
99673,0.0
99674,0.0
99675,0.0
99676,0.0
99677,0.0
99678,0.0
99679,0.0
99680,0.0
99681,0.0
99682,0.0
99683,0.0
99684,0.0
99685,0.0
99686,0.0
99687,0.0
99688,0.0
99689,0.0
99690,0.0
99691,0.044261
99692,0.219057
100014,0.000646
100015,0.0
100016,0.0
100017,0.0
100018,0.0
100019,0.121728
100020,0.0
100021,0.007769
100022,0.0
100023,0.038132
100024,0.0
100025,0.0
100026,0.0
100027,0.0
100028,0.0
100029,0.0
100030,0.0
100031,0.0
100032,0.0
100033,0.142326
100034,0.96874
100035,1.0
100036,1.0
100037,1.0
100038,1.0
100039,0.276096
100040,0.252812
100041,0.171459
100042,0.354456
100043,0.173481
100044,0.679723
100045,0.0
100046,0.0
100047,0.170531
100048,0.420458
100049,0.449806
100050,0.435088
100051,0.357983
100052,0.407516
100053,0.020893
100054,0.014655
100055,0.016437
100056,0.216516
100057,0.948061
100058,1.0
100059,0.901554
100060,0.908684
100061,1.0
100062,0.043435
100063,0.071604
100064,0.147305
100065,0.068279
100066,0.210941
100067,0.918076
100068,0.202526
100069,0.133286
100070,0.004379
100071,0.009033
100072,0.080737
100073,0.057172
100074,0.024037
100075,0.006348
100076,0.107143
100077,0.024434
100078,0.0
100081,1.0
100082,1.0
100083,0.076657
100084,0.0065
100085,1.0
100086,0.631114
100087,0.501515
100088,0.0
100093,0.868522
100094,0.900589
100095,0.869701
100096,0.633385
100097,0.484683
100098,0.017103
100100,0.0
100101,0.0
100102,0.0
100103,0.069415
100104,0.015745
100105,0.0
100106,0.0
100107,0.0
100108,0.0
100109,0.0
100110,0.016975
100111,0.05649
100112,0.045515
100113,0.060469
100114,0.12514
100115,0.475325
100116,0.005933
100117,1.0
100118,0.360714
100119,0.088641
100120,0.562366
100121,0.199857
100122,0.336015
100123,0.071668
100124,0.445836
100125,0.352062
100126,0.36824
100127,0.069363
100128,0.029979
100129,0.004386
100130,0.057391
100131,0.461733
100132,0.526662
100133,0.378462
100134,0.312533
100135,0.075947
100136,0.018659
100137,0.058755
100138,0.157528
100139,0.058926
100140,0.002272
100141,0.02157
100142,0.157944
100143,0.418302
100144,0.088613
100145,0.040447
100146,0.138526
100147,0.166338
100148,2.5e-05
100149,0.000135
100150,9.3e-05
100151,0.002696
100152,0.0
100153,0.0
100154,0.0
100155,0.0
100156,0.0
100157,0.0
100158,0.0
100159,0.0
100160,0.0
100161,0.0
100162,0.0
100163,0.0
100164,0.0
100165,0.0
100166,0.0
100167,0.0
100168,0.0
100169,0.0
100170,0.0
100171,0.000212
100172,0.0
100173,0.0
100174,0.0
100175,0.0
100176,0.0
100177,0.0
100178,0.0
100179,0.0
100180,0.0
100181,0.0
100182,0.0
100183,0.0
100184,0.0
100185,0.27316
100186,0.655012
100187,0.029164
100188,0.0
100189,0.0
100190,0.0
100191,0.0
100192,0.0
100193,0.004324
100194,0.019271
100195,0.0
100196,0.0
100197,0.0
100198,0.0
100199,0.0
100200,0.0
100201,0.0
100202,0.0
100203,0.0
100204,0.0
100205,0.0
100206,0.0
100207,0.0
100208,0.0
100209,0.0
100210,0.0
100211,0.0
100212,0.0
100213,0.0
100214,0.0
100215,0.0
100216,0.0
100217,0.0
100218,0.0
100219,0.0
100220,0.0
100221,0.0
100222,0.0
100223,0.0
100224,0.0
100225,0.0
100226,0.0
100227,8.1e-05
100228,0.0
100229,0.0
100230,0.0
100231,0.0
100232,0.000808
100233,0.00176
100234,0.0
100235,0.0
100236,0.0
100237,0.0
100238,0.0
100239,0.0
100240,0.0
100241,0.0
100242,0.0
100243,0.0
100244,0.0
100245,0.0
100246,0.0
100247,0.0
100248,0.0
100249,0.0
100250,0.0
100251,0.0
100252,0.0
100253,0.0
100254,0.0
100255,0.0
100256,0.0
100257,0.0
100258,0.0
100259,0.0
100260,0.0
100261,0.0
100262,0.0
100263,0.0
100264,0.0
100265,0.0
100266,0.0
100267,0.0
100268,0.0
100269,0.0
100270,0.0
100271,0.0
100272,0.0
100273,0.0
100274,0.0
100275,0.199402
100276,0.0
100277,0.0
100278,0.0
100282,0.014797
100283,0.000419
100284,0.0
100285,0.0
100286,0.0
100287,0.0
100288,0.0
100289,0.0
100290,0.0
100291,0.0
100292,0.0
100293,0.0
100294,0.0
100295,0.0
100296,0.0
100297,0.0
100298,0.0
100299,0.0
100300,0.0
100301,0.0
100302,0.0
100303,0.0
100304,0.0
100305,0.0
100306,0.0
100307,0.0
100308,0.0
100309,0.0
100310,0.0
100311,0.0
100312,0.0
100313,0.0
100314,0.0
100315,0.0
100316,0.0
100317,0.0
100318,0.0
100319,0.0
100320,0.0
100321,0.265045
100322,0.003181
100323,0.0
100324,0.035647
100325,0.0
100326,0.0
100327,0.0
100328,0.0
100329,0.0
100330,0.0
100331,0.0
100332,0.0
100333,0.0
100334,0.0
100335,0.0
100336,0.0
100337,0.0
100338,0.0
100339,0.0
100340,0.0
100341,0.0
100342,0.0
100343,0.0
100344,0.0
100345,0.0
100346,0.0
100347,0.0
100348,0.0
100349,0.0
100350,0.0
100351,0.0
100352,0.0
100353,0.0
100354,0.0
100355,0.0
100356,0.0
100357,0.0
100358,0.272084
100359,0.0
100360,0.0
100361,0.0
100362,0.0
100363,0.0
100364,0.0
100365,0.0
100366,0.0
100367,0.0
100368,0.0
100369,0.000149
100370,0.0
100371,0.0
100372,0.0
100373,0.0
100374,0.0
100375,0.0
100376,0.0
100377,0.0
100699,0.0
100700,0.0
100701,0.0
100702,0.0
100703,0.001898
100704,0.0
100705,0.0
100706,0.0
100707,0.525713
100708,0.0
100709,0.0
100710,0.0
100711,0.0
100712,0.0
100713,0.0
100714,0.0
100715,0.0
100716,0.0
100717,0.064965
100718,0.305842
100719,0.662249
100720,1.0
100721,1.0
100722,1.0
100723,0.986691
100724,0.981811
100725,0.935544
100726,0.85917
100727,0.495099
100728,0.329851
100729,0.002343
100730,0.045313
100731,0.089966
100732,0.228013
100733,0.576187
100734,0.385587
100735,0.402641
100736,0.372485
100737,0.140351
100738,1.0
100739,0.095168
100740,0.63816
100741,1.0
100742,0.959922
100743,0.977672
100744,0.738512
100745,1.0
100746,0.65235
100747,0.005062
100748,0.201071
100749,0.124505
100750,0.700368
100751,0.978567
100752,0.885655
100753,0.680651
100754,0.729119
100755,0.306183
100756,0.655105
100757,0.0
100758,0.068577
100759,0.275062
100760,0.13645
100761,0.015881
100762,0.0
100765,1.0
100766,1.0
100767,0.002992
100769,1.0
100770,1.0
100771,0.976252
100772,0.0
100776,0.917295
100777,0.74965
100778,0.837383
100779,0.843608
100780,0.594436
100781,0.809332
100782,0.370084
100784,0.0
100785,0.0
100786,0.0
100787,0.06413
100788,0.039834
100789,0.0
100790,0.0
100791,0.0
100792,0.0
100793,0.0
100794,0.033144
100795,0.051013
100796,0.045551
100797,0.439624
100798,0.531846
100799,0.0016
100800,0.049618
100801,0.499067
100802,0.763225
100803,1.0
100804,1.0
100805,0.107991
100806,1.0
100807,0.20721
100808,0.315496
100809,0.077265
100810,0.005164
100811,0.006058
100812,0.083672
100813,0.079757
100814,0.861051
100815,0.940152
100816,0.938351
100817,0.943654
100818,0.949577
100819,0.036999
100820,0.014858
100821,0.02731
100822,0.039056
100823,0.011798
100824,0.025634
100825,0.051057
100826,1.0
100827,1.0
100828,0.068807
100829,0.05136
100830,0.164294
100831,0.062996
100832,0.0
100833,0.001161
100834,4e-05
100835,8.1e-05
100836,0.0
100837,0.0
100838,0.0
100839,0.0
100840,0.0
100841,0.0
100842,0.0
100843,0.0
100844,0.0
100845,0.0
100846,0.0
100847,0.0
100848,0.0
100849,0.0
100850,0.0
100851,0.0
100852,0.0
100853,0.0
100854,0.0
100855,0.0
100856,0.000537
100857,0.0
100858,0.0
100859,0.0
100860,0.0
100861,0.0
100862,0.0
100863,0.0
100864,0.0
100865,0.0
100866,0.0
100867,0.0
100868,0.0
100869,0.075836
100870,0.69209
100871,0.084727
100872,0.0
100873,0.0
100874,0.0
100875,0.0
100876,0.0
100877,0.0
100878,0.011872
100879,0.0
100880,0.0
100881,0.0
100882,0.0
100883,0.0
100884,0.0
100885,0.0
100886,0.0
100887,0.0
100888,0.0
100889,0.0
100890,0.0
100891,0.0
100892,0.0
100893,0.0
100894,0.0
100895,0.0
100896,0.0
100897,0.0
100898,0.0
100899,0.0
100900,0.0
100901,0.0
100902,0.0
100903,0.0
100904,0.0
100905,0.0
100906,0.0
100907,0.0
100908,0.0
100909,0.0
100910,0.0
100911,0.0
100912,0.0
100913,0.0
100914,0.0
100915,0.0
100916,0.000951
100917,0.066369
100918,0.019452
100919,0.0
100920,0.0
100921,0.0
100922,0.0
100923,0.0
100924,0.0
100925,0.0
100926,0.0
100927,0.0
100928,0.0
100929,0.0
100930,0.0
100931,0.0
100932,0.0
100933,0.0
100934,0.0
100935,0.0
100936,0.0
100937,0.0
100938,0.0
100939,0.0
100940,0.0
100941,0.0
100942,3.6e-05
100943,0.0
100944,0.0
100945,0.0
100946,0.0
100947,0.0
100948,0.0
100949,0.0
100950,0.0
100951,0.0
100952,0.0
100953,0.0
100954,0.0
100955,0.0
100956,0.0
100957,0.0
100958,0.0
100959,0.0
100960,0.0
100961,0.0
100962,0.0
100963,0.0
100964,0.042455
100965,0.001011
100966,0.0
100967,0.0
100968,0.0
100969,0.0
100970,0.0
100971,0.0
100972,0.0
100973,0.0
100974,0.0
100975,0.0
100976,0.0
100977,0.0
100978,0.0
100979,0.0
100980,0.0
100981,0.0
100982,0.0
100983,0.0
100984,0.0
100985,0.0
100986,0.0
100987,0.0
100988,0.0
100989,0.0
100990,0.0
100991,0.0
100992,0.0
100993,0.0
100994,0.0
100995,0.0
100996,0.0
100997,0.0
100998,0.0
100999,0.0
101000,0.0
101001,0.0
101002,0.0
101003,0.0
101004,0.0
101005,0.0
101006,0.0
101007,0.0
101008,0.0
101009,0.0
101010,0.0
101011,0.0
101012,0.0
101013,0.0
101014,0.0
101015,0.0
101016,0.0
101017,0.0
101018,0.0
101019,0.0
101020,0.0
101021,0.0
101022,0.0
101023,0.0
101024,0.0
101025,0.0
101026,0.0
101027,0.0
101028,0.0
101029,0.0
101030,0.0
101031,0.0
101032,0.0
101033,0.0
101034,0.0
101035,0.0
101036,0.0
101037,0.0
101038,0.0
101039,0.0
101040,0.0
101041,0.317536
101042,0.333183
101043,0.004434
101044,0.0
101045,0.0
101046,0.0
101047,0.0
101048,0.0
101049,0.0
101050,0.0
101051,0.0
101052,0.0
101053,0.143628
101054,0.0
101055,0.0
101056,0.0
101057,0.396193
101058,0.84391
101059,0.305404
101060,0.0
101383,0.0
101384,0.0
101385,0.0
101386,0.0
101387,0.00157
101388,0.0
101389,0.0
101390,0.0
101391,0.284254
101392,0.010736
101393,0.0
101394,0.0
101395,0.0
101396,0.0
101397,0.0
101398,0.302195
101399,0.193441
101400,0.0
101401,0.006546
101402,0.018253
101403,0.584831
101404,0.772183
101405,1.0
101406,1.0
101407,0.665762
101408,0.893024
101409,0.902974
101410,0.892315
101411,0.600372
101412,0.05124
101413,0.006933
101414,0.018496
101415,0.224404
101416,0.398136
101417,0.491356
101418,0.412489
101419,0.396332
101420,0.187794
101421,0.570281
101422,0.932133
101423,1.0
101424,1.0
101425,1.0
101426,1.0
101427,1.0
101429,0.028348
101430,0.208507
101431,0.019547
101433,0.030254
101434,1.0
101435,0.833161
101436,0.552146
101437,1.0
101438,0.487082
101439,0.861041
101440,1.0
101441,0.060753
101442,0.097666
101443,0.261369
101444,0.413626
101446,1.0
101447,0.149265
101448,0.965366
101449,0.106412
101450,1.0
101453,1.0
101454,1.0
101455,1.0
101458,1.0
101459,1.0
101460,1.0
101461,0.955016
101462,0.926757
101463,0.839766
101464,0.806404
101465,0.456077
101466,0.002773
101467,0.0
101468,0.0
101469,0.0
101470,0.004167
101471,0.350708
101472,0.333087
101473,0.0
101474,0.0
101475,0.0
101476,0.105881
101477,0.388864
101478,0.540228
101479,1.0
101480,1.0
101481,1.0
101482,0.644542
101483,0.007971
101484,0.017407
101485,0.152576
101486,0.593359
101487,0.838456
101488,0.0
101489,0.213931
101491,0.122148
101492,0.150391
101493,0.4095
101494,0.004373
101495,0.089034
101496,0.092948
101497,1.0
101498,1.0
101499,1.0
101500,0.949544
101501,0.92028
101502,0.646879
101503,0.010089
101504,0.010568
101505,0.765432
101506,0.527342
101507,0.001094
101508,0.004261
101509,0.013376
101510,1.0
101512,0.561929
101513,0.000444
101514,0.003386
101515,0.014901
101516,0.0
101517,0.002906
101518,0.0
101519,0.0
101520,0.0
101521,0.0
101522,0.0
101523,0.0
101524,0.0
101525,0.0
101526,0.0
101527,0.0
101528,0.0
101529,0.0
101530,0.0
101531,0.0
101532,0.0
101533,0.0
101534,0.0
101535,0.0
101536,0.0
101537,0.0
101538,0.0
101539,0.0
101540,0.0
101541,0.0
101542,0.0
101543,0.0
101544,0.0
101545,0.0
101546,0.0
101547,0.0
101548,0.0
101549,0.0
101550,0.0
101551,0.0
101552,0.0
101553,0.0
101554,0.0
101555,0.0
101556,0.0
101557,0.0
101558,0.0
101559,0.0
101560,0.0
101561,0.0
101562,0.0
101563,0.0
101564,0.0
101565,0.0
101566,0.0
101567,0.0
101568,0.0
101569,0.0
101570,0.0
101571,0.0
101572,0.0
101573,0.0
101574,0.0
101575,0.0
101576,0.0
101577,0.0
101578,0.0
101579,0.0
101580,0.0
101581,0.0
101582,0.0
101583,0.0
101584,0.0
101585,0.0
101586,0.0
101587,0.0
101588,0.0
101589,0.0
101590,0.0
101591,0.0
101592,0.0
101593,0.0
101594,0.0
101595,0.0
101596,0.0
101597,0.0
101598,0.0
101599,0.0
101600,0.0
101601,0.234034
101602,0.352477
101603,0.0
101604,0.0
101605,0.0
101606,0.0
101607,0.0
101608,0.0
101609,0.0
101610,0.0
101611,0.0
101612,0.0
101613,0.0
101614,0.0
101615,0.0
101616,0.0
101617,0.0
101618,0.0
101619,0.0
101620,0.0
101621,0.0
101622,0.0
101623,0.0
101624,0.0
101625,0.0
101626,0.0
101627,0.0
101628,0.0
101629,0.0
101630,0.0
101631,0.0
101632,0.0
101633,0.0
101634,0.0
101635,0.0
101636,0.0
101637,0.0
101638,0.0
101639,0.0
101640,0.0
101641,0.0
101642,0.0
101643,0.0
101644,0.0
101645,0.0
101646,0.0
101647,0.005602
101648,0.0
101649,0.0
101650,0.0
101651,0.0
101652,0.0
101653,0.0
101654,0.0
101655,0.0
101656,0.0
101657,0.0
101658,0.0
101659,0.0
101660,0.0
101661,0.0
101662,0.0
101663,0.0
101664,0.0
101665,0.0
101666,0.0
101667,0.0
101668,0.0
101669,0.0
101670,0.0
101671,0.0
101672,0.0
101673,0.0
101674,0.0
101675,0.0
101676,0.0
101677,0.0
101678,0.0
101679,0.0
101680,0.0
101681,0.0
101682,0.0
101683,0.0
101684,0.0
101685,0.0
101686,0.0
101687,0.0
101688,0.0
101689,0.0
101690,0.0
101691,0.0
101692,0.0
101693,0.0
101694,0.0
101695,0.0
101696,0.0
101697,0.0
101698,0.0
101699,0.0
101700,0.0
101701,0.0
101702,0.0
101703,0.0
101704,0.0
101705,0.0
101706,0.0
101707,0.0
101708,0.0
101709,0.0
101710,0.0
101711,0.0
101712,0.0
101713,0.0
101714,0.0
101715,0.0
101716,0.0
101717,0.0
101718,0.0
101719,0.0
101720,0.0
101721,0.0
101722,0.0
101723,0.0
101724,0.0
101725,0.0
101726,0.0
101727,0.0
101728,0.0
101729,0.0
101730,0.0
101731,0.0
101732,6.6e-05
101733,0.0
101734,0.0
101735,0.010575
101736,0.0
101737,0.0
101738,0.0
101739,0.0
101740,0.0
101741,0.505308
101742,0.633225
101743,0.128255
101744,0.0
102068,0.0
102069,0.0
102070,0.0
102071,0.0
102072,0.003085
102073,0.0
102074,0.000687
102075,0.010537
102076,0.012034
102077,0.0
102078,0.0
102079,0.0
102080,0.0
102081,0.0
102082,0.075995
102083,0.635817
102084,0.0
102085,0.009079
102086,0.003668
102087,0.16123
102088,0.260539
102089,1.0
102090,1.0
102091,0.934376
102092,0.928827
102093,0.839064
102094,1.0
102095,0.714129
102096,0.005986
102097,0.00132
102098,0.0
102099,0.400215
102100,0.354809
102101,0.466892
102102,0.51118
102103,0.641132
102104,0.59405
102105,0.0
102106,1.0
102107,1.0
102108,0.973672
102109,1.0
102110,1.0
102111,1.0
102115,0.403296
102116,1.0
102117,1.0
102118,1.0
102119,0.483145
102120,0.825349
102121,0.410972
102122,0.640474
102123,0.924412
102124,0.252203
102125,0.009495
102126,0.939734
102127,1.0
102131,0.433015
102132,1.0
102133,0.084044
102135,0.0
102136,0.0
102138,0.179757
102139,0.075465
102142,1.0
102143,1.0
102144,1.0
102145,0.95039
102146,1.0
102147,0.003063
102148,0.151136
102149,0.015355
102150,0.151779
102151,0.019821
102152,0.010509
102153,0.025503
102154,0.0
102155,0.0
102156,0.280096
102157,0.0
102158,0.0
102159,0.010197
102160,0.052169
102161,0.293854
102162,1.0
102163,1.0
102168,0.010829
102169,0.666291
102170,0.127397
102171,0.00698
102172,0.67811
102173,0.51866
102174,0.0
102175,0.007595
102176,0.074721
102177,0.164224
102178,0.004031
102179,0.101897
102180,0.671628
102181,0.952404
102182,1.0
102183,1.0
102184,0.983307
102185,0.694497
102186,0.0247
102187,0.011193
102188,0.504305
102189,0.762172
102190,0.99762
102191,0.050097
102192,0.000942
102193,0.001333
102194,0.956521
102195,1.0
102196,0.012903
102197,0.000511
102198,0.006494
102199,0.044948
102200,0.0
102201,0.056369
102202,0.401531
102203,0.0
102204,0.0
102205,0.009471
102206,0.0
102207,0.0
102208,0.0
102209,0.0
102210,0.0
102211,0.0
102212,0.0
102213,0.0
102214,0.0
102215,0.0
102216,0.0
102217,0.0
102218,0.0
102219,0.0
102220,0.0
102221,0.0
102222,0.0
102223,0.0
102224,0.0
102225,0.0
102226,0.0
102227,0.0
102228,0.0
102229,0.0
102230,0.0
102231,0.0
102232,0.0
102233,0.0
102234,0.0
102235,0.0
102236,0.0
102237,0.0
102238,0.0
102239,0.0
102240,0.0
102241,0.0
102242,0.0
102243,0.0
102244,0.0
102245,0.0
102246,0.0
102247,0.0
102248,0.0
102249,0.0
102250,0.0
102251,0.0
102252,0.0
102253,0.0
102254,0.0
102255,0.0
102256,0.0
102257,0.0
102258,0.0
102259,0.0
102260,0.0
102261,0.0
102262,0.0
102263,0.0
102264,0.0
102265,0.0
102266,0.0
102267,0.0
102268,0.0
102269,0.0
102270,0.0
102271,0.0
102272,0.0
102273,0.0
102274,0.0
102275,0.0
102276,0.0
102277,0.0
102278,0.0
102279,0.0
102280,0.0
102281,0.0
102282,0.0
102283,0.0
102284,0.0
102285,0.0
102286,0.082009
102287,0.0
102288,0.0
102289,0.000178
102290,0.0
102291,0.0
102292,0.0
102293,0.0
102294,0.0
102295,0.0
102296,0.0
102297,0.0
102298,0.0
102299,0.0
102300,0.0
102301,0.0
102302,0.0
102303,0.0
102304,0.0
102305,0.0
102306,0.0
102307,0.0
102308,0.014843
102309,0.047777
102310,0.0
102311,0.0
102312,0.0
102313,0.0
102314,0.0
102315,0.0
102316,0.0
102317,0.0
102318,0.0
102319,0.0
102320,0.0
102321,0.0
102322,0.0
102323,0.0
102324,0.0
102325,0.0
102326,0.334493
102327,0.209813
102328,0.0
102329,0.0
102330,0.0
102331,0.0
102332,0.0
102333,0.0
102334,0.0
102335,0.0
102336,0.0
102337,0.0
102338,0.0
102339,0.0
102340,0.0
102341,0.0
102342,0.0
102343,0.0
102344,0.0
102345,0.0
102346,0.0
102347,0.0
102348,0.0
102349,0.0
102350,0.0
102351,0.0
102352,0.0
102353,0.0
102354,0.0
102355,0.0
102356,0.0
102357,0.0
102358,0.0
102359,0.0
102360,0.0
102361,0.0
102362,0.0
102363,0.0
102364,0.0
102365,0.0
102366,0.0
102367,0.0
102368,0.0
102369,0.0
102370,0.0
102371,0.0
102372,0.0
102373,0.0
102374,0.0
102375,0.0
102376,0.0
102377,0.0
102378,0.0
102379,0.0
102380,0.0
102381,0.0
102382,0.0
102383,0.0
102384,0.0
102385,0.0
102386,0.0
102387,0.0
102388,0.0
102389,0.0
102390,0.0
102391,0.0
102392,0.0
102393,0.0
102394,0.0
102395,0.0
102396,0.003079
102397,0.000464
102398,0.0
102399,0.0
102400,0.0
102401,0.0
102402,0.0
102403,0.0
102404,0.0
102405,0.0
102406,0.0
102407,0.0
102408,0.057557
102409,0.05805
102410,0.0
102411,0.0
102412,0.0
102413,0.0
102414,0.0
102415,0.0
102416,0.0
102417,0.0
102418,0.0
102419,0.0
102420,0.0
102421,0.0
102422,0.0
102423,0.0
102424,0.0
102425,0.0
102426,0.0
102427,0.0
102428,0.004869
102752,0.000245
102753,0.0
102754,0.0
102755,0.0
102756,0.0
102757,0.0
102758,0.0
102759,0.0
102760,0.0
102761,0.0
102762,0.0
102763,0.0
102764,0.0
102765,0.0
102766,0.0
102767,0.0
102768,0.0
102769,0.0
102770,0.00312
102771,0.545456
102772,1.0
102773,1.0
102774,1.0
102775,1.0
102776,1.0
102777,1.0
102778,0.96116
102779,0.351459
102780,0.028703
102781,0.009975
102782,0.217475
102783,0.249017
102784,0.43416
102785,0.529156
102786,0.317085
102787,0.527733
102788,0.174067
102789,0.788147
102790,1.0
102791,1.0
102792,0.98671
102793,1.0
102794,1.0
102795,1.0
102796,1.0
102797,1.0
102798,1.0
102799,0.172635
102800,0.043431
102801,0.102385
102802,0.985003
102803,0.047381
102804,0.345487
102805,0.401785
102806,0.796439
102807,0.310325
102808,1.0
102809,0.116682
102810,1.0
102811,1.0
102813,1.0
102815,0.851747
102816,0.299008
102817,0.224177
102819,0.072884
102821,1.0
102822,0.499117
102823,0.013875
102826,1.0
102827,1.0
102828,1.0
102829,0.999692
102830,0.336223
102831,0.000474
102832,0.055648
102833,0.138403
102834,0.658068
102835,0.464183
102836,0.150044
102837,0.0
102838,0.0
102839,0.0
102840,0.963115
102841,0.006087
102842,0.0
102843,0.021182
102844,1.0
102853,1.0
102854,1.0
102855,1.0
102856,1.0
102857,0.501648
102858,0.045089
102859,0.238332
102860,0.017389
102861,0.090303
102862,0.186845
102863,0.480641
102864,0.571731
102865,0.863812
102866,0.959343
102867,0.673192
102868,0.521094
102869,0.180948
102870,0.009029
102871,0.004036
102872,0.758627
102873,1.0
102874,1.0
102875,0.746502
102876,0.077241
102877,0.019548
102878,0.153049
102879,1.0
102880,0.762462
102881,0.022474
102882,0.001203
102883,0.023935
102884,0.012652
102885,0.308811
102886,0.763394
102887,0.040922
102888,0.0
102889,0.0
102890,0.0
102891,0.0
102892,0.0
102893,0.0
102894,0.0
102895,0.0
102896,0.0
102897,0.0
102898,0.0
102899,0.0
102900,0.0
102901,0.0
102902,0.0
102903,0.0
102904,0.0
102905,0.0
102906,0.0
102907,0.0
102908,0.0
102909,0.0
102910,0.0
102911,0.0
102912,0.0
102913,0.0
102914,0.0
102915,0.0
102916,0.0
102917,0.0
102918,0.0
102919,0.0
102920,0.0
102921,0.0
102922,0.0
102923,0.0
102924,0.0
102925,0.0
102926,0.0
102927,0.0
102928,0.0
102929,0.0
102930,0.0
102931,0.0
102932,0.0
102933,0.0
102934,0.0
102935,0.0
102936,0.0
102937,0.0
102938,0.0
102939,0.0
102940,0.0
102941,0.0
102942,0.0
102943,0.0
102944,0.0
102945,0.0
102946,0.0
102947,0.0
102948,0.0
102949,0.0
102950,0.0
102951,0.0
102952,0.0
102953,0.0
102954,0.0
102955,0.0
102956,0.0
102957,0.0
102958,0.0
102959,0.0
102960,0.0
102961,0.0
102962,0.0
102963,0.0
102964,0.0
102965,0.0
102966,0.0
102967,0.0
102968,0.0
102969,0.0
102970,0.0
102971,0.0
102972,0.0
102973,0.008224
102974,0.0
102975,0.0
102976,0.0
102977,0.0
102978,0.0
102979,0.0
102980,0.0
102981,0.0
102982,0.0
102983,0.0
102984,0.0
102985,0.0
102986,0.0
102987,0.0
102988,0.0
102989,0.0
102990,0.0
102991,0.0
102992,0.0
102993,0.0
102994,0.0
102995,0.0
102996,0.0
102997,0.0
102998,0.0
102999,0.0
103000,0.0
103001,0.0
103002,0.0
103003,0.0
103004,0.0
103005,0.0
103006,0.0
103007,0.0
103008,0.0
103009,0.0
103010,0.572408
103011,0.262692
103012,0.0
103013,0.0
103014,0.0
103015,0.0
103016,0.0
103017,0.0
103018,0.0
103019,0.0
103020,0.0
103021,0.0
103022,0.0
103023,0.0
103024,0.0
103025,0.0
103026,0.0
103027,0.0
103028,0.0
103029,0.0
103030,0.0
103031,0.0
103032,0.0
103033,0.0
103034,0.0
103035,0.0
103036,0.0
103037,0.0
103038,0.0
103039,0.0
103040,0.0
103041,0.0
103042,0.0
103043,0.0
103044,0.0
103045,0.0
103046,0.0
103047,0.0
103048,0.0
103049,0.0
103050,0.0
103051,0.0
103052,0.0
103053,0.0
103054,0.0
103055,0.0
103056,0.0
103057,0.0
103058,0.0
103059,0.0
103060,0.0
103061,0.0
103062,0.0
103063,0.0
103064,0.0
103065,0.0
103066,0.0
103067,0.0
103068,0.0
103069,0.0
103070,0.0
103071,0.0
103072,0.0
103073,0.0
103074,0.0
103075,0.0
103076,0.0
103077,0.0
103078,0.0
103079,0.0
103080,0.0
103081,0.0
103082,0.0
103083,0.0
103084,0.0
103085,0.0
103086,0.0
103087,0.0
103088,0.0
103089,0.0
103090,0.021591
103091,0.0
103092,0.0
103093,0.0
103094,0.0
103095,0.0
103096,0.0
103097,0.0
103098,0.0
103099,0.0
103100,0.0
103101,0.0
103102,0.0
103103,0.0
103104,0.0
103105,0.0
103106,0.0
103107,0.0
103108,0.0
103109,0.0
103110,0.0
103111,0.675022
103112,0.025707
103437,0.0
103438,0.0
103439,0.0
103440,0.0
103441,0.0
103442,0.0
103443,0.101023
103444,0.0
103445,0.0
103446,0.0
103447,0.0
103448,0.0
103449,0.0
103450,0.021612
103451,0.0
103452,0.000167
103453,0.135788
103454,0.101887
103455,0.406013
103456,1.0
103457,1.0
103458,1.0
103459,1.0
103460,0.994727
103461,1.0
103462,0.889047
103463,0.550367
103464,0.18734
103465,0.044418
103466,0.676748
103467,0.503763
103468,0.803066
103469,0.941833
103470,0.533491
103471,0.850168
103472,0.965502
103473,1.0
103474,1.0
103475,1.0
103476,1.0
103477,1.0
103478,0.965138
103479,1.0
103480,0.979475
103481,1.0
103482,0.219006
103483,0.354309
103484,0.196126
103485,0.07434
103486,0.24091
103487,0.005854
103488,0.198459
103489,1.0
103490,1.0
103491,0.419346
103492,0.061849
103495,0.454365
103496,0.360321
103499,0.047585
103500,0.039002
103501,0.023593
103502,0.012522
103503,1.0
103506,0.063214
103507,0.006883
103508,0.009147
103511,1.0
103512,1.0
103513,1.0
103514,1.0
103515,0.063484
103516,0.172587
103517,0.026002
103518,0.012269
103519,0.114816
103520,0.361837
103521,0.593322
103522,0.055581
103523,0.0
103525,0.0
103526,0.0
103527,0.190356
103528,1.0
103529,1.0
103539,1.0
103540,0.672597
103541,0.01042
103542,0.017011
103543,0.840271
103544,0.807093
103545,0.016531
103546,0.0
103547,0.0
103548,0.826001
103549,0.236407
103550,0.067392
103551,0.059686
103552,0.018904
103553,0.022598
103554,0.011113
103555,0.011298
103556,0.014606
103557,0.077498
103558,0.96302
103559,1.0
103560,1.0
103561,0.600293
103562,0.007147
103563,1.0
103564,1.0
103565,0.364608
103566,0.177955
103567,0.0
103568,0.0
103569,0.014093
103570,0.176739
103571,0.010822
103572,0.0
103573,0.161651
103574,0.004639
103575,0.0
103576,0.0
103577,0.0
103578,0.0
103579,0.0
103580,0.0
103581,0.0
103582,0.0
103583,0.0
103584,0.0
103585,0.0
103586,0.0
103587,0.0
103588,0.0
103589,0.0
103590,0.0
103591,0.0
103592,0.0
103593,0.0
103594,0.0
103595,0.0
103596,0.0
103597,0.0
103598,0.0
103599,0.0
103600,0.0
103601,0.0
103602,0.0
103603,0.0
103604,0.0
103605,0.0
103606,0.0
103607,0.0
103608,0.0
103609,0.0
103610,0.0
103611,0.0
103612,0.0
103613,0.0
103614,0.0
103615,0.0
103616,0.0
103617,0.056103
103618,0.004094
103619,0.0
103620,0.0
103621,0.0
103622,0.0
103623,0.0
103624,0.0
103625,0.0
103626,0.0
103627,0.0
103628,0.0
103629,0.0
103630,0.0
103631,0.0
103632,0.0
103633,0.0
103634,0.0
103635,0.0
103636,0.0
103637,0.0
103638,0.0
103639,0.0
103640,0.0
103641,0.0
103642,0.0
103643,0.0
103644,0.0
103645,0.0
103646,0.0
103647,0.0
103648,0.0
103649,0.0
103650,0.0
103651,0.0
103652,0.0
103653,0.0
103654,0.0
103655,0.0
103656,0.0
103657,0.0
103658,0.0
103659,0.0
103660,0.0
103661,0.0
103662,0.0
103663,0.0
103664,0.0
103665,0.0
103666,0.0
103667,0.0
103668,0.0
103669,0.0
103670,0.0
103671,0.0
103672,0.0
103673,0.0
103674,0.0
103675,0.0
103676,0.0
103677,0.0
103678,0.0
103679,0.0
103680,0.0
103681,0.0
103682,0.0
103683,0.0
103684,0.0
103685,0.0
103686,0.0
103687,0.0
103688,0.0
103689,0.0
103690,0.299011
103691,0.0
103692,0.0
103693,0.0
103694,0.0
103695,0.0
103696,0.0
103697,0.0
103698,0.0
103699,0.0
103700,0.0
103701,0.0
103702,0.0
103703,0.0
103704,0.0
103705,0.0
103706,0.0
103707,0.0
103708,0.0
103709,0.0
103710,0.0
103711,0.0
103712,0.0
103713,0.0
103714,0.0
103715,0.0
103716,0.0
103717,0.0
103718,0.0
103719,0.0
103720,0.0
103721,0.0
103722,0.0
103723,0.0
103724,0.0
103725,0.0
103726,0.0
103727,0.0
103728,0.0
103729,0.0
103730,0.0
103731,0.0
103732,0.0
103733,0.0
103734,0.0
103735,0.0
103736,0.0
103737,0.0
103738,0.0
103739,0.0
103740,0.0
103741,0.0
103742,0.0
103743,0.0
103744,0.0
103745,0.0
103746,0.0
103747,0.0
103748,0.0
103749,0.0
103750,0.0
103751,0.0
103752,0.0
103753,0.0
103754,0.0
103755,0.0
103756,0.0
103757,0.0
103758,0.0
103759,0.0
103760,0.0
103761,0.0
103762,0.0
103763,0.0
103764,0.0
103765,0.0
103766,0.0
103767,0.0
103768,0.0
103769,0.0
103770,0.0
103771,0.0
103772,0.0
103773,0.0
103774,0.0
103775,0.0
103776,0.0
103777,0.0
103778,0.0
103779,0.0
103780,0.0
103781,0.0
103782,0.0
103783,0.0
103784,0.0
103785,0.0
103786,0.0
103787,0.0
103788,0.0
103789,0.0
103790,0.0
103791,0.0
103792,0.0
103793,0.0
103794,0.0
103795,0.000163
103796,0.017317
104121,0.000176
104122,0.0
104123,0.0
104124,0.0
104125,0.0
104126,0.0
104127,0.192564
104128,0.014693
104129,0.0
104130,0.0
104131,0.0
104132,0.0
104133,0.0
104134,0.0
104135,0.0
104136,0.016927
104137,0.175846
104138,0.072251
104139,0.959309
104140,1.0
104141,1.0
104142,1.0
104143,1.0
104144,1.0
104145,0.840491
104146,0.519275
104147,0.44637
104148,0.753374
104149,1.0
104150,0.989355
104151,0.948714
104152,1.0
104153,1.0
104154,0.966257
104155,1.0
104156,1.0
104157,1.0
104158,1.0
104159,0.999438
104160,0.961707
104161,1.0
104162,0.978563
104163,1.0
104164,1.0
104165,1.0
104166,0.145636
104167,1.0
104168,0.889731
104169,0.114318
104170,0.034188
104171,0.564339
104172,1.0
104173,0.224745
104174,0.953749
104175,0.212414
104176,0.01449
104177,0.009645
104178,0.009391
104179,1.0
104180,1.0
104183,0.004021
104184,0.223381
104185,1.0
104186,0.124747
104187,1.0
104188,0.063218
104190,0.062505
104191,0.060809
104192,0.93054
104195,1.0
104196,1.0
104197,1.0
104198,1.0
104199,0.975594
104200,0.504556
104201,0.026111
104202,0.598974
104203,0.632451
104204,0.065806
104205,0.062882
104206,0.0
104207,0.0
104208,0.485196
104209,0.049584
104210,0.000628
104211,0.009714
104212,1.0
104213,0.002104
104214,0.0
104215,0.053486
104216,0.085828
104217,0.081829
104218,0.001604
104219,0.0
104220,0.284009
104221,0.048733
104222,0.018476
104223,0.674136
104224,0.136208
104225,0.001735
104226,0.0059
104227,0.011249
104228,0.245311
104229,0.091736
104230,0.088996
104231,0.419544
104232,1.0
104233,0.516029
104234,0.041851
104235,0.006478
104236,0.014067
104237,0.03552
104238,0.023417
104239,0.053846
104240,0.021426
104241,0.237638
104242,1.0
104243,1.0
104245,0.164553
104246,0.048799
104247,0.634234
104248,0.882826
104249,0.240795
104250,0.204423
104251,0.122925
104252,0.325598
104253,0.137437
104254,0.0
104255,0.0
104256,0.0
104257,0.0
104258,0.0
104259,0.0
104260,0.0
104261,0.0
104262,0.0
104263,0.0
104264,0.0
104265,0.0
104266,0.0
104267,0.0
104268,0.0
104269,0.0
104270,0.0
104271,0.0
104272,0.0
104273,0.0
104274,0.0
104275,0.0
104276,0.0
104277,0.0
104278,0.0
104279,0.0
104280,0.0
104281,0.0
104282,0.0
104283,0.0
104284,0.0
104285,0.0
104286,0.0
104287,0.0
104288,0.0
104289,0.0
104290,0.0
104291,0.0
104292,0.0
104293,0.0
104294,0.0
104295,0.0
104296,0.0
104297,0.0
104298,0.0
104299,0.0
104300,0.027796
104301,0.023026
104302,0.0
104303,0.0
104304,0.0
104305,0.0
104306,0.0
104307,0.0
104308,0.0
104309,0.0
104310,0.0
104311,0.0
104312,0.0
104313,0.0
104314,0.0
104315,0.0
104316,0.0
104317,0.0
104318,0.0
104319,0.0
104320,0.0
104321,0.0
104322,0.0
104323,0.0
104324,0.0
104325,0.0
104326,0.0
104327,0.0
104328,0.0
104329,0.0
104330,0.0
104331,0.0
104332,0.0
104333,0.0
104334,0.0
104335,0.0
104336,0.0
104337,0.0
104338,0.0
104339,0.0
104340,0.0
104341,0.0
104342,0.0
104343,0.0
104344,0.0
104345,0.0
104346,0.0
104347,0.0
104348,0.0
104349,0.0
104350,0.0
104351,0.0
104352,0.0
104353,0.0
104354,0.0
104355,0.0
104356,0.000158
104357,0.0
104358,0.0
104359,0.0
104360,0.0
104361,0.0
104362,0.0
104363,0.0
104364,0.0
104365,0.0
104366,0.0
104367,0.0
104368,0.0
104369,0.0
104370,0.0
104371,0.0
104372,0.0
104373,0.0
104374,0.0
104375,0.0
104376,0.0
104377,0.0
104378,0.0
104379,0.0
104380,0.0
104381,0.0
104382,0.0
104383,0.0
104384,0.0
104385,0.0
104386,0.0
104387,0.0
104388,0.0
104389,0.0
104390,0.0
104391,0.0
104392,0.0
104393,0.0
104394,0.0
104395,0.0
104396,0.0
104397,0.0
104398,0.0
104399,0.0
104400,0.0
104401,0.0
104402,0.0
104403,0.0
104404,0.0
104405,0.0
104406,0.0
104407,0.0
104408,0.0
104409,0.0
104410,0.0
104411,0.0
104412,0.0
104413,0.0
104414,0.0
104415,0.0
104416,0.0
104417,0.0
104418,0.0
104419,0.0
104420,0.0
104421,0.0
104422,0.0
104423,0.0
104424,0.0
104425,0.0
104426,0.0
104427,0.0
104428,0.0
104429,0.0
104430,0.0
104431,0.0
104432,0.0
104433,0.0
104434,0.0
104435,0.0
104436,0.0
104437,0.0
104438,0.0
104439,0.0
104440,0.0
104441,0.0
104442,0.0
104443,0.0
104444,0.0
104445,0.0
104446,0.0
104447,0.0
104448,0.0
104449,0.0
104450,0.0
104451,0.0
104452,0.0
104453,0.0
104454,0.046947
104455,0.747212
104456,0.0
104457,0.0
104458,0.0
104459,0.0
104460,0.0
104461,0.0
104462,0.0
104463,0.0
104464,0.0
104465,0.0
104466,0.0
104467,0.0
104468,0.0
104469,0.0
104470,0.0
104471,0.0
104472,0.0
104473,0.0
104474,0.0
104475,0.0
104476,0.0
104477,0.0
104478,0.0
104479,0.006698
104805,0.000403
104806,0.0
104807,0.0
104808,0.0
104809,0.0
104810,0.0
104811,0.050386
104812,0.146189
104813,0.0
104814,0.0
104815,0.0
104816,0.0
104817,0.0
104818,0.0
104819,0.083851
104820,0.069469
104821,0.000255
104822,0.031857
104823,0.505221
104824,0.99502
104825,1.0
104826,1.0
104828,0.697574
104829,0.473744
104830,0.062979
104831,0.61895
104832,0.160351
104833,1.0
104834,0.729953
104835,0.273735
104836,0.266722
104837,0.086192
104838,0.944712
104839,1.0
104840,1.0
104841,1.0
104842,1.0
104843,1.0
104844,1.0
104847,0.048896
104848,0.983223
104849,0.662177
104850,0.276506
104851,0.981777
104852,1.0
104853,0.612662
104854,0.229232
104855,0.091485
104856,0.772059
104857,1.0
104858,0.830458
104859,0.036406
104860,0.1133
104861,0.468774
104862,1.0
104864,1.0
104867,0.799695
104868,0.0
104869,0.97484
104870,1.0
104871,1.0
104872,0.000229
104873,0.004363
104874,0.104639
104875,0.003511
104876,0.822202
104877,1.0
104879,1.0
104880,1.0
104881,1.0
104882,1.0
104883,0.93588
104884,0.001312
104885,0.274669
104886,0.003011
104887,0.085278
104888,0.088807
104889,0.075533
104890,0.004763
104891,0.00205
104892,1.0
104893,0.00518
104894,0.218946
104896,0.0
104897,0.0
104898,0.0
104899,0.0
104900,0.0
104901,0.0
104902,0.0
104903,0.0
104904,0.0
104905,0.001291
104906,0.210668
104907,0.0907
104908,0.029555
104909,0.008216
104910,0.389383
104911,0.018602
104912,0.013184
104913,0.035702
104914,0.002319
104915,0.2007
104916,0.777661
104917,0.591835
104918,0.000919
104919,0.000499
104920,0.050369
104921,0.040043
104922,0.021765
104923,0.210038
104924,1.0
104925,1.0
104926,0.130453
104927,0.999167
104928,1.0
104929,0.004701
104930,0.073681
104931,0.147429
104932,0.239537
104933,0.077594
104934,0.194842
104935,0.775312
104936,1.0
104937,0.428972
104938,0.0
104939,0.0
104940,0.0
104941,0.0
104942,0.0
104943,0.04224
104944,0.0
104945,0.0
104946,0.061025
104947,0.611686
104948,0.612812
104949,0.352328
104950,0.118461
104951,0.0
104952,0.0
104953,0.0
104954,0.0
104955,0.0
104956,0.0
104957,0.0
104958,0.0
104959,0.0
104960,0.0
104961,0.0
104962,0.0
104963,0.0
104964,0.0
104965,0.0
104966,0.0
104967,0.0
104968,0.0
104969,0.0
104970,0.0
104971,0.0
104972,0.0
104973,0.0
104974,0.0
104975,0.0
104976,0.0
104977,0.0
104978,0.0
104979,0.0
104980,0.0
104981,0.0
104982,0.0
104983,0.0
104984,0.0
104985,0.0
104986,0.0
104987,0.0
104988,0.0
104989,0.0
104990,0.0
104991,0.0
104992,0.0
104993,0.0
104994,0.0
104995,0.0
104996,0.0
104997,0.0
104998,0.0
104999,0.0
105000,0.0
105001,0.0
105002,0.0
105003,0.0
105004,0.0
105005,0.0
105006,0.0
105007,0.0
105008,0.0
105009,0.0
105010,0.0
105011,0.0
105012,0.0
105013,0.0
105014,0.0
105015,0.0
105016,0.0
105017,0.0
105018,0.0
105019,0.0
105020,0.0
105021,0.0
105022,0.0
105023,0.0
105024,0.0
105025,0.0
105026,0.0
105027,0.0
105028,0.0
105029,0.0
105030,0.0
105031,0.0
105032,0.0
105033,0.0
105034,0.0
105035,0.0
105036,0.0
105037,0.0
105038,0.0
105039,0.0
105040,0.000552
105041,0.0
105042,2.9e-05
105043,0.0
105044,0.0
105045,0.0
105046,0.0
105047,0.0
105048,0.0
105049,0.0
105050,0.0
105051,0.0
105052,0.0
105053,0.000819
105054,0.0
105055,0.0
105056,0.0
105057,0.0
105058,0.0
105059,0.0
105060,0.0
105061,0.0
105062,0.0
105063,0.0
105064,0.0
105065,0.0
105066,0.0
105067,0.0
105068,0.0
105069,0.0
105070,0.0
105071,0.0
105072,0.0
105073,0.0
105074,0.0
105075,0.0
105076,0.0
105077,0.0
105078,0.0
105079,0.0
105080,0.0
105081,0.0
105082,0.0
105083,0.0
105084,0.0
105085,0.0
105086,0.0
105087,0.0
105088,0.0
105089,0.0
105090,0.0
105091,0.041749
105092,0.0
105093,0.0
105094,0.0
105095,0.0
105096,0.0
105097,0.0
105098,0.0
105099,0.0
105100,0.0
105101,0.0
105102,0.0
105103,0.0
105104,0.0
105105,0.0
105106,0.0
105107,0.0
105108,0.0
105109,0.0
105110,0.0
105111,0.0
105112,0.0
105113,0.0
105114,0.0
105115,0.0
105116,0.0
105117,0.0
105118,0.0
105119,0.0
105120,0.0
105121,0.0
105122,0.0
105123,0.0
105124,0.0
105125,0.0
105126,0.0
105127,0.0
105128,0.0
105129,0.0
105130,0.101274
105131,0.0
105132,0.0
105133,0.0
105134,0.0
105135,0.0
105136,0.0
105137,0.0
105138,0.0
105139,0.024938
105140,0.0
105141,0.0
105142,0.004424
105143,0.028813
105144,0.0
105145,0.0
105146,0.0
105147,0.0
105148,0.0
105149,0.0
105150,0.0
105151,0.0
105152,0.0
105153,0.0
105154,0.0
105155,0.001195
105156,0.000357
105157,0.0
105158,0.0
105159,0.0
105160,0.0
105161,0.0
105162,0.0
105163,0.0
105164,0.0
105489,0.024896
105490,0.033069
105491,0.000298
105492,0.0
105493,0.0
105494,0.0
105495,0.0
105496,0.0
105497,0.0
105498,0.0
105499,0.0
105500,0.0
105501,0.0
105502,0.0
105503,0.001443
105504,0.0
105505,0.0
105506,0.003432
105507,0.032495
105508,0.336499
105509,1.0
105510,1.0
105511,0.991999
105512,0.7409
105513,0.979599
105514,0.80267
105515,0.606629
105516,0.009715
105517,0.734863
105518,0.608355
105519,0.398561
105520,0.573644
105521,0.0
105522,0.014428
105523,0.161083
105524,0.837302
105525,1.0
105526,1.0
105527,1.0
105528,1.0
105529,1.0
105530,0.608029
105531,1.0
105532,0.023256
105533,0.089399
105534,0.985351
105535,1.0
105536,1.0
105537,0.354496
105538,0.687033
105539,0.832457
105540,1.0
105541,1.0
105542,0.481878
105543,0.352998
105544,0.220518
105545,1.0
105550,1.0
105551,0.117121
105552,0.176042
105553,0.04549
105554,0.039745
105555,1.0
105556,0.000552
105557,0.006384
105558,0.000811
105559,0.004788
105560,0.837045
105561,0.999564
105563,0.979647
105564,0.602493
105565,0.961487
105566,0.886788
105567,0.879009
105568,0.063089
105569,0.295042
105570,0.104208
105571,0.288653
105572,0.016776
105573,0.068241
105574,0.0
105575,0.0
105576,0.742706
105577,1.0
105578,1.0
105579,0.415385
105580,0.0
105581,0.0
105582,0.0
105583,0.0
105584,0.0
105585,0.0
105586,0.0
105587,0.0
105588,0.0
105589,0.005338
105590,0.000586
105591,0.087509
105592,0.559429
105593,0.054248
105594,0.541958
105595,0.060293
105596,1.0
105597,0.027074
105598,0.008598
105599,0.038413
105600,0.328692
105601,0.174863
105602,0.079135
105603,0.0009
105604,0.00088
105605,9.5e-05
105606,0.01303
105607,0.025316
105608,0.018461
105609,0.096877
105610,0.151324
105611,1.0
105612,0.472067
105613,0.008508
105614,0.265647
105615,0.147314
105616,0.173876
105617,0.978467
105618,0.944353
105619,1.0
105620,1.0
105621,0.382887
105622,0.005769
105623,0.0
105624,0.0
105625,0.0
105626,0.834564
105627,0.988334
105628,0.538115
105629,0.172414
105630,0.096861
105631,1.0
105632,1.0
105633,1.0
105634,0.973884
105635,0.0
105636,0.0
105637,0.0
105638,0.0
105639,0.0
105640,0.0
105641,0.0
105642,0.0
105643,0.0
105644,0.0
105645,0.0
105646,0.0
105647,0.0
105648,0.0
105649,0.0
105650,0.0
105651,0.0
105652,0.0
105653,0.0
105654,0.0
105655,0.0
105656,0.0
105657,0.0
105658,0.0
105659,0.0
105660,0.0
105661,0.0
105662,0.0
105663,0.0
105664,0.0
105665,0.0
105666,0.0
105667,0.0
105668,0.0
105669,0.0
105670,0.0
105671,0.0
105672,0.0
105673,0.0
105674,0.0
105675,0.0
105676,0.0
105677,0.0
105678,0.0
105679,0.0
105680,0.0
105681,0.0
105682,0.0
105683,0.0
105684,0.0
105685,0.0
105686,0.0
105687,0.0
105688,0.0
105689,0.0
105690,0.286781
105691,0.0
105692,0.0
105693,0.0
105694,0.0
105695,0.0
105696,0.0
105697,0.0
105698,0.0
105699,0.0
105700,0.0
105701,0.0
105702,0.0
105703,0.0
105704,0.0
105705,0.0
105706,0.0
105707,0.0
105708,0.0
105709,0.0
105710,0.0
105711,0.0
105712,0.0
105713,0.0
105714,0.0
105715,0.0
105716,0.0
105717,0.0
105718,0.0
105719,0.0
105720,0.0
105721,0.0
105722,0.0
105723,0.0
105724,0.0
105725,0.000517
105726,0.0
105727,0.0
105728,0.0
105729,0.0
105730,0.0
105731,0.0
105732,0.0
105733,0.0
105734,0.0
105735,0.0
105736,0.0
105737,0.0
105738,0.0
105739,0.0
105740,0.0
105741,0.0
105742,0.0
105743,0.0
105744,0.0
105745,0.0
105746,0.0
105747,0.0
105748,0.0
105749,0.0
105750,0.0
105751,0.0
105752,0.0
105753,0.0
105754,0.0
105755,0.0
105756,0.0
105757,0.0
105758,0.0
105759,0.0
105760,0.0
105761,0.0
105762,0.0
105763,0.0
105764,0.0
105765,0.0
105766,0.0
105767,0.0
105768,0.0
105769,0.0
105770,0.0
105771,0.0
105772,0.0
105773,0.0
105774,0.0
105775,0.0
105776,0.0
105777,0.0
105778,0.0
105779,0.0
105780,0.0
105781,0.0
105782,0.0
105783,0.0
105784,0.0
105785,0.0
105786,0.0
105787,0.0
105788,0.0
105789,0.0
105790,0.0
105791,0.0
105792,0.0
105793,0.0
105794,0.0
105795,0.0
105796,0.0
105797,0.0
105798,0.0
105799,0.0
105800,0.0
105801,0.0
105802,0.0
105803,0.0
105804,0.0
105805,0.0
105806,0.0
105807,0.0
105808,0.0
105809,0.0
105810,0.0
105811,0.0
105812,0.0
105813,0.0
105814,0.018876
105815,0.0
105816,0.0
105817,0.0
105818,0.0
105819,0.0
105820,0.0
105821,0.0
105822,0.0
105823,0.0
105824,0.0
105825,0.0
105826,0.000867
105827,0.013028
105828,0.0
105829,0.0
105830,0.0
105831,0.0
105832,0.0
105833,0.0
105834,0.0
105835,0.0
105836,0.0
105838,0.0
105839,0.0
105840,0.0
105841,0.0
105842,0.0
105843,0.0
105844,0.0
105845,0.0
105846,0.0
105847,0.0
106173,0.711466
106174,0.042018
106175,0.0
106176,0.0
106177,0.0
106178,0.0
106179,0.0
106180,0.010697
106181,0.005219
106182,0.0
106184,0.0
106185,0.0
106186,0.0
106187,0.0
106188,0.0
106189,0.004059
106190,0.001652
106191,0.018669
106192,0.523241
106193,1.0
106194,1.0
106195,1.0
106196,1.0
106197,0.083764
106198,0.612365
106199,0.476363
106200,0.00352
106201,0.01788
106202,0.207263
106203,0.89396
106204,0.948447
106205,0.0
106206,0.0
106207,0.00235
106208,0.898397
106209,1.0
106210,1.0
106214,1.0
106215,1.0
106216,0.714601
106217,0.068694
106218,0.985273
106219,1.0
106220,1.0
106221,1.0
106222,1.0
106223,1.0
106224,0.361795
106225,1.0
106226,0.889428
106227,0.127387
106228,0.70859
106229,1.0
106230,1.0
106231,1.0
106232,1.0
106234,1.0
106235,0.111418
106236,0.294735
106237,1.0
106238,1.0
106240,0.178197
106241,0.212363
106242,1.0
106243,0.07628
106244,0.019128
106245,0.289294
106246,0.004443
106247,0.084605
106248,0.01819
106249,0.01057
106250,0.059061
106251,0.113667
106252,0.094988
106253,1.0
106254,0.44833
106255,0.443615
106256,0.291516
106257,0.019829
106258,0.020321
106259,0.0
106260,0.393016
106261,1.0
106262,1.0
106263,0.448782
106264,0.035325
106265,0.0
106266,0.0
106267,0.0
106268,0.0
106269,0.0
106270,0.0
106271,0.0
106272,0.0
106273,0.011742
106274,0.066811
106275,0.12969
106276,0.425954
106277,0.324476
106278,0.115974
106279,0.029493
106280,0.002066
106281,0.006534
106282,0.513377
106283,0.339416
106284,0.006328
106285,0.107733
106286,0.031664
106287,0.000909
106288,0.000295
106289,0.0
106290,0.002547
106291,0.0
106292,0.000754
106293,0.017883
106294,0.113968
106295,1.0
106296,0.49996
106297,0.031977
106298,0.210297
106299,0.040277
106300,0.098607
106301,0.979195
106302,1.0
106303,1.0
106304,1.0
106305,0.676116
106306,0.286594
106307,0.007554
106308,0.0
106309,0.0
106310,0.567366
106311,0.985276
106312,1.0
106313,0.325873
106314,0.276727
106315,1.0
106316,1.0
106317,1.0
106318,0.858854
106319,0.0
106320,0.0
106321,0.0
106322,0.0
106323,0.0
106324,0.0
106325,0.0
106326,0.0
106327,0.0
106328,0.0
106329,0.0
106330,0.0
106331,0.0
106332,0.0
106333,0.0
106334,0.0
106335,0.0
106336,0.0
106337,0.0
106338,0.0
106339,0.0
106340,0.0
106341,0.0
106342,0.0
106343,0.0
106344,0.0
106345,0.0
106346,0.0
106347,0.0
106348,0.0
106349,0.0
106350,0.0
106351,0.0
106352,0.0
106353,0.0
106354,0.0
106355,0.0
106356,0.0
106357,0.0
106358,0.0
106359,0.0
106360,0.0
106361,0.0
106362,0.0
106363,0.0
106364,0.0
106365,0.0
106366,0.0
106367,0.0
106368,0.0
106369,0.0
106370,0.0
106371,0.0
106372,0.0
106373,0.0
106374,0.0
106375,0.0
106376,0.0
106377,0.0
106378,0.0
106379,0.0
106380,0.0
106381,0.0
106382,0.0
106383,0.0
106384,0.0
106385,0.0
106386,0.0
106387,0.0
106388,0.0
106389,0.0
106390,0.0
106391,0.0
106392,0.0
106393,0.0
106394,0.0
106395,0.0
106396,0.0
106397,0.0
106398,0.0
106399,0.0
106400,0.0
106401,0.0
106402,0.0
106403,0.0
106404,0.0
106405,0.0
106406,0.0
106407,0.0
106408,0.0
106409,0.0
106410,0.0
106411,0.0
106412,0.0
106413,0.0
106414,0.0
106415,0.0
106416,0.0
106417,0.0
106418,0.0
106419,0.0
106420,0.0
106421,0.0
106422,0.0
106423,0.0
106424,0.0
106425,0.0
106426,0.0
106427,0.0
106428,0.0
106429,0.0
106430,0.0
106431,0.0
106432,0.0
106433,0.0
106434,0.0
106435,0.0
106436,0.0
106437,0.0
106438,0.0
106439,0.0
106440,0.0
106441,0.0
106442,0.0
106443,0.0
106444,0.0
106445,0.206659
106446,0.0
106447,0.0
106448,0.0
106449,0.0
106450,0.0
106451,0.0
106452,0.0
106453,0.0
106454,0.0
106455,0.0
106456,0.0
106457,0.0
106458,0.0
106459,0.0
106460,0.0
106461,0.0
106462,0.0
106463,0.0
106464,0.0
106465,0.0
106466,0.0
106467,0.0
106468,0.0
106469,0.0
106470,0.0
106471,0.0
106472,0.0
106473,0.0
106474,0.0
106475,0.0
106476,0.0
106477,0.0
106478,0.0
106479,0.0
106480,0.0
106481,0.0
106482,0.0
106483,0.0
106484,0.0
106485,0.0
106486,0.0
106487,0.0
106488,0.0
106489,0.0
106490,0.0
106491,0.0
106492,0.0
106493,0.0
106494,0.0
106495,0.0
106496,0.0
106497,0.0
106498,0.0
106499,0.0
106500,0.0
106501,0.0
106502,0.0
106503,0.0
106504,0.0
106505,0.0
106506,0.0
106507,0.0
106508,0.0
106509,0.0
106510,0.0
106511,0.0
106512,0.0
106513,0.0
106514,0.0
106515,0.0
106516,0.0
106517,0.0
106518,0.0
106519,0.598107
106521,0.0
106522,0.0
106523,0.0
106524,0.0
106526,0.0
106527,0.0
106528,0.0
106529,0.0
106530,0.027381
106858,0.15623
106859,0.0
106860,0.0
106861,0.0
106862,0.0
106863,0.0
106864,0.15892
106865,0.038458
106866,0.0
106868,0.0
106869,0.0
106870,0.0
106871,0.0
106872,0.0
106873,0.0
106874,0.004019
106875,0.001837
106876,0.171163
106877,0.954253
106878,1.0
106879,1.0
106880,1.0
106881,0.609074
106882,0.986848
106883,0.828654
106884,0.768163
106885,0.853503
106886,0.940995
106887,0.915984
106888,0.996335
106889,0.308625
106890,0.003492
106891,0.07223
106892,1.0
106893,0.955137
106895,1.0
106896,1.0
106897,0.16
106898,1.0
106899,0.052115
106900,0.341297
106901,1.0
106902,0.981457
106903,0.993679
106904,1.0
106905,1.0
106906,1.0
106907,1.0
106910,1.0
106911,0.41829
106912,1.0
106913,1.0
106914,0.812769
106915,1.0
106916,1.0
106917,0.635253
106918,0.055727
106919,0.289111
106920,0.438752
106921,0.736666
106922,1.0
106924,0.237912
106925,0.111434
106926,0.041267
106927,0.018027
106928,0.038406
106931,0.006344
106932,0.011784
106933,0.007839
106934,0.021813
106935,0.039338
106936,0.069565
106937,0.020757
106938,0.005488
106939,0.112795
106940,0.028258
106941,0.001942
106942,0.056518
106943,0.165295
106944,0.415512
106945,0.459059
106946,1.0
106947,0.81524
106948,0.0
106949,0.0
106950,0.0
106951,0.0
106952,0.0
106953,0.0
106954,0.01252
106955,0.0
106956,0.0
106957,0.014056
106958,0.560008
106959,0.903723
106960,0.800664
106961,0.770516
106962,0.377551
106963,0.080278
106964,0.035913
106965,0.01662
106966,0.372262
106967,0.105791
106968,0.013618
106969,0.004444
106970,0.003168
106971,0.100429
106972,0.009683
106973,0.0
106974,0.0
106975,0.0
106976,0.0
106977,0.0
106978,0.0
106979,0.325967
106980,0.250677
106981,0.006852
106982,0.056139
106983,0.077102
106984,0.089542
106985,1.0
106986,1.0
106988,1.0
106989,1.0
106990,0.726578
106991,0.0
106992,0.0
106993,0.0
106994,0.000584
106995,0.954799
106996,1.0
106997,0.264961
106998,0.387019
106999,1.0
107000,1.0
107001,1.0
107002,0.775936
107003,0.0
107004,0.0
107005,0.0
107006,0.0
107007,0.0
107008,0.0
107009,0.0
107010,0.0
107011,0.0
107012,0.0
107013,0.0
107014,0.0
107015,0.0
107016,0.0
107017,0.0
107018,0.0
107019,0.0
107020,0.0
107021,0.0
107022,0.0
107023,0.0
107024,0.0
107025,0.0
107026,0.0
107027,0.0
107028,0.0
107029,0.0
107030,0.0
107031,0.0
107032,0.0
107033,0.0
107034,0.0
107035,0.0
107036,0.0
107037,0.0
107038,0.0
107039,0.29339
107040,0.020959
107041,0.0
107042,0.0
107043,0.0
107044,0.0
107045,0.001187
107046,0.0
107047,0.0
107048,0.0
107049,0.0
107050,0.0
107051,0.0
107052,0.0
107053,0.0
107054,0.0
107055,0.0
107056,0.0
107057,0.0
107058,0.0
107059,0.0
107060,0.0
107061,0.0
107062,0.0
107063,0.0
107064,0.0
107065,0.0
107066,0.0
107067,0.0
107068,0.0
107069,0.0
107070,0.0
107071,0.0
107072,0.0
107073,0.0
107074,0.0
107075,0.0
107076,0.0
107077,0.0
107078,0.0
107079,0.0
107080,0.0
107081,0.0
107082,0.0
107083,0.0
107084,0.0
107085,0.0
107086,0.0
107087,0.0
107088,0.0
107089,0.0
107090,0.0
107091,0.073281
107092,0.263022
107093,0.0
107094,0.0
107095,0.0
107096,0.0
107097,0.0
107098,0.0
107099,0.0
107100,0.0
107101,0.0
107102,0.0
107103,0.0
107104,0.0
107105,0.0
107106,0.0
107107,0.0
107108,0.0
107109,0.0
107110,0.0
107111,0.0
107112,0.0
107113,0.0
107114,0.0
107115,0.0
107116,0.0
107117,0.0
107118,0.0
107119,0.0
107120,0.0
107121,0.0
107122,0.0
107123,0.0
107124,0.0
107125,0.0
107126,0.0
107127,0.0
107128,0.0
107129,0.0
107130,0.0
107131,0.0
107132,0.0
107133,0.0
107134,0.0
107135,0.0
107136,0.0
107137,0.0
107138,0.0
107139,0.0
107140,0.0
107141,0.0
107142,0.0
107143,0.0
107144,0.0
107145,0.0
107146,0.0
107147,0.0
107148,0.0
107149,0.0
107150,0.0
107151,0.0
107152,0.0
107153,0.0
107154,0.0
107155,0.0
107156,0.0
107157,0.0
107158,0.0
107159,0.0
107160,0.0
107161,0.0
107162,0.0
107163,0.0
107164,0.0
107165,0.0
107166,0.0
107167,0.0
107168,0.0
107169,0.0
107170,0.0
107171,0.0
107172,0.0
107173,0.0
107174,0.0
107175,0.0
107176,0.0
107177,0.0
107178,0.0
107179,0.0
107180,0.0
107181,0.0
107182,0.0
107183,0.0
107184,0.0
107185,0.0
107186,0.0
107187,0.0
107188,0.0
107189,0.000292
107190,0.025266
107191,0.000195
107192,0.0
107193,0.0
107194,0.0
107195,0.0
107196,0.0
107197,0.0
107198,0.0
107199,0.0
107200,0.0
107201,0.0
107202,0.449993
107203,0.940186
107204,0.0
107205,0.0
107206,0.0
107207,0.0
107208,0.0
107212,0.0
107213,0.022021
107214,0.033214
107542,0.331751
107543,0.000855
107544,0.0
107546,0.0
107548,0.0
107549,0.0
107550,0.0
107552,0.0
107553,0.0
107554,0.0
107555,0.0
107556,0.0
107557,0.0
107558,0.0
107559,0.005311
107560,0.079871
107561,1.0
107562,1.0
107563,1.0
107564,1.0
107565,1.0
107566,1.0
107567,0.317089
107568,0.999223
107569,1.0
107570,1.0
107571,0.85383
107572,1.0
107573,0.742695
107574,0.601376
107575,0.890902
107576,1.0
107577,0.729863
107578,0.283283
107579,0.106066
107580,1.0
107581,0.177862
107582,1.0
107583,0.380208
107585,0.458418
107586,0.988275
107587,1.0
107588,1.0
107589,0.881887
107590,1.0
107591,1.0
107594,0.029856
107597,1.0
107598,1.0
107599,1.0
107600,1.0
107601,0.0
107602,0.785831
107603,0.0443
107604,0.271582
107605,0.027185
107609,0.030765
107610,0.03761
107611,0.006092
107612,0.007374
107613,0.009434
107614,0.01067
107615,0.009275
107616,0.012149
107617,0.192053
107618,0.138037
107619,0.049301
107620,0.02113
107621,0.168658
107622,0.008254
107623,0.020913
107624,0.156078
107625,0.117406
107626,0.0
107627,0.158534
107628,0.16504
107629,0.693386
107630,0.076226
107631,0.238778
107632,0.039469
107633,0.0
107634,0.282465
107635,0.018204
107636,0.00088
107637,0.123242
107638,0.831917
107639,0.612606
107640,0.224334
107641,0.053183
107642,0.077551
107643,0.566042
107644,0.781158
107645,0.454737
107646,0.613476
107647,0.767249
107648,0.698641
107649,0.622965
107650,0.802168
107651,0.583856
107652,0.082018
107653,0.0
107654,0.004451
107655,0.012169
107656,0.003025
107657,0.000363
107658,0.000239
107659,0.004917
107660,0.002445
107661,0.001024
107662,0.0
107663,0.076791
107664,0.123248
107665,0.021211
107666,0.226188
107667,0.086075
107668,0.182388
107672,1.0
107673,1.0
107674,0.356613
107675,0.0
107676,0.0
107677,0.0
107678,0.0
107679,0.006666
107680,0.072243
107681,0.023622
107682,0.110626
107683,0.293106
107684,0.487312
107685,0.404112
107686,0.330071
107687,0.0
107688,0.0
107689,0.0
107690,0.0
107691,0.0
107692,0.0
107693,0.0
107694,0.0
107695,0.0
107696,0.0
107697,0.0
107698,0.0
107699,0.0
107700,0.0
107701,0.0
107702,0.0
107703,0.0
107704,0.0
107705,0.0
107706,0.0
107707,0.0
107708,0.0
107709,0.0
107710,0.0
107711,0.0
107712,0.0
107713,0.0
107714,0.0
107715,0.0
107716,0.0
107717,0.0
107718,0.0
107719,0.0
107720,0.0
107721,0.0
107722,0.0
107723,0.0
107724,0.0
107725,0.0
107726,0.000264
107727,0.0
107728,0.0
107729,0.0
107730,0.0
107731,0.0
107732,0.0
107733,0.0
107734,0.0
107735,0.0
107736,0.0
107737,0.0
107738,0.0
107739,0.0
107740,0.0
107741,0.0
107742,0.0
107743,0.0
107744,0.0
107745,0.0
107746,0.0
107747,0.0
107748,0.0
107749,0.0
107750,0.0
107751,0.0
107752,0.0
107753,0.0
107754,0.0
107755,0.0
107756,0.0
107757,0.0
107758,0.0
107759,0.0
107760,0.0
107761,0.0
107762,0.0
107763,0.0
107764,0.0
107765,0.0
107766,0.0
107767,0.0
107768,0.0
107769,0.0
107770,0.0
107771,0.0
107772,0.0
107773,0.0
107774,0.0
107775,0.08952
107776,0.638754
107777,0.0
107778,0.0
107779,0.0
107780,0.0
107781,0.0
107782,0.0
107783,0.0
107784,0.0
107785,0.0
107786,0.0
107787,0.0
107788,0.0
107789,0.0
107790,0.0
107791,0.0
107792,0.0
107793,0.0
107794,0.0
107795,0.0
107796,0.0
107797,0.0
107798,0.0
107799,0.0
107800,0.0
107801,0.0
107802,0.0
107803,0.0
107804,0.0
107805,0.0
107806,0.0
107807,0.0
107808,0.0
107809,0.0
107810,0.0
107811,0.0
107812,0.0
107813,0.0
107814,0.0
107815,0.0
107816,0.0
107817,0.0
107818,0.0
107819,0.0
107820,0.0
107821,0.0
107822,0.0
107823,0.0
107824,0.0
107825,0.0
107826,0.0
107827,0.0
107828,0.0
107829,0.0
107830,0.0
107831,0.0
107832,0.0
107833,0.0
107834,0.0
107835,0.0
107836,0.0
107837,0.0
107838,0.0
107839,0.0
107840,0.0
107841,0.0
107842,0.0
107843,0.0
107844,0.0
107845,0.0
107846,0.0
107847,0.0
107848,0.0
107849,0.0
107850,0.0
107851,0.0
107852,0.0
107853,0.0
107854,0.0
107855,0.0
107856,0.0
107857,0.0
107858,0.0
107859,0.002337
107860,0.0
107861,0.000685
107862,0.000972
107863,0.0
107864,0.0
107865,0.0
107866,0.0
107867,0.0
107868,0.000318
107869,0.0
107870,0.013328
107871,0.020281
107872,0.0
107873,0.001831
107874,0.000757
107875,0.027766
107876,0.205486
107877,0.0
107878,0.249635
107879,0.0
107880,0.0
107881,0.0
107882,0.0
107883,0.0
107884,0.0
107885,0.0
107886,0.045528
107888,0.0
107889,0.0
107890,0.0
107891,0.0
107892,0.0
107893,0.597798
107897,0.065177
107898,0.0
108227,0.02654
108229,0.0
108230,0.0
108231,0.500227
108232,0.501612
108234,0.0
108236,0.0
108237,0.0
108238,0.0
108239,0.0
108240,0.0
108241,0.0
108242,0.000451
108243,0.001313
108244,0.213727
108245,1.0
108246,1.0
108247,1.0
108248,1.0
108249,1.0
108251,0.022492
108252,1.0
108253,1.0
108254,1.0
108255,0.79377
108256,1.0
108257,0.979184
108258,1.0
108259,1.0
108260,1.0
108261,0.746363
108262,1.0
108263,0.860038
108264,1.0
108265,0.368206
108266,0.688974
108267,0.756064
108268,0.742062
108269,0.188745
108270,0.995887
108271,1.0
108272,0.431295
108273,0.36409
108274,1.0
108275,1.0
108276,1.0
108278,1.0
108281,1.0
108282,1.0
108283,1.0
108284,1.0
108285,0.124392
108286,0.030495
108287,0.055098
108288,0.092538
108289,0.001561
108290,1.0
108293,0.05939
108294,0.078604
108295,0.005472
108296,0.006303
108297,0.015219
108298,0.011419
108299,0.016619
108300,0.702973
108301,0.819448
108302,0.876748
108303,0.597216
108304,0.147849
108305,0.622068
108306,0.063865
108307,0.01263
108308,0.016649
108309,0.131031
108310,0.290154
108311,0.0
108312,0.022306
108313,1.0
108314,0.009475
108315,0.0
108316,0.004074
108317,0.0
108318,0.0
108319,0.308713
108320,0.024114
108321,0.657322
108322,0.746213
108323,0.824759
108324,0.867478
108325,0.381358
108326,0.299634
108327,0.522127
108328,0.846265
108329,0.085047
108330,0.001961
108331,0.409256
108332,0.67576
108333,0.971901
108334,0.778131
108335,0.476892
108336,0.397184
108337,0.121724
108338,0.0
108339,0.031626
108340,0.046211
108341,0.050051
108342,0.293861
108343,0.114868
108344,0.345471
108345,0.06638
108346,0.007289
108347,0.084317
108348,0.042402
108349,0.000326
108350,0.0
108352,1.0
108355,0.016224
108356,0.330538
108357,0.55353
108358,0.03284
108359,0.0
108360,0.0
108361,0.0
108362,0.0
108363,0.0
108364,0.0
108365,0.0
108366,0.0
108367,0.0
108368,0.0
108369,0.0
108370,0.0
108371,0.0
108372,0.0
108373,0.0
108374,0.0
108375,0.0
108376,0.0
108377,0.0
108378,0.0
108379,0.0
108380,0.0
108381,0.0
108382,0.0
108383,0.0
108384,0.0
108385,0.0
108386,0.0
108387,0.0
108388,0.0
108389,0.0
108390,0.0
108391,0.0
108392,0.0
108393,0.0
108394,0.0
108395,0.0
108396,0.0
108397,0.0
108398,0.0
108399,0.0
108400,0.0
108401,0.0
108402,0.0
108403,0.0
108404,0.0
108405,0.0
108406,0.000184
108407,0.0
108408,0.0
108409,0.0
108410,0.0
108411,0.0
108412,0.0
108413,0.0
108414,0.0
108415,0.0
108416,0.0
108417,0.0
108418,0.0
108419,0.0
108420,0.0
108421,0.0
108422,0.0
108423,0.0
108424,0.0
108425,0.0
108426,0.0
108427,0.0
108428,0.0
108429,0.0
108430,0.0
108431,0.0
108432,0.0
108433,0.0
108434,0.0
108435,0.0
108436,0.0
108437,0.0
108438,0.0
108439,0.0
108440,0.0
108441,0.0
108442,0.0
108443,0.0
108444,0.0
108445,0.0
108446,0.0
108447,0.0
108448,0.0
108449,0.0
108450,0.0
108451,0.0
108452,0.0
108453,0.0
108454,0.0
108455,0.0
108456,0.0
108457,0.0
108458,0.0
108459,0.0
108460,0.0
108461,0.0
108462,0.0
108463,0.0
108464,0.0
108465,0.0
108466,0.0
108467,0.0
108468,0.0
108469,0.0
108470,0.0
108471,0.0
108472,0.0
108473,0.0
108474,0.0
108475,0.0
108476,0.0
108477,0.0
108478,0.0
108479,0.0
108480,0.0
108481,0.0
108482,0.0
108483,0.0
108484,0.0
108485,0.0
108486,0.0
108487,0.0
108488,0.0
108489,0.0
108490,0.0
108491,0.0
108492,0.0
108493,0.0
108494,0.0
108495,0.0
108496,0.0
108497,0.0
108498,0.0
108499,0.0
108500,0.0
108501,0.0
108502,0.0
108503,0.0
108504,0.0
108505,0.0
108506,0.0
108507,0.0
108508,0.0
108509,0.0
108510,0.0
108511,0.0
108512,0.0
108513,0.0
108514,0.0
108515,0.0
108516,0.0
108517,0.0
108518,0.0
108519,0.0
108520,0.0
108521,0.0
108522,0.0
108523,0.0
108524,0.0
108525,0.0
108526,0.0
108527,0.0
108528,0.0
108529,0.0
108530,0.0
108531,0.0
108532,0.0
108533,0.0
108534,0.0
108535,0.0
108536,0.0
108537,0.0
108538,0.0
108539,0.0
108540,0.0
108541,0.0
108542,0.0
108543,0.00018
108544,0.0
108545,0.0
108546,0.0
108547,0.0
108548,0.0
108549,0.0
108550,0.0
108551,0.0
108552,0.000293
108553,0.002875
108554,0.007527
108555,0.0
108556,0.0
108557,0.0
108558,0.0
108559,0.007402
108560,0.094803
108561,0.0
108562,0.17891
108563,0.0
108564,0.0
108565,0.0
108566,0.0
108567,0.0
108568,0.0
108571,0.0
108572,0.0
108573,0.0
108574,0.0
108575,0.0
108576,0.0
108577,0.0
108581,0.0
108912,0.034534
108913,0.0
108914,0.0
108915,0.0
108916,0.0
108917,0.0
108918,0.0
108919,0.0
108920,0.0
108921,0.0
108922,0.0
108923,0.0
108924,0.0
108925,0.0
108926,0.003291
108927,0.001692
108928,0.746635
108929,1.0
108930,1.0
108931,1.0
108932,1.0
108933,1.0
108934,1.0
108935,1.0
108937,1.0
108938,1.0
108939,0.964966
108940,1.0
108941,0.954276
108942,1.0
108943,0.896309
108944,0.996703
108945,1.0
108946,1.0
108947,1.0
108950,1.0
108951,1.0
108952,0.54043
108953,0.944482
108954,0.995941
108955,1.0
108956,0.692101
108957,1.0
108958,1.0
108960,1.0
108963,1.0
108964,0.011285
108965,1.0
108966,1.0
108967,1.0
108968,1.0
108969,0.416617
108970,0.208983
108971,0.696471
108972,1.0
108973,0.013469
108974,0.173546
108976,0.079798
108977,0.027655
108978,0.006418
108979,0.004514
108980,0.011537
108981,0.389884
108982,0.739976
108983,0.776999
108984,0.897049
108985,0.876322
108986,0.646509
108987,0.274068
108988,0.443094
108989,0.358894
108990,0.210355
108991,0.57063
108992,0.060575
108993,0.0
108994,0.001007
108995,0.008577
108996,0.002743
108997,1.0
108998,0.014546
108999,0.0
109000,0.090894
109001,0.000356
109002,0.003549
109003,0.103683
109004,0.405602
109005,0.279268
109006,0.444404
109007,0.716065
109008,0.577055
109009,0.413957
109010,0.221206
109011,0.535571
109012,0.661681
109013,0.07796
109014,0.511721
109015,1.0
109016,1.0
109017,0.281748
109018,0.900365
109019,0.835936
109020,0.289002
109021,0.022325
109022,0.004216
109023,0.0
109024,0.454137
109025,1.0
109026,1.0
109027,0.223354
109028,0.833997
109029,0.055383
109030,0.066955
109031,0.356995
109032,0.019843
109033,0.001692
109034,0.005458
109035,1.0
109036,0.273671
109037,0.507739
109038,0.0887
109040,0.842236
109041,0.420716
109042,0.0
109043,0.0
109044,0.0
109045,0.0
109046,0.0
109047,0.0
109048,0.0
109049,0.0
109050,0.0
109051,0.0
109052,0.0
109053,0.0
109054,0.0
109055,0.0
109056,0.0
109057,0.0
109058,0.0
109059,0.0
109060,0.0
109061,0.0
109062,0.0
109063,0.0
109064,0.0
109065,0.0
109066,0.0
109067,0.0
109068,0.0
109069,0.0
109070,0.0
109071,0.0
109072,0.0
109073,0.0
109074,0.0
109075,0.0
109076,0.0
109077,0.0
109078,0.0
109079,0.0
109080,0.0
109081,0.0
109082,0.0
109083,0.0
109084,0.0
109085,0.001978
109086,0.0
109087,0.0
109088,0.0
109089,0.0
109090,0.0
109091,0.0
109092,0.0
109093,3.8e-05
109094,0.0
109095,0.002343
109096,0.0
109097,0.0
109098,0.0
109099,0.0
109100,0.0
109101,0.0
109102,0.0
109103,0.0
109104,0.0
109105,0.0
109106,0.0
109107,0.0
109108,0.0
109109,0.0
109110,0.0
109111,0.0
109112,0.0
109113,0.0
109114,0.0
109115,0.0
109116,0.0
109117,0.0
109118,0.0
109119,0.0
109120,0.0
109121,0.0
109122,0.0
109123,0.0
109124,0.0
109125,0.0
109126,0.0
109127,0.0
109128,0.0
109129,0.0
109130,0.0
109131,0.0
109132,0.0
109133,0.0
109134,0.0
109135,0.0
109136,0.0
109137,0.0
109138,0.0
109139,0.0
109140,0.0
109141,0.0
109142,0.0
109143,0.0
109144,0.0
109145,0.0
109146,0.0
109147,0.0
109148,0.0
109149,0.0
109150,0.0
109151,0.0
109152,0.0
109153,0.0
109154,0.0
109155,0.0
109156,0.0
109157,0.0
109158,0.0
109159,0.0
109160,0.0
109161,0.0
109162,0.0
109163,0.0
109164,0.0
109165,0.0
109166,0.0
109167,0.0
109168,0.0
109169,0.0
109170,0.0
109171,0.0
109172,0.0
109173,0.0
109174,0.0
109175,0.0
109176,0.0
109177,0.0
109178,0.0
109179,0.0
109180,0.0
109181,0.0
109182,0.0
109183,0.0
109184,0.0
109185,0.0
109186,0.0
109187,0.0
109188,0.0
109189,0.0
109190,0.0
109191,0.0
109192,0.0
109193,0.0
109194,0.0
109195,0.0
109196,0.0
109197,0.0
109198,0.0
109199,0.0
109200,0.0
109201,0.0
109202,0.0
109203,0.0
109204,0.0
109205,0.049139
109206,0.0
109207,0.0
109208,0.0
109209,0.0
109210,0.0
109211,0.0
109212,0.0
109213,0.0
109214,0.0
109215,0.0
109216,0.0
109217,0.276507
109218,0.365801
109219,0.459892
109220,0.273405
109221,0.0
109222,0.0
109223,0.0
109224,0.0
109225,0.0
109226,0.0
109227,0.0
109228,0.0
109229,0.0
109230,0.0
109231,0.0
109232,0.0
109233,0.0
109234,0.0
109235,0.0
109236,0.0
109237,0.0
109238,0.0
109239,0.0
109240,0.0
109241,0.0
109242,0.0
109243,0.0
109244,0.126824
109245,0.0
109246,0.006166
109247,0.0
109248,0.0
109249,0.0
109250,0.0
109251,0.148303
109252,0.098988
109253,0.0
109256,0.0
109257,0.0
109258,0.0
109259,0.0
109260,0.0
109261,0.0
109262,0.0
109595,0.008991
109597,0.0
109598,0.0
109599,0.0
109600,0.0
109601,0.0
109602,0.0
109604,0.218818
109605,0.0
109606,0.0
109607,0.0
109608,0.0
109609,0.0
109610,0.012726
109611,0.002456
109612,0.960073
109613,1.0
109614,1.0
109615,1.0
109616,1.0
109617,1.0
109618,1.0
109619,1.0
109620,0.991598
109621,1.0
109622,1.0
109623,1.0
109624,0.826912
109625,0.889896
109626,1.0
109627,0.955005
109628,1.0
109629,1.0
109630,1.0
109631,0.473827
109634,1.0
109635,1.0
109636,0.451387
109637,0.977713
109638,0.958996
109639,0.266203
109640,0.067165
109641,1.0
109642,1.0
109643,1.0
109647,0.918945
109648,0.793561
109650,1.0
109651,0.999368
109652,1.0
109653,1.0
109654,0.743601
109655,0.996389
109656,1.0
109657,0.103385
109658,1.0
109660,0.787302
109661,0.792068
109662,0.74647
109663,0.602225
109664,0.885321
109665,0.918843
109666,0.983087
109667,0.906061
109668,0.845817
109669,0.847061
109670,0.121684
109671,0.09455
109672,0.169394
109673,0.068963
109674,0.116075
109675,0.238402
109676,0.14047
109677,0.094332
109678,0.016963
109679,0.026796
109680,0.0
109681,1.0
109682,0.333858
109683,0.02209
109684,0.117273
109685,0.683192
109686,0.448702
109687,0.024332
109688,0.054915
109689,0.011561
109690,0.591279
109691,0.705089
109692,0.547073
109693,0.186692
109694,0.006962
109695,0.086872
109696,0.229144
109697,0.005232
109698,0.054189
109699,0.794664
109700,0.7009
109701,0.119618
109702,0.859677
109703,0.875829
109704,0.470625
109705,0.05563
109706,0.0
109707,0.000816
109708,0.084252
109709,0.537424
109710,1.0
109711,1.0
109713,0.014442
109714,0.057254
109715,0.753344
109716,0.462572
109717,0.0
109718,0.000476
109719,0.243402
109720,0.058225
109721,0.197134
109724,1.0
109725,0.332377
109726,0.007638
109727,0.0
109728,0.0
109729,0.011289
109730,0.002955
109731,0.0
109732,0.0
109733,0.0
109734,0.0
109735,0.0
109736,0.0
109737,0.0
109738,0.0
109739,0.0
109744,0.0
109745,0.0
109746,0.0
109747,0.0
109748,0.0
109749,0.0
109750,0.0
109751,0.0
109752,0.0
109753,0.004476
109754,0.0
109755,0.0
109756,0.0
109757,0.0
109758,0.0
109759,0.013596
109760,0.0
109761,0.0
109762,0.010584
109763,0.0
109764,0.0
109765,0.0
109766,0.0
109767,0.0
109768,0.0
109769,0.0
109770,0.008346
109771,0.0
109772,0.0
109773,0.0
109774,0.0
109775,0.0
109776,0.0
109777,0.15471
109778,3.2e-05
109779,0.0
109780,0.0
109781,0.0
109782,0.0
109783,0.0
109784,0.0
109785,0.0
109786,0.0
109787,0.0
109788,0.0
109789,0.0
109790,0.0
109791,0.0
109792,0.0
109793,0.0
109794,0.0
109795,0.0
109796,0.0
109797,0.0
109798,0.0
109799,0.0
109800,0.0
109801,0.0
109802,0.0
109803,0.0
109804,0.0
109805,0.0
109806,0.0
109807,0.0
109808,0.0
109809,0.0
109810,0.0
109811,0.0
109812,0.0
109813,0.0
109814,0.0
109815,0.0
109816,0.0
109817,0.0
109818,0.0
109819,0.0
109820,0.0
109821,0.0
109822,0.0
109823,0.0
109824,0.0
109825,0.0
109826,0.0
109827,0.0
109828,0.0
109829,0.0
109830,0.0
109831,0.0
109832,0.0
109833,0.0
109834,0.0
109835,0.0
109836,0.0
109837,0.000328
109838,0.0
109839,0.0
109840,0.0
109841,0.0
109842,0.0
109843,0.0
109844,0.0
109845,0.0
109846,0.0
109847,0.0
109848,0.0
109849,0.0
109850,0.0
109851,0.0
109852,0.0
109853,0.0
109854,0.0
109855,0.0
109856,0.0
109857,0.0
109858,0.0
109859,0.0
109860,0.0
109861,0.0
109862,0.0
109863,0.0
109864,0.0
109865,0.0
109866,0.0
109867,0.0
109868,0.0
109869,0.0
109870,0.0
109871,0.0
109872,0.0
109873,0.0
109874,0.0
109875,0.0
109876,0.0
109877,0.0
109878,0.0
109879,0.0
109880,0.0
109881,0.0
109882,0.0
109883,0.0
109884,0.0
109885,0.0
109886,0.0
109887,0.0
109888,0.0
109889,0.0
109890,0.0
109891,0.0
109892,0.0
109893,0.0
109894,0.0
109895,0.0
109896,0.0
109897,0.0
109898,0.0
109899,0.0
109900,0.0
109901,0.090937
109902,0.990417
109903,1.0
109904,0.390068
109905,0.0
109906,0.0
109907,0.0
109908,0.0
109909,0.0
109910,0.0
109911,0.0
109912,0.0
109913,0.0
109914,0.002803
109915,0.0
109916,0.0
109917,0.0
109918,0.0
109919,0.0
109920,0.0
109921,0.0
109922,0.0
109923,0.0
109924,0.0
109925,0.0
109926,0.0
109927,0.0
109928,0.0
109929,0.0
109930,0.02151
109931,0.0
109932,0.04661
109933,0.0
109934,0.0
109935,0.086699
109936,0.078083
109937,0.0
109938,0.125793
109939,0.0
109940,0.0
109941,0.0
109942,0.0
109943,0.0
109944,0.0
109945,0.0
109946,0.0
109947,0.001289
110279,0.045015
110282,0.0
110283,0.220023
110284,0.064256
110285,0.005206
110286,0.0
110287,0.0
110288,0.100451
110289,0.0
110290,0.0
110291,0.0
110292,0.0
110293,0.0
110294,0.165165
110295,0.006094
110296,0.074377
110297,0.844281
110298,1.0
110299,1.0
110303,1.0
110304,0.291497
110305,0.176613
110306,0.418747
110307,1.0
110308,1.0
110309,0.819495
110310,0.609724
110311,0.859528
110312,0.72942
110313,1.0
110314,1.0
110316,1.0
110317,1.0
110318,1.0
110319,1.0
110320,0.958309
110321,1.0
110322,1.0
110323,0.842802
110324,0.0
110325,1.0
110326,1.0
110327,1.0
110328,1.0
110331,0.65734
110332,0.27134
110334,1.0
110335,0.222202
110336,0.061907
110337,0.011382
110338,0.374199
110339,1.0
110340,1.0
110341,0.138489
110342,1.0
110343,0.532277
110344,0.854499
110345,0.747617
110346,0.824259
110347,0.814746
110348,0.887397
110349,0.964003
110350,0.867875
110351,0.889405
110352,0.883907
110353,0.783118
110354,0.211211
110355,0.016615
110356,0.251723
110357,0.197238
110358,0.490977
110359,0.360043
110360,0.252525
110361,0.065806
110362,0.017757
110363,0.0
110364,0.002591
110365,1.0
110366,0.345995
110367,0.018078
110368,0.027837
110369,0.407904
110370,0.66808
110371,0.830215
110372,0.017823
110373,0.017421
110374,0.0
110375,0.345477
110376,0.320216
110377,0.031796
110378,0.003698
110379,0.478467
110380,0.383894
110381,0.145741
110382,0.005302
110383,1.0
110384,0.923502
110385,0.022859
110386,0.738248
110387,0.82463
110388,0.75907
110389,0.235202
110390,0.148828
110391,0.054398
110392,0.445515
110393,0.082025
110396,0.379673
110397,0.000931
110398,0.078116
110399,0.128318
110400,0.303459
110401,0.004726
110402,0.005906
110403,0.092476
110404,0.050515
110405,0.049051
110406,1.0
110408,0.957049
110409,0.095433
110410,0.146236
110411,0.0
110412,0.0
110413,0.016935
110414,0.006614
110415,0.0
110416,0.0
110417,0.0
110418,0.0
110419,0.0
110420,0.0
110421,0.0
110422,0.0
110423,0.0
110428,0.0
110429,0.0
110430,0.0
110431,0.0
110432,0.0
110433,0.0
110434,0.0
110435,0.0
110436,0.0
110437,0.0
110438,0.0
110439,0.0
110440,0.0
110441,0.0
110442,0.001144
110443,0.120067
110444,0.0
110445,0.0
110446,0.005907
110447,0.012876
110448,0.0
110449,0.0
110450,0.0
110451,0.0
110452,0.000215
110453,0.0
110454,0.0
110455,0.0
110456,0.0
110457,0.000141
110458,0.0
110459,0.0
110460,0.0
110461,0.0
110462,0.0
110463,0.00045
110464,0.000828
110465,0.000384
110466,0.0
110467,0.0
110468,0.0
110469,0.0
110470,0.0
110471,0.0
110472,0.0
110473,0.0
110474,0.0
110475,0.0
110476,0.0
110477,0.0
110478,0.0
110479,0.0
110480,0.0
110481,0.0
110482,0.0
110483,0.0
110484,0.0
110485,0.0
110486,0.0
110487,0.0
110488,0.0
110489,0.0
110490,0.0
110491,0.0
110492,0.0
110493,0.0
110494,0.0
110495,0.0
110496,0.0
110497,0.0
110498,0.0
110499,0.0
110500,0.0
110501,0.0
110502,0.0
110503,0.0
110504,0.0
110505,0.0
110506,0.0
110507,0.0
110508,0.0
110509,0.0
110510,0.0
110511,0.0
110512,0.0
110513,0.0
110514,0.0
110515,0.0
110516,0.0
110517,0.0
110518,0.0
110519,0.0
110520,0.0
110521,0.0
110522,0.0
110523,0.0
110524,0.0
110525,0.0
110526,0.0
110527,0.0
110528,0.0
110529,0.0
110530,0.0
110531,0.0
110532,0.0
110533,0.0
110534,0.0
110535,0.0
110536,0.0
110537,0.0
110538,0.0
110539,0.0
110540,0.0
110541,0.0
110542,0.0
110543,0.0
110544,0.0
110545,0.0
110546,0.0
110547,0.0
110548,0.0
110549,0.0
110550,0.0
110551,0.0
110552,0.0
110553,0.0
110554,0.0
110555,0.0
110556,0.0
110557,0.0
110558,0.0
110559,0.0
110560,0.0
110561,0.0
110562,0.0
110563,0.0
110564,0.0
110565,0.013287
110566,0.0
110567,0.0
110568,0.0
110569,0.0
110570,0.0
110571,0.0
110572,0.0
110573,0.0
110574,0.0
110575,0.0
110576,0.0
110577,0.0
110578,0.296258
110579,0.532209
110580,0.400009
110581,0.0
110582,0.0
110583,0.0
110584,0.0
110585,0.381657
110586,1.0
110587,0.90246
110588,0.025768
110589,0.0
110590,0.0
110591,0.0
110592,0.0
110593,0.0
110594,0.0
110595,0.0
110596,0.0
110597,0.050171
110598,0.110413
110599,0.005504
110600,0.0
110601,0.0
110602,0.0
110603,0.0
110604,0.0
110605,0.0
110606,0.0
110607,0.0
110608,0.0
110609,0.0
110610,0.0
110611,0.0
110612,0.0
110613,0.0
110614,0.001793
110615,0.025321
110616,0.176932
110617,0.084552
110618,0.220943
110619,0.258553
110620,0.089046
110621,0.0
110624,0.0
110625,0.0
110626,0.0
110627,0.0
110628,0.0
110629,0.0
110630,0.0
110631,0.0
110632,0.0
110963,0.02087
110964,0.492896
110966,0.013033
110967,0.0
110968,0.0
110969,0.006014
110970,0.128614
110971,0.01674
110972,0.0
110973,0.0
110974,0.0
110975,0.0
110976,0.0
110977,0.0
110978,0.084219
110979,0.005254
110980,0.027973
110981,1.0
110982,1.0
110983,1.0
110987,1.0
110988,0.33329
110989,0.335782
110990,0.466388
110991,0.661796
110992,1.0
110993,0.556088
110994,0.048504
110995,0.026324
110996,0.759183
110997,0.941351
110998,1.0
110999,1.0
111000,1.0
111001,1.0
111002,1.0
111003,1.0
111004,1.0
111005,1.0
111006,1.0
111007,0.830477
111008,0.801988
111009,1.0
111010,1.0
111011,1.0
111016,0.0
111017,0.824506
111018,1.0
111019,0.863169
111020,0.021413
111021,0.078143
111022,1.0
111023,1.0
111024,1.0
111025,0.20193
111027,0.036821
111028,0.839627
111029,0.895863
111030,0.868496
111031,0.806774
111032,0.921213
111033,0.973677
111034,0.899068
111035,0.864962
111036,0.901793
111037,0.792931
111038,0.655679
111039,0.62171
111040,0.143974
111041,0.018837
111042,0.129414
111043,0.307011
111044,0.20778
111045,0.191736
111046,0.0
111047,0.00227
111048,1.0
111049,1.0
111050,0.13709
111051,0.154849
111052,0.413522
111053,0.458773
111054,0.790341
111055,0.624447
111056,0.0
111057,0.009552
111058,0.009866
111059,0.0
111060,0.0
111061,0.257322
111062,0.042829
111063,0.303085
111064,0.00787
111065,0.005319
111066,0.074872
111067,0.004906
111068,0.010101
111069,0.001016
111070,0.05467
111071,0.552272
111072,0.274881
111073,0.063168
111074,0.314995
111075,0.436902
111076,1.0
111079,0.652052
111080,0.366263
111081,0.044363
111082,0.162765
111083,0.045956
111084,0.174969
111085,0.190332
111086,0.317758
111087,0.36089
111088,0.0
111089,0.005576
111090,0.131966
111091,1.0
111092,0.994001
111093,0.125398
111094,0.0
111095,0.0
111096,0.0
111097,0.0
111098,0.0
111099,0.0
111100,0.0
111101,0.0
111102,0.0
111103,0.0
111104,0.0
111105,0.0
111106,0.0
111107,0.0
111112,0.0
111113,0.0
111114,0.0
111115,0.0
111116,0.0
111117,0.0
111118,0.0
111119,0.0
111120,0.0
111121,0.0
111122,0.0
111123,0.0
111124,0.0
111125,0.0
111126,0.0
111127,0.0
111128,0.0
111129,0.0
111130,0.0
111131,0.0
111132,0.0
111133,0.0
111134,0.0
111135,0.0
111136,0.0
111137,0.0
111138,0.0
111139,4.8e-05
111140,0.0
111141,0.0
111142,0.0
111143,0.0
111144,0.0
111145,0.0
111146,0.0
111147,0.0
111148,0.0
111149,0.0
111150,0.0
111151,0.0
111152,0.0
111153,0.0
111154,0.0
111155,0.0
111156,0.0
111157,0.0
111158,0.0
111159,0.0
111160,0.0
111161,0.0
111162,0.0
111163,0.0
111164,0.0
111165,0.0
111166,0.0
111167,0.0
111168,0.0
111169,0.0
111170,0.0
111171,0.0
111172,0.0
111173,0.0
111174,0.0
111175,0.0
111176,0.0
111177,0.0
111178,0.0
111179,0.0
111180,0.0
111181,0.0
111182,0.0
111183,0.0
111184,0.0
111185,0.0
111186,0.0
111187,0.0
111188,0.0
111189,0.0
111190,0.0
111191,0.0
111192,0.0
111193,0.0
111194,0.0
111195,0.0
111196,0.0
111197,0.0
111198,0.0
111199,0.0
111200,0.0
111201,0.0
111202,0.0
111203,0.0
111204,0.0
111205,0.0
111206,0.0
111207,0.0
111208,0.0
111209,0.0
111210,0.0
111211,0.0
111212,0.0
111213,0.0
111214,0.0
111215,0.0
111216,0.0
111217,0.0
111218,0.0
111219,0.0
111220,0.0
111221,0.0
111222,0.0
111223,0.0
111224,0.0
111225,0.0
111226,0.0
111227,0.0
111228,0.0
111229,0.0
111230,0.0
111231,0.0
111232,0.0
111233,0.0
111234,0.0
111235,0.0
111236,0.0
111237,0.0
111238,0.0
111239,0.0
111240,0.0
111241,0.0
111242,0.0
111243,0.0
111244,0.0
111245,0.0
111246,0.0
111247,0.0
111248,0.0
111249,0.259902
111250,0.0
111251,0.0
111252,0.0
111253,0.0
111254,0.0
111255,0.0
111256,0.0
111257,0.0
111258,0.0
111259,0.0
111260,0.0
111261,0.0
111262,0.714426
111263,1.0
111264,0.693785
111265,0.0
111266,0.0
111267,0.0
111268,0.0
111269,0.230439
111270,1.0
111271,0.298813
111272,0.0
111273,0.0
111274,0.0
111275,0.0
111276,0.0
111277,0.0
111278,0.0
111279,0.0
111280,0.0
111281,0.0
111282,0.482225
111283,0.491494
111284,0.001665
111285,0.0
111286,0.0
111287,0.0
111288,0.0
111289,0.0
111290,0.066289
111291,0.234807
111292,0.023769
111293,0.004132
111294,0.0
111295,0.0
111296,0.0
111297,0.0
111298,0.217977
111299,0.584887
111300,0.0
111301,0.151936
111302,0.301114
111303,0.170306
111304,0.0
111305,0.0
111309,0.0
111310,0.0
111311,0.0
111312,0.0
111313,0.0
111314,0.0
111315,0.0
111316,0.0
111647,0.0
111648,0.025779
111649,0.046482
111650,0.234395
111651,0.0
111652,0.0
111653,0.0
111654,0.0
111655,0.0
111656,0.0
111657,0.0
111658,0.0
111659,0.015106
111660,0.0
111661,0.0
111662,0.00038
111663,0.008896
111664,0.152104
111665,0.984242
111666,1.0
111667,1.0
111672,0.595145
111673,0.498469
111674,0.502209
111675,0.313026
111676,1.0
111677,1.0
111678,1.0
111679,1.0
111680,0.997007
111681,0.934277
111682,1.0
111683,1.0
111684,1.0
111685,1.0
111686,0.940503
111687,0.994048
111688,1.0
111689,1.0
111690,1.0
111691,1.0
111692,1.0
111693,1.0
111694,1.0
111695,1.0
111700,0.207752
111701,0.78604
111702,1.0
111703,0.932654
111704,0.076855
111705,1.0
111706,0.877648
111707,1.0
111708,1.0
111709,0.087343
111711,0.754017
111712,0.79118
111713,0.828623
111714,0.825494
111715,0.44686
111716,0.008769
111717,0.011553
111718,0.646448
111719,0.716194
111720,0.849183
111721,0.896495
111722,0.880115
111723,0.886142
111724,0.212923
111725,0.068917
111726,0.209425
111727,0.369814
111728,0.178394
111729,0.232714
111730,0.032315
111731,0.0
111732,1.0
111733,0.812833
111734,0.21903
111735,0.211546
111736,0.357735
111737,0.465759
111738,0.825345
111739,0.847934
111740,0.401322
111741,0.022442
111742,0.0
111743,0.0
111744,0.0
111745,0.069175
111746,0.315596
111747,0.105583
111748,0.018248
111749,0.212296
111750,0.032745
111751,0.086614
111752,0.037586
111753,0.014611
111754,0.001331
111755,0.004893
111756,0.0
111757,0.035465
111758,0.03923
111759,0.163537
111760,0.390531
111763,0.073281
111764,0.066041
111765,0.44847
111766,0.001317
111767,0.07569
111768,0.255708
111769,1.0
111770,1.0
111771,1.0
111772,1.0
111775,0.585507
111776,0.428351
111777,0.002176
111778,0.011224
111779,0.0
111780,0.0
111781,0.0
111782,0.0
111783,0.0
111784,0.0
111785,0.0
111786,0.0
111787,0.0
111788,0.0
111789,0.0
111790,0.0
111791,0.0
111795,0.0
111796,0.0
111797,0.0
111798,0.0
111799,0.0
111800,0.0
111801,0.0
111802,0.0
111803,0.0
111804,0.0
111805,0.0
111806,0.0
111807,0.0
111808,0.024053
111809,0.0
111810,0.0
111811,0.0
111812,0.0
111813,0.0
111814,0.0
111815,0.0
111816,0.0
111817,0.0
111818,0.0
111819,0.0
111820,0.0
111821,0.0
111822,0.0
111823,0.0
111824,3.4e-05
111825,0.0
111826,0.0
111827,0.0
111828,0.0
111829,0.0
111830,0.0
111831,0.0
111832,0.0
111833,0.0
111834,0.0
111835,0.0
111836,0.0
111837,0.0
111838,0.0
111839,0.0
111840,0.0
111841,0.0
111842,0.0
111843,0.0
111844,0.0
111845,0.0
111846,0.0
111847,0.0
111848,0.0
111849,0.0
111850,0.0
111851,0.0
111852,0.0
111853,0.0
111854,0.0
111855,0.0
111856,0.0
111857,0.0
111858,0.0
111859,0.0
111860,0.0
111861,0.0
111862,0.0
111863,0.0
111864,0.0
111865,0.0
111866,0.0
111867,0.0
111868,0.0
111869,0.0
111870,0.0
111871,0.0
111872,0.0
111873,0.0
111874,0.0
111875,0.0
111876,0.0
111877,0.0
111878,0.0
111879,0.0
111880,0.0
111881,0.0
111882,0.0
111883,0.0
111884,0.0
111885,0.0
111886,0.0
111887,0.0
111888,0.0
111889,0.0
111890,0.0
111891,0.0
111892,0.0
111893,0.0
111894,0.0
111895,0.0
111896,0.0
111897,0.0
111898,0.0
111899,0.0
111900,0.0
111901,0.0
111902,0.0
111903,0.0
111904,0.0
111905,0.0
111906,0.0
111907,0.0
111908,0.0
111909,0.0
111910,0.0
111911,0.0
111912,0.0
111913,0.0
111914,0.0
111915,0.0
111916,0.0
111917,0.0
111918,0.0
111919,0.0
111920,0.0
111921,0.0
111922,0.0
111923,0.0
111924,0.0
111925,0.0
111926,0.0
111927,0.0
111928,0.0
111929,0.0
111930,0.0
111931,0.0
111932,0.0
111933,0.0
111934,0.0
111935,0.0
111936,0.0
111937,0.0
111938,0.0
111939,0.0
111940,0.0
111941,0.0
111942,0.0
111943,0.0
111944,0.0
111945,0.0
111946,0.588304
111947,1.0
111948,0.332497
111949,0.147832
111950,0.199326
111951,0.0
111952,0.0
111953,0.11331
111954,0.353633
111955,0.0
111956,0.0
111957,0.0
111958,0.0
111959,0.0
111960,0.0
111961,0.0
111962,0.0
111963,0.0
111964,0.0
111965,0.192985
111966,0.926759
111967,0.86873
111968,0.040848
111969,0.008825
111970,0.0
111971,0.0
111972,0.0
111973,0.070368
111974,0.89165
111975,0.279218
111976,0.144131
111977,0.018572
111978,0.0
111979,0.0
111980,0.0
111981,0.0
111982,0.211141
111983,0.037361
111984,0.0
111985,0.015719
111987,0.137875
111988,0.0
111989,0.0
111993,0.0
111994,0.0
111995,0.0
111996,0.0
111997,0.0
111998,0.0
111999,0.0
112000,0.0
112331,0.0
112332,0.0
112333,0.0
112334,0.00147
112335,0.0
112336,0.0
112337,0.0
112338,0.0
112339,0.0
112340,0.0
112341,0.0
112342,0.0
112343,0.0
112344,0.0
112345,0.0
112346,0.0
112347,0.026637
112348,0.347659
112349,1.0
112350,1.0
112351,1.0
112356,0.565651
112357,0.855324
112358,0.663164
112359,0.731184
112361,0.018315
112362,0.940764
112363,1.0
112364,0.997697
112365,1.0
112366,1.0
112367,1.0
112368,1.0
112369,1.0
112370,0.875624
112371,0.838894
112372,1.0
112373,1.0
112374,1.0
112377,1.0
112378,1.0
112382,1.0
112384,0.218293
112385,1.0
112386,1.0
112387,0.907873
112388,0.252938
112389,0.051847
112390,0.230513
112391,0.037376
112392,1.0
112393,0.077909
112395,0.866935
112396,0.84659
112397,0.584357
112398,0.035261
112399,0.028098
112400,0.07732
112401,0.003472
112402,0.02152
112403,0.909168
112404,0.755329
112405,0.868647
112406,0.875482
112407,0.781247
112408,0.076711
112409,0.125915
112410,0.003385
112411,0.321285
112412,0.157811
112413,0.147271
112414,0.886878
112415,1.0
112416,1.0
112417,0.719112
112418,0.208873
112419,0.473274
112420,0.746678
112421,0.410274
112422,0.829101
112423,0.810624
112424,0.564632
112425,0.142705
112426,0.003225
112427,0.0
112428,0.0
112429,0.055966
112430,0.022996
112431,0.003152
112432,0.0
112433,0.021253
112434,0.0
112435,0.286588
112436,0.001692
112437,0.03678
112438,0.00244
112439,0.0
112440,0.0
112441,0.096196
112442,0.14197
112443,0.015195
112444,0.045674
112445,0.007183
112446,0.0
112447,0.920455
112448,0.397907
112449,0.275851
112450,0.007496
112451,0.426363
112452,1.0
112453,1.0
112455,1.0
112458,0.0
112459,0.225349
112460,0.0
112461,0.0
112462,0.000346
112463,0.0
112464,0.005871
112465,0.000137
112466,0.0
112467,0.0
112468,0.0
112469,0.0
112470,0.0
112471,0.0
112472,0.0
112473,0.0
112479,0.0
112480,0.0
112481,0.0
112482,0.0
112483,0.0
112484,0.0
112485,0.0
112486,0.0
112487,0.0
112488,0.0
112489,0.0
112490,0.0
112491,0.0
112492,0.0
112493,0.0
112494,0.0
112495,0.0
112496,0.0
112497,0.0
112498,0.0
112499,0.0
112500,0.0
112501,0.0
112502,0.0
112503,0.0
112504,0.0
112505,0.0
112506,0.0
112507,0.0
112508,0.0
112509,0.0
112510,0.0
112511,0.0
112512,0.0
112513,0.0
112514,0.0
112515,0.0
112516,0.0
112517,0.0
112518,0.0
112519,0.0
112520,0.0
112521,0.0
112522,0.0
112523,0.0
112524,0.0
112525,0.0
112526,0.0
112527,0.0
112528,0.0
112529,0.0
112530,0.0
112531,0.0
112532,0.0
112533,0.0
112534,0.0
112535,0.00574
112536,0.0
112537,0.0
112538,0.0
112539,0.0
112540,0.0
112541,0.0
112542,0.0
112543,0.0
112544,0.0
112545,0.0
112546,0.0
112547,0.0
112548,0.0
112549,0.0
112550,0.0
112551,0.0
112552,0.0
112553,0.0
112554,0.0
112555,0.0
112556,0.0
112557,0.0
112558,0.0
112559,0.0
112560,0.0
112561,0.0
112562,0.0
112563,0.0
112564,0.0
112565,0.0
112566,0.0
112567,0.0
112568,0.0
112569,0.0
112570,0.0
112571,0.0
112572,0.0
112573,0.0
112574,0.0
112575,0.0
112576,0.0
112577,0.0
112578,0.0
112579,0.0
112580,0.0
112581,0.0
112582,0.0
112583,0.0
112584,0.0
112585,0.0
112586,0.0
112587,0.0
112588,0.0
112589,0.0
112590,0.0
112591,0.0
112592,0.538615
112593,0.0
112594,0.0
112595,0.0
112596,0.0
112597,0.0
112598,0.0
112599,0.0
112600,0.0
112601,0.0
112602,0.0
112603,0.0
112604,0.0
112605,0.0
112606,0.0
112607,0.0
112608,0.0
112609,0.0
112610,0.0
112611,0.0
112612,0.0
112613,0.0
112614,0.0
112615,0.0
112616,0.0
112617,0.0
112618,0.0
112619,0.0
112620,0.0
112621,0.0
112622,0.0
112623,0.0
112624,0.0
112625,0.0
112626,0.0
112627,0.0
112628,0.0
112629,0.328422
112630,0.641891
112631,0.322075
112632,0.093054
112633,0.657498
112634,0.280927
112635,0.0
112636,0.0
112637,0.0
112638,0.0
112639,0.0
112640,0.0
112641,0.0
112642,0.0
112643,0.0
112644,0.0
112645,0.0
112646,0.0
112647,0.0
112648,0.0
112649,0.035265
112650,0.990982
112651,1.0
112652,0.870343
112653,0.690612
112654,0.164452
112655,0.0
112656,0.0
112657,0.401064
112658,0.429113
112659,0.003054
112660,0.834713
112661,0.047463
112662,0.000878
112663,0.0
112664,0.0
112665,0.0
112666,0.032624
112667,0.0
112668,0.0
112669,0.412775
112670,0.305146
112671,0.0
112672,0.103374
112673,0.0
112674,0.0
112677,0.0
112678,0.0
112679,0.0
112680,0.000186
112681,0.0
112682,0.0
112683,0.0
112684,0.0
113015,0.0
113016,0.0
113017,0.0
113018,0.0
113019,0.0
113020,0.0
113021,0.0
113022,0.0
113023,0.0
113024,0.0
113025,0.0
113026,0.0
113027,0.0
113028,0.0
113029,0.0
113030,0.0
113031,0.017767
113032,0.028362
113033,0.820464
113034,1.0
113035,1.0
113040,0.664535
113041,0.891561
113042,0.994407
113043,0.910115
113044,0.968787
113045,0.364513
113046,0.86555
113047,0.998693
113048,1.0
113049,1.0
113050,1.0
113051,1.0
113052,1.0
113053,0.964832
113054,1.0
113055,1.0
113056,0.806512
113057,1.0
113058,1.0
113059,1.0
113061,1.0
113062,0.716172
113063,1.0
113066,1.0
113067,1.0
113068,1.0
113069,1.0
113070,1.0
113071,1.0
113072,1.0
113073,0.262881
113074,0.529543
113075,0.268131
113076,0.998315
113077,1.0
113078,1.0
113079,0.675765
113080,0.841525
113081,0.879194
113082,0.273983
113083,0.007181
113084,0.003736
113085,0.007109
113086,0.875022
113087,0.923144
113088,0.811577
113089,0.867905
113090,0.381088
113091,0.025252
113092,0.000418
113093,0.129494
113094,0.191013
113095,0.563512
113096,0.196468
113097,0.425683
113098,1.0
113100,1.0
113101,0.320818
113102,0.450356
113103,0.711357
113104,0.035997
113105,0.005849
113106,0.438471
113107,0.834344
113108,0.910238
113109,0.006846
113110,0.008869
113111,0.0
113112,0.0
113113,0.189307
113114,0.582407
113115,0.009016
113116,0.010911
113117,0.033738
113118,1.0
113119,0.139489
113120,0.293948
113121,0.078895
113122,0.070559
113123,0.044916
113124,0.002854
113125,0.00061
113126,0.127482
113127,0.002523
113128,0.035823
113129,0.001446
113130,0.002067
113131,0.001658
113132,0.012418
113133,0.095898
113134,0.088652
113135,0.78247
113136,1.0
113137,1.0
113139,1.0
113143,0.107388
113144,0.0
113145,0.0
113146,0.101829
113147,0.0
113148,0.0
113149,0.182916
113150,0.0
113151,0.0
113152,0.0
113153,0.0
113154,0.0
113155,0.0
113156,0.0
113157,0.0
113163,0.0
113164,0.0
113165,0.0
113166,0.0
113167,0.0
113168,0.0
113169,0.0
113170,0.0
113171,0.0
113172,0.0
113173,0.0
113174,0.0
113175,0.0
113176,0.0
113177,0.0
113178,0.0
113179,0.0
113180,0.0
113181,0.0
113182,0.0
113183,0.0
113184,0.0
113185,0.0
113186,0.0
113187,0.0
113188,0.0
113189,0.0
113190,0.0
113191,0.0
113192,0.0
113193,0.0
113194,0.0
113195,0.0
113196,0.0
113197,0.0
113198,0.0
113199,0.0
113200,0.0
113201,0.0
113202,0.0
113203,0.0
113204,0.0
113205,0.0
113206,0.0
113207,0.0
113208,0.0
113209,0.0
113210,0.0
113211,0.0
113212,0.0
113213,0.0
113214,0.0
113215,0.0
113216,0.0
113217,0.0
113218,0.0
113219,0.001391
113220,0.0
113221,0.0
113222,0.0
113223,0.0
113224,0.0
113225,0.0
113226,0.0
113227,0.0
113228,0.0
113229,0.0
113230,0.0
113231,0.0
113232,0.0
113233,0.0
113234,0.0
113235,0.0
113236,0.0
113237,0.0
113238,0.0
113239,0.0
113240,0.0
113241,0.0
113242,0.0
113243,0.0
113244,0.0
113245,0.0
113246,0.0
113247,0.0
113248,0.0
113249,0.0
113250,0.0
113251,0.0
113252,0.0
113253,0.0
113254,0.0
113255,0.0
113256,0.0
113257,0.0
113258,0.0
113259,0.0
113260,0.0
113261,0.0
113262,0.0
113263,0.0
113264,0.0
113265,0.0
113266,0.0
113267,0.0
113268,0.0
113269,0.0
113270,0.0
113271,0.0
113272,0.0
113273,0.0
113274,0.0
113275,0.0
113276,0.0
113277,0.0
113278,0.0
113279,0.0
113280,0.0
113281,0.0
113282,0.0
113283,0.0
113284,0.0
113285,0.0
113286,0.0
113287,0.0
113288,0.0
113289,0.0
113290,0.0
113291,0.0
113292,0.0
113293,0.0
113294,0.0
113295,0.0
113296,0.0
113297,0.0
113298,0.0
113299,0.0
113300,0.0
113301,0.0
113302,0.0
113303,0.0
113304,0.0
113305,0.0
113306,0.0
113307,0.0
113308,0.0
113309,0.022915
113310,0.004389
113311,0.0
113312,0.0
113313,0.28904
113314,0.162726
113315,0.0
113316,0.0
113317,0.0
113318,0.0
113319,0.0
113320,0.0
113321,0.0
113322,0.0
113323,0.0
113324,0.0
113325,0.0
113326,0.0
113327,0.0
113328,0.0
113329,0.0
113330,0.0
113331,0.0
113332,0.0
113333,0.0
113334,0.434081
113335,1.0
113336,1.0
113337,1.0
113338,0.104032
113339,0.003297
113340,0.093265
113341,0.25984
113342,0.004074
113343,0.456164
113344,0.457972
113345,0.009184
113346,0.00035
113347,0.0
113348,0.0
113349,0.0
113350,0.0
113351,0.699701
113352,0.087156
113354,0.006763
113355,0.022072
113356,0.0
113357,0.0
113358,0.0
113360,0.150556
113361,0.011224
113362,0.0
113363,0.0
113364,0.0
113365,0.0
113366,0.0
113367,0.0
113368,0.0
113700,0.0
113701,0.0
113702,0.0
113703,0.0
113704,0.0
113705,0.0
113706,0.0
113707,0.0
113708,0.0
113709,0.0
113710,0.0
113711,0.0
113712,0.0
113713,0.0
113714,0.0
113715,0.0
113716,0.001235
113717,0.02335
113718,0.933325
113719,1.0
113724,1.0
113725,1.0
113726,1.0
113727,1.0
113728,0.940333
113729,0.796329
113730,1.0
113731,1.0
113732,1.0
113733,1.0
113734,0.982589
113735,1.0
113736,1.0
113737,1.0
113738,0.925264
113739,0.939417
113740,0.979015
113741,1.0
113742,1.0
113743,0.646392
113745,1.0
113746,0.16565
113747,0.230392
113751,0.633204
113753,1.0
113754,0.99953
113755,0.831857
113756,0.0
113758,1.0
113759,0.998078
113760,0.994102
113761,1.0
113762,1.0
113763,0.945195
113764,0.906858
113765,1.0
113766,0.890973
113767,0.600218
113768,0.012552
113769,0.571386
113770,0.92022
113771,0.790198
113772,0.840952
113773,0.722443
113774,0.004498
113775,0.002012
113776,0.006201
113778,0.453036
113779,0.167477
113780,0.487837
113781,0.955663
113782,0.412119
113783,0.881029
113784,0.208437
113785,0.267248
113786,0.652924
113787,0.012893
113788,0.004202
113789,0.0
113790,0.438826
113791,0.844064
113792,0.641514
113793,0.195495
113794,0.0
113795,0.010491
113796,0.002086
113797,0.0
113798,0.010658
113799,0.032675
113800,0.013835
113801,0.049185
113802,0.046696
113803,0.102736
113804,0.49017
113805,0.008571
113806,0.735711
113807,0.038908
113808,0.089018
113809,0.169256
113810,0.659109
113811,0.104346
113812,0.189931
113813,0.471492
113814,0.006965
113815,0.005858
113816,0.189274
113817,1.0
113818,1.0
113821,1.0
113827,0.466697
113828,0.092754
113829,0.0
113830,0.014379
113831,0.0
113832,0.0
113833,0.0
113834,0.0
113835,0.0
113836,0.0
113837,0.0
113838,0.0
113839,0.0
113840,0.0
113841,0.0
113847,0.0
113848,0.0
113849,0.0
113850,0.0
113851,0.0
113852,0.0
113853,0.0
113854,0.0
113855,0.0
113856,0.0
113857,0.0
113858,0.0
113859,0.0
113860,0.0
113861,0.0
113862,0.0
113863,0.0
113864,0.0
113865,0.0
113866,0.0
113867,0.0
113868,0.000388
113869,0.0
113870,0.0
113871,0.0
113872,0.0
113873,0.0
113874,0.0
113875,0.0
113876,0.0
113877,0.0
113878,0.0
113879,0.0
113880,0.0
113881,0.0
113882,0.000252
113883,0.0
113884,0.0
113885,0.0
113886,0.0
113887,0.0
113888,0.0
113889,0.0
113890,0.0
113891,0.0
113892,0.0
113893,0.0
113894,0.0
113895,0.0
113896,0.0
113897,0.0
113898,0.0
113899,0.0
113900,0.0
113901,0.0
113902,0.0
113903,0.0
113904,0.0
113905,0.0
113906,0.0
113907,0.0
113908,0.0
113909,0.0
113910,0.0
113911,0.0
113912,0.0
113913,0.0
113914,0.0
113915,0.0
113916,0.0
113917,0.0
113918,0.0
113919,0.0
113920,0.0
113921,0.0
113922,0.0
113923,0.0
113924,0.0
113925,0.0
113926,0.0
113927,0.0
113928,0.0
113929,0.0
113930,0.0
113931,0.0
113932,0.0
113933,0.0
113934,0.0
113935,0.0
113936,0.0
113937,0.0
113938,0.0
113939,0.0
113940,0.0
113941,0.0
113942,0.0
113943,0.0
113944,0.0
113945,0.0
113946,0.0
113947,0.0
113948,0.0
113949,0.0
113950,0.0
113951,0.0
113952,0.0
113953,0.0
113954,0.0
113955,0.0
113956,0.0
113957,0.0
113958,0.0
113959,0.0
113960,0.0
113961,0.0
113962,0.0
113963,0.0
113964,0.0
113965,0.0
113966,0.0
113967,0.0
113968,0.0
113969,0.0
113970,0.0
113971,0.0
113972,0.0
113973,0.0
113974,0.0
113975,0.0
113976,0.0
113977,0.0
113978,0.0
113979,0.0
113980,0.0
113981,0.0
113982,0.0
113983,0.0
113984,0.0
113985,0.0
113986,0.0
113987,0.0
113988,0.0
113989,0.0
113990,0.0
113991,0.0
113992,0.0
113993,0.0
113994,0.0
113995,0.0
113996,0.0
113997,0.0
113998,0.0
113999,0.0
114000,0.0
114001,0.0
114002,0.0
114003,0.0
114004,0.0
114005,0.0
114006,0.0
114007,0.0
114008,0.0
114009,0.0
114010,0.0
114011,0.0
114012,0.0
114013,0.0
114014,0.0
114015,0.0
114016,0.0
114017,0.016509
114018,0.212085
114019,0.976436
114020,0.937726
114021,0.760505
114022,0.02617
114023,0.559455
114024,0.991074
114025,0.305398
114026,0.0
114027,0.367191
114028,0.004142
114029,0.014071
114030,0.0
114031,0.0
114032,0.0
114033,0.0
114034,0.0
114035,0.888449
114036,0.813951
114037,0.118251
114038,0.016927
114039,0.0
114040,0.0
114041,0.0
114042,0.0
114043,0.0
114047,0.0
114048,0.0
114049,0.0
114050,0.0
114051,0.0
114052,0.0
114384,0.0
114385,0.0
114386,0.0
114387,0.0
114388,0.0
114389,0.0
114390,0.0
114391,0.0
114392,0.0
114393,0.0
114394,0.0
114395,0.0
114396,0.0
114397,0.0
114398,0.0
114399,0.0
114400,0.0
114401,0.0
114402,0.037129
114403,0.943997
114404,1.0
114406,1.0
114408,1.0
114409,1.0
114410,0.550097
114411,0.523009
114412,0.912934
114413,0.620378
114414,1.0
114415,0.474556
114416,0.412516
114417,1.0
114418,1.0
114419,1.0
114420,1.0
114421,1.0
114422,0.978672
114423,0.974717
114424,0.954952
114425,1.0
114426,1.0
114427,0.05048
114429,1.0
114430,0.03987
114431,0.287611
114433,0.114353
114434,0.111535
114435,1.0
114436,1.0
114437,1.0
114438,0.635842
114439,1.0
114441,1.0
114442,0.993467
114443,0.894884
114444,0.997777
114445,1.0
114446,1.0
114447,0.918007
114448,0.845398
114449,0.914963
114450,0.9161
114451,0.834858
114452,0.830589
114453,0.835118
114454,0.783859
114455,0.32067
114456,0.629548
114457,0.545545
114458,0.206663
114459,0.143525
114460,1.0
114461,0.681489
114462,0.062702
114463,0.326591
114464,0.937049
114465,0.586113
114466,0.269828
114467,0.825502
114468,0.159313
114469,0.209302
114470,0.017235
114471,0.013889
114472,0.013882
114473,0.077732
114474,0.154501
114475,0.731253
114476,0.428331
114477,0.153626
114478,0.070127
114479,0.071833
114480,0.005507
114481,0.027741
114482,0.097256
114483,0.063906
114484,0.052081
114485,0.650794
114486,0.024452
114487,0.012156
114488,0.331654
114489,0.0
114490,0.593406
114491,0.062476
114492,0.032089
114493,0.002553
114494,0.007899
114495,0.615533
114496,0.896094
114497,1.0
114498,0.21292
114499,0.09939
114500,0.012418
114501,0.173972
114502,1.0
114503,1.0
114510,1.0
114511,0.251157
114512,0.0
114513,0.003619
114514,0.005573
114515,0.0
114516,0.0
114517,0.0
114518,0.0
114519,0.0
114520,0.0
114521,0.0
114522,0.0
114523,0.0
114524,0.0
114525,0.0
114526,0.0
114527,0.0
114528,0.0
114529,0.0
114531,0.0
114532,0.0
114533,0.0
114534,0.0
114535,0.0
114536,0.0
114537,0.0
114538,0.0
114539,0.0
114540,0.0
114541,0.0
114542,0.0
114543,0.0
114544,0.0
114545,0.0
114546,0.0
114547,0.0
114548,0.0
114549,0.0
114550,0.0
114551,0.0
114552,0.03079
114553,0.0
114554,0.0
114555,0.0
114556,0.0
114557,0.0
114558,0.0
114559,0.0
114560,0.0
114561,0.0
114562,0.0
114563,0.0
114564,0.0
114565,0.0
114566,0.0
114567,0.0
114568,0.0
114569,0.0
114570,0.0
114571,0.0
114572,0.0
114573,0.0
114574,0.0
114575,0.0
114576,0.0
114577,0.0
114578,0.0
114579,0.0
114580,0.0
114581,0.0
114582,0.0
114583,0.0
114584,0.0
114585,0.0
114586,0.0
114587,0.0
114588,0.0
114589,0.0
114590,0.0
114591,0.0
114592,0.0
114593,0.0
114594,0.0
114595,0.0
114596,0.0
114597,0.0
114598,0.0
114599,0.0
114600,0.0
114601,0.0
114602,0.0
114603,0.0
114604,0.0
114605,0.0
114606,0.0
114607,0.0
114608,0.0
114609,0.0
114610,0.0
114611,0.0
114612,0.0
114613,0.0
114614,0.0
114615,0.0
114616,0.0
114617,0.0
114618,0.0
114619,0.0
114620,0.0
114621,0.0
114622,0.0
114623,0.0
114624,0.0
114625,0.0
114626,0.0
114627,0.0
114628,0.0
114629,0.0
114630,0.0
114631,0.0
114632,0.0
114633,0.0
114634,0.0
114635,0.0
114636,0.0
114637,0.0
114638,0.0
114639,0.0
114640,0.0
114641,0.0
114642,0.0
114643,0.0
114644,0.0
114645,0.0
114646,0.0
114647,0.0
114648,0.0
114649,0.0
114650,0.0
114651,0.0
114652,0.0
114653,0.0
114654,0.0
114655,0.016416
114656,0.0
114657,0.0
114658,0.0
114659,0.0
114660,0.0
114661,0.0
114662,0.0
114663,0.0
114664,0.0
114665,0.0
114666,0.0
114667,0.0
114668,0.0
114669,0.0
114670,0.0
114671,0.0
114672,0.0
114673,0.0
114674,0.0
114675,0.0
114676,0.0
114677,0.0
114678,0.0
114679,0.0
114680,0.0
114681,0.0
114682,0.0
114683,0.0
114684,0.0
114685,0.0
114686,0.0
114687,0.0
114688,0.0
114689,0.0
114690,0.0
114691,0.0
114692,0.0
114693,0.0
114694,0.0
114695,0.0
114696,0.0
114697,0.0
114698,0.0
114699,0.0
114700,0.0
114701,0.704473
114702,0.992197
114703,1.0
114704,0.0
114705,0.473727
114706,0.158684
114707,0.862148
114708,0.64141
114709,0.114713
114710,0.11703
114711,0.103113
114712,0.000351
114713,0.0
114714,0.0
114715,0.0
114716,0.0
114717,0.0
114718,0.0
114719,0.0
114720,0.0
114723,0.116814
114724,0.0
114725,0.0
114726,0.0
114727,0.034917
114732,0.0
114733,0.0
114734,0.0
114735,0.0
114736,0.0
115070,0.0
115071,0.0
115072,0.0
115073,0.0
115074,0.0
115075,0.0
115076,0.0
115077,0.0
115078,0.0
115080,0.0
115081,0.0
115082,0.0
115083,0.0
115084,0.0
115085,0.0
115086,0.001991
115087,0.22675
115088,1.0
115089,1.0
115090,1.0
115093,1.0
115094,0.181367
115095,0.957404
115096,1.0
115097,0.645989
115099,0.000618
115100,0.078397
115101,1.0
115102,0.949399
115103,0.974385
115104,0.80882
115105,1.0
115106,1.0
115107,1.0
115108,1.0
115109,0.975368
115110,0.995822
115111,1.0
115112,1.0
115113,1.0
115115,1.0
115119,1.0
115120,1.0
115121,1.0
115122,0.971423
115123,1.0
115124,1.0
115125,1.0
115126,0.932162
115127,0.547809
115128,0.223341
115129,1.0
115130,1.0
115131,0.106882
115132,0.699623
115133,0.875713
115134,0.933061
115135,0.760953
115136,0.650029
115137,0.841972
115138,0.582746
115139,0.360957
115140,0.733409
115141,0.861188
115142,0.448531
115143,1.0
115144,0.352863
115145,0.141001
115146,0.259731
115147,0.120315
115148,0.677094
115149,0.0
115150,0.888279
115151,0.454503
115152,0.050267
115153,0.007819
115154,0.008978
115155,0.009981
115156,0.014563
115157,0.012636
115158,0.17734
115159,0.868096
115160,0.640743
115161,0.090717
115162,0.093076
115163,0.016088
115164,0.01979
115165,0.010548
115166,0.054637
115167,0.052491
115168,0.001089
115169,0.0
115170,0.000354
115171,0.011562
115172,0.014039
115173,0.02395
115174,0.017934
115175,0.0045
115176,0.011884
115177,0.049605
115178,0.152259
115179,1.0
115180,1.0
115181,0.951677
115182,1.0
115183,0.248978
115184,0.016882
115185,0.036707
115187,1.0
115195,0.994279
115196,0.967226
115197,0.946713
115198,0.453153
115199,0.0
115200,0.0
115201,0.0
115202,0.0
115203,0.0
115204,0.0
115205,0.0
115206,0.0
115207,0.0
115208,0.0
115209,0.0
115210,0.0
115211,0.0
115212,0.0
115213,0.0
115214,0.0
115215,0.0
115216,0.0
115217,0.0
115218,0.0
115219,0.0
115220,0.0
115221,0.0
115222,0.0
115223,0.0
115224,0.0
115225,0.0
115226,0.0
115227,0.0
115228,0.0
115229,0.0
115230,0.0
115231,0.0
115232,0.0
115233,0.0
115234,0.0
115235,0.0
115236,0.0
115237,0.0
115238,0.0
115239,0.0
115240,0.0
115241,0.001282
115242,0.002118
115243,0.0
115244,0.0
115245,0.0
115246,0.0
115247,0.0
115248,0.0
115249,0.0
115250,0.0
115251,0.0
115252,0.0
115253,0.0
115254,0.0
115255,0.0
115256,0.0
115257,0.0
115258,0.0
115259,0.0
115260,0.0
115261,0.0
115262,0.0
115263,0.0
115264,0.0
115265,0.0
115266,0.0
115267,0.0
115268,0.0
115269,0.0
115270,0.0
115271,0.0
115272,0.0
115273,0.0
115274,0.0
115275,0.0
115276,0.0
115277,0.0
115278,0.0
115279,0.0
115280,0.0
115281,0.0
115282,0.0
115283,0.0
115284,0.0
115285,0.0
115286,0.000332
115287,0.0
115288,0.0
115289,0.0
115290,0.0
115291,0.0
115292,0.0
115293,0.0
115294,0.0
115295,0.0
115296,0.0
115297,0.0
115298,0.0
115299,0.0
115300,0.0
115301,0.0
115302,0.0
115303,0.0
115304,0.0
115305,0.0
115306,0.0
115307,0.0
115308,0.0
115309,0.0
115310,0.0
115311,0.0
115312,0.0
115313,0.0
115314,0.0
115315,0.0
115316,0.0
115317,0.0
115318,0.0
115319,0.0
115320,0.0
115321,0.0
115322,0.0
115323,0.0
115324,0.0
115325,0.0
115326,0.0
115327,0.0
115328,0.0
115329,0.0
115330,0.0
115331,0.0
115332,0.0
115333,0.0
115334,0.0
115335,0.0
115336,0.0
115337,0.0
115338,0.0
115339,0.925751
115340,0.005726
115341,0.0
115342,0.0
115343,0.0
115344,0.0
115345,0.0
115346,0.0
115347,0.0
115348,0.0
115349,0.0
115350,0.0
115351,0.0
115352,0.0
115353,0.0
115354,0.0
115355,0.0
115356,0.0
115357,0.0
115358,0.0
115359,0.0
115360,0.0
115361,0.0
115362,0.0
115363,0.0
115364,0.0
115365,0.0
115366,0.0
115367,0.0
115368,0.0
115369,0.0
115370,0.0
115371,0.0
115372,0.0
115373,0.0
115374,0.0
115375,0.0
115376,0.0
115377,0.0
115378,0.0
115379,0.0
115380,0.0
115381,0.0
115382,0.0
115383,0.0
115384,0.035881
115385,0.981531
115386,1.0
115387,1.0
115388,0.276463
115389,0.0
115390,0.493579
115391,1.0
115392,0.323197
115393,0.000483
115394,0.115946
115395,0.119943
115396,0.007556
115397,0.000621
115398,0.0
115399,0.0
115400,0.0
115401,0.0
115402,0.095119
115403,0.041746
115404,0.009203
115405,0.0
115406,0.0
115407,0.057381
115411,0.0
115412,0.041305
115417,0.0
115418,0.0
115419,0.10391
115754,0.0
115755,0.0
115756,0.0
115757,0.0
115758,0.0
115759,0.0
115760,0.0
115761,0.0
115762,0.0
115763,0.0
115764,0.0
115765,0.0
115766,0.0
115767,0.0
115768,0.0
115769,0.0
115770,0.0
115771,0.142786
115772,1.0
115773,1.0
115774,1.0
115776,1.0
115779,0.876501
115780,0.909197
115781,0.865051
115783,0.332887
115784,0.068052
115785,1.0
115786,1.0
115787,0.969727
115788,1.0
115789,1.0
115790,0.86633
115791,1.0
115792,1.0
115793,1.0
115794,1.0
115795,1.0
115796,1.0
115797,1.0
115798,1.0
115799,1.0
115801,1.0
115802,1.0
115803,1.0
115805,1.0
115806,0.980541
115807,1.0
115808,1.0
115809,1.0
115810,1.0
115811,0.161418
115812,0.470774
115813,1.0
115814,0.375274
115815,0.044306
115816,0.019578
115817,0.615679
115818,0.938736
115819,0.712345
115820,0.849568
115821,0.86012
115822,0.585108
115823,0.534488
115824,0.706791
115825,0.739828
115826,0.440536
115827,1.0
115828,0.388737
115829,0.491022
115830,1.0
115831,0.056278
115832,0.65342
115833,1.0
115834,1.0
115835,0.093956
115836,0.008878
115837,0.017123
115838,0.0
115839,0.009878
115840,0.011444
115841,0.008886
115842,0.0195
115843,0.273687
115844,0.029552
115845,0.030374
115846,0.077355
115847,0.020231
115848,0.022227
115849,0.029572
115850,0.020097
115851,0.047911
115852,0.020759
115853,0.011359
115854,0.012703
115855,0.00834
115856,0.075563
115857,0.049835
115858,0.086659
115859,0.0
115860,0.227273
115861,0.178806
115863,0.979806
115864,0.901398
115865,0.08242
115866,1.0
115869,0.081461
115878,1.0
115880,1.0
115881,1.0
115882,0.812681
115883,0.000285
115884,0.0
115885,0.0
115886,0.0
115887,0.0
115888,0.0
115889,0.0
115890,0.0
115891,0.0
115892,0.0
115893,0.0
115894,0.0
115895,0.0
115896,0.0
115897,0.0
115898,0.0
115899,0.0
115900,0.0
115901,0.0
115902,0.0
115903,0.0
115904,0.0
115905,0.0
115906,0.0
115907,0.0
115908,0.0
115909,0.0
115910,0.0
115911,0.0
115912,0.0
115913,0.0
115914,0.0
115915,0.0
115916,0.0
115917,0.0
115918,0.0
115919,0.0
115920,0.0
115921,0.0
115922,0.0
115923,0.0
115924,0.0
115925,0.0
115926,0.000121
115927,0.0
115928,0.0
115929,0.0
115930,0.0
115931,0.0
115932,0.0
115933,0.0
115934,0.0
115935,0.0
115936,0.0
115937,0.0
115938,0.0
115939,0.0
115940,0.0
115941,0.0
115942,0.0
115943,0.0
115944,0.0
115945,0.0
115946,0.0
115947,0.0
115948,0.0
115949,0.0
115950,0.0
115951,0.0
115952,0.0
115953,0.0
115954,0.0
115955,0.0
115956,0.0
115957,0.0
115958,0.0
115959,0.0
115960,0.0
115961,0.0
115962,0.0
115963,0.0
115964,0.0
115965,0.0
115966,0.0
115967,0.0
115968,0.0
115969,0.0
115970,0.005124
115971,0.0
115972,0.0
115973,0.0
115974,0.0
115975,0.0
115976,0.0
115977,0.0
115978,0.0
115979,0.0
115980,0.0
115981,0.0
115982,0.0
115983,0.0
115984,0.0
115985,0.0
115986,0.0
115987,0.0
115988,0.0
115989,0.0
115990,0.0
115991,0.0
115992,0.0
115993,0.0
115994,0.0
115995,0.0
115996,0.0
115997,0.0
115998,0.0
115999,0.0
116000,0.0
116001,0.0
116002,0.0
116003,0.0
116004,0.0
116005,0.0
116006,0.0
116007,0.0
116008,0.0
116009,0.0
116010,0.0
116011,0.0
116012,0.0
116013,0.0
116014,0.0
116015,0.0
116016,0.0
116017,0.0
116018,0.0
116019,0.0
116020,0.0
116021,0.0
116022,0.0
116023,0.471944
116024,0.0
116025,0.0
116026,0.0
116027,0.0
116028,0.0
116029,0.0
116030,0.0
116031,0.0
116032,0.0
116033,0.0
116034,0.0
116035,0.0
116036,0.0
116037,0.0
116038,0.0
116039,0.0
116040,0.0
116041,0.0
116042,0.0
116043,0.0
116044,0.0
116045,0.0
116046,0.0
116047,0.0
116048,0.003518
116049,0.236929
116050,0.269988
116051,0.0
116052,0.0
116053,0.0
116054,0.0
116055,0.0
116056,0.0
116057,0.0
116058,0.0
116059,0.0
116060,0.0
116061,0.0
116062,0.0
116063,0.0
116064,0.0
116065,0.0
116066,0.0
116067,0.0
116068,0.09326
116069,1.0
116070,1.0
116071,0.695295
116072,0.027024
116073,0.0
116074,0.791417
116075,0.982085
116076,0.105366
116077,0.0
116078,0.0022
116079,0.000579
116080,0.00088
116081,0.0
116082,0.0
116083,0.0
116084,0.0
116085,0.0
116086,0.112735
116087,0.123881
116088,0.065514
116089,0.770787
116090,0.519422
116091,0.003108
116092,0.0
116093,0.0
116094,0.0
116095,0.0
116101,0.0
116102,0.0
116103,0.308356
116438,0.000153
116439,0.0
116440,0.0
116441,0.0
116442,0.0
116443,0.0
116444,0.0
116445,0.0
116446,0.0
116447,0.0
116448,0.0
116449,0.0
116450,0.0
116451,0.0
116452,0.0
116453,0.0
116454,0.0
116455,0.027786
116456,0.708032
116457,1.0
116458,1.0
116459,1.0
116460,1.0
116463,0.428583
116464,0.298399
116465,0.355359
116468,0.820961
116469,1.0
116470,1.0
116471,1.0
116472,1.0
116473,1.0
116474,0.802579
116475,1.0
116476,1.0
116477,1.0
116478,1.0
116479,1.0
116480,1.0
116481,1.0
116486,1.0
116491,1.0
116492,1.0
116493,0.994736
116494,0.999465
116495,0.0
116496,0.506997
116497,0.154124
116498,0.110498
116499,0.001775
116500,0.059433
116501,0.001929
116502,0.003764
116503,0.520721
116504,0.867633
116505,0.797177
116506,0.086962
116507,0.830689
116508,0.786982
116509,0.821039
116510,1.0
116512,0.161903
116513,0.70972
116514,0.466189
116515,0.093985
116516,0.379278
116517,0.843341
116518,0.912106
116519,0.091757
116520,0.023877
116521,0.021659
116522,0.0
116523,0.670827
116524,0.627732
116525,0.015094
116526,0.017997
116527,0.030154
116528,0.044314
116529,0.01249
116530,0.037293
116531,0.013337
116532,0.0
116533,0.008589
116534,0.039226
116535,0.146967
116536,0.051494
116537,0.000796
116538,0.132253
116539,0.00365
116540,0.029632
116541,0.094336
116542,0.132186
116544,0.0
116545,0.006894
116546,0.211418
116547,0.333226
116548,0.058205
116549,0.033262
116560,0.0
116561,0.5225
116562,0.011374
116563,1.0
116564,1.0
116565,1.0
116566,1.0
116567,0.01928
116568,0.0
116569,0.0
116570,0.0
116571,0.0
116572,0.0
116573,0.0
116574,0.0
116575,0.0
116576,0.0
116577,0.0
116578,0.0
116579,0.0
116580,0.0
116581,0.0
116582,0.0
116583,0.0
116584,0.0
116585,0.0
116586,0.0
116587,0.0
116588,0.0
116589,0.0
116590,0.0
116591,0.0
116592,0.0
116593,0.0
116594,0.0
116595,0.0
116596,0.0
116597,0.0
116598,0.0
116599,0.0
116600,0.0
116601,0.0
116602,0.0
116603,0.0
116604,0.0
116605,0.0
116606,0.0
116607,0.0
116608,0.00364
116609,0.0
116610,0.0
116611,0.0
116612,0.0
116613,0.0
116614,0.0
116615,0.067257
116616,0.051854
116617,0.0
116618,0.0
116619,0.0
116620,0.0
116621,0.0
116622,0.0
116623,0.0
116624,0.0
116625,0.0
116626,0.0
116627,0.0
116628,0.0
116629,0.0
116630,0.0
116631,0.0
116632,0.0
116633,0.0
116634,0.0
116635,0.0
116636,0.0
116637,0.0
116638,0.0
116639,0.0
116640,0.0
116641,0.0
116642,0.0
116643,0.0
116644,0.0
116645,0.0
116646,0.0
116647,0.0
116648,0.0
116649,0.0
116650,0.0
116651,0.0
116652,0.0
116653,0.0
116654,0.0
116655,0.0
116656,0.0
116657,0.0
116658,0.0
116659,0.0
116660,0.0
116661,0.0
116662,0.0
116663,0.0
116664,0.0
116665,0.0
116666,0.0
116667,0.0
116668,0.0
116669,0.0
116670,0.0
116671,0.0
116672,0.0
116673,0.0
116674,0.0
116675,0.0
116676,0.0
116677,0.0
116678,0.0
116679,0.0
116680,0.0
116681,0.0
116682,0.0
116683,0.0
116684,0.0
116685,0.0
116686,0.0
116687,0.0
116688,0.0
116689,0.0
116690,0.0
116691,0.0
116692,0.0
116693,0.0
116694,0.0
116695,0.0
116696,0.0
116697,0.0
116698,0.0
116699,0.0
116700,0.0
116701,0.0
116702,0.0
116703,0.0
116704,0.029295
116705,0.248383
116706,0.214685
116707,0.153497
116708,0.0
116709,0.0
116710,0.0
116711,0.0
116712,0.041742
116713,0.0
116714,0.0
116715,0.0
116716,0.0
116717,0.0
116718,0.0
116719,0.0
116720,0.0
116721,0.0
116722,0.0
116723,0.0
116724,0.0
116725,0.0
116726,0.0
116727,0.0
116728,0.0
116729,0.0
116730,0.0
116731,0.0
116732,0.321168
116733,0.977572
116734,0.979889
116735,0.639577
116736,0.269074
116737,0.0
116738,0.0
116739,0.0
116740,0.0
116741,0.0
116742,0.0
116743,0.0
116744,0.0
116745,0.0
116746,0.0
116747,0.0
116748,0.0
116749,0.0
116750,0.0
116751,0.005074
116752,0.996565
116753,1.0
116754,1.0
116755,0.361529
116756,0.0
116757,0.038398
116758,0.997002
116759,0.784245
116760,0.0
116761,0.0
116762,0.001659
116763,0.003753
116764,0.0
116765,0.0
116766,0.0
116767,0.0
116768,0.0
116769,0.0
116770,0.0
116771,0.0
116772,0.0
116773,0.76865
116774,0.906553
116775,0.022167
116776,0.0
116777,0.00827
116778,0.0
116779,0.0
116780,0.0
116781,0.0
116786,0.0
116787,0.0
117122,0.001154
117123,0.0
117124,0.0
117125,0.0
117126,0.0
117127,0.0
117128,0.0
117129,0.0
117130,0.0
117131,0.0
117132,0.0
117133,0.0
117134,0.0
117135,0.0
117136,0.0
117137,0.0
117138,0.012791
117139,0.035579
117140,0.892818
117141,1.0
117142,1.0
117144,1.0
117147,0.210681
117148,0.066684
117149,0.085554
117150,1.0
117151,1.0
117152,0.999681
117153,0.996895
117154,1.0
117155,0.031257
117156,1.0
117157,1.0
117158,1.0
117159,1.0
117160,1.0
117161,1.0
117162,1.0
117163,1.0
117164,1.0
117165,1.0
117166,1.0
117167,1.0
117175,1.0
117176,1.0
117177,1.0
117178,0.910685
117179,0.543946
117181,0.023506
117182,0.18318
117183,0.113545
117184,0.001383
117185,0.038422
117186,0.447828
117187,0.52223
117188,0.52397
117189,0.489826
117190,0.474741
117191,0.30742
117192,0.321297
117193,0.314624
117194,0.921717
117195,1.0
117196,0.58508
117197,0.904009
117198,0.115412
117199,0.000515
117200,0.02016
117201,0.250348
117203,0.0
117204,0.67247
117205,0.905052
117206,0.881749
117207,0.527064
117208,0.029089
117209,0.021482
117210,0.022235
117211,0.022552
117212,0.033264
117213,0.118072
117214,0.019706
117215,0.00703
117216,0.020358
117217,0.142701
117218,0.161931
117219,0.169405
117220,0.126707
117221,0.020395
117222,0.001476
117223,0.716527
117224,1.0
117226,0.0
117227,0.0
117228,0.007064
117229,0.029811
117230,0.062678
117231,0.022484
117232,0.78604
117233,0.886606
117234,1.0
117235,1.0
117236,1.0
117241,0.457228
117242,0.042667
117243,0.0
117244,0.0
117245,0.003472
117246,0.0
117247,1.0
117248,0.942373
117249,0.999501
117250,0.82755
117251,0.307656
117252,0.003543
117253,0.0
117254,0.0
117255,0.0
117256,0.0
117257,0.0
117258,0.0
117259,0.0
117260,0.0
117261,0.0
117262,0.0
117263,0.0
117264,0.0
117265,0.0
117266,0.0
117267,0.0
117268,0.0
117269,0.0
117270,0.0
117271,0.0
117272,0.0
117273,0.0
117274,0.0
117275,0.0
117276,0.0
117277,0.0
117278,0.0
117279,0.0
117280,0.0
117281,0.0
117282,0.0
117283,0.0
117284,0.0
117285,0.0
117286,0.0
117287,0.0
117288,0.0
117289,0.0
117290,0.0
117291,0.032913
117292,0.044496
117293,0.0
117294,0.0
117295,0.0
117296,0.0
117297,0.0
117298,0.0
117299,0.009698
117300,0.0
117301,0.0
117302,0.0
117303,0.0
117304,0.0
117305,0.0
117306,0.0
117307,0.0
117308,0.0
117309,0.0
117310,0.0
117311,0.0
117312,0.0
117313,0.0
117314,0.0
117315,0.0
117316,0.0
117317,0.0
117318,0.0
117319,0.0
117320,0.0
117321,0.0
117322,0.0
117323,0.0
117324,0.0
117325,0.131156
117326,0.003663
117327,0.0
117328,0.0
117329,0.0
117330,0.0
117331,0.0
117332,0.0
117333,0.0
117334,0.0
117335,0.0
117336,0.0
117337,0.0
117338,0.0
117339,0.0
117340,0.0
117341,0.0
117342,0.0
117343,0.0
117344,0.0
117345,0.0
117346,0.0
117347,0.0
117348,0.0
117349,0.0
117350,0.0
117351,0.0
117352,0.0
117353,0.0
117354,0.0
117355,0.0
117356,0.0
117357,0.0
117358,0.0
117359,0.0
117360,0.0
117361,0.0
117362,0.0
117363,0.0
117364,0.0
117365,0.0
117366,0.0
117367,0.0
117368,0.0
117369,0.0
117370,0.0
117371,0.0
117372,0.0
117373,0.0
117374,0.0
117375,0.0
117376,0.0
117377,0.0
117378,0.0
117379,0.0
117380,0.0
117381,0.0
117382,0.0
117383,0.0
117384,0.0
117385,0.0
117386,0.0
117387,0.0
117388,0.128371
117389,1.0
117390,1.0
117391,0.32505
117392,0.0
117393,0.005345
117394,0.0
117395,0.0
117396,0.248898
117397,0.0
117398,0.0
117399,0.0
117400,0.0
117401,0.0
117402,0.0
117403,0.0
117404,0.0
117405,0.0
117406,0.0
117407,0.0
117408,0.0
117409,0.0
117410,0.0
117411,0.0
117412,0.0
117413,0.0
117414,0.0
117415,0.0
117416,0.567017
117417,0.998542
117418,1.0
117419,1.0
117420,0.771904
117421,0.0
117422,0.0
117423,0.0
117424,0.0
117425,0.0
117426,0.0
117427,0.0
117428,0.0
117429,0.0
117430,0.0
117431,0.0
117432,0.0
117433,0.263633
117434,0.89249
117435,0.925033
117436,1.0
117437,1.0
117438,1.0
117439,0.270656
117440,0.0
117441,0.311017
117442,1.0
117443,0.382913
117444,0.0
117445,0.0
117446,0.005488
117447,0.0
117448,0.0
117449,0.0
117450,0.0
117451,0.0
117452,0.0
117453,0.0
117454,0.0
117455,0.0
117456,0.0
117457,0.0
117458,0.018424
117459,0.0
117460,0.0
117461,0.0
117462,0.0
117463,0.0
117464,0.0
117465,0.0
117470,0.0
117804,0.000522
117805,0.0
117806,0.021388
117807,0.0
117808,0.0
117809,0.0
117810,0.0
117811,0.0
117812,0.0
117813,0.007243
117814,0.002039
117815,0.0
117816,0.0
117817,0.0
117818,0.0
117819,0.0
117820,0.0
117821,0.0
117822,0.009833
117823,0.015776
117824,0.321106
117825,1.0
117826,1.0
117827,1.0
117832,0.002077
117833,0.04207
117834,1.0
117835,1.0
117836,1.0
117837,1.0
117838,0.099129
117839,0.337849
117840,1.0
117841,1.0
117842,1.0
117843,1.0
117844,1.0
117845,1.0
117846,1.0
117847,1.0
117848,1.0
117849,1.0
117850,1.0
117851,1.0
117852,0.221603
117853,1.0
117854,1.0
117859,1.0
117860,1.0
117861,0.971818
117862,0.834308
117863,0.033195
117864,0.013881
117865,0.039628
117866,0.112771
117867,0.073901
117868,0.777992
117869,0.803954
117870,0.770149
117871,0.285839
117872,0.088301
117873,0.096701
117874,0.015453
117875,0.384645
117876,0.18705
117877,0.45086
117878,1.0
117879,0.381907
117880,0.26891
117881,0.512364
117882,0.010605
117883,0.0
117884,0.027419
117885,0.12858
117886,0.110967
117888,0.353462
117889,0.57622
117890,0.673885
117891,0.524708
117892,0.635069
117893,0.064801
117894,0.030026
117895,0.023959
117896,0.74374
117897,0.135121
117898,0.022707
117899,0.002441
117900,0.015172
117901,0.016022
117902,0.839014
117903,0.179805
117904,0.016989
117905,0.527174
117906,1.0
117907,1.0
117908,0.99861
117910,0.0
117911,0.0
117912,0.001908
117913,0.000795
117914,0.066015
117915,0.362575
117916,1.0
117917,1.0
117919,0.078749
117920,0.01375
117925,0.297051
117926,0.320605
117927,0.370978
117928,0.364361
117929,0.00038
117930,0.001679
117931,0.745812
117932,0.453852
117933,0.135511
117934,0.404549
117935,0.972297
117936,0.327448
117937,0.0
117938,0.0
117939,0.0
117940,0.0
117941,0.0
117942,0.0
117943,0.0
117944,0.0
117945,0.0
117946,0.0
117947,0.0
117948,0.0
117949,0.0
117950,0.0
117951,0.0
117952,0.0
117953,0.0
117954,0.0
117955,0.0
117956,0.0
117957,0.0
117958,0.0
117959,0.0
117960,0.0
117961,0.0
117962,0.0
117963,0.0
117964,0.0
117965,0.0
117966,0.0
117967,0.0
117968,0.0
117969,0.0
117970,0.0
117971,0.0
117972,0.0
117973,0.0
117974,0.0
117975,0.0
117976,0.0
117977,0.0
117978,0.0
117979,0.0
117980,0.0
117981,0.0
117982,0.0
117983,0.0
117984,0.0
117985,0.0
117986,0.0
117987,0.0
117988,0.0
117989,0.0
117990,0.0
117991,0.0
117992,0.0
117993,0.0
117994,0.442774
117995,0.735103
117996,0.01344
117997,0.0
117998,0.0
117999,0.0
118000,0.0
118001,0.0
118002,0.0
118003,0.0
118004,0.0
118005,0.0
118006,0.0
118007,0.0
118008,0.0
118009,0.064273
118010,0.009367
118011,0.0
118012,0.0
118013,0.0
118014,0.0
118015,0.0
118016,0.0
118017,0.0
118018,0.0
118019,0.0
118021,0.0
118022,0.0
118023,0.0
118024,0.0
118025,0.0
118026,0.0
118027,0.0
118028,0.0
118029,0.0
118030,0.0
118031,0.0
118032,0.0
118033,0.0
118034,0.0
118035,0.0
118036,0.0
118037,0.0
118038,0.0
118039,0.0
118040,0.0
118041,0.0
118042,0.0
118043,0.0
118044,0.0
118045,0.0
118046,0.0
118047,0.0
118048,0.0
118049,0.0
118050,0.0
118051,0.0
118052,0.0
118053,0.0
118054,0.0
118055,0.0
118056,0.0
118057,0.0
118058,0.0
118059,0.0
118060,0.0
118061,0.0
118062,0.0
118063,0.0
118064,0.0
118065,0.0
118066,0.0
118067,0.0
118068,0.0
118069,0.0
118070,0.079353
118071,0.023422
118072,0.007615
118073,0.258149
118074,0.276634
118075,0.188884
118076,0.0
118077,0.00103
118078,0.0
118079,0.0
118080,0.000555
118081,0.0
118082,0.0
118083,0.0
118084,0.0
118085,0.0
118086,0.0
118087,0.0
118088,0.0
118089,0.0
118090,0.0
118091,0.0
118092,0.0
118093,0.0
118094,0.0
118095,0.0
118096,0.0
118097,0.0
118098,0.0
118099,0.0
118100,0.501478
118101,0.690637
118102,0.340334
118103,0.358283
118104,0.061658
118105,0.0
118106,0.0
118107,0.0
118108,0.0
118109,0.0
118110,0.0
118111,0.0
118112,0.0
118113,0.0
118114,0.0
118115,0.0
118116,0.00335
118117,0.670537
118120,0.52972
118121,0.456184
118122,1.0
118123,0.592422
118124,0.472969
118125,0.92536
118126,1.0
118127,0.14884
118128,0.0
118129,0.0
118130,0.000923
118131,0.000345
118132,0.0
118133,0.0
118134,0.0
118135,0.0
118136,0.0
118137,0.0
118138,0.0
118139,0.0
118140,0.0
118141,0.0
118142,0.0
118143,0.0
118144,0.0
118145,0.0
118146,0.0
118148,0.0
118149,0.0
118153,0.0
118154,0.0
118488,0.0
118489,0.0
118490,0.0
118491,0.0
118492,0.0
118493,0.000674
118494,0.0
118495,0.0
118496,0.0
118497,0.037111
118498,0.0
118499,0.0
118500,0.0
118501,0.0
118502,0.0
118503,0.0
118504,0.0
118505,0.0
118506,0.0
118507,0.0
118508,0.006975
118509,0.885061
118510,1.0
118511,1.0
118516,0.171288
118517,0.235326
118518,1.0
118519,1.0
118520,1.0
118521,1.0
118522,1.0
118524,1.0
118525,1.0
118526,1.0
118527,1.0
118528,1.0
118529,1.0
118530,1.0
118531,1.0
118532,1.0
118533,1.0
118534,1.0
118535,1.0
118536,0.283049
118537,0.006449
118541,0.026723
118543,1.0
118544,1.0
118545,1.0
118546,0.833713
118547,0.042179
118548,0.036562
118549,0.869611
118550,0.751359
118551,0.403564
118552,0.319146
118553,0.272928
118554,0.404877
118555,0.358655
118556,0.048816
118557,0.0
118558,0.070442
118559,0.574806
118560,0.533219
118561,0.447954
118562,0.038878
118563,0.582936
118564,0.286032
118565,0.144226
118566,0.100599
118567,0.000319
118568,0.40547
118569,0.444704
118570,0.312272
118571,0.809132
118572,0.344257
118573,0.5046
118574,0.034207
118575,0.034087
118576,0.611207
118577,0.014302
118578,0.007275
118579,0.010367
118580,1.0
118582,1.0
118583,0.010222
118584,0.028294
118585,0.081621
118586,1.0
118587,0.000988
118588,0.021122
118589,1.0
118590,0.885792
118591,1.0
118592,1.0
118593,0.192258
118594,0.0
118595,0.0
118596,0.019614
118597,0.006396
118598,0.000983
118599,0.001939
118600,0.111138
118601,1.0
118603,0.009564
118604,0.174951
118605,0.472659
118606,1.0
118609,0.350973
118610,0.03884
118611,1.0
118614,0.0
118615,0.267101
118616,0.13542
118617,0.0
118618,1.0
118619,0.130644
118620,0.0
118621,0.0
118622,0.0
118623,0.0
118624,0.0
118625,0.0
118626,0.0
118627,0.0
118628,0.0
118629,0.0
118630,0.0
118631,0.0
118632,0.0
118633,0.0
118634,0.0
118635,0.0
118636,0.0
118637,0.0
118638,0.0
118639,0.0
118640,0.0
118641,0.0
118642,0.0
118643,0.0
118644,0.0
118645,0.0
118646,0.0
118647,0.0
118648,0.0
118649,0.0
118650,0.0
118651,0.0
118652,0.0
118653,0.0
118654,0.0
118655,0.0
118656,0.0
118657,0.0
118658,0.0
118659,0.0
118660,0.0
118661,0.0
118662,0.0
118663,0.0
118664,0.0
118665,0.0
118666,0.0
118667,0.0
118668,0.0
118669,0.0
118670,0.0
118671,0.0
118672,0.0
118673,0.0
118674,0.0
118675,0.0
118676,0.0
118677,0.0
118678,0.540205
118679,0.983525
118680,0.712733
118681,0.0
118682,0.0
118683,0.0
118684,0.0
118685,0.0
118686,0.0
118687,0.0
118688,0.0
118689,0.0
118690,0.0
118691,0.0
118692,0.0
118693,0.0
118694,0.0
118695,0.0
118696,0.0
118697,0.0
118698,0.0
118699,0.0
118700,0.0
118701,0.0
118702,0.0
118703,0.0
118704,0.0
118705,0.0
118706,0.0
118707,0.0
118708,0.0
118709,0.0
118710,0.0
118711,0.0
118712,0.0
118713,0.0
118714,0.0
118715,0.0
118716,0.0
118717,0.0
118718,0.0
118719,0.0
118720,0.0
118721,0.0
118722,0.0
118723,0.0
118724,0.0
118725,0.0
118726,0.0
118727,0.0
118728,0.0
118729,0.0
118730,0.0
118731,0.0
118732,0.0
118733,0.0
118734,0.0
118735,0.0
118736,0.0
118737,0.0
118738,0.0
118739,0.0
118740,0.0
118741,0.0
118742,0.0
118743,0.0
118744,0.0
118745,0.0
118746,0.0
118747,0.0
118748,0.0
118749,0.0
118750,0.0
118751,0.0
118752,0.0
118753,0.339804
118754,0.965073
118755,0.693036
118756,0.0
118757,0.0
118758,0.0
118759,0.0
118760,0.0
118761,0.0
118762,0.0
118763,0.0
118764,0.0
118765,0.0
118766,0.0
118767,0.0
118768,0.0
118769,0.0
118770,0.0
118771,0.0
118772,0.0
118773,0.0
118774,0.0
118775,0.0
118776,0.0
118777,0.0
118778,0.0
118779,0.0
118780,0.0
118781,0.0
118782,0.0
118783,0.0
118784,0.0
118785,0.0
118786,0.0
118787,0.0
118788,0.0
118789,0.0
118790,0.0
118791,0.0
118792,0.0
118793,0.0
118794,0.0
118795,0.0
118796,0.0
118797,0.000609
118798,0.0003
118799,0.0
118800,0.004492
118801,0.660778
118802,1.0
118803,0.036944
118804,0.117032
118805,1.0
118806,1.0
118807,1.0
118808,1.0
118809,1.0
118810,0.385974
118811,0.001005
118812,0.181678
118813,0.490259
118814,0.260239
118815,0.0
118816,0.0
118817,0.0
118818,0.0
118819,0.0
118820,0.0
118821,0.0
118822,0.0
118823,0.0
118824,0.0
118825,0.0
118826,0.0
118827,0.0
118828,0.0
118829,0.0
118830,0.0
118831,0.0
118837,0.0
118838,0.0
119172,0.001698
119173,0.0
119174,0.011485
119175,0.0
119176,0.0
119177,0.004542
119178,0.0
119179,0.00312
119180,0.000612
119181,0.008718
119182,0.011581
119183,0.0
119184,0.051181
119185,0.0
119186,0.0
119187,0.0
119188,0.0
119189,0.0
119190,0.0
119191,0.0
119192,0.00597
119193,0.355469
119195,1.0
119200,0.0
119201,0.030922
119202,1.0
119203,1.0
119205,1.0
119206,1.0
119207,1.0
119208,1.0
119209,1.0
119210,0.903675
119211,1.0
119212,1.0
119213,1.0
119214,1.0
119215,1.0
119216,1.0
119217,1.0
119218,1.0
119219,1.0
119220,1.0
119221,1.0
119224,0.04154
119225,0.053155
119226,1.0
119227,0.9985
119228,1.0
119230,0.00334
119231,0.141525
119232,1.0
119233,0.958804
119234,0.748385
119235,0.304379
119236,0.068343
119237,0.008995
119238,0.208064
119239,0.27884
119240,0.513897
119241,0.08054
119242,0.302753
119243,0.141708
119244,0.464192
119245,0.365427
119246,0.019927
119247,0.580846
119249,0.153336
119250,0.42216
119254,1.0
119255,0.735786
119256,0.012782
119257,0.006561
119258,0.011591
119259,0.241244
119260,0.43911
119261,0.003285
119262,0.083792
119263,0.017385
119266,0.017693
119267,0.040897
119268,0.007798
119269,0.280787
119270,0.675921
119271,0.472747
119272,0.331035
119273,0.089081
119274,0.388731
119275,0.211886
119276,1.0
119277,0.99116
119278,0.318101
119279,0.0
119280,0.000118
119281,0.037941
119282,0.010474
119283,0.063189
119284,0.409093
119285,0.0
119287,0.310279
119288,0.27102
119289,1.0
119293,1.0
119294,0.177558
119295,1.0
119296,0.096275
119298,0.008786
119299,0.000962
119300,0.003762
119301,0.00363
119303,0.009058
119304,0.182392
119305,0.007335
119306,0.127165
119307,0.0
119308,0.0
119309,0.0
119310,0.0
119311,0.0
119312,0.0
119313,0.0
119314,0.0
119315,0.0
119316,0.0
119317,0.0
119318,0.0
119319,0.0
119320,0.0
119321,0.0
119322,0.0
119323,0.0
119324,0.0
119325,0.0
119326,0.0
119327,0.0
119328,0.0
119329,0.0
119330,0.0
119331,0.0
119332,0.0
119333,0.0
119334,0.0
119335,0.0
119336,0.0
119337,0.0
119338,0.0
119339,0.0
119340,0.0
119341,0.0
119342,0.0
119343,0.0
119344,0.0
119345,0.0
119346,0.0
119347,0.0
119348,0.0
119349,0.0
119350,0.0
119351,0.0
119352,0.0
119353,0.0
119354,0.0
119355,0.0
119356,0.0
119357,0.0
119358,0.0
119359,0.0
119360,0.0
119361,0.0
119362,0.0
119363,0.644017
119364,0.541139
119365,0.0
119366,0.0
119367,0.0
119368,0.0
119369,0.0
119370,0.0
119371,0.0
119372,0.0
119373,0.0
119374,0.0
119375,0.0
119376,0.0
119377,0.0
119378,0.0
119379,0.0
119380,0.0
119381,0.0
119382,0.258872
119383,0.047369
119384,0.0
119385,0.0
119386,0.0
119387,0.0
119388,0.0
119389,0.0
119390,0.0
119391,0.0
119392,0.0
119393,0.0
119394,0.0
119395,0.0
119396,0.0
119397,0.0
119398,0.0
119399,0.0
119400,0.0
119401,0.0
119402,0.0
119403,0.0
119404,0.0
119405,0.0
119406,0.0
119407,0.0
119408,0.0
119409,0.0
119410,0.001678
119411,0.0
119412,0.0
119413,0.0
119414,0.0
119415,0.0
119416,0.0
119417,0.0
119418,0.0
119419,0.0
119420,0.0
119421,0.0
119422,0.0
119423,0.0
119424,0.0
119425,0.0
119426,0.0
119427,0.0
119428,0.0
119429,0.0
119430,0.0
119431,0.0
119432,0.0
119433,0.0
119434,0.0
119435,0.0
119436,0.0
119437,0.319506
119438,0.38197
119439,0.65354
119440,0.181824
119441,0.0
119442,0.0
119443,0.0
119444,0.0
119445,0.0
119446,0.0
119447,0.0
119448,0.0
119449,0.0
119450,0.0
119451,0.0
119452,0.0
119453,0.0
119454,0.0
119455,0.0
119456,0.0
119457,0.0
119458,0.0
119459,0.0
119460,0.0
119461,0.0
119462,0.0
119463,0.0
119464,0.0
119465,0.0
119466,0.0
119467,0.0
119468,0.0
119469,0.0
119470,0.0
119471,0.0
119472,0.0
119473,0.0
119474,0.0
119475,0.0
119476,0.0
119477,0.0
119478,0.0
119479,0.0
119480,0.0
119481,0.074785
119482,0.046814
119483,0.000487
119484,0.0
119485,0.643675
119486,0.986358
119487,0.149724
119488,0.396555
119489,1.0
119490,1.0
119491,1.0
119492,1.0
119493,0.933133
119494,0.027274
119495,0.0
119496,0.35529
119497,1.0
119498,0.39468
119499,0.0
119500,0.0
119501,0.0
119502,0.0
119503,0.0
119504,0.0
119505,0.0
119506,0.0
119507,0.0
119508,0.0
119509,0.0
119510,0.0
119511,0.0
119512,0.0
119513,0.0
119514,0.0
119515,0.0
119516,0.0
119517,0.0
119518,0.0
119521,0.0
119857,0.040984
119858,0.646959
119859,0.031723
119860,0.0
119861,0.0
119862,0.0
119863,0.0
119864,0.010293
119865,0.011906
119866,0.023138
119867,0.0
119868,0.0
119869,0.0
119870,0.0
119871,0.0
119872,0.0
119873,0.0
119874,0.0
119875,0.0
119876,0.0
119877,0.0
119878,0.15949
119884,0.012985
119885,0.015314
119893,1.0
119894,1.0
119895,1.0
119896,1.0
119897,1.0
119898,1.0
119900,1.0
119901,1.0
119902,1.0
119903,1.0
119904,1.0
119905,1.0
119906,1.0
119908,0.007469
119910,1.0
119911,1.0
119912,1.0
119913,0.539334
119914,0.631164
119915,1.0
119916,1.0
119917,0.899839
119918,0.737529
119919,0.716751
119920,0.196927
119921,0.011185
119922,0.473969
119923,0.523619
119924,0.282248
119925,0.220264
119926,0.151051
119927,0.01063
119928,0.9605
119929,0.626696
119930,0.090977
119931,1.0
119932,0.030698
119933,0.080355
119935,1.0
119936,1.0
119937,1.0
119938,1.0
119940,0.049204
119941,0.113842
119942,0.0
119943,0.013876
119944,0.005422
119945,0.013539
119946,0.005458
119947,0.005963
119950,0.021156
119951,0.010295
119952,0.068123
119953,0.044331
119954,0.548256
119955,0.650372
119956,0.010688
119957,0.00997
119958,0.427859
119959,0.265009
119960,0.860546
119961,1.0
119962,0.27323
119963,0.0
119964,0.0
119965,0.073373
119966,0.000246
119967,0.0
119968,0.057726
119969,0.050211
119970,0.151547
119971,0.025243
119972,0.02491
119973,0.031838
119974,0.278144
119975,0.178883
119977,0.214919
119978,0.019949
119979,0.799047
119980,0.194106
119981,0.010409
119982,0.004059
119983,0.009295
119984,0.012386
119985,0.012401
119986,0.158171
119987,0.814193
119988,0.749587
119989,0.0
119990,0.0
119991,0.0
119992,0.0
119993,0.0
119994,0.0
119995,0.0
119996,0.0
119997,0.0
119998,0.0
119999,0.0
120000,0.0
120001,0.0
120002,0.0
120003,0.0
120004,0.0
120005,0.0
120006,0.0
120007,0.0
120008,0.0
120009,0.0
120010,0.0
120011,0.0
120012,0.0
120013,0.0
120014,0.0
120015,0.0
120016,0.0
120017,0.0
120018,0.0
120019,0.0
120020,0.0
120021,0.0
120022,0.0
120023,0.0
120024,0.0
120025,0.0
120026,0.0
120027,0.0
120028,0.0
120029,0.0
120030,0.0
120031,0.0
120032,0.0
120033,0.0
120034,0.0
120035,0.0
120036,0.0
120037,0.0
120038,0.0
120039,0.0
120040,0.0
120041,0.0
120042,0.0
120043,0.0
120044,0.0
120045,0.0
120046,0.0
120047,0.0
120048,0.004808
120049,0.0
120050,0.0
120051,0.0
120052,0.0
120053,0.0
120054,0.0
120055,0.0
120056,0.0
120057,0.0
120058,0.0
120059,0.0
120060,0.0
120061,0.0
120062,0.0
120063,0.0
120064,0.0
120065,0.0
120066,0.0
120067,0.0
120068,0.0
120069,0.0
120070,0.0
120071,0.0
120072,0.0
120073,0.0
120074,0.0
120075,0.0
120076,0.0
120077,0.0
120078,0.001313
120079,0.0
120080,0.0
120081,0.0
120082,0.102333
120083,0.105176
120084,0.0
120085,0.0
120086,0.0
120087,0.0
120088,0.0
120089,0.0
120090,0.0
120091,0.0
120092,0.0
120093,0.0
120094,0.0
120095,0.0
120096,0.0
120097,0.0
120098,0.0
120099,0.0
120100,0.0
120101,0.0
120102,0.0
120103,0.0
120104,0.0
120105,0.0
120106,0.0
120107,0.0
120108,0.0
120109,0.0
120110,0.0
120111,0.0
120112,0.0
120113,0.0
120114,0.0
120115,0.0
120116,0.0
120117,0.0
120118,0.0
120119,0.0
120120,0.0
120121,0.0
120122,0.523687
120123,0.747204
120124,0.16123
120125,0.0
120126,0.0
120127,0.0
120128,0.0
120129,0.0
120130,0.0
120131,0.0
120132,0.0
120133,0.0
120134,0.0
120135,0.0
120136,0.0
120137,0.0
120138,0.0
120139,0.0
120140,0.0
120141,0.0
120142,0.0
120143,0.0
120144,0.0
120145,0.0
120146,0.0
120147,0.189839
120148,0.32509
120149,0.0
120150,0.0
120151,0.0
120152,0.0
120153,0.0
120154,0.0
120155,0.0
120156,0.0
120157,0.0
120158,0.0
120159,0.0
120160,0.0
120161,0.0
120162,0.0
120163,0.0
120164,0.0
120165,0.007355
120166,0.004616
120167,0.0
120168,0.0
120169,0.0
120170,0.019063
120171,0.355798
120172,0.860262
120173,1.0
120174,1.0
120175,1.0
120176,1.0
120177,0.585918
120178,0.0
120179,0.034676
120180,0.966109
120181,0.108985
120182,0.001362
120183,0.0
120184,0.0
120185,0.0
120186,0.0
120187,0.0
120188,0.0
120189,0.0
120190,0.0
120191,0.0
120192,0.0
120193,0.0
120194,0.0
120195,0.0
120196,0.0
120197,0.0
120198,0.0
120199,0.0
120200,0.0
120201,0.0
120202,0.0
120205,0.0
120542,0.0
120543,0.140876
120544,0.015338
120545,0.0
120546,0.0
120547,0.0
120548,0.014544
120549,0.290565
120550,0.01085
120551,0.0
120552,0.0
120553,0.0
120554,0.0
120555,0.0
120556,0.0
120557,0.0
120558,0.0
120559,0.0
120560,0.0
120561,0.0
120562,0.0
120563,1.0
120568,0.048413
120569,0.128049
120578,1.0
120579,1.0
120580,1.0
120581,1.0
120582,0.998814
120584,1.0
120585,1.0
120586,1.0
120587,1.0
120588,1.0
120589,1.0
120590,1.0
120592,0.255319
120593,1.0
120594,1.0
120595,0.991333
120596,0.609375
120597,1.0
120598,1.0
120599,0.947027
120600,0.87646
120601,0.918415
120602,0.581834
120603,0.445261
120604,0.118204
120605,0.371168
120606,0.607111
120607,0.256341
120608,0.011721
120609,0.021622
120610,0.031906
120611,0.902274
120612,1.0
120613,0.667911
120614,0.098123
120615,1.0
120616,0.219097
120617,0.134027
120618,1.0
120619,1.0
120620,1.0
120621,0.595511
120622,0.0
120624,0.00617
120625,0.004577
120626,0.0
120627,0.009152
120628,0.010969
120629,0.0
120630,0.004616
120631,0.024194
120632,0.961538
120634,0.0
120635,0.003503
120636,0.457153
120637,0.159827
120638,0.752471
120639,0.812945
120640,1.0
120641,0.056421
120642,0.193004
120643,0.125739
120644,0.486991
120645,1.0
120646,0.977593
120647,0.146683
120648,0.453021
120649,0.146222
120650,0.0
120651,0.000462
120652,0.0
120653,0.016486
120654,0.047452
120655,0.158022
120656,0.100917
120657,0.110419
120658,0.016948
120659,0.901416
120661,0.674704
120662,0.060906
120663,0.082491
120664,0.508944
120665,0.025875
120666,0.0
120667,0.004091
120668,0.00025
120669,0.01759
120670,0.301928
120671,0.95528
120672,0.672821
120673,0.0
120674,0.0
120675,0.0
120676,0.0
120677,0.0
120678,0.0
120679,0.0
120680,0.0
120681,0.000592
120682,0.0
120683,0.0
120684,0.0
120685,0.0
120686,0.0
120687,0.0
120688,0.0
120689,0.0
120690,0.0
120691,0.0
120692,0.0
120693,0.0
120694,0.0
120695,0.0
120696,0.0
120697,0.0
120698,0.0
120699,0.0
120700,0.0
120701,0.0
120702,0.0
120703,0.0
120704,0.0
120705,0.0
120706,0.0
120707,0.0
120708,0.003445
120709,0.001539
120710,0.0
120711,0.0
120712,0.0
120713,0.0
120714,0.0
120715,0.0
120716,0.0
120717,0.0
120718,0.0
120719,0.0
120720,0.0
120721,0.0
120722,0.0
120723,0.0
120724,0.0
120725,0.0
120726,0.0
120727,0.0
120728,0.0
120729,0.0
120730,0.0
120731,0.0
120732,0.0
120733,0.0
120734,0.0
120735,0.0
120736,0.0
120737,0.0
120738,0.0
120739,0.0
120740,0.0
120741,0.0
120742,0.0
120743,0.0
120744,0.0
120745,0.0
120746,0.0
120747,0.0
120748,0.0
120749,0.0
120750,0.0
120751,0.0
120752,0.0
120753,0.0
120754,0.0
120755,0.0
120756,0.0
120757,0.0
120758,0.0
120759,0.0
120760,0.0
120761,0.0
120762,0.0
120763,0.0
120764,0.0
120765,0.0
120766,0.733269
120767,0.507688
120768,0.0
120769,0.0
120770,0.0
120771,0.0
120772,0.0
120773,0.0
120774,0.0
120775,0.0
120776,0.0
120777,0.0
120778,0.0
120779,0.0
120780,0.0
120781,0.0
120782,0.0
120783,0.0
120784,0.0
120785,0.0
120786,0.0
120787,0.0
120788,0.0
120789,0.0
120790,0.0
120791,0.0
120792,0.0
120793,0.0
120794,0.0
120795,0.0
120796,0.0
120797,0.0
120798,0.0
120799,0.0
120800,0.0
120801,0.0
120802,0.0
120803,0.0
120804,0.0
120805,0.0
120806,0.424568
120807,0.920613
120808,0.629665
120809,0.506734
120810,0.069728
120811,0.0
120812,0.0
120813,0.0
120814,0.0
120815,0.0
120816,0.0
120817,0.0
120818,0.0
120819,0.0
120820,0.0
120821,0.0
120822,0.0
120823,0.0
120824,0.0
120825,0.0
120826,0.0
120827,0.0
120828,0.0
120829,0.0
120830,0.0
120831,0.151773
120832,0.604391
120833,0.0
120834,0.0
120835,0.0
120836,0.0
120837,0.0
120838,0.0
120839,0.0
120840,0.0
120841,0.0
120842,0.0
120843,0.0
120844,0.0
120845,0.0
120846,0.0
120847,0.0
120848,0.0
120849,0.000929
120850,0.009125
120851,0.000368
120852,0.0
120853,0.0
120854,0.0
120855,0.04334
120856,0.404537
120857,1.0
120858,1.0
120859,1.0
120860,1.0
120861,0.368934
120862,0.0
120863,0.350996
120864,0.938334
120865,0.034619
120866,0.0
120867,0.0
120868,0.0
120869,0.0
120870,0.0
120871,0.0
120872,0.0
120873,0.0
120874,0.0
120875,0.0
120876,0.0
120877,0.0
120878,0.018036
120879,0.036944
120880,0.0
120881,0.0
120882,0.0
120883,0.1322
120885,0.0
120889,0.0
121226,1.0
121227,1.0
121228,0.542985
121229,0.0
121230,0.0
121231,0.0
121232,0.0
121233,0.009478
121234,0.025572
121235,0.0
121236,0.0
121237,0.0
121238,0.316471
121239,0.142305
121240,0.0
121241,0.0
121242,0.0
121243,0.0
121244,0.0
121245,0.0
121246,0.0
121247,0.0
121252,0.009427
121253,0.001301
121255,1.0
121262,1.0
121263,0.990731
121264,0.931578
121265,0.999846
121266,1.0
121270,1.0
121271,1.0
121272,1.0
121273,1.0
121274,1.0
121275,1.0
121276,0.947722
121277,0.998158
121278,1.0
121279,1.0
121281,0.918307
121282,1.0
121283,1.0
121284,1.0
121285,0.573756
121286,0.965751
121287,1.0
121288,1.0
121289,1.0
121290,0.999453
121291,0.044416
121292,0.08487
121293,0.0
121294,0.837768
121295,1.0
121296,1.0
121297,0.117596
121298,0.251924
121299,0.672495
121300,0.162449
121301,0.757137
121302,0.82396
121303,0.096205
121304,0.009065
121305,0.0
121308,0.0
121309,0.004271
121310,0.005086
121311,0.120004
121312,0.008231
121314,0.021766
121315,1.0
121316,0.102837
121317,0.0
121318,0.0
121320,0.582187
121321,0.093456
121322,0.185059
121323,0.464234
121324,0.76222
121325,0.543533
121326,0.625659
121327,0.470295
121328,0.172109
121329,0.275304
121330,1.0
121331,0.298447
121332,0.01242
121333,0.100824
121334,0.001973
121335,0.205594
121337,0.061035
121338,0.01246
121339,0.109774
121340,0.0
121341,0.007761
121342,0.416573
121343,0.969048
121344,1.0
121345,1.0
121346,0.063339
121347,0.043519
121348,0.002618
121349,0.089137
121350,0.005141
121351,0.004296
121352,0.000516
121353,0.012828
121354,0.404902
121355,0.99731
121356,0.64375
121357,0.0
121358,0.0
121359,0.471257
121360,0.0
121361,0.0
121362,0.0
121363,0.0
121364,0.0
121365,0.0
121366,0.0
121367,0.0
121368,0.0
121369,0.0
121370,0.0
121371,0.0
121372,0.129748
121373,0.081456
121374,0.0
121375,0.0
121376,0.0
121377,0.0
121378,0.0
121379,0.0
121380,0.0
121381,0.0
121382,0.0
121383,0.0
121384,0.0
121385,0.0
121386,0.0
121387,0.0
121388,0.0
121389,0.0
121390,0.0
121391,0.0
121392,0.00997
121393,0.057449
121394,0.0
121395,0.0
121396,0.0
121397,0.0
121398,0.0
121399,0.0
121400,0.0
121401,0.0
121402,0.0
121403,0.0
121404,0.0
121405,0.0
121406,0.0
121407,0.085311
121408,0.258854
121409,0.0
121410,0.0
121411,0.0
121412,0.0
121413,0.0
121414,0.0
121415,0.0
121416,0.0
121417,0.0
121418,0.0
121419,0.0
121420,0.0
121421,0.0
121422,0.0
121423,0.0
121424,0.0
121425,0.0
121426,0.0
121427,0.0
121428,0.0
121429,0.0
121430,0.0
121431,0.0
121432,0.0
121433,0.0
121434,0.0
121435,0.0
121436,0.0
121437,0.0
121438,0.0
121439,0.030762
121440,0.178884
121441,0.0
121442,0.0
121443,0.0
121444,0.0
121445,0.0
121446,0.0
121447,0.0
121448,0.0
121449,0.061777
121450,0.555407
121451,0.16073
121452,0.0
121453,0.0
121454,0.0
121455,0.0
121456,0.0
121457,0.0
121458,0.0
121459,0.0
121460,0.0
121461,0.0
121462,0.0
121463,0.0
121464,0.0
121465,0.0
121466,0.0
121467,0.0
121468,0.0
121469,0.0
121470,0.0
121471,0.0
121472,0.0
121473,0.0
121474,0.0
121475,0.0
121476,0.0
121477,0.0
121478,0.0
121479,0.0
121480,0.0
121481,0.0
121482,0.0
121483,0.0
121484,0.0
121485,0.0
121486,0.0
121487,0.0
121488,0.0
121489,0.0
121490,0.0
121491,0.53558
121492,1.0
121493,0.953624
121494,0.080284
121495,0.0
121496,0.0
121497,0.0
121498,0.0
121499,0.0
121500,0.0
121501,0.0
121502,0.0
121503,0.0
121504,0.0
121505,0.0
121506,0.0
121507,0.0
121508,0.0
121509,0.0
121510,0.0
121511,0.0
121512,0.0
121513,0.0
121514,0.018891
121515,0.353927
121516,0.960406
121517,0.231369
121518,0.0
121519,0.0
121520,0.0
121521,0.0
121522,0.0
121523,0.0
121524,0.0
121525,0.0
121526,0.0
121527,0.0
121528,0.0
121529,0.0
121530,0.0
121531,0.0
121532,0.0
121533,0.001487
121534,0.049314
121535,0.050059
121536,0.0
121537,0.0
121538,0.0
121539,0.0
121540,0.186334
121541,1.0
121542,1.0
121543,1.0
121544,1.0
121545,0.296233
121546,0.063119
121547,0.928228
121548,0.225022
121549,0.0
121550,0.0
121551,0.0
121552,0.0
121553,0.0
121554,0.0
121555,0.0
121556,0.0
121557,0.0
121558,0.0
121559,0.0
121560,0.0
121561,0.0
121562,0.020533
121563,0.01627
121564,0.011657
121565,0.0
121566,0.0
121567,0.039265
121568,0.597663
121569,0.522538
121910,0.987456
121911,1.0
121912,0.938903
121913,0.01292
121914,0.0
121915,0.0
121916,0.0
121917,0.001054
121918,0.0
121919,0.0
121920,0.0
121921,0.0
121922,0.780054
121923,0.665141
121924,0.0
121925,0.0
121926,0.0
121927,0.0
121928,0.0
121929,0.0
121930,0.0
121931,0.0
121936,0.001776
121937,0.000663
121938,0.0
121939,0.28651
121946,1.0
121947,0.908176
121948,0.917758
121949,0.998568
121950,1.0
121954,1.0
121959,1.0
121960,1.0
121961,0.999694
121962,1.0
121963,1.0
121964,1.0
121965,0.970096
121966,1.0
121967,1.0
121968,1.0
121969,0.764527
121970,0.754826
121971,0.656813
121972,0.537481
121973,1.0
121974,0.181603
121975,0.045637
121976,0.0
121977,0.012446
121978,0.057497
121979,1.0
121980,1.0
121981,0.119927
121982,0.234864
121983,0.986597
121984,0.033866
121985,1.0
121986,1.0
121988,0.094738
121989,1.0
121990,1.0
121991,0.997961
121993,0.001815
121994,0.002706
121995,0.002607
121996,0.997253
121997,1.0
121998,0.016136
122000,0.317207
122001,0.063961
122002,0.0
122004,0.644299
122005,0.071464
122006,0.077745
122007,0.046563
122008,0.548748
122009,0.646033
122010,0.416778
122011,0.008489
122012,0.382321
122013,0.347709
122014,0.428742
122015,0.075468
122016,0.0
122017,0.0
122018,0.104147
122020,0.098
122021,0.005592
122022,0.0
122024,0.009259
122025,0.003864
122027,1.0
122028,1.0
122029,0.0
122030,0.083645
122031,0.061462
122032,0.041633
122033,0.007803
122034,0.0
122035,0.008773
122036,0.004628
122037,0.028187
122038,0.0
122039,0.000763
122040,0.006647
122041,0.0
122042,0.017108
122043,0.672504
122044,0.017272
122045,0.0
122046,0.0
122047,0.0
122048,0.026087
122049,0.0
122050,0.0
122051,0.0
122052,0.0
122053,0.0
122054,0.0
122055,0.0
122056,0.065285
122057,0.184295
122058,0.0
122059,0.0
122060,0.0
122061,0.0
122062,0.0
122063,0.0
122064,0.0
122065,0.0
122066,0.0
122067,0.0
122068,0.0
122069,0.0
122070,0.0
122071,0.0
122072,0.0
122073,0.0
122074,0.0
122075,0.0
122076,0.0
122077,0.0
122078,0.0
122079,0.0
122080,0.0
122081,0.0
122082,0.0
122083,0.0
122084,0.0
122085,0.0
122086,0.0
122087,0.0
122088,0.0
122089,0.0
122090,0.0
122091,0.246407
122092,0.538519
122093,0.0
122094,0.0
122095,0.0
122096,0.0
122097,0.0
122098,0.0
122099,0.0
122100,0.0
122101,0.0
122102,0.0
122103,0.0
122104,0.0
122105,0.0
122106,0.0
122107,0.0
122108,0.0
122109,0.0
122110,0.0
122111,0.0
122112,0.0
122113,0.0
122114,0.0
122115,0.0
122116,0.0
122117,0.0
122118,0.0
122119,0.0
122120,0.0
122121,0.0
122122,0.0
122123,0.0
122124,0.0
122125,0.0
122126,0.0
122127,0.0
122128,0.0
122129,0.0
122130,0.0
122131,0.0
122132,0.0
122133,0.0
122134,0.0
122135,0.0
122136,0.0
122137,0.0
122138,0.0
122139,0.0
122140,0.0
122141,0.0
122142,0.0
122143,0.0
122144,0.0
122145,0.0
122146,0.0
122147,0.0
122148,0.0
122149,0.0
122150,0.0
122151,0.118164
122152,0.003452
122153,0.0
122154,0.0
122155,0.0
122156,0.0
122157,0.0
122158,0.0
122159,0.0
122160,0.0
122161,0.0
122162,0.0
122163,0.0
122164,0.0
122165,0.0
122166,0.0
122167,0.0
122168,0.0
122169,0.0
122170,0.000601
122171,0.0
122172,0.00108
122173,0.0
122174,0.0
122175,0.087709
122176,0.996814
122177,0.778693
122178,0.0
122179,0.0
122180,0.0
122181,0.0
122182,0.0
122183,0.0
122184,0.0
122185,0.0
122186,0.0
122187,0.0
122188,0.0
122189,0.0
122190,0.0
122191,0.0
122192,0.0
122193,0.0
122194,0.0
122195,0.0
122196,0.0
122197,0.0
122198,0.738008
122199,1.0
122200,0.961737
122201,0.278927
122202,0.0
122203,0.0
122204,0.0
122205,0.0
122206,0.0
122207,0.0
122208,0.0
122209,0.0
122210,0.0
122211,0.0
122212,0.0
122213,0.0
122214,0.0
122215,0.0
122216,0.0
122217,0.0
122218,0.019616
122219,0.13534
122220,0.0
122221,0.0
122222,0.0
122223,0.0
122224,0.285516
122225,1.0
122226,1.0
122227,0.663034
122228,0.415643
122229,0.142156
122230,0.801208
122231,0.524953
122232,0.063954
122233,0.0
122234,0.0
122235,0.0
122236,0.0
122237,0.0
122238,0.0
122239,0.0
122240,0.0
122241,0.0
122242,0.0
122243,0.0
122244,0.0
122245,0.0
122246,0.005848
122247,0.380589
122248,0.001493
122249,0.0
122250,0.0
122251,0.0
122253,0.093543
122254,0.031574
122255,0.0
122594,1.0
122595,1.0
122596,0.997398
122597,0.206054
122598,0.001733
122599,0.0
122600,0.0
122601,0.0
122602,0.001319
122603,0.0
122604,0.0
122605,0.0
122606,0.001994
122607,0.009448
122608,0.0
122609,0.0
122610,0.0
122611,0.0
122612,0.0
122613,0.0
122614,0.0
122615,0.0
122620,0.0
122621,0.009912
122622,0.064405
122623,1.0
122630,1.0
122631,1.0
122632,1.0
122633,0.998828
122634,1.0
122638,1.0
122645,0.163462
122646,1.0
122647,1.0
122648,0.98916
122649,0.921297
122650,1.0
122651,1.0
122652,0.976677
122653,0.669075
122654,0.698919
122655,0.38084
122656,0.205685
122657,1.0
122658,0.297434
122659,0.011146
122660,0.052128
122661,0.007365
122662,0.003656
122663,0.869626
122664,0.934091
122665,0.015972
122666,1.0
122667,1.0
122668,0.060197
122669,0.06854
122670,0.288807
122674,1.0
122675,0.98938
122676,1.0
122677,0.004821
122678,0.060481
122679,0.45079
122680,1.0
122681,0.833397
122682,0.006546
122683,0.007845
122684,0.015514
122687,1.0
122688,0.44747
122689,0.000188
122690,0.0
122691,0.000276
122692,0.115638
122693,0.776223
122694,0.375274
122695,0.003221
122696,0.004031
122697,0.226436
122698,0.00013
122699,0.001184
122700,0.162281
122701,0.212121
122704,0.011044
122706,0.0
122710,0.22419
122711,0.52013
122712,0.181723
122713,0.794738
122714,0.115401
122715,0.272945
122716,0.0
122717,0.005234
122718,0.000625
122719,0.004643
122720,0.012866
122721,0.002016
122722,0.0
122723,0.0
122724,0.0
122725,0.0
122726,0.158698
122727,0.529332
122728,0.046465
122729,0.0
122730,0.0
122731,0.0
122732,0.0
122733,0.0
122734,0.0
122735,0.0
122736,0.0
122737,0.0
122738,0.0
122739,0.0
122740,0.0
122741,0.02828
122742,0.0
122743,0.0
122744,0.0
122745,0.0
122746,0.0
122747,0.0
122748,0.0
122749,0.0
122750,0.0
122751,0.0
122752,0.0
122753,0.0
122754,0.0
122755,0.0
122756,0.0
122757,0.0
122758,0.0
122759,0.0
122760,0.0
122761,0.0
122762,0.0
122763,0.0
122764,0.0
122765,0.0
122766,0.0
122767,0.0
122768,0.0
122769,0.0
122770,0.0
122771,0.0
122772,0.0
122773,0.0
122774,0.0
122775,0.058563
122776,0.0
122777,0.0
122778,0.0
122779,0.0
122780,0.0
122781,0.0
122782,0.0
122783,0.0
122784,0.0
122785,0.0
122786,0.0
122787,0.0
122788,0.0
122789,0.0
122790,0.0
122791,0.0
122792,0.0
122793,0.0
122794,0.0
122795,0.0
122796,0.0
122797,0.0
122798,0.0
122799,0.0
122800,0.0
122801,0.0
122802,0.0
122803,0.0
122804,0.0
122805,0.0
122806,0.0
122807,0.0
122808,0.0
122809,0.0
122810,0.0
122811,0.0
122812,0.0
122813,0.0
122814,0.0
122815,0.0
122816,0.0
122817,0.0
122818,0.0
122819,0.0
122820,0.0
122821,0.0
122822,0.0
122823,0.0
122824,0.0
122825,0.0
122826,0.0
122827,0.0
122828,0.0
122829,0.0
122830,0.0
122831,0.0
122832,0.018407
122833,0.0
122834,0.0
122835,0.0
122836,0.0
122837,0.0
122838,0.0
122839,0.0
122840,0.0
122841,0.0
122842,0.0
122843,0.0
122844,0.0
122845,0.0
122846,0.0
122847,0.0
122848,0.0
122849,0.0
122850,0.0
122851,0.0
122852,0.0
122853,0.0
122854,0.0
122855,0.0
122856,0.0
122857,0.0
122858,0.0
122859,0.087979
122860,1.0
122861,0.809536
122862,0.032313
122863,0.0
122864,0.0
122865,0.0
122866,0.0
122867,0.0
122868,0.0
122869,0.0
122870,0.0
122871,0.0
122872,0.0
122873,0.0
122874,0.0
122875,0.0
122876,0.0
122877,0.0
122878,0.0
122879,0.0
122880,0.0
122881,0.0
122882,0.403972
122883,0.910688
122884,0.280225
122885,0.027834
122886,0.0
122887,0.0
122888,0.0
122889,0.0
122890,0.0
122891,0.0
122892,0.0
122893,0.0
122894,0.0
122895,0.0
122896,0.0
122897,0.0
122898,0.0
122899,0.0
122900,0.0
122901,0.0
122902,0.0
122903,0.006488
122904,0.0
122905,0.0
122906,0.0
122907,0.000891
122908,0.378467
122909,1.0
122910,1.0
122911,0.11186
122912,0.026288
122913,0.719912
122914,0.239077
122915,0.000617
122916,0.0
122917,0.0
122918,0.0
122919,0.064181
122920,0.055636
122921,0.0
122922,0.0
122923,0.0
122924,0.0
122925,0.0
122926,0.0
122927,0.0
122928,0.0
122929,0.035988
122930,0.0
122931,0.0
122932,0.0
122933,0.0
122934,0.0
122935,0.0
122936,0.0
122938,0.0
122939,0.863523
123279,0.99552
123280,0.731593
123281,0.137459
123282,0.0
123283,0.039945
123284,0.0
123285,0.000526
123286,0.001369
123287,0.0
123288,0.0
123289,0.000174
123290,0.0
123291,0.0
123292,0.0
123293,0.0
123294,0.0
123295,0.0
123296,0.0
123297,0.0
123298,0.0
123299,0.0
123305,0.027103
123306,0.299862
123307,1.0
123308,1.0
123314,1.0
123315,1.0
123316,1.0
123317,1.0
123318,1.0
123322,1.0
123329,0.228887
123330,0.0
123332,0.992059
123333,1.0
123334,1.0
123335,1.0
123336,0.824901
123337,0.397437
123338,0.073212
123339,0.012823
123340,0.036376
123341,0.511233
123342,0.091236
123343,0.056301
123344,0.006833
123345,0.070407
123346,0.011047
123347,0.0
123348,0.088134
123349,0.131792
123350,0.108753
123351,1.0
123352,1.0
123353,1.0
123358,1.0
123359,1.0
123361,0.0
123362,0.384425
123363,0.929652
123364,1.0
123365,0.294262
123366,0.023328
123367,0.010673
123368,0.310646
123370,0.225935
123371,0.607944
123372,0.181532
123373,0.015337
123374,0.005074
123375,0.0006
123376,0.007253
123377,0.749918
123378,0.90292
123379,0.309241
123380,0.007541
123381,0.0
123382,1.0
123383,0.387232
123384,1.0
123394,0.007375
123395,1.0
123396,0.112169
123397,0.096048
123398,0.081078
123399,0.045071
123400,0.059238
123401,0.0
123402,0.00981
123403,0.004718
123404,0.0
123405,0.93773
123406,0.027963
123407,0.0
123408,0.0
123409,0.0
123410,0.0
123411,0.0
123412,0.069935
123413,0.0
123414,0.0
123415,0.0
123416,0.0
123417,0.0
123418,0.0
123419,0.0
123420,0.0
123421,0.0
123422,0.0
123423,0.00036
123424,0.0
123425,0.0
123426,0.0
123427,0.0
123428,0.0
123429,0.0
123430,0.0
123431,0.0
123432,0.0
123433,0.0
123434,0.0
123435,0.0
123436,0.0
123437,0.0
123438,0.0
123439,0.0
123440,0.0
123441,0.0
123442,0.0
123443,0.0
123444,0.0
123445,0.0
123446,0.0
123447,0.0
123448,0.0
123449,0.0
123450,0.0
123451,0.0
123452,0.0
123453,0.0
123454,0.0
123455,0.0
123456,0.0
123457,0.0
123458,0.0
123459,0.0
123460,0.0
123461,0.0
123462,0.0
123463,0.0
123464,0.0
123465,0.0
123466,0.0
123467,0.0
123468,0.0
123469,0.005859
123470,0.0
123471,0.0
123472,0.0
123473,0.0
123474,0.0
123475,0.0
123476,0.0
123477,0.0
123478,0.0
123479,0.0
123480,0.0
123481,0.0
123482,0.0
123483,0.0
123484,0.0
123485,0.0
123486,0.0
123487,0.0
123488,0.0
123489,0.0
123490,0.0
123491,0.0
123492,0.0
123493,0.0
123494,0.0
123495,0.0
123496,0.0
123497,0.0
123498,0.0
123499,0.0
123500,0.0
123501,0.0
123502,0.0
123503,0.0
123504,0.0
123505,0.0
123506,0.0
123507,0.0
123508,0.0
123509,0.0
123510,0.0
123511,0.0
123512,0.0
123513,0.0
123514,0.0
123515,0.0
123516,0.0
123517,0.0
123518,0.0
123519,0.0
123520,0.0
123521,0.0
123522,0.0
123523,0.0
123524,0.0
123525,0.0
123526,0.0
123527,0.0
123528,0.0
123529,0.0
123530,0.0
123531,0.0
123532,0.0
123533,0.0
123534,0.0
123535,0.0
123536,0.0
123537,0.0
123538,0.0
123539,0.0
123540,0.0
123541,0.0
123542,0.0
123543,0.026759
123544,0.999583
123545,0.823742
123546,0.056942
123547,0.0
123548,0.0
123549,0.0
123550,0.0
123551,0.0
123552,0.0
123553,0.0
123554,0.0
123555,0.0
123556,0.0
123557,0.0
123558,0.0
123559,0.0
123560,0.0
123561,0.0
123562,0.0
123563,0.0
123564,0.0
123565,0.008769
123566,0.870824
123567,0.514518
123568,0.0
123569,0.0
123570,0.0
123571,0.0
123572,0.0
123573,0.0
123574,0.0
123575,0.0
123576,0.0
123577,0.0
123578,0.0
123579,0.0
123580,0.0
123581,0.0
123582,0.0
123583,0.0
123584,0.0
123585,0.0
123586,0.0
123587,0.000983
123588,0.0
123589,0.0
123590,0.062394
123591,0.587641
123592,0.763726
123593,0.481282
123594,0.638842
123595,0.009761
123596,0.432291
123597,0.044076
123598,0.0
123599,0.0
123600,0.0
123601,0.0
123602,0.0
123603,0.0
123604,0.0
123605,0.0
123606,0.0
123607,0.0
123608,0.0
123609,0.0
123610,0.019377
123611,0.270731
123612,0.0
123613,0.040195
123614,0.0
123615,0.0
123616,0.0
123617,0.0
123618,0.0
123619,0.0
123620,0.0
123621,0.0
123623,0.305527
123624,0.009447
123625,0.592117
123964,0.0
123965,0.0
123966,0.367977
123967,0.790823
123968,0.0
123969,0.0
123970,0.000262
123971,0.0
123972,0.0
123973,0.0
123974,0.0
123976,0.0
123977,0.007276
123978,0.0
123979,0.0
123980,0.0
123981,0.0
123982,0.0
123983,0.002065
123989,0.0
123991,1.0
123992,1.0
123999,1.0
124000,0.901967
124001,0.990889
124002,1.0
124003,1.0
124004,1.0
124005,1.0
124006,1.0
124013,0.318873
124014,0.184407
124015,0.986358
124018,1.0
124019,1.0
124020,0.125754
124021,0.146517
124022,0.479145
124023,0.141461
124024,0.03364
124025,0.038724
124026,0.017584
124027,0.198316
124028,0.00659
124029,0.0
124030,0.011549
124031,0.006722
124032,0.028405
124033,0.115909
124034,0.237275
124043,1.0
124046,1.0
124047,1.0
124048,0.020807
124049,0.025755
124050,0.034414
124051,0.008267
124052,0.13896
124054,0.080886
124055,0.032251
124056,0.011455
124057,0.019025
124058,0.019791
124059,0.002127
124060,0.000249
124061,0.279547
124062,0.908562
124063,0.017872
124064,0.046548
124065,0.223093
124066,1.0
124075,1.0
124079,0.127344
124080,0.290047
124081,0.053561
124082,0.000173
124083,0.013711
124084,0.05466
124086,0.0
124087,0.000551
124089,0.660849
124090,0.0
124091,0.0
124092,0.0
124093,0.0
124094,0.0
124095,0.0
124096,0.0
124097,0.0
124098,0.0
124099,0.0
124100,0.0
124101,0.0
124102,0.0
124103,0.0
124104,0.022188
124105,0.0
124106,0.0
124107,0.0
124108,0.0
124109,0.0
124110,0.0
124111,0.0
124112,0.0
124113,0.0
124114,0.0
124115,0.0
124116,0.0
124117,0.0
124118,0.0
124119,0.0
124120,0.0
124121,0.0
124122,0.0
124123,0.0
124124,0.0
124125,0.0
124126,0.0
124127,0.0
124128,0.0
124129,0.0
124130,0.0
124131,0.0
124132,0.0
124133,0.0
124134,0.0
124135,0.0
124136,0.0
124137,0.0
124138,0.0
124139,0.0
124140,0.0
124141,0.0
124142,0.0
124143,0.0
124144,0.0
124145,0.0
124146,0.0
124147,0.0
124148,0.0
124149,0.0
124150,0.0
124151,0.0
124152,0.0
124153,0.005531
124154,0.0
124155,0.0
124156,0.0
124157,0.0
124158,0.0
124159,0.0
124160,0.0
124161,0.0
124162,0.0
124163,0.0
124164,0.0
124165,0.0
124166,0.0
124167,0.0
124168,0.0
124169,0.0
124170,0.0
124171,0.0
124172,0.0
124173,0.0
124174,0.0
124175,0.0
124176,0.0
124177,0.0
124178,0.0
124179,0.0
124180,0.0
124181,0.0
124182,0.0
124183,0.0
124184,0.0
124185,0.0
124186,0.0
124187,0.0
124188,0.0
124189,0.0
124190,0.0
124191,0.0
124192,0.0
124193,0.0
124194,0.0
124195,0.0
124196,0.0
124197,0.0
124198,0.0
124199,0.0
124200,0.0
124201,0.0
124202,0.0
124203,0.0
124204,0.0
124205,0.0
124206,0.0
124207,0.0
124208,0.0
124209,0.0
124210,0.0
124211,0.0
124212,0.0
124213,0.0
124214,0.0
124215,0.0
124216,0.0
124217,0.0
124218,0.0
124219,0.0
124220,0.0
124221,0.0
124222,0.0
124223,0.0
124224,0.0
124225,0.0
124226,0.0
124227,0.0
124228,0.805804
124229,0.168818
124230,0.0
124231,0.0
124232,0.016173
124233,0.94161
124234,0.939492
124235,0.046929
124236,0.0
124237,0.0
124238,0.0
124239,0.0
124240,0.0
124241,0.0
124242,0.0
124243,0.0
124244,0.0
124245,0.0
124246,0.0
124247,0.0
124248,0.038427
124249,0.662307
124250,1.0
124251,0.46497
124252,0.00063
124253,0.0
124254,0.0
124255,0.0
124256,0.0
124257,0.0
124258,0.0
124259,0.0
124260,0.0
124261,0.0
124262,0.0
124263,0.0
124264,0.0
124265,0.0
124266,0.0
124267,0.0
124268,0.0
124269,0.0
124270,0.0
124271,0.0
124272,0.0
124273,0.036223
124274,0.887469
124275,0.893735
124276,0.509226
124277,0.560122
124278,0.029601
124279,0.0
124280,0.041752
124281,0.0
124282,0.0
124283,0.0
124284,0.0
124285,0.0
124286,0.0
124287,0.0
124288,0.0
124289,0.0
124290,0.0
124291,0.0
124292,0.0
124293,0.0
124294,0.112617
124295,0.89495
124296,0.0
124297,0.0
124298,0.0
124299,0.0
124300,0.0
124301,0.0
124302,0.0
124303,0.0
124304,0.0
124305,0.000166
124306,0.009123
124307,0.016974
124308,0.0
124309,0.145032
124310,0.001817
124648,0.0
124649,0.0
124650,0.203605
124651,0.449233
124652,0.0
124653,0.0
124654,0.0
124655,0.002278
124656,0.0
124657,0.0
124658,0.0
124659,0.0
124660,0.0
124661,0.001287
124662,0.0
124663,0.0
124664,0.0
124665,0.0
124666,0.0
124667,0.0
124668,0.0
124670,1.0
124671,0.0
124673,0.906198
124675,1.0
124676,1.0
124677,1.0
124682,1.0
124683,1.0
124684,0.506354
124685,0.6815
124686,1.0
124687,1.0
124688,1.0
124689,1.0
124690,1.0
124697,0.127773
124698,0.979401
124699,0.708208
124702,1.0
124703,0.235543
124704,0.059692
124705,0.175993
124706,1.0
124707,0.033098
124708,0.027243
124709,0.001826
124710,0.417996
124711,0.104964
124712,0.001417
124713,0.03418
124714,0.100855
124715,0.020342
124716,0.234885
124717,0.001714
124719,1.0
124720,1.0
124721,1.0
124727,1.0
124728,1.0
124730,0.627329
124731,0.451426
124732,0.028668
124733,0.043021
124734,0.03268
124735,0.028095
124736,0.012994
124737,0.0
124738,0.013525
124739,0.011525
124740,0.028128
124741,0.017017
124742,0.013834
124743,0.027316
124744,0.00098
124745,0.075281
124746,0.757592
124747,0.672203
124748,0.802569
124749,1.0
124752,1.0
124757,1.0
124758,1.0
124759,1.0
124760,1.0
124761,1.0
124762,1.0
124763,0.922624
124764,0.222403
124765,0.0
124766,0.0
124767,0.0
124768,0.004004
124770,0.0
124771,0.009229
124772,0.65359
124773,0.849954
124774,9.7e-05
124775,0.0
124776,0.0
124777,0.0
124778,0.0
124779,0.0
124780,0.0
124781,0.0
124782,0.0
124783,0.0
124784,0.0
124785,0.000713
124786,0.0
124787,0.0
124788,0.0
124789,0.0
124790,0.0
124791,0.0
124792,0.0
124793,0.0
124794,0.0
124795,0.0
124796,0.0
124797,0.0
124798,0.0
124799,0.0
124800,0.0
124801,0.0
124802,0.0
124803,0.0
124804,0.0
124805,0.0
124806,0.0
124807,0.0
124808,0.0
124809,0.0
124810,0.0
124811,0.0
124812,0.0
124813,0.0
124814,0.0
124815,0.0
124816,0.0
124817,0.045645
124818,0.0
124819,0.0
124820,0.0
124821,0.0
124822,0.0
124823,0.0
124824,0.0
124825,0.0
124826,0.0
124827,0.0
124828,0.0
124829,0.0
124830,0.0
124831,0.0
124832,0.0
124833,0.0
124834,0.0
124835,0.0
124836,0.0
124837,0.0
124838,0.0
124839,0.0
124840,0.0
124841,0.0
124842,0.002571
124843,0.0
124844,0.0
124845,0.0
124846,0.0
124847,0.0
124848,0.0
124849,0.0
124850,0.0
124851,0.000324
124852,0.0
124853,0.0
124854,0.0
124855,0.0
124856,0.0
124857,0.0
124858,0.0
124859,0.0
124860,0.0
124861,0.0
124862,0.0
124863,0.0
124864,0.0
124865,0.0
124866,0.0
124867,0.0
124868,0.0
124869,0.0
124870,0.0
124871,0.0
124872,0.0
124873,0.0
124874,0.0
124875,0.0
124876,0.0
124877,0.0
124878,0.0
124879,0.0
124880,0.0
124881,0.0
124882,0.0
124883,0.0
124884,1.8e-05
124885,0.0
124886,0.0
124887,0.0
124888,0.0
124889,0.0
124890,0.0
124891,0.0
124892,0.0
124893,0.0
124894,0.0
124895,0.0
124896,0.0
124897,0.0
124898,0.0
124899,0.0
124900,0.0
124901,0.0
124902,0.0
124903,0.0
124904,0.0
124905,0.0
124906,0.0
124907,0.0
124908,0.0
124909,0.0
124910,0.0
124911,0.0
124912,0.556585
124913,0.10571
124914,0.0
124915,0.0
124916,0.157648
124917,0.754522
124918,0.969308
124919,0.078653
124920,0.0
124921,0.0
124922,0.0
124923,0.0
124924,0.0
124925,0.0
124926,0.0
124927,0.0
124928,0.0
124929,0.0
124930,0.471655
124931,0.266641
124932,0.049112
124933,0.984061
124934,1.0
124935,0.135826
124936,0.0
124937,0.0
124938,0.0
124939,0.0
124940,0.0
124941,0.0
124942,0.0
124943,0.0
124944,0.0
124945,0.0
124946,0.0
124947,0.0
124948,0.0
124949,0.0
124950,0.0
124951,0.0
124952,0.0
124953,0.0
124954,0.0
124955,0.006242
124956,0.251468
124957,0.15525
124958,0.034853
124959,0.577492
124960,0.156626
124961,0.0
124962,0.0
124963,0.090326
124964,0.020882
124965,0.0
124966,0.0
124967,0.0
124968,0.0
124969,0.0
124970,0.0
124971,0.0
124972,0.0
124973,0.0
124974,0.0
124975,0.0
124976,0.0
124977,0.0
124978,0.007771
124979,0.089569
124980,0.0
124981,0.0
124982,0.0
124983,0.0
124984,0.0
124985,0.0
124986,0.0
124987,0.0
124988,0.0
124989,0.0
124990,0.024742
124991,0.002829
124992,0.0
124993,0.084853
124994,0.0
125332,0.0
125333,0.0
125334,0.0
125335,0.0
125336,0.0
125337,0.0
125338,0.0
125339,0.0
125340,0.0
125341,0.0
125342,0.0
125343,0.0
125344,0.144311
125345,0.317412
125346,6.1e-05
125347,0.0
125348,0.0
125349,0.0
125350,0.0
125351,0.0
125352,0.0
125354,1.0
125355,1.0
125357,0.995859
125358,1.0
125359,1.0
125360,1.0
125361,1.0
125362,1.0
125366,1.0
125367,1.0
125368,1.0
125369,0.909747
125370,0.881643
125371,0.369871
125372,1.0
125373,1.0
125374,1.0
125375,0.983813
125376,1.0
125381,1.0
125382,0.859619
125383,0.848071
125384,1.0
125385,1.0
125386,0.78302
125387,0.388136
125388,0.184871
125389,0.151538
125390,0.739174
125391,0.890984
125392,0.04023
125393,0.812553
125394,0.012397
125395,0.065458
125396,0.027049
125397,0.022476
125398,0.001745
125399,0.005409
125400,0.051946
125401,0.306976
125402,0.306276
125403,1.0
125404,1.0
125405,0.088101
125406,0.0
125407,1.0
125408,1.0
125409,1.0
125410,1.0
125411,1.0
125412,1.0
125414,0.502989
125415,0.429037
125416,0.545892
125417,0.506784
125418,0.501638
125419,0.014228
125420,0.022866
125421,0.021277
125422,0.006599
125423,0.012788
125424,0.002767
125425,0.006693
125426,0.084312
125427,0.007358
125428,0.00053
125429,1.3e-05
125430,0.087569
125431,0.82403
125432,1.0
125433,1.0
125434,1.0
125436,1.0
125442,1.0
125443,1.0
125444,1.0
125445,0.509866
125446,0.417168
125447,0.297822
125448,0.161861
125449,0.0
125450,0.0
125451,0.039146
125452,1.0
125454,0.002082
125455,0.236458
125456,0.00331
125457,0.002622
125458,0.000254
125459,0.000256
125460,0.010138
125461,0.001275
125462,0.010901
125463,0.0
125464,0.0
125465,0.0
125466,0.284152
125467,0.070338
125468,0.047132
125469,0.05993
125470,0.0
125471,0.0
125472,0.0
125473,0.0
125474,0.0
125475,0.0
125476,0.0
125477,0.0
125478,0.0
125479,0.0
125480,0.0
125481,0.0
125482,0.0
125483,0.0
125484,0.0
125485,0.0
125486,0.0
125487,0.0
125488,0.0
125489,0.0
125490,0.0
125491,0.0
125492,0.0
125493,0.0
125494,0.0
125495,0.0
125496,0.0
125497,0.0
125498,0.0
125499,0.0
125500,0.0
125501,0.014572
125502,0.0
125503,0.0
125504,0.0
125505,0.0
125506,8e-05
125507,0.0
125508,0.0
125509,0.0
125510,0.0
125511,0.0
125512,0.0
125513,0.0
125514,0.0
125515,0.0
125516,0.0
125517,0.0
125518,0.0
125519,0.0
125520,0.0
125521,0.0
125522,0.0
125523,0.0
125524,0.0
125525,0.0
125526,0.0
125527,0.0
125528,0.0
125529,0.0
125530,0.0
125531,0.0
125532,0.0
125533,0.0
125534,0.0
125535,0.0
125536,0.001913
125537,0.0
125538,0.0
125539,0.0
125540,0.0
125541,0.0
125542,0.0
125543,0.0
125544,0.0
125545,0.0
125546,0.0
125547,0.0
125548,0.0
125549,0.0
125550,0.0
125551,0.0
125552,0.0
125553,0.0
125554,0.0
125555,0.0
125556,0.0
125557,0.0
125558,0.0
125559,0.0
125560,0.0
125561,0.0
125562,0.0
125563,0.0
125564,0.0
125565,0.0
125566,0.0
125567,0.0
125568,0.0
125569,0.0
125570,0.0
125571,0.0
125572,0.0
125573,0.0
125574,0.0
125575,0.0
125576,0.0
125577,0.0
125578,0.0
125579,0.0
125580,0.0
125581,0.0
125582,0.0
125583,0.0
125584,0.0
125585,0.0
125586,0.0
125587,0.0
125588,0.0
125589,0.0
125590,0.0
125591,0.0
125592,0.0
125593,0.0
125594,0.0
125595,0.0
125596,0.0
125597,0.0
125598,0.0
125599,0.0
125600,0.0
125601,0.0
125602,0.065085
125603,0.0
125604,0.0
125605,0.0
125606,0.0
125607,0.0
125608,0.0
125609,0.0
125610,0.0
125611,0.0
125612,0.0
125613,0.0
125614,0.0
125615,0.041244
125616,0.780498
125617,0.997941
125618,0.644694
125619,0.00019
125620,0.0
125621,0.0
125622,0.0
125623,0.0
125624,0.0
125625,0.0
125626,0.0
125627,0.0
125628,0.0
125629,0.0
125630,0.0
125631,0.0
125632,0.0
125633,0.0
125634,0.0
125635,0.0
125636,0.0
125637,0.076205
125638,0.288564
125639,0.924382
125640,0.903048
125641,0.312348
125642,0.295985
125643,0.220206
125644,0.0
125645,0.0
125646,0.052164
125647,0.0
125648,0.0
125649,0.0
125650,0.0
125651,0.0
125652,0.0
125653,0.0
125654,0.0
125655,0.0
125656,0.0
125657,0.0
125658,0.0
125659,0.0
125660,0.0
125661,0.0
125662,0.0
125663,0.0
125664,0.0
125665,0.0
125666,0.0
125667,0.0
125668,0.0
125669,0.0
125670,0.0
125671,0.0
125672,0.0
125673,0.0
125674,0.0
125675,0.052601
125676,0.473666
125677,0.0
125678,0.0
126017,0.0
126018,0.000439
126019,0.0
126020,0.0
126021,0.0
126022,0.0
126023,0.000121
126024,0.0
126025,0.0
126026,0.010316
126027,0.0
126028,0.0
126029,0.006135
126030,0.0
126031,0.0
126032,0.0
126033,0.0
126034,0.0
126035,0.0
126036,1.0
126037,1.0
126038,1.0
126039,0.364942
126040,0.0
126041,1.0
126042,1.0
126043,1.0
126044,1.0
126045,1.0
126046,1.0
126051,1.0
126053,1.0
126054,1.0
126055,1.0
126056,0.548252
126057,1.0
126058,1.0
126059,1.0
126060,0.961019
126061,1.0
126065,0.59103
126066,0.231983
126067,0.569272
126068,0.848936
126069,0.987721
126070,0.612756
126071,0.0
126072,0.042424
126074,1.0
126075,0.773917
126076,1.0
126077,0.973208
126078,0.810379
126079,0.058614
126080,0.0264
126081,0.001525
126082,0.0
126083,0.017661
126084,0.05806
126085,0.714573
126086,0.765557
126087,0.76746
126089,0.021595
126090,0.08863
126091,0.995472
126092,1.0
126093,1.0
126094,0.829935
126095,0.854509
126096,0.120967
126097,0.0
126098,0.123672
126099,0.087665
126100,0.0
126101,0.0
126102,0.037833
126103,0.669854
126104,0.098108
126105,0.014966
126106,0.023739
126107,0.008874
126108,0.004731
126109,0.010016
126110,0.037603
126111,0.000668
126112,0.008185
126113,0.000725
126114,0.014671
126115,0.083865
126116,0.610957
126117,0.997766
126120,1.0
126121,1.0
126124,1.0
126125,1.0
126128,1.0
126129,0.984793
126130,0.283923
126131,0.445584
126132,0.172374
126133,0.0
126134,0.0
126135,0.0
126136,1.0
126137,0.081055
126138,0.002184
126139,0.18027
126140,0.002428
126141,0.001988
126142,0.000605
126143,0.011404
126144,0.063463
126145,4.1e-05
126146,0.0
126147,0.0
126148,0.0
126149,0.105972
126150,0.995997
126151,0.488121
126152,0.230526
126153,0.640757
126154,0.0
126155,0.0
126156,0.0
126157,0.0
126158,0.0
126159,0.0
126160,0.0
126161,0.0
126162,0.0
126163,0.0
126164,0.0
126165,0.0
126166,0.0
126167,0.0
126168,0.0
126169,0.0
126170,0.0
126171,0.0
126172,0.0
126173,0.0
126174,0.0
126175,0.0
126176,0.0
126177,0.0
126178,0.0
126179,0.0
126180,0.0
126181,0.0
126182,0.0
126183,0.0
126184,0.0
126185,0.0
126186,0.0
126187,0.0
126188,0.0
126189,0.0
126190,0.0
126191,0.0
126192,0.0
126193,0.0
126194,0.0
126195,0.0
126196,0.0
126197,0.0
126198,0.0
126199,0.0
126200,0.0
126201,0.0
126202,0.0
126203,0.0
126204,0.0
126205,0.0
126206,0.0
126207,0.0
126208,0.0
126209,0.0
126210,0.0
126211,0.0
126212,0.0
126213,0.0
126214,0.0
126215,0.0
126216,0.0
126217,0.0
126218,0.0
126219,0.0
126220,0.0
126221,0.0
126222,0.0
126223,0.0
126224,0.0
126225,0.0
126226,0.0
126227,0.0
126228,0.0
126229,0.0
126230,0.0
126231,0.0
126232,0.0
126233,0.0
126234,0.0
126235,0.0
126236,0.0
126237,0.0
126238,0.0
126239,0.0
126240,0.102431
126241,0.0
126242,0.0
126243,0.0
126244,0.0
126245,0.414172
126246,0.749917
126247,0.772705
126248,0.333756
126249,0.0
126250,0.0
126251,0.0
126252,0.0
126253,0.0
126254,0.0
126255,0.0
126256,0.0
126257,0.002894
126258,0.081828
126259,0.013498
126260,0.0
126261,0.0
126262,0.0
126263,0.0
126264,0.0
126265,0.0
126266,0.0
126267,0.0
126268,0.0
126269,0.0
126270,0.0
126271,0.0
126272,0.0
126273,0.0
126274,0.0
126275,0.0
126276,0.0
126277,0.0
126278,0.0
126279,0.0
126280,0.0
126281,0.0
126282,0.0
126283,0.0
126284,0.0
126285,0.0
126286,0.0
126287,0.0
126288,0.0
126289,0.0
126290,0.0
126291,0.0
126292,0.0
126293,0.0
126294,0.0
126295,0.0
126296,0.0
126297,0.0
126298,0.012729
126299,0.286902
126300,0.863557
126301,0.945521
126302,0.17603
126303,0.656915
126304,0.30869
126305,0.0
126306,0.0
126307,0.0
126308,0.0
126309,0.0
126310,0.0
126311,0.0
126312,0.004593
126313,0.454243
126314,0.029308
126315,0.0
126316,0.0
126317,0.0
126318,0.0
126319,0.0
126320,0.295674
126321,0.832246
126322,1.0
126323,0.862315
126324,0.593811
126325,0.482303
126326,0.004339
126327,0.0
126328,0.0
126329,0.0
126330,0.084512
126331,0.0
126332,0.0
126333,0.0
126334,0.0
126335,0.0
126336,0.0
126337,0.0
126338,0.0
126339,0.0
126340,0.0
126341,0.0
126342,0.0
126343,0.0
126344,0.0
126345,0.0
126346,0.0
126347,0.0
126348,0.0
126349,0.0
126350,0.0
126351,0.0
126352,0.0
126353,0.0
126354,0.0
126355,0.0
126356,0.0
126357,0.0
126358,0.0
126359,0.0
126360,0.0
126361,0.0
126362,0.0
126363,0.0
126702,0.033279
126703,0.001214
126704,0.0
126705,0.000452
126706,0.0
126707,0.0
126708,0.0
126709,0.0
126710,0.02171
126711,0.0
126712,0.0
126713,0.0
126714,0.0
126715,0.0
126716,0.0
126717,0.0
126718,0.0
126719,0.022294
126720,1.0
126721,1.0
126722,1.0
126723,0.0
126724,0.0
126725,1.0
126726,1.0
126727,1.0
126728,1.0
126729,1.0
126730,1.0
126738,1.0
126739,0.818572
126740,0.363015
126741,1.0
126743,1.0
126744,1.0
126745,0.794089
126748,0.902097
126749,0.560938
126750,0.312866
126751,0.517795
126752,0.581436
126753,0.836698
126754,1.0
126759,0.009501
126760,1.0
126761,0.8733
126762,0.856175
126763,0.960545
126764,0.266376
126765,0.001733
126766,0.003436
126767,0.010587
126768,0.053257
126769,0.045247
126770,0.75715
126771,0.498034
126774,0.555779
126775,0.935254
126776,0.402502
126777,0.004877
126778,0.003247
126779,0.000287
126780,0.0
126781,0.0
126782,0.0
126783,0.0
126784,0.0
126785,0.0
126786,0.0
126787,0.005768
126788,0.007582
126789,0.0
126790,0.0
126791,0.000142
126792,0.002183
126793,0.0
126794,0.002551
126795,0.000213
126796,0.000169
126797,0.003058
126798,0.013293
126799,0.003439
126800,0.028558
126801,0.451549
126802,0.645008
126803,0.995297
126804,1.0
126805,0.928639
126806,1.0
126808,1.0
126809,1.0
126811,1.0
126814,1.0
126815,0.60893
126816,0.06175
126817,0.000618
126818,0.0
126819,0.0
126820,0.0
126821,0.0
126823,0.0
126824,0.0
126825,0.0
126826,0.0
126827,0.000114
126828,0.001905
126829,0.0
126830,0.0
126831,0.0
126832,0.106735
126833,0.946683
126834,1.0
126835,0.978735
126836,0.614026
126837,0.053414
126838,0.0
126839,0.0
126840,0.0
126841,0.0
126842,0.0
126843,0.0
126844,0.0
126845,0.0
126846,0.0
126847,0.0
126848,0.0
126849,0.0
126850,0.0
126851,0.0
126852,0.0
126853,0.0
126854,0.0
126855,0.0
126856,0.0
126857,0.0
126858,0.0
126859,0.0
126860,0.0
126861,0.0
126862,0.0
126863,0.0
126864,0.0
126865,0.0
126866,0.0
126867,0.0
126868,0.0
126869,0.0
126870,0.0
126871,0.0
126872,0.0
126873,0.0
126874,0.0
126875,0.0
126876,0.0
126877,0.0
126878,0.0
126879,0.0
126880,0.0
126881,0.0
126882,0.0
126883,0.0
126884,0.0
126885,0.0
126886,0.0
126887,0.0
126888,0.0
126889,0.0
126890,0.0
126891,0.0
126892,0.0
126893,0.0
126894,0.0
126895,0.0
126896,0.0
126897,0.0
126898,0.0
126899,0.0
126900,0.0
126901,0.0
126902,0.0
126903,0.0
126904,0.0
126905,0.0
126906,0.0
126907,0.0
126908,0.0
126909,0.0
126910,0.0
126911,0.0
126912,0.0
126913,0.0
126914,0.0
126915,0.0
126916,0.0
126917,0.0
126918,0.0
126919,0.0
126920,0.0
126921,0.0
126922,0.0
126923,0.226312
126924,0.93523
126925,0.386867
126926,0.0
126927,0.0
126928,0.0
126929,0.301517
126930,1.0
126931,1.0
126932,0.378566
126933,0.0
126934,0.0
126935,0.0
126936,0.0
126937,0.0
126938,0.0
126939,0.0
126940,0.0
126941,0.186228
126942,0.979518
126943,0.197402
126944,0.0
126945,0.000489
126946,1.2e-05
126947,0.0
126948,0.0
126949,0.0
126950,0.0
126951,0.355915
126952,0.529448
126953,0.065071
126954,0.0
126955,0.025731
126956,0.0
126957,0.0
126958,0.0
126959,0.0
126960,0.0
126961,0.0
126962,0.0
126963,0.0
126964,0.0
126965,0.0
126966,0.0
126967,0.0
126968,0.0
126969,0.0
126970,0.0
126971,0.0
126972,0.0
126973,0.0
126974,0.0
126975,0.0
126976,0.0
126977,0.0
126978,0.0
126979,0.0
126980,0.0
126981,0.0
126982,0.202071
126983,1.0
126984,0.908356
126985,0.279855
126986,0.410808
126987,1.0
126988,0.850938
126989,0.41249
126990,0.018927
126991,0.0
126992,0.0
126993,0.0
126994,0.0
126995,0.083753
126996,0.697914
126997,0.300734
126998,0.0
126999,0.0
127000,0.0
127001,0.0
127002,0.0
127003,0.0
127004,0.179201
127005,0.124429
127006,0.720664
127007,0.824712
127008,0.909203
127009,0.33065
127010,0.0
127011,0.0
127012,0.0
127013,0.004491
127014,0.075565
127015,0.0
127016,0.0
127017,0.0
127018,0.0
127019,0.0
127020,0.0
127021,0.0
127022,0.0
127023,0.0
127024,0.0
127025,0.0
127026,0.0
127027,0.0
127028,0.0
127029,0.0
127030,0.0
127031,0.0
127032,0.0
127033,0.0
127034,0.0
127035,0.0
127036,0.0
127037,0.0
127038,0.0
127039,0.0
127040,0.0
127041,0.0
127042,0.0
127043,0.0
127044,0.0
127045,0.0
127046,0.0
127047,0.0
127385,0.0
127386,0.198191
127387,0.010654
127388,0.0
127389,0.047175
127390,0.044265
127391,0.0
127392,0.0
127393,0.013948
127394,0.005435
127395,0.0
127396,0.0
127397,0.0
127398,0.0
127399,0.0
127400,0.0
127401,0.0
127402,0.001412
127403,0.164938
127404,0.307007
127405,0.847537
127406,1.0
127407,0.0
127408,0.0
127409,1.0
127410,1.0
127411,1.0
127412,1.0
127413,1.0
127414,1.0
127415,1.0
127419,1.0
127422,1.0
127423,0.566306
127424,0.612111
127425,1.0
127426,1.0
127428,0.299277
127429,0.182689
127430,0.02931
127431,0.290499
127432,0.286499
127433,0.956029
127434,1.0
127435,0.202028
127436,0.204942
127437,1.0
127439,1.0
127443,0.005423
127444,0.00908
127445,0.098637
127446,0.253381
127447,0.92431
127448,0.226532
127449,0.005678
127450,0.007935
127451,1.0
127452,0.047481
127455,0.007174
127458,0.334209
127459,0.142027
127460,1.5e-05
127461,0.000877
127462,0.0
127463,0.0
127464,0.0
127465,0.0
127466,0.0
127467,0.0
127468,0.0
127469,0.0
127470,0.0
127471,0.0
127472,0.0
127473,0.0
127474,0.0
127475,0.0
127476,0.0
127477,0.0
127478,0.0
127479,0.0
127480,0.0
127481,0.0
127482,0.0
127483,0.024867
127484,0.0
127485,0.000269
127486,0.025198
127487,0.097366
127488,0.023541
127489,0.237132
127490,1.0
127491,1.0
127492,1.0
127493,0.868011
127494,0.878641
127495,1.0
127496,1.0
127498,1.0
127499,0.895494
127500,0.310183
127501,0.0
127502,0.0
127503,0.001919
127504,0.014543
127505,0.003218
127506,0.0
127507,0.0
127508,0.005409
127509,0.0
127510,0.0
127511,0.0
127512,0.0
127513,0.0
127514,0.0
127515,0.0
127516,0.029724
127517,0.506685
127518,0.890861
127519,1.0
127520,0.193985
127521,0.0
127522,0.0
127523,0.0
127524,0.0
127525,0.0
127526,0.0
127527,0.0
127528,0.0
127529,0.0
127530,0.0
127531,0.0
127532,0.0
127533,0.0
127534,0.0
127535,0.0
127536,0.0
127537,0.0
127538,0.0
127539,0.0
127540,0.0
127541,0.0
127542,0.0
127543,0.0
127544,0.0
127545,0.0
127546,0.0
127547,0.0
127548,0.0
127549,0.0
127550,0.0
127551,0.0
127552,0.0
127553,0.0
127554,0.0
127555,0.0
127556,0.0
127557,0.0
127558,0.0
127559,0.0
127560,0.0
127561,0.0
127562,0.0
127563,0.00438
127564,0.0
127565,0.0
127566,0.0
127567,0.0
127568,0.0
127569,0.0
127570,0.0
127571,0.0
127572,0.0
127573,0.0
127574,0.0
127575,0.0
127576,0.0
127577,0.0
127578,0.0
127579,0.0
127580,0.0
127581,0.0
127582,0.0
127583,0.0
127584,0.0
127585,0.0
127586,0.0
127587,0.0
127588,0.0
127589,0.0
127590,0.0
127591,0.0
127592,0.0
127593,0.0
127594,0.0
127595,0.0
127596,0.0
127597,0.0
127598,0.0
127599,0.0
127600,0.0
127601,0.0
127602,0.0
127603,0.0
127604,0.0
127605,0.260622
127606,0.562018
127607,0.704406
127608,1.0
127609,0.487727
127610,0.0
127611,0.0
127612,0.0
127613,0.636499
127614,1.0
127615,1.0
127616,0.381406
127617,0.013084
127618,0.0
127619,0.0
127620,0.0
127621,0.227318
127622,0.304816
127623,0.0
127624,0.0
127625,0.0
127626,0.0
127627,0.944774
127628,0.474617
127629,0.59419
127630,0.911197
127631,0.47702
127632,0.68659
127633,0.652151
127634,0.679987
127635,0.970194
127636,0.995502
127637,0.269081
127638,0.0
127639,0.0
127640,0.0
127641,0.0
127642,0.0
127643,0.0
127644,0.0
127645,0.0
127646,0.0
127647,0.0
127648,0.0
127649,0.0
127650,0.0
127651,0.0
127652,0.0
127653,0.0
127654,0.0
127655,0.0
127656,0.0
127657,0.0
127658,0.0
127659,0.0
127660,0.0
127661,0.0
127662,0.0
127663,0.0
127664,0.0
127665,0.0
127666,0.150509
127667,0.995466
127668,0.128814
127669,0.07542
127670,0.996867
127671,1.0
127672,1.0
127673,1.0
127674,0.622099
127675,0.12697
127676,0.0
127677,0.0
127678,0.275367
127679,0.53142
127680,0.0511
127681,0.0
127682,0.0
127683,0.0
127684,0.0
127685,0.0
127686,0.002141
127687,0.382796
127688,0.810273
127689,0.636448
127690,0.489775
127691,0.062145
127692,0.024563
127693,0.000433
127694,0.0
127695,0.0
127696,0.0
127697,0.068196
127698,0.0
127699,0.0
127700,0.0
127701,0.0
127702,0.0
127703,0.0
127704,0.0
127705,0.0
127706,0.0
127707,0.0
127708,0.0
127709,0.0
127710,0.0
127711,0.0
127712,0.0
127713,0.0
127714,0.0
127715,0.0
127716,0.0
127717,0.0
127718,0.0
127719,0.0
127720,0.0
127721,0.0
127722,0.0
127723,0.0
127724,0.0
127725,0.0
127726,0.0
127727,0.0
127728,0.0
127729,0.0
127730,0.0
127731,0.0
127732,0.0
128070,0.0
128071,0.003467
128072,0.021099
128073,0.051974
128074,0.029719
128075,5.2e-05
128076,0.0
128077,0.040043
128078,0.012784
128079,0.0
128080,0.0
128081,0.0
128082,0.0
128083,0.0
128084,0.0
128085,0.0
128086,0.031171
128087,0.535602
128088,0.006802
128089,0.000446
128090,0.0
128091,0.010502
128093,1.0
128094,1.0
128095,1.0
128096,1.0
128097,1.0
128098,1.0
128099,1.0
128105,1.0
128107,1.0
128108,0.726335
128109,0.968292
128110,1.0
128112,0.000819
128113,0.036856
128114,0.0
128115,0.480336
128116,0.824325
128117,0.998603
128119,0.0
128120,0.225806
128126,0.0
128127,0.013583
128128,0.002371
128129,0.031175
128130,0.015545
128131,0.056239
128132,0.02479
128133,0.07874
128134,0.029289
128136,1.0
128137,1.0
128138,1.0
128139,0.316511
128140,1.0
128141,0.00449
128142,0.0
128143,0.0
128144,0.0
128145,0.0
128146,0.0
128147,0.0
128148,0.0
128149,0.0
128150,0.0
128151,0.0
128152,0.0
128153,0.0
128154,0.0
128155,0.0
128156,0.0
128157,0.0
128158,0.0
128159,0.0
128160,0.0
128161,0.0
128162,0.0
128163,0.0
128164,0.0
128165,0.0
128166,0.000459
128167,0.0
128168,0.0
128169,0.0
128170,0.001727
128171,0.001412
128172,0.000765
128173,0.213966
128174,1.0
128175,1.0
128176,0.431894
128177,0.226835
128178,0.39599
128179,1.0
128180,1.0
128183,0.799043
128184,0.001743
128185,0.0
128186,0.0
128187,0.062509
128188,0.00164
128189,0.0
128190,0.0
128191,0.0
128192,0.287171
128193,0.002199
128194,0.004856
128195,0.0
128196,0.0
128197,0.0
128198,0.0
128199,0.171085
128200,0.961481
128201,1.0
128202,0.999697
128203,0.299593
128204,0.001095
128205,0.0
128206,0.0
128207,0.0
128208,0.0
128209,0.0
128210,0.0
128211,0.0
128212,0.0
128213,0.0
128214,0.0
128215,0.0
128216,0.0
128217,0.0
128218,0.0
128219,0.0
128220,0.0
128221,0.0
128222,0.0
128223,0.0
128224,0.0
128225,0.0
128226,0.0
128227,0.0
128228,0.0
128229,0.0
128230,0.0
128231,0.0
128232,0.0
128233,0.0
128234,0.0
128235,0.0
128236,0.0
128237,0.0
128238,0.0
128239,0.0
128240,0.0
128241,0.0
128242,0.0
128243,0.0
128244,0.0
128245,0.0
128246,0.0
128247,0.093719
128248,0.051176
128249,0.0
128250,0.0
128251,0.0
128252,0.0
128253,0.0
128254,0.0
128255,0.0
128256,0.0
128257,0.0
128258,0.0
128259,0.0
128260,0.0
128261,0.0
128262,0.0
128263,0.0
128264,0.0
128265,0.0
128266,0.0
128267,0.0
128268,0.0
128269,0.0
128270,0.0
128271,0.0
128272,0.0
128273,0.0
128274,0.0
128275,0.0
128276,0.0
128277,0.0
128278,0.0
128279,0.0
128280,0.0
128281,0.0
128282,0.0
128283,0.0
128284,0.0
128285,0.0
128286,0.0
128287,0.0
128288,0.005039
128289,0.859637
128290,1.0
128291,1.0
128292,0.749139
128293,0.193026
128294,0.0
128295,0.0
128296,0.196767
128297,0.983946
128298,1.0
128299,1.0
128300,0.991845
128301,0.296956
128302,0.051395
128303,0.125324
128304,0.0
128305,0.333792
128306,0.218925
128307,0.0
128308,0.0
128309,0.0
128310,0.0
128311,0.949986
128312,0.873074
128313,0.85962
128314,0.986583
128315,0.955383
128316,1.0
128317,1.0
128318,1.0
128319,1.0
128320,0.99832
128321,0.768972
128322,0.0
128323,0.0
128324,0.0
128325,0.0
128326,0.0
128327,0.0
128328,0.0
128329,0.0
128330,0.0
128331,0.0
128332,0.0
128333,0.0
128334,0.0
128335,0.0
128336,0.0
128337,0.0
128338,0.0
128339,0.0
128340,0.0
128341,0.0
128342,0.0
128343,0.0
128344,0.0
128345,0.0
128346,0.0
128347,0.0
128348,0.0
128349,0.0
128350,0.33042
128351,0.879611
128352,0.025601
128353,0.110799
128354,0.911307
128355,1.0
128356,1.0
128357,1.0
128358,1.0
128359,0.539657
128360,0.0
128361,0.207876
128362,0.94179
128363,0.519658
128364,0.0
128365,0.0
128366,0.0
128367,0.0
128368,0.0
128369,0.056417
128370,0.254548
128371,0.115887
128372,0.385814
128373,0.456039
128374,0.055615
128375,0.237001
128376,0.320544
128377,0.01317
128378,0.0
128379,0.0
128380,0.023877
128381,0.072872
128382,0.0
128383,0.0
128384,0.0
128385,0.0
128386,0.0
128387,0.0
128388,0.0
128389,0.0
128390,0.0
128391,0.0
128392,0.0
128393,0.0
128394,0.0
128395,0.0
128396,0.0
128397,0.0
128398,0.0
128399,0.0
128400,0.0
128401,0.0
128402,0.0
128403,0.0
128404,0.0
128405,0.0
128406,0.0
128407,0.0
128408,0.0
128409,0.0
128410,0.0
128411,0.0
128412,0.040542
128413,0.272911
128755,0.0
128756,0.0
128757,0.0775
128758,0.049703
128759,0.0
128760,0.02333
128761,0.000781
128762,0.031579
128763,0.0
128764,0.0
128765,0.0
128766,0.0
128767,0.0
128768,0.0
128769,0.026737
128770,0.485085
128771,0.248288
128772,0.456201
128773,0.179101
128774,0.548547
128775,1.0
128776,1.0
128777,1.0
128778,1.0
128779,1.0
128780,1.0
128781,1.0
128782,1.0
128783,1.0
128784,1.0
128788,1.0
128789,1.0
128792,0.906459
128793,0.994478
128794,1.0
128795,1.0
128796,0.019624
128797,0.011127
128798,0.0
128799,0.472562
128800,0.003389
128801,0.994723
128802,1.0
128811,1.0
128812,0.002054
128813,0.197199
128814,0.103067
128815,0.016351
128816,0.002951
128817,0.036702
128823,0.062161
128824,0.03526
128825,0.0
128826,0.0
128827,0.0
128828,0.0
128829,0.0
128830,0.0
128831,0.0
128832,0.0
128833,0.0
128834,0.0
128835,0.0
128836,0.0
128837,0.0
128838,0.0
128839,0.0
128840,0.0
128841,0.0
128842,0.0
128843,0.0
128844,0.0
128845,0.0
128846,0.0
128847,0.0
128848,0.0
128849,0.0
128850,0.0
128851,0.0
128852,0.001369
128853,0.003971
128854,0.0
128855,0.0
128856,0.0
128857,0.001715
128858,0.015965
128859,0.329701
128860,0.016246
128861,0.280648
128862,0.779272
128863,1.0
128864,0.870591
128866,0.981108
128867,0.378702
128868,0.017957
128869,0.053202
128870,0.003628
128871,0.002524
128872,0.0
128873,0.0
128874,0.0
128876,1.0
128877,0.011578
128878,0.0
128879,0.0
128880,0.0
128881,0.001931
128882,0.0
128883,0.189015
128884,0.782924
128885,0.976328
128886,0.430304
128887,0.0
128888,0.0
128889,0.0
128890,0.0
128891,0.0
128892,0.0
128893,0.0
128894,0.0
128895,0.0
128896,0.0
128897,0.0
128898,0.0
128899,0.0
128900,0.0
128901,0.0
128902,0.0
128903,0.0
128904,0.0
128905,0.0
128906,0.0
128907,0.0
128908,0.0
128909,0.0
128910,0.0
128911,0.0
128912,0.0
128913,0.0
128914,0.0
128915,0.0
128916,0.0
128917,0.0
128918,0.0
128919,0.0
128920,0.0
128921,0.0
128922,0.0
128923,0.0
128924,0.0
128925,0.0
128926,0.0
128927,0.0
128928,0.0
128929,0.0
128930,0.0
128931,0.0
128932,0.0
128933,0.0
128934,0.0
128935,0.0
128936,0.205245
128937,0.0
128938,0.0
128939,0.0
128940,0.0
128941,0.0
128942,0.0
128943,0.0
128944,0.0
128945,0.0
128946,0.0
128947,0.0
128948,0.0
128949,0.0
128950,0.0
128951,0.0
128952,0.0
128953,0.0
128954,0.0
128955,0.0
128956,0.0
128957,0.0
128958,0.0
128959,0.0
128960,0.0
128961,0.0
128962,0.0
128963,0.0
128964,0.0
128965,0.0
128966,0.0
128967,0.0
128968,0.0
128969,0.0
128970,0.0
128971,0.0
128972,0.0
128973,0.950851
128974,1.0
128975,1.0
128976,0.492679
128977,0.0
128978,0.0
128979,0.0
128980,0.198452
128981,1.0
128982,1.0
128983,1.0
128984,0.326062
128985,0.0
128986,0.599628
128987,0.904707
128988,0.17251
128989,0.400357
128990,0.320724
128991,0.0
128992,0.0
128993,0.0
128994,0.0
128995,0.034944
128996,0.628995
128997,0.032188
128998,0.017645
128999,0.257491
129000,0.320314
129001,1.0
129002,1.0
129003,0.60619
129004,0.021015
129005,0.0
129006,0.0
129007,0.0
129008,0.0
129009,0.0
129010,0.0
129011,0.0
129012,0.087435
129013,0.038597
129014,0.0
129015,0.0
129016,0.0
129017,0.0
129018,0.0
129019,0.000248
129020,0.458074
129021,0.404865
129022,0.0
129023,0.0
129024,0.0
129025,0.0
129026,0.0
129027,0.0
129028,0.0
129029,0.0
129030,0.0
129031,0.0
129032,0.0
129033,0.0
129034,0.81301
129035,0.97612
129036,0.177395
129037,0.0
129038,0.205955
129039,0.774663
129040,1.0
129041,1.0
129042,1.0
129043,0.85243
129044,0.019878
129045,0.039772
129046,0.989715
129047,0.575617
129048,0.732249
129049,0.635667
129050,0.0
129051,0.003697
129052,0.349735
129053,0.209613
129054,0.0
129055,0.0
129056,0.436278
129057,0.939823
129058,0.405482
129059,0.294628
129060,0.129228
129061,0.0
129062,0.008209
129063,0.027108
129064,0.043963
129065,0.0
129066,0.0
129067,0.0
129068,0.0
129069,0.0
129070,0.0
129071,0.0
129072,0.0
129073,0.0
129074,0.0
129075,0.0
129076,0.0
129077,0.0
129078,0.0
129079,0.0
129080,0.0
129081,0.0
129082,0.0
129083,0.0
129084,0.0
129085,0.0
129086,0.0
129087,0.0
129088,0.0
129089,0.0
129090,0.0
129091,0.0
129092,0.0
129093,0.0
129094,0.0
129095,0.0
129438,0.0
129439,0.0
129440,0.0
129441,0.043714
129442,0.421452
129443,0.15502
129444,0.08
129445,0.0
129446,0.090614
129447,0.000871
129448,0.01202
129449,0.0
129450,0.0
129451,0.0
129452,0.0
129453,0.0
129454,0.0
129455,0.000288
129456,0.725732
129457,1.0
129460,1.0
129461,1.0
129462,1.0
129463,1.0
129464,1.0
129465,1.0
129466,1.0
129467,1.0
129468,1.0
129474,1.0
129476,0.999402
129477,0.996228
129478,1.0
129479,1.0
129480,0.209529
129481,0.114383
129482,0.003031
129483,0.236798
129484,0.731958
129507,0.247991
129508,0.000214
129509,0.0
129510,0.0
129511,0.0
129512,0.0
129513,0.0
129514,0.0
129515,0.0
129516,0.0
129517,0.0
129518,0.0
129519,0.0
129520,0.0
129521,0.0
129522,0.0
129523,0.0
129524,0.0
129525,0.0
129526,0.0
129527,0.0
129528,0.0
129529,0.0
129530,0.0
129531,0.0
129532,0.0
129533,0.0
129534,0.0
129535,0.0
129536,0.01548
129537,0.105057
129538,0.240798
129539,0.053548
129540,0.022061
129541,0.005286
129542,0.023683
129543,0.004557
129544,0.021527
129545,0.063855
129546,0.734332
129547,0.385915
129548,0.318023
129550,1.0
129551,0.441751
129552,0.000802
129553,0.000849
129554,0.008092
129555,0.001778
129556,0.0
129557,0.0
129558,0.0
129559,0.0
129560,0.0
129561,0.0
129562,0.0
129563,0.000239
129564,0.000752
129565,0.0
129566,0.0
129567,0.0
129568,0.001944
129569,0.003091
129570,0.0
129571,0.0
129572,0.0
129573,0.361266
129574,0.3378
129575,0.475659
129576,0.756239
129577,0.712435
129578,0.661448
129579,0.499931
129580,0.383417
129581,0.0
129582,0.0
129583,0.0
129584,0.0
129585,0.0
129586,0.0
129587,0.0
129588,0.0
129589,0.0
129590,0.0
129591,0.0
129592,0.0
129593,0.0
129594,0.0
129595,0.0
129596,0.0
129597,0.0
129598,0.0
129599,0.0
129600,0.0
129601,0.0
129602,0.0
129603,0.0
129604,0.0
129605,0.0
129606,0.0
129607,0.0
129608,0.0
129609,0.0
129610,0.0
129611,0.0
129612,0.0
129613,0.0
129614,0.0
129615,0.0
129616,0.0
129617,0.0
129618,0.0
129619,0.0
129620,0.0
129621,0.0
129622,0.0
129623,0.0
129624,0.0
129625,0.0
129626,0.0
129627,0.0
129628,0.0
129629,0.0
129630,0.0
129631,0.0
129632,0.0
129633,0.0
129634,0.0
129635,0.0
129636,0.0
129637,0.0
129638,0.0
129639,0.0
129640,0.0
129641,0.0
129642,0.0
129643,0.0
129644,0.0
129645,0.0
129646,0.0
129647,0.0
129648,0.0
129649,0.0
129650,0.0
129651,0.0
129652,0.0
129653,0.0
129654,0.0
129655,0.0
129656,0.0
129657,0.794871
129658,0.785622
129659,0.688126
129660,0.311665
129661,0.0
129662,0.0
129663,0.0
129664,0.171912
129665,0.985058
129666,0.951635
129667,0.759637
129668,0.230168
129669,0.0
129670,0.353839
129671,0.560016
129672,0.574474
129673,0.502991
129674,0.338047
129675,0.0
129676,0.0
129677,0.0
129678,0.0
129679,0.0
129680,0.689619
129681,0.017611
129682,0.008296
129683,0.0
129684,0.000783
129685,0.576034
129686,0.999462
129687,0.000193
129688,0.0
129689,0.0
129690,0.0
129691,0.0
129692,0.0
129693,0.0
129694,0.0
129695,0.0
129696,0.246973
129697,0.071076
129698,0.0
129699,0.0
129700,0.0
129701,0.0
129702,0.0
129703,0.000403
129704,0.434892
129705,0.667819
129706,0.0
129707,0.0
129708,0.0
129709,0.0
129710,0.0
129711,0.0
129712,0.0
129713,0.0
129714,0.0
129715,0.0
129716,0.0
129717,0.1874
129718,0.997214
129719,0.9951
129720,0.291728
129721,0.0
129722,0.0
129723,0.0
129724,0.222819
129725,0.395029
129726,0.57711
129727,0.168332
129728,0.0
129729,0.703206
129730,0.802464
129731,0.782741
129732,0.329067
129733,0.012889
129734,0.0
129735,0.0
129736,0.01996
129737,0.0
129738,0.0
129739,0.189083
129740,0.460043
129741,0.201581
129742,0.0
129743,0.0
129744,0.0
129745,0.060913
129746,0.050962
129747,0.0
129748,0.0
129749,0.0
129750,0.0
129751,0.0
129752,0.0
129753,0.0
129754,0.0
129755,0.0
129756,0.0
129757,0.0
129758,0.0
129759,0.0
129760,0.0
129761,0.0
129762,0.0
129763,0.0
129764,0.0
129765,0.0
129766,0.0
129767,0.0
129768,0.0
129769,0.0
129770,0.0
129771,0.0
129772,0.0
129773,0.0
129774,0.0
129775,0.0
129776,0.0
129777,0.0
129778,0.0
129780,0.0
129781,0.0
129782,0.0
129783,0.0
129785,0.0
130122,0.1594
130123,0.0
130124,0.0
130125,0.0682
130126,0.192345
130127,0.005485
130128,0.001882
130130,0.287671
130131,0.10894
130132,0.118249
130133,0.0
130134,0.0
130135,0.0
130136,0.0
130137,0.004548
130138,0.003171
130139,0.0
130140,0.00174
130141,0.989107
130142,1.0
130143,1.0
130146,1.0
130147,1.0
130148,1.0
130149,1.0
130150,1.0
130151,1.0
130152,1.0
130153,1.0
130154,1.0
130155,1.0
130156,1.0
130157,1.0
130160,1.0
130161,0.891373
130162,0.879757
130163,0.409335
130164,1.0
130165,0.817916
130166,0.380816
130167,0.77341
130168,0.285213
130169,0.176046
130170,1.0
130183,0.0
130184,0.037677
130185,0.0
130186,0.013966
130192,0.0
130193,0.0
130194,0.0
130195,0.0
130196,0.0
130197,0.0
130198,0.0
130199,0.0
130200,0.0
130201,0.0
130202,0.0
130203,0.0
130204,0.0
130205,0.0
130206,0.0
130207,0.0
130208,0.0
130209,0.0
130210,0.0
130211,0.0
130212,0.0
130213,0.0
130214,0.0
130215,0.0
130216,0.0
130217,0.000113
130218,0.389556
130219,0.121019
130220,0.021457
130221,0.167742
130222,0.282254
130223,0.189286
130224,0.029961
130225,0.16776
130226,0.201073
130227,1.0
130228,0.004487
130229,0.0
130230,0.0
130231,0.0
130232,0.0
130233,0.00207
130235,0.770899
130236,0.096541
130237,0.396852
130238,0.308497
130239,0.000192
130240,0.0
130241,0.0
130242,0.0
130244,0.0
130245,0.0
130246,0.0
130247,0.0
130248,0.0
130249,0.0
130250,0.0
130251,0.0
130252,0.0
130253,0.0
130254,0.0
130255,0.35325
130256,0.90968
130257,0.934085
130258,0.797764
130259,0.882589
130260,1.0
130261,1.0
130262,1.0
130263,1.0
130264,0.872165
130265,0.0
130266,0.0
130267,0.0
130268,0.00874
130269,0.0
130270,0.254457
130271,0.24567
130272,0.0
130273,0.0
130274,0.0
130275,0.0
130276,0.0
130277,0.0
130278,0.0
130279,0.0
130280,0.0
130281,0.0
130282,0.0
130283,0.0
130284,0.0
130285,0.0
130286,0.0
130287,0.0
130288,0.0
130289,0.0
130290,0.0
130291,0.0
130292,0.0
130293,0.0
130294,0.0
130295,0.0
130296,0.0
130297,0.0
130298,0.0
130299,0.0
130300,0.0
130301,0.0
130302,0.0
130303,0.0
130304,0.0
130305,0.0
130306,0.0
130307,0.0
130308,0.0
130309,0.0
130310,0.0
130311,0.0
130312,0.0
130313,0.0
130314,0.0
130315,0.0
130316,0.0
130317,0.0
130318,0.0
130319,0.0
130320,0.0
130321,0.0
130322,0.0
130323,0.0
130324,0.0
130325,0.0
130326,0.0
130327,0.0
130328,0.0
130329,0.0
130330,0.0
130331,0.0
130332,0.0
130333,0.0
130334,0.0
130335,0.0
130336,0.0
130337,0.0
130338,0.0
130339,0.0
130340,0.0
130341,0.22869
130342,0.278752
130343,0.03682
130344,0.023553
130345,0.0
130346,0.000261
130347,0.026125
130348,0.012945
130349,0.276233
130350,0.364239
130351,0.0
130352,0.0
130353,0.0
130354,0.0
130355,0.0
130356,0.0
130357,0.0
130358,0.0
130359,0.0
130360,0.0
130361,0.0
130362,0.0
130363,0.257215
130364,0.946892
130365,0.071581
130366,0.029607
130367,0.0
130368,0.0
130369,0.107072
130370,0.751133
130371,0.360294
130372,0.0
130373,0.0
130374,0.0
130375,0.0
130376,0.0
130377,0.0
130378,0.0
130379,0.0
130380,0.0
130381,0.0
130382,0.0
130383,0.0
130384,0.0
130385,0.0
130386,0.0
130387,0.0
130388,0.0
130389,0.0
130390,0.0
130391,0.0
130392,0.0
130393,0.0
130394,0.0
130395,0.0
130396,0.0
130397,0.0
130398,0.0
130399,0.0
130400,0.021495
130401,0.917006
130402,1.0
130403,0.913282
130404,0.129242
130405,0.0
130406,0.0
130407,0.0
130408,0.0
130409,0.0
130410,0.0
130411,0.0
130412,0.0
130413,0.027652
130414,0.193895
130415,0.067929
130416,0.0
130417,0.0
130418,0.0
130419,0.0
130420,0.0
130421,0.083027
130422,0.087488
130423,0.538488
130424,0.035677
130425,0.000743
130426,0.0
130427,0.0
130428,0.00062
130429,0.068197
130430,0.0
130431,0.0
130432,0.0
130433,0.0
130434,0.0
130435,0.0
130436,0.0
130437,0.0
130438,0.0
130439,0.0
130440,0.0
130441,0.0
130442,0.0
130443,0.0
130444,0.0
130445,0.0
130446,0.0
130447,0.0
130448,0.0
130449,0.0
130450,0.0
130451,0.0
130452,0.0
130453,0.0
130454,0.0
130455,0.0
130456,0.0
130457,0.0
130458,0.0
130459,0.0
130460,0.000167
130461,0.001756
130462,0.0
130463,0.0
130464,0.0
130465,0.0
130466,0.0
130467,0.0
130469,1.0
130806,0.961163
130807,0.23304
130808,0.0
130809,0.003857
130810,0.074074
130811,0.009969
130812,0.002825
130813,0.004295
130814,0.000143
130815,0.104107
130816,0.0693
130817,0.0
130818,0.0
130819,0.0
130820,0.0
130821,0.0
130822,0.0
130823,0.001288
130824,0.024069
130825,0.97838
130826,1.0
130827,1.0
130828,1.0
130829,1.0
130830,1.0
130831,1.0
130832,1.0
130833,1.0
130834,1.0
130835,1.0
130836,1.0
130837,1.0
130838,1.0
130839,1.0
130840,1.0
130841,1.0
130845,1.0
130846,0.88824
130847,1.0
130848,0.074944
130850,1.0
130851,1.0
130852,0.991724
130853,0.0
130854,0.748858
130855,0.499087
130856,0.552906
130857,1.0
130858,0.356103
130859,0.111633
130860,0.0
130864,0.0
130865,0.0
130866,0.0
130867,0.0
130868,0.000287
130869,0.0
130870,0.0
130876,0.0
130877,0.0
130878,0.0
130879,0.0
130880,0.0
130881,0.0
130882,0.0
130883,0.0
130884,0.0
130885,0.0
130886,0.0
130887,0.0
130888,0.0
130889,0.0
130890,0.0
130891,0.0
130892,0.0
130893,0.0
130894,0.0
130895,0.0
130896,0.0
130897,0.0
130898,0.0
130899,0.0
130900,0.0
130901,0.0
130902,0.001579
130903,0.049328
130904,0.021874
130905,0.29417
130906,0.506191
130907,0.667708
130908,0.454109
130909,0.287846
130910,0.042667
130911,0.821148
130912,0.026104
130913,0.0
130914,0.0
130915,0.0
130916,0.0
130917,0.0
130919,1.0
130920,0.403138
130922,1.0
130923,0.0
130924,0.000289
130925,0.0
130926,0.0
130927,0.0
130928,0.0
130929,0.0
130930,0.0
130931,0.0
130932,0.0
130933,0.0
130934,0.0
130935,0.0
130936,0.0
130937,0.0
130938,0.0
130939,0.003402
130940,0.062568
130941,0.083512
130942,0.0
130943,0.229116
130944,1.0
130945,1.0
130946,1.0
130947,1.0
130948,0.985714
130949,0.493032
130950,0.0
130951,0.0
130952,0.932681
130953,0.956993
130954,0.983035
130955,0.682356
130956,0.0
130957,0.0
130958,0.0
130959,0.0
130960,0.0
130961,0.0
130962,0.0
130963,0.0
130964,0.0
130965,0.0
130966,0.0
130967,0.0
130968,0.0
130969,0.0
130970,0.0
130971,0.0
130972,0.0
130973,0.0
130974,0.0
130975,0.0
130976,0.0
130977,0.0
130978,0.0
130979,0.0
130980,0.0
130981,0.0
130982,0.0
130983,0.0
130984,0.0
130985,0.0
130986,0.0
130987,0.0
130988,0.0
130989,0.0
130990,0.0
130991,0.0
130992,0.0
130993,0.0
130994,0.0
130995,0.0
130996,0.0
130997,0.0
130998,0.0
130999,0.0
131000,0.0
131001,0.0
131002,0.0
131003,0.371987
131004,0.422322
131005,0.0
131006,0.0
131007,0.0
131008,0.0
131009,0.0
131010,0.0
131011,0.0
131012,0.0
131013,0.0
131014,0.0
131015,0.0
131016,0.0
131017,0.0
131018,0.0
131019,0.0
131020,0.0
131021,0.0
131022,0.0
131023,0.0
131024,0.0
131025,0.0
131026,0.0
131027,0.0
131028,0.0
131029,0.0
131030,0.0
131031,0.0
131032,0.001692
131033,0.061475
131034,0.0
131035,0.0
131036,0.0
131037,0.0
131038,0.0
131039,0.0
131040,0.0
131041,0.0
131042,0.0
131043,0.0
131044,0.0
131045,0.0
131046,0.0
131047,0.064948
131048,0.581215
131049,0.0285
131050,0.0
131051,0.0
131052,0.208154
131053,0.0
131054,0.126156
131055,0.075029
131056,0.0
131057,0.000154
131058,2.8e-05
131059,0.000414
131060,0.0
131061,0.0
131062,0.0
131063,0.0
131064,0.0
131065,0.0
131066,0.0
131067,0.0
131068,0.0
131069,0.0
131070,0.0
131071,0.0
131072,0.0
131073,0.0
131074,0.0
131075,0.0
131076,0.0
131077,0.0
131078,0.0
131079,0.0
131080,0.0
131081,0.0
131082,0.0
131083,0.0
131084,0.03092
131085,0.942234
131086,1.0
131087,0.931344
131088,0.141433
131089,0.0
131090,0.0
131091,0.0
131092,0.0
131093,0.348813
131094,0.030339
131095,0.0
131096,0.0
131097,0.0
131098,0.0
131099,0.0
131100,0.0
131101,0.0
131102,0.0
131103,0.0
131104,0.056718
131105,1.0
131106,1.0
131107,0.396441
131108,0.0
131109,0.0
131110,0.0
131111,0.129816
131112,0.076459
131113,0.002964
131114,0.0
131115,0.0
131116,0.0
131117,0.0
131118,0.0
131119,0.0
131120,0.0
131121,0.0
131122,0.0
131123,0.0
131124,0.0
131125,0.0
131126,0.0
131127,0.0
131128,0.0
131129,0.0
131130,0.0
131131,0.0
131132,0.0
131133,0.0
131134,0.0
131135,0.0
131136,0.0
131137,0.0
131138,0.0
131139,0.0
131140,0.0
131141,0.0
131142,0.0
131143,0.0
131144,0.0
131145,0.0
131146,0.0
131147,0.0
131148,0.000839
131149,0.0
131150,0.0
131490,0.930285
131491,0.006241
131492,0.0
131493,0.0
131494,0.078664
131496,0.015729
131497,0.000889
131498,0.004919
131499,0.160737
131500,0.0
131501,0.0
131502,0.0
131503,0.0
131504,0.0
131505,0.0
131506,0.0
131507,0.0
131508,0.054204
131509,1.0
131510,1.0
131511,1.0
131512,1.0
131513,1.0
131514,1.0
131515,1.0
131516,1.0
131517,1.0
131518,1.0
131519,1.0
131520,1.0
131521,1.0
131522,1.0
131523,1.0
131524,1.0
131525,1.0
131529,1.0
131530,1.0
131531,0.506091
131532,0.490528
131533,1.0
131534,1.0
131535,0.995778
131536,0.98872
131538,0.779974
131539,0.895696
131540,0.38168
131541,0.561797
131542,0.12176
131543,0.006897
131544,0.0
131548,0.0
131549,0.0
131550,0.0
131551,0.0
131552,0.0
131553,0.0
131554,8.7e-05
131555,0.127588
131560,0.0
131561,0.0
131562,0.0
131563,0.0
131564,0.0
131565,0.0
131566,0.0
131567,0.0
131568,0.0
131569,0.0
131570,0.0
131571,0.0
131572,0.0
131573,0.0
131574,0.0
131575,0.0
131576,0.0
131577,0.0
131578,0.0
131579,0.0
131580,0.0
131581,0.0
131582,0.0
131583,0.0
131584,0.0
131585,0.0
131586,0.0
131587,7e-05
131588,0.003054
131589,0.281833
131590,0.238186
131591,0.454795
131592,0.764469
131593,0.159346
131594,0.004432
131595,0.592932
131596,0.00484
131597,0.0
131598,0.0
131599,0.0
131600,0.0
131601,0.0
131603,1.0
131604,0.497391
131605,0.001304
131607,0.0
131608,0.0
131609,0.0
131611,0.0
131612,0.0
131613,0.0
131614,0.0
131615,0.0
131616,0.0
131617,0.0
131618,0.0
131619,0.0
131620,0.0
131621,0.0
131622,0.0
131623,0.0
131624,0.0
131625,0.0
131626,0.0
131627,0.229263
131628,0.952494
131629,0.999189
131630,1.0
131631,1.0
131632,1.0
131633,0.372522
131634,0.0
131635,0.013773
131636,0.999175
131637,1.0
131638,1.0
131639,0.362074
131640,0.0
131641,0.0
131642,0.0
131643,0.0
131644,0.0
131645,0.0
131646,0.0
131647,0.0
131648,0.0
131649,0.0
131650,0.0
131651,0.0
131652,0.0
131653,0.0
131654,0.0
131655,0.0
131656,0.0
131657,0.0
131658,0.0
131659,0.0
131660,0.0
131661,0.0
131662,0.0
131663,0.0
131664,0.0
131665,0.0
131666,0.0
131667,0.0
131668,0.0
131669,0.0
131670,0.0
131671,0.0
131672,0.0
131673,0.0
131674,0.0
131675,0.0
131676,0.0
131677,0.0
131678,0.0
131679,0.0
131680,0.0
131681,0.0
131682,0.0
131683,0.0
131684,0.0
131685,0.0
131686,0.0
131687,0.387146
131688,0.655904
131689,0.0
131690,0.0
131691,0.0
131692,0.0
131693,0.0
131694,0.0
131695,0.0
131696,0.0
131697,0.0
131698,0.0
131699,0.0
131700,0.0
131701,0.0
131702,0.0
131703,0.0
131704,0.0
131705,0.0
131706,0.0
131707,0.0
131708,0.0
131709,0.0
131710,0.0
131711,0.0
131712,0.0
131713,0.0
131714,0.0
131715,0.0
131716,0.009602
131717,0.025731
131718,0.069681
131719,0.007328
131720,0.0
131721,0.0
131722,0.239998
131723,0.469516
131724,0.507007
131725,0.060174
131726,0.0
131727,0.0
131728,0.0
131729,0.0
131730,0.0
131731,0.0
131732,0.0
131733,0.014551
131734,0.0
131735,0.0
131736,0.0
131737,0.0
131738,0.000528
131739,0.0
131740,0.042512
131741,0.024919
131742,0.0
131743,0.0
131744,0.0
131745,0.0
131746,0.0
131747,0.0
131748,0.0
131749,0.0
131750,0.0
131751,0.0
131752,0.0
131753,0.0
131754,0.0
131755,0.0
131756,0.0
131757,0.0
131758,0.0
131759,0.0
131760,0.0
131761,0.0
131762,0.0
131763,0.0
131764,0.0
131765,0.0
131766,0.0
131767,0.002847
131768,0.569674
131769,1.0
131770,1.0
131771,1.0
131772,0.774659
131773,0.0
131774,0.0
131775,0.017198
131776,0.259421
131777,0.015753
131778,0.0
131779,0.0
131780,0.0
131781,0.0
131782,0.0
131783,0.0
131784,0.34969
131785,0.0
131786,0.001095
131787,0.179246
131788,0.91283
131789,1.0
131790,1.0
131791,0.147238
131792,0.0
131793,0.0
131794,0.071943
131795,0.033614
131796,0.0
131797,0.0
131798,0.0
131799,0.0
131800,0.0
131801,0.0
131802,0.0
131803,0.0
131804,0.0
131805,0.0
131806,0.0
131807,0.0
131808,0.0
131809,0.0
131810,0.0
131811,0.0
131812,0.0
131813,0.0
131814,0.0
131815,0.0
131816,0.0
131817,0.0
131818,0.0
131819,0.0
131820,0.0
131821,0.0
131822,0.0
131823,0.0
131824,0.0
131825,0.0
131826,0.0
131827,0.0
131828,0.0
131829,0.0
131830,0.0
131831,0.0
131832,0.00543
131833,0.0
131834,0.0
131836,0.0
132173,1.0
132174,0.207065
132175,0.0
132176,0.0
132177,0.0
132178,0.030133
132179,0.225225
132181,1.0
132182,0.182421
132183,0.487359
132184,0.834007
132185,0.544819
132186,0.024561
132187,0.001008
132188,0.0
132189,0.0
132190,0.320767
132191,0.765356
132192,0.988226
132193,1.0
132194,1.0
132195,1.0
132196,1.0
132197,1.0
132203,1.0
132204,1.0
132205,1.0
132206,1.0
132207,1.0
132208,1.0
132209,1.0
132213,1.0
132214,1.0
132215,0.891123
132216,1.0
132217,1.0
132218,1.0
132219,1.0
132220,0.524089
132222,0.84938
132223,0.504193
132224,0.451537
132225,0.570917
132226,0.764116
132227,0.18098
132228,0.0
132229,0.0
132231,0.0
132232,0.0
132233,0.0
132234,0.0
132235,0.0
132236,0.0
132237,0.0
132238,0.0
132239,0.096738
132240,0.52028
132241,1.0
132244,0.0
132245,0.0
132246,0.0
132247,0.0
132248,0.0
132249,0.0
132250,0.0
132251,0.0
132252,0.0
132253,0.0
132254,0.0
132255,0.0
132256,0.0
132257,0.0
132258,0.0
132259,0.0
132260,0.0
132261,0.0
132262,0.0
132263,0.0
132264,0.0
132265,0.0
132266,0.0
132267,0.0
132268,0.0
132269,0.0
132270,0.0
132271,0.0
132272,0.0
132273,0.099072
132274,0.776849
132275,0.546012
132276,0.202954
132277,0.171872
132278,0.015101
132279,0.066806
132280,0.0
132281,0.0
132282,0.0
132283,0.0
132284,0.0
132285,0.0
132286,0.0
132287,1.0
132288,0.488024
132289,0.108731
132290,0.0
132291,0.000699
132292,0.00313
132293,1.0
132295,0.855806
132296,0.214748
132297,0.0
132298,0.0
132299,0.0
132300,0.0
132301,0.0
132302,0.0
132303,0.0
132304,0.0
132305,0.0
132306,0.0
132307,0.0
132308,0.0
132309,0.0
132310,0.0
132311,0.0
132312,0.0
132313,0.012035
132314,0.041689
132315,0.174151
132316,0.252423
132317,0.031952
132318,0.0
132319,0.012868
132320,0.619324
132321,0.896492
132322,0.834741
132323,0.104656
132324,0.0
132325,0.0
132326,0.0
132327,0.0
132328,0.0
132329,0.0
132330,0.0
132331,0.0
132332,0.0
132333,0.0
132334,0.0
132335,0.0
132336,0.0
132337,0.0
132338,0.0
132339,0.0
132340,0.0
132341,0.0
132342,0.0
132343,0.0
132344,0.0
132345,0.0
132346,0.0
132347,0.0
132348,0.0
132349,0.0
132350,0.0
132351,0.0
132352,0.0
132353,0.0
132354,0.0
132355,0.0
132356,0.0
132357,0.0
132358,0.0
132359,0.0
132360,0.0
132361,0.0
132362,0.0
132363,0.0
132364,0.0
132365,0.0
132366,0.0
132367,0.0
132368,0.0
132369,0.0
132370,0.0
132371,0.0
132372,0.0
132373,0.0
132374,0.0
132375,0.0
132376,0.0
132377,0.0
132378,0.0
132379,0.0
132380,0.0
132381,0.0
132382,0.0
132383,0.0
132384,0.0
132385,0.004579
132386,0.0
132387,0.0
132388,0.0
132389,0.0
132390,0.0
132391,0.0
132392,0.0
132393,0.0
132394,0.0
132395,0.249279
132396,0.135243
132397,0.0
132398,0.000198
132399,0.003046
132400,0.114263
132401,0.554494
132402,0.438702
132403,0.075089
132404,0.0
132405,0.077098
132406,0.767375
132407,1.0
132408,1.0
132409,0.012289
132410,0.008321
132411,0.0
132412,0.0
132413,0.0
132414,0.0
132415,0.0
132416,0.0
132417,0.0
132418,0.0
132419,0.0
132420,0.0
132421,0.0
132422,0.0
132423,0.001593
132424,0.002953
132425,0.0
132427,0.000662
132428,6.5e-05
132429,0.0
132430,0.0
132431,0.0
132432,0.0
132433,0.0
132434,0.0
132435,0.0
132436,0.0
132437,0.0
132438,0.0
132439,0.0
132440,0.0
132441,0.0
132442,0.0
132443,0.0
132444,0.0
132445,0.0
132446,0.0
132447,0.0
132448,0.0
132449,0.0
132450,0.0
132451,0.181061
132452,0.984521
132453,0.712558
132454,0.436848
132455,0.403743
132456,0.143621
132457,0.0
132458,0.0
132459,0.023107
132460,0.013845
132461,0.0
132462,0.0
132463,0.0
132464,0.0
132465,0.0
132466,0.0
132467,0.0
132468,0.0
132469,0.0
132470,0.0
132471,0.042605
132472,0.633947
132473,1.0
132474,0.875647
132475,0.018607
132476,0.003969
132477,0.048276
132478,0.046199
132479,0.0
132480,0.0
132481,0.0
132482,0.0
132483,0.0
132484,0.0
132485,0.0
132486,0.0
132487,0.0
132488,0.0
132489,0.0
132490,0.0
132491,0.0
132492,0.0
132493,0.0
132494,0.0
132495,0.0
132496,0.0
132497,0.0
132498,0.0
132499,0.0
132500,0.0
132501,0.0
132502,0.0
132503,0.0
132504,0.0
132505,0.0
132506,0.0
132507,0.0
132508,0.0
132509,0.0
132510,0.0
132511,0.0
132512,0.0
132513,0.0
132514,0.0
132515,0.0
132516,0.0
132517,0.0
132518,0.0
132519,0.0
132520,0.0
132858,0.601077
132859,0.0
132860,0.0
132861,0.030796
132862,0.199218
132863,0.045002
132866,0.036285
132867,0.293339
132868,0.860501
132869,0.286894
132870,0.601478
132871,0.02053
132872,0.116711
132873,0.909399
132874,0.848876
132875,1.0
132876,1.0
132877,1.0
132878,1.0
132879,1.0
132880,1.0
132881,1.0
132882,1.0
132887,1.0
132888,1.0
132889,1.0
132890,1.0
132891,1.0
132892,1.0
132893,1.0
132894,1.0
132896,1.0
132897,1.0
132898,1.0
132899,1.0
132900,1.0
132901,1.0
132902,0.680344
132903,0.870293
132904,1.0
132905,1.0
132906,0.908281
132907,0.738091
132908,0.426476
132909,0.368537
132910,0.757993
132911,0.240078
132912,0.0
132913,0.0
132914,0.0
132915,0.0
132916,0.0
132917,0.0
132918,0.0
132919,0.0
132920,0.0
132921,0.0
132922,0.0
132923,0.0
132924,0.510785
132925,1.0
132926,1.0
132927,1.0
132928,0.00027
132929,0.0
132930,0.0
132931,0.0
132932,0.0
132933,0.0
132934,0.0
132935,0.0
132936,0.0
132937,0.0
132938,0.0
132939,0.0
132940,0.0
132941,0.0
132942,0.0
132943,0.0
132944,0.0
132945,0.0
132946,0.0262
132947,0.143158
132948,0.024518
132949,0.0
132950,0.0
132951,0.0
132952,0.0
132953,0.0
132954,0.0
132955,0.0
132956,0.010465
132957,0.156742
132958,0.707248
132959,0.78156
132960,0.524722
132961,0.12984
132962,0.018476
132963,0.001219
132964,0.0
132965,0.0
132966,0.05345
132967,0.000753
132968,0.007212
132969,0.1357
132970,0.3967
132971,1.0
132972,1.0
132973,0.16312
132974,0.000487
132975,0.388888
132976,0.419924
132977,1.0
132978,0.0
132979,0.060832
132980,0.0
132981,0.0
132982,0.0
132983,0.0
132984,0.0
132985,0.0
132986,0.0
132987,0.0
132988,0.000264
132989,0.0
132990,0.0
132991,0.0
132992,0.0
132993,0.0
132994,0.0
132995,0.0
132996,0.0
132997,0.0
132998,0.0
132999,0.0
133000,0.0
133001,0.0
133002,0.0
133003,0.0
133004,0.0
133005,0.0
133006,0.0
133007,0.0
133008,0.0
133009,0.0
133010,0.0
133011,0.0
133012,0.0
133013,0.0
133014,0.0
133015,0.0
133016,0.0
133017,0.0
133018,0.0
133019,0.0
133020,0.0
133021,0.0
133022,0.0
133023,0.0
133024,0.0
133025,0.0
133026,0.0
133027,0.0
133028,0.0
133029,0.0
133030,0.0
133031,0.0
133032,0.0
133033,0.0
133034,0.0
133035,0.0
133036,0.0
133037,0.0
133038,0.0
133039,0.0
133040,0.0
133041,0.0
133042,0.0
133043,0.0
133044,0.0
133045,0.0
133046,0.0
133047,0.0
133048,0.0
133049,0.0
133050,0.0
133051,0.0
133052,0.0
133053,0.0
133054,0.0
133055,0.0
133056,0.0
133057,0.0
133058,0.0
133059,0.0
133060,0.0
133061,0.0
133062,0.0
133063,0.0
133064,0.0
133065,0.0
133066,0.0
133067,0.0
133068,0.0
133069,0.0
133070,0.0
133071,0.0
133072,0.04686
133073,0.084717
133074,0.0
133075,0.0
133076,0.0
133077,0.0
133078,0.396428
133079,0.99869
133080,0.447377
133081,0.0
133082,0.0
133083,0.0
133084,0.546178
133085,1.0
133086,1.0
133087,0.968783
133088,0.059041
133089,0.243034
133090,1.0
133091,1.0
133092,1.0
133093,0.829294
133094,0.0
133095,0.0
133096,0.0
133097,0.0
133098,0.0
133099,0.0
133100,0.0
133101,0.0
133102,0.0
133103,0.0
133104,0.0
133105,0.0
133106,0.0
133107,0.0
133108,0.00051
133109,0.00794
133110,0.0
133111,6e-05
133112,0.043314
133113,0.199224
133114,0.0
133115,0.000163
133116,0.0
133117,0.0
133118,0.0
133119,0.0
133120,0.0
133121,0.0
133122,0.0
133123,0.0
133124,0.0
133125,0.0
133126,0.0
133127,0.0
133128,0.0
133129,0.0
133130,0.0
133131,0.0
133132,0.0
133133,0.0
133134,0.0
133135,0.078817
133136,0.877422
133137,0.246003
133138,0.0
133139,0.0
133140,0.0
133141,0.0
133142,0.0
133143,0.0
133144,0.000948
133145,0.0
133146,0.0
133147,0.000374
133148,0.001635
133149,0.000203
133150,0.0
133151,0.0
133152,0.0
133153,0.0
133154,0.180905
133155,0.506499
133156,1.0
133157,1.0
133158,0.985574
133159,0.722473
133160,0.310892
133161,0.0
133162,0.0
133163,0.0
133164,0.0
133165,0.0
133166,0.0
133167,0.0
133168,0.0
133169,0.0
133170,0.0
133171,0.0
133172,0.0
133173,0.0
133174,0.0
133175,0.0
133176,0.0
133177,0.0
133178,0.0
133179,0.0
133180,0.0
133181,0.0
133182,0.0
133183,0.0
133184,0.0
133185,0.0
133186,0.0
133187,0.0
133188,0.0
133189,0.0
133190,0.0
133191,0.0
133192,0.0
133193,0.0
133194,0.0
133195,0.0
133196,0.0
133197,0.0
133198,0.0
133199,0.0
133200,0.0
133201,0.0
133202,0.0
133203,0.0
133545,0.143821
133546,0.076976
133547,0.103685
133548,0.114158
133549,0.639665
133550,0.316568
133551,0.958812
133552,0.41082
133553,0.574598
133554,0.761686
133555,0.052895
133556,0.175191
133557,0.911515
133558,1.0
133559,1.0
133560,1.0
133561,1.0
133562,1.0
133563,1.0
133564,1.0
133565,1.0
133567,1.0
133568,1.0
133571,1.0
133572,1.0
133573,1.0
133574,1.0
133575,1.0
133577,1.0
133578,1.0
133582,1.0
133584,1.0
133586,0.735375
133587,0.962208
133589,0.70865
133590,0.351093
133591,0.139124
133592,0.313768
133593,0.456003
133594,0.529823
133595,0.675564
133596,0.142204
133597,0.0
133598,0.0
133599,0.0
133600,0.0
133601,0.0
133602,0.0
133603,0.0
133604,0.0
133605,0.0
133606,0.0
133607,0.0
133608,0.340158
133609,0.919362
133610,1.0
133611,1.0
133612,0.09453
133613,0.0
133614,0.0
133615,0.0
133616,0.0
133617,0.0
133618,0.0
133619,0.0
133620,0.0
133621,0.0
133622,0.0
133623,0.0
133624,0.0
133625,0.0
133626,0.0
133627,0.0
133628,0.0
133629,0.205877
133630,0.48543
133631,0.166802
133632,0.032234
133633,0.0
133634,0.0
133635,0.0
133636,0.0
133637,0.0
133638,0.0
133639,0.004332
133640,0.26754
133641,0.112434
133642,0.270846
133643,0.544071
133644,0.677034
133645,0.776675
133646,0.007333
133647,0.0
133648,0.096659
133649,0.300213
133650,1.0
133651,0.554047
133652,0.022471
133653,0.484836
133654,1.0
133655,1.0
133656,1.0
133657,0.383059
133658,0.074513
133659,0.078019
133660,0.03087
133662,0.0
133663,0.0
133664,0.0
133665,0.0
133666,0.0
133667,0.013162
133668,0.0
133669,0.0
133670,0.0
133671,0.0
133672,0.0
133673,0.0
133674,0.0
133675,0.0
133676,0.0
133677,0.0
133678,0.091252
133679,0.0
133680,0.0
133681,0.0
133682,0.0
133683,0.0
133684,0.0
133685,0.0
133686,0.0
133687,0.0
133688,0.0
133689,0.0
133690,0.0
133691,0.0
133692,0.0
133693,0.0
133694,0.0
133695,0.0
133696,0.0
133697,0.0
133698,0.0
133699,0.0
133700,0.0
133701,0.0
133702,0.0
133703,0.0
133704,0.0
133705,0.0
133706,0.0
133707,0.0
133708,0.0
133709,0.0
133710,0.0
133711,0.0
133712,0.0
133713,0.0
133714,0.0
133715,0.0
133716,0.0
133717,0.0
133718,0.0
133719,0.0
133720,0.0
133721,0.0
133722,0.0
133723,0.0
133724,0.0
133725,0.0
133726,0.0
133727,0.0
133728,0.0
133729,0.0
133730,0.0
133731,0.0
133732,0.0
133733,0.0
133734,0.0
133735,0.0
133736,0.0
133737,0.0
133738,0.0
133739,0.0
133740,0.0
133741,0.0
133742,0.0
133743,0.0
133744,0.0
133745,0.0
133746,0.0
133747,0.0
133748,0.0
133749,0.0
133750,0.0
133751,0.0
133752,0.0
133753,0.0
133754,0.0
133755,0.190297
133756,0.729785
133757,0.285471
133758,0.0
133759,0.0
133760,0.0
133761,0.0
133762,0.168538
133763,1.0
133764,0.95348
133765,0.002199
133766,0.0
133767,0.0
133768,0.264189
133769,1.0
133770,1.0
133771,1.0
133772,0.509567
133773,0.14564
133774,0.19416
133775,0.959043
133776,0.396718
133777,0.747163
133778,0.0
133779,0.0
133780,0.0
133781,0.0
133782,0.0
133783,0.0
133784,0.0
133785,0.0
133786,0.0
133787,0.0
133788,0.0
133789,0.0
133790,0.0
133791,0.0
133792,0.0
133793,0.0
133794,0.076135
133795,0.0
133796,0.30724
133797,0.954479
133798,0.885058
133799,0.764741
133800,0.0
133801,0.0
133802,0.0
133803,0.0
133804,0.0
133805,0.0
133806,0.0
133807,0.0
133808,0.0
133809,0.0
133810,0.0
133811,0.0
133812,0.0
133813,0.0
133814,0.0
133815,0.0
133816,0.0
133817,0.0
133818,0.0
133819,0.102045
133820,0.518795
133821,0.330528
133822,0.0
133823,0.0
133824,0.0
133825,0.00227
133826,0.018538
133827,0.006598
133828,0.008113
133829,0.0
133830,0.008104
133831,0.007955
133832,0.004027
133833,0.0
133834,0.0
133835,0.0
133836,0.0
133837,0.055503
133838,0.805637
133839,1.0
133840,1.0
133841,0.964399
133842,0.724689
133843,0.995559
133844,0.517053
133845,0.020239
133846,0.0
133847,0.0
133848,0.0
133849,0.0
133850,0.0
133851,0.0
133852,0.0
133853,0.0
133854,0.0
133855,0.0
133856,0.0
133857,0.0
133858,0.0
133859,0.0
133860,0.0
133861,0.0
133862,0.0
133863,0.0
133864,0.0
133865,0.0
133866,0.0
133867,0.0
133868,0.0
133869,0.0
133870,0.0
133871,0.0
133872,0.0
133873,0.0
133874,0.0
133875,0.0
133876,0.0
133877,0.0
133878,0.0
133879,0.0
133880,0.0
133881,0.0
133882,0.0
133883,0.0
134231,0.0
134232,0.0
134233,0.131135
134234,0.57513
134235,0.792574
134236,1.0
134237,0.162129
134239,1.0
134240,1.0
134241,1.0
134242,1.0
134243,1.0
134244,1.0
134245,1.0
134246,1.0
134247,1.0
134248,1.0
134249,1.0
134252,1.0
134253,1.0
134254,1.0
134255,1.0
134257,1.0
134258,1.0
134259,1.0
134260,1.0
134261,1.0
134262,1.0
134267,1.0
134268,1.0
134269,1.0
134270,0.965185
134271,0.191365
134272,1.0
134273,1.0
134274,0.006503
134275,0.5127
134276,0.599617
134277,0.124598
134278,0.158414
134279,0.337757
134280,0.573603
134281,0.077774
134282,0.0
134283,0.0
134284,0.0
134285,0.0
134286,0.0
134287,0.0
134288,0.0
134289,0.0
134290,0.0
134291,0.0
134292,0.0
134293,0.047094
134294,0.320274
134295,0.220406
134296,0.019891
134297,0.0
134298,0.0
134299,0.0
134300,0.0
134301,0.0
134302,0.0
134303,0.0
134304,0.0
134305,0.0
134306,0.0
134307,0.0
134308,0.0
134309,0.0
134310,0.0
134311,0.0
134312,0.0
134313,0.045795
134314,0.440544
134315,0.355
134316,0.204509
134317,0.0
134318,0.0
134319,0.0
134320,0.0
134321,0.0
134322,0.0
134323,0.006387
134324,0.014417
134325,0.157396
134326,0.232568
134327,0.095029
134328,0.399293
134329,0.659057
134330,0.0
134331,0.059898
134332,0.057944
134333,0.066237
134334,0.37894
134335,1.0
134336,0.733417
134337,0.874972
134338,1.0
134339,0.999335
134340,0.94482
134341,1.0
134342,0.179225
134343,0.0
134344,0.0
134345,0.0
134346,0.0
134347,0.0
134348,0.0
134349,0.0
134350,0.0
134351,0.002885
134352,0.0
134353,0.0
134354,0.0
134355,0.0
134356,0.0
134357,0.0
134358,0.0
134359,0.0
134360,0.0
134361,0.0
134362,0.398447
134363,0.891981
134364,0.043478
134365,0.0
134366,0.0
134367,0.0
134368,0.0
134369,0.0
134370,0.0
134371,0.0
134372,0.0
134373,0.0
134374,0.0
134375,0.0
134376,0.0
134377,0.0
134378,0.0
134379,0.0
134380,0.0
134381,0.0
134382,0.0
134383,0.0
134384,0.0
134385,0.0
134386,0.0
134387,0.0
134388,0.0
134389,0.0
134390,0.0
134391,0.0
134392,0.0
134393,0.0
134394,0.0
134395,0.0
134396,0.0
134397,0.0
134398,0.0
134399,0.0
134400,0.000136
134401,0.0
134402,0.0
134403,0.0
134404,0.0
134405,0.0
134406,0.0
134407,0.0
134408,0.0
134409,0.0
134410,0.0
134411,0.0
134412,0.0
134413,0.0
134414,0.0
134415,0.0
134416,0.0
134417,0.0
134418,0.0
134419,0.0
134420,0.0
134421,0.0
134422,0.0
134423,0.0
134424,0.0
134425,0.0
134426,0.0
134427,0.0
134428,0.0
134429,0.0
134430,0.171097
134431,0.0
134432,0.0
134433,0.0
134434,0.0
134435,0.0
134436,0.0
134437,0.0
134438,0.0
134439,0.131317
134440,0.586009
134441,0.931904
134442,0.382118
134443,0.324751
134444,0.002214
134445,0.0
134446,0.08813
134447,0.918939
134448,0.293452
134449,0.0
134450,0.0
134451,0.0
134452,0.085272
134453,0.374389
134454,1.0
134455,0.99566
134456,1.0
134457,0.19312
134458,0.0
134459,0.001078
134460,0.0
134461,0.0
134462,0.0
134463,0.0
134464,0.0
134465,0.0
134466,0.0
134467,0.0
134468,0.0
134469,0.0
134470,0.0
134471,0.0
134472,0.0
134473,0.0
134474,0.0
134475,0.0
134476,0.0
134477,0.0
134478,0.05777
134480,0.000966
134481,0.428368
134482,0.687145
134483,0.295836
134484,0.0
134485,0.0
134486,0.0
134487,0.0
134488,0.0
134489,0.0
134490,0.0
134491,0.0
134492,0.0
134493,0.0
134494,0.0
134495,0.0
134496,0.0
134497,0.0
134498,0.0
134499,0.0
134500,0.0
134501,0.0
134502,0.0
134503,0.0
134504,0.037006
134505,0.0
134506,0.0
134507,0.0
134508,0.0
134509,0.000422
134510,0.078571
134511,0.0
134512,0.0
134513,0.0
134514,0.000659
134515,0.0
134516,0.0
134517,0.0
134518,0.0
134519,0.010425
134520,0.467913
134521,0.849006
134522,1.0
134523,0.564055
134524,0.495859
134525,0.692118
134526,0.536916
134527,1.0
134528,0.879227
134529,0.172393
134530,0.0
134531,0.0
134532,0.0
134533,0.0
134534,0.0
134535,0.0
134536,0.0
134537,0.0
134538,0.0
134539,0.0
134540,0.0
134541,0.0
134542,0.0
134543,0.0
134544,0.0
134545,0.0
134546,0.0
134547,0.0
134548,0.0
134549,0.0
134550,0.0
134551,0.0
134552,0.0
134553,0.0
134554,0.0
134555,0.0
134556,0.0
134557,0.0
134558,0.0
134559,0.0
134560,0.0
134561,0.0
134562,0.0
134563,0.0
134564,0.0
134565,0.0
134566,0.0
134567,0.0
134568,0.0
134918,0.613682
134919,0.041605
134920,0.012007
134922,0.58832
134923,0.191078
134924,0.233361
134925,1.0
134926,1.0
134927,1.0
134928,1.0
134929,1.0
134930,1.0
134931,1.0
134932,1.0
134933,1.0
134934,1.0
134935,1.0
134936,1.0
134937,1.0
134938,1.0
134939,1.0
134940,1.0
134941,1.0
134942,1.0
134943,1.0
134944,1.0
134945,1.0
134946,1.0
134947,1.0
134950,1.0
134951,1.0
134952,1.0
134953,1.0
134954,1.0
134955,1.0
134957,0.999328
134958,0.192808
134959,0.363524
134960,0.519996
134961,0.051114
134962,0.0
134963,0.255042
134964,0.483208
134965,0.899948
134966,0.60803
134967,0.0
134968,0.0
134969,0.0
134970,0.0
134971,0.0
134972,0.0
134973,0.0
134974,0.0
134975,0.0
134976,0.0
134977,0.0
134978,0.0
134979,0.0
134980,0.0
134981,0.0
134982,0.030081
134983,0.025828
134984,0.0
134985,0.0
134986,0.0
134987,0.0
134988,0.0
134989,0.0
134990,0.0
134991,0.0
134992,0.0
134993,0.0
134994,0.0
134995,0.0
134996,0.0
134997,0.0
134998,0.004905
134999,0.106187
135000,0.0
135001,0.0
135002,0.0
135003,0.0
135004,0.0
135005,0.0
135006,0.0
135007,0.000862
135008,0.006312
135009,0.009674
135010,0.046112
135011,0.238812
135012,0.205731
135013,0.432367
135014,0.0
135015,0.003498
135016,0.0
135017,0.127501
135018,0.758387
135019,0.861518
135020,0.020296
135021,0.004717
135022,0.329691
135023,0.867099
135024,0.221011
135025,1.0
135026,0.242062
135027,0.000462
135028,0.302829
135029,0.947187
135030,0.172049
135031,0.0
135032,0.0
135033,0.0
135034,0.0
135035,0.0
135036,0.0
135037,0.0
135038,0.0
135039,0.0
135040,0.0
135041,0.0
135042,0.0
135043,0.0
135044,0.0
135045,0.0
135046,0.027491
135047,0.999678
135048,1.0
135049,0.973999
135050,0.880191
135051,0.824033
135052,0.073757
135053,0.0
135054,0.0
135055,0.0
135056,0.0
135057,0.0
135058,0.0
135059,0.0
135060,0.0
135061,0.000824
135062,0.001042
135063,0.0
135064,0.0
135065,0.0
135066,0.0
135067,0.0
135068,0.0
135069,0.0
135070,0.0
135071,0.0
135072,0.0
135073,0.0
135074,0.0
135075,0.0
135076,0.0
135077,0.0
135078,0.0
135079,0.0
135080,0.0
135081,0.0
135082,0.0
135083,0.0
135084,0.000455
135085,0.000578
135086,0.0
135087,0.0
135088,0.0
135089,0.0
135090,0.0
135091,0.0
135092,0.0
135093,0.0
135094,0.0
135095,0.0
135096,0.0
135097,0.0
135098,0.0
135099,0.0
135100,0.0
135101,0.0
135102,0.0
135103,0.0
135104,0.0
135105,0.0
135106,0.0
135107,0.0
135108,0.0
135109,0.0
135110,0.0
135111,0.0
135112,0.0
135113,0.0
135114,0.03682
135115,0.0
135116,0.0
135117,0.0
135118,0.194122
135119,0.662903
135120,0.249441
135121,0.190565
135122,0.00896
135123,0.0
135124,0.149941
135125,1.0
135126,1.0
135127,0.759823
135128,0.176745
135129,0.0
135130,0.030042
135131,0.092863
135132,0.0
135133,0.0
135134,0.0
135135,0.0
135136,0.0
135137,0.020126
135138,0.016729
135139,0.470267
135140,0.744957
135141,0.071812
135142,0.0
135143,0.0
135144,0.0
135145,0.0
135146,0.0
135147,0.0
135148,0.0
135149,0.0
135150,0.0
135151,0.0
135152,0.000422
135153,0.0
135154,0.0
135155,0.0
135156,0.0
135157,0.0
135158,0.0
135159,0.0
135160,0.0
135161,0.0
135162,0.0
135163,0.000996
135164,0.011338
135165,0.007786
135166,0.0
135167,0.0
135168,0.0
135169,0.0
135170,0.0
135171,0.0
135172,0.0
135173,0.0
135174,0.0
135175,0.0
135176,0.0
135177,0.0
135178,0.0
135179,0.0
135180,0.0
135181,0.0
135182,0.0
135183,0.0
135184,0.0
135185,0.0
135186,0.0
135187,0.0
135188,0.0
135189,0.0
135190,0.0
135191,0.0
135192,0.0
135193,0.0
135194,0.0
135195,0.0
135196,0.0
135197,0.0
135198,0.0
135199,0.000226
135200,0.000257
135201,0.0
135202,0.074955
135203,0.376043
135204,1.0
135205,1.0
135206,0.381677
135207,0.107123
135208,0.113747
135209,0.10014
135210,0.746308
135211,0.846216
135212,0.127549
135213,0.0
135214,0.0
135215,0.0
135216,0.0
135217,0.0
135218,0.0
135219,0.0
135220,0.0
135221,0.0
135222,0.0
135223,0.0
135224,0.0
135225,0.0
135226,0.179348
135227,0.026961
135228,0.0
135229,0.0
135230,0.0
135231,0.0
135232,0.0
135233,0.0
135234,0.0
135235,0.0
135236,0.0
135237,0.0
135238,0.0
135239,0.0
135240,0.0
135241,0.045318
135242,0.083856
135243,0.0
135244,0.0
135245,0.0
135246,0.0
135247,0.0
135248,0.0
135249,0.0
135250,0.0
135251,0.0
135252,0.0
135603,0.0
135604,0.0
135605,0.0
135606,0.0
135607,0.0
135608,0.005853
135609,0.166127
135610,0.215061
135611,0.161223
135612,0.998711
135613,1.0
135614,1.0
135615,1.0
135616,1.0
135617,1.0
135618,1.0
135619,1.0
135620,1.0
135621,1.0
135623,1.0
135624,1.0
135625,1.0
135630,1.0
135633,1.0
135634,1.0
135635,1.0
135636,1.0
135637,1.0
135639,1.0
135640,0.40618
135641,0.164537
135642,0.804128
135643,0.249529
135644,0.357567
135645,0.001293
135646,0.0
135647,0.000323
135648,0.181855
135649,0.298932
135650,0.068403
135651,0.0
135652,0.0
135653,0.0
135654,0.0
135655,0.0
135656,0.0
135657,0.0
135658,0.0
135659,0.0
135660,0.01294
135661,0.400825
135662,0.542622
135663,0.083375
135664,0.0
135665,8.5e-05
135666,0.031853
135667,0.0
135668,0.0
135669,0.0
135670,0.0
135671,0.0
135672,0.0
135673,0.0
135674,0.0
135675,0.0
135676,0.0
135677,0.0
135678,0.0
135679,0.0
135680,0.0
135681,0.0
135682,0.0
135683,0.0
135684,0.0
135685,0.0
135686,0.0
135687,0.0
135688,0.0
135689,0.0
135690,0.0
135691,0.036366
135692,0.01292
135693,0.009253
135694,0.000129
135695,0.00051
135696,0.189714
135697,0.012175
135698,0.236443
135699,0.147851
135700,0.13252
135701,0.320697
135702,1.0
135703,0.575189
135704,0.074938
135705,0.090107
135706,0.076594
135707,0.054745
135708,0.017255
135709,0.025244
135710,0.079365
135711,0.497466
135712,1.0
135714,0.007
135715,0.0
135716,0.0
135717,0.0
135718,0.0
135719,0.0
135720,0.0
135721,0.0
135722,0.0
135723,0.0
135724,0.0
135725,0.0
135726,0.0
135727,0.0
135728,0.0
135729,0.02912
135730,0.560365
135731,0.986969
135732,1.0
135733,1.0
135734,1.0
135735,1.0
135736,0.886205
135737,0.692892
135738,0.26494
135739,0.0
135740,0.0
135741,0.0
135742,0.0
135743,0.0
135744,0.0
135745,0.0
135746,0.0
135747,0.0
135748,0.0
135749,0.0
135750,0.0
135751,0.0
135752,0.0
135753,0.0
135754,0.0
135755,0.0
135756,0.0
135757,0.0
135758,0.0
135759,0.0
135760,0.0
135761,0.0
135762,0.0
135763,0.0
135764,0.0
135765,0.0
135766,0.0
135767,0.0
135768,0.0
135769,0.0
135770,0.0
135771,0.0
135772,0.0
135773,0.0
135774,0.0
135775,0.0
135776,0.0
135777,0.0
135778,0.0
135779,0.0
135780,0.0
135781,0.0
135782,0.0
135783,0.0
135784,0.0
135785,0.0
135786,0.0
135787,0.0
135788,0.0
135789,0.0
135790,0.0
135791,0.0
135792,0.0
135793,0.0
135794,0.0
135795,0.0
135796,0.0
135797,0.0
135798,0.0
135799,0.0
135800,0.0
135801,0.00419
135802,0.23091
135803,1.0
135804,1.0
135805,1.0
135806,0.044755
135807,0.0
135808,0.010973
135809,0.421564
135810,0.321254
135811,0.103635
135812,0.028475
135813,0.0
135814,0.0
135815,0.0
135816,0.0
135817,0.0
135818,0.0
135819,0.0
135820,0.0
135821,0.0
135822,0.0
135823,0.0
135824,0.0
135825,0.0
135826,0.0
135827,0.0
135828,0.0
135829,0.0
135830,0.0
135831,0.0
135832,0.0
135833,0.0
135834,0.0
135835,0.0
135836,0.0
135837,0.0
135838,0.0
135839,0.0
135840,0.0
135841,0.0
135842,0.0
135843,0.0
135844,0.0
135845,0.000124
135846,0.004816
135847,0.001651
135848,0.0
135849,0.0
135850,0.0
135851,0.0
135852,0.0
135853,0.0
135854,0.0
135855,0.0
135856,0.0
135857,0.0
135858,0.0
135859,0.0
135860,0.0
135861,0.0
135862,0.0
135863,0.0
135864,0.0
135865,0.0
135866,0.0
135867,0.0
135868,0.0
135869,0.0
135870,0.0
135871,0.012334
135872,0.012143
135873,0.002371
135874,0.0
135875,0.0
135876,0.001243
135877,0.071847
135878,0.0
135879,0.0
135880,0.0
135881,0.0
135882,0.02338
135883,0.004161
135884,0.0
135885,0.369858
135886,0.952461
135887,1.0
135888,0.59337
135889,0.043337
135890,0.011307
135891,0.850742
135892,0.670504
135893,0.732546
135894,0.99398
135895,0.382293
135896,0.0
135897,0.0
135898,0.0
135899,0.0
135900,0.0
135901,0.0
135902,0.0
135903,0.0
135904,0.0
135905,0.0
135906,0.0
135907,0.0
135908,0.0
135909,0.14249
135910,0.757802
135911,0.109325
135912,0.0
135913,0.0
135914,0.0
135915,0.0
135916,0.0
135917,0.0
135918,0.0
135919,0.0
135920,0.0
135921,0.0
135922,0.0
135923,0.0
135924,0.0
135925,0.0
135926,0.0
135927,0.0
135928,0.0
135929,0.0
135930,0.0
135931,0.0
135932,0.0
135933,0.07223
135934,0.0
135935,0.0
135936,0.0
136287,0.039067
136288,0.0
136289,0.0
136290,0.0
136291,0.0
136292,0.0
136293,0.103611
136294,0.07065
136295,0.03093
136296,1.0
136297,1.0
136298,1.0
136299,1.0
136300,1.0
136301,1.0
136302,0.790247
136303,1.0
136304,1.0
136305,1.0
136307,1.0
136309,1.0
136310,1.0
136316,1.0
136317,1.0
136323,0.852021
136324,0.03611
136325,0.339384
136326,0.811585
136327,0.080482
136328,0.251477
136329,0.079495
136330,0.293441
136331,0.047236
136332,0.0
136333,0.0
136334,0.0
136335,0.0
136336,0.0
136337,0.0
136338,0.0
136339,0.0
136340,0.001919
136341,0.755942
136342,0.249406
136343,0.0
136344,0.380202
136345,1.0
136346,1.0
136347,1.0
136348,0.727856
136349,0.734274
136350,0.175729
136351,0.000212
136352,0.0
136353,0.0
136354,0.0
136355,0.0
136356,0.0
136357,0.0
136358,0.0
136359,0.0
136360,0.0
136361,0.0
136362,0.0
136363,0.0
136364,0.0
136365,0.0
136366,0.0
136367,0.0
136368,0.0
136369,0.0
136370,0.0
136371,0.0
136372,0.0
136373,0.0
136374,0.0
136375,0.0
136376,0.000275
136377,0.0
136378,0.0
136379,0.004262
136380,0.013935
136381,0.130725
136382,0.480765
136383,0.847135
136384,0.727416
136385,0.210991
136386,1.0
136387,1.0
136388,1.0
136389,0.121182
136390,0.298036
136391,0.047159
136392,0.01456
136393,0.218121
136394,0.421007
136395,0.330483
136396,1.0
136397,0.0
136398,0.0
136399,0.0
136400,0.0
136401,0.0
136402,0.0
136403,0.0
136404,0.0
136405,0.000293
136406,0.21765
136407,0.071999
136408,0.0
136409,0.0
136410,0.0
136411,0.0
136412,0.0
136413,0.039335
136414,0.853172
136415,0.561031
136416,0.419895
136417,0.458053
136418,0.425208
136419,0.734164
136420,1.0
136421,1.0
136422,0.321843
136423,0.0
136424,0.0
136425,0.0
136426,0.0
136427,0.0
136428,0.0
136429,0.0
136430,0.0
136431,0.0
136432,0.0
136433,0.0
136434,0.0
136435,0.0
136436,0.0
136437,0.0
136438,0.0
136439,0.0
136440,0.0
136441,0.0
136442,0.0
136443,0.0
136444,0.0
136445,0.0
136446,0.0
136447,0.0
136448,0.0
136449,0.0
136450,0.0
136451,0.0
136452,0.0
136453,0.0
136454,0.0
136455,0.0
136456,0.0
136457,0.0
136458,0.0
136459,0.0
136460,0.0
136461,0.0
136462,0.0
136463,0.0
136464,0.0
136465,0.0
136466,0.0
136467,0.0
136468,0.0
136469,0.0
136470,0.0
136471,0.0
136472,0.0
136473,0.0
136474,0.0
136475,0.0
136476,0.0
136477,0.0
136478,0.0
136479,0.0
136480,0.0
136481,0.0
136482,0.0
136483,0.0
136484,0.031451
136485,0.062292
136486,0.52965
136487,0.622338
136488,0.41137
136489,0.382689
136490,0.048974
136491,0.0
136492,0.0
136493,0.0
136494,0.0
136495,0.0
136496,0.0
136497,0.0
136498,0.0
136499,0.0
136500,0.0
136501,0.0
136502,0.0
136503,0.0
136504,0.0
136505,0.0
136506,0.0
136507,0.0
136508,0.0
136509,0.0
136510,0.0
136511,0.0
136512,0.0
136513,0.0
136514,0.0
136515,0.0
136516,0.0
136517,0.0
136518,0.0
136519,0.0
136520,0.0
136521,0.0
136522,0.0
136523,0.0
136524,0.0
136525,0.0
136526,0.0
136527,0.0
136528,0.0
136529,0.000326
136530,0.003903
136531,0.013764
136532,0.0
136533,0.0
136534,0.0
136535,0.0
136536,0.0
136537,0.0
136538,0.0
136539,0.0
136540,0.0
136541,0.0
136542,0.0
136543,0.0
136544,0.0
136545,0.0
136546,0.0
136547,0.0
136548,0.0
136549,0.0
136550,0.0
136551,0.0
136552,0.0
136553,0.0
136554,0.0
136555,0.0
136556,0.0
136557,0.0
136558,0.0
136559,0.104893
136560,0.132413
136561,0.006548
136562,0.004526
136563,0.002669
136564,0.0
136565,0.0
136566,4.5e-05
136567,0.0
136568,0.087214
136569,0.930469
136570,1.0
136571,0.946222
136572,0.049201
136573,0.0
136574,0.000776
136575,0.607999
136576,0.957542
136577,0.723641
136578,0.17747
136579,0.0
136580,0.0
136581,0.0
136582,0.0
136583,0.0
136584,0.0
136585,0.0
136586,0.0
136587,0.0
136588,0.0
136589,0.0
136590,0.0
136591,0.0
136592,0.091907
136593,0.719866
136594,0.967616
136595,0.129011
136596,0.0
136597,0.0
136598,0.0
136599,0.0
136600,0.0
136601,0.010945
136602,0.053406
136603,0.0
136604,0.0
136605,0.0
136606,0.0
136607,0.0
136608,0.0
136609,0.0
136610,0.0
136611,0.0
136612,0.0
136613,0.0
136614,0.0
136615,0.0
136616,0.546269
136617,0.981639
136618,0.943727
136620,0.011524
136621,0.0
136622,0.0
136972,0.355511
136973,0.414859
136974,0.147128
136975,0.105908
136976,0.0
136977,0.121381
136978,0.878394
136979,1.0
136980,1.0
136982,1.0
136983,1.0
136984,1.0
136985,1.0
136986,1.0
136987,1.0
136988,1.0
136989,1.0
136990,1.0
136991,1.0
136992,1.0
136993,1.0
136994,1.0
136995,1.0
136999,1.0
137000,1.0
137001,1.0
137002,1.0
137007,0.338326
137008,0.096237
137009,0.938067
137010,0.16182
137011,0.217019
137012,0.662482
137013,0.856855
137014,0.451788
137015,0.058545
137016,0.0
137017,0.0
137018,0.0
137019,0.0
137020,0.02528
137021,0.028865
137022,0.0
137023,0.0
137024,0.003187
137025,0.403417
137026,0.878469
137027,0.493828
137028,0.749463
137029,1.0
137030,1.0
137031,1.0
137032,1.0
137033,1.0
137034,0.019469
137035,8.9e-05
137036,0.0
137037,0.0
137038,0.0
137039,0.0
137040,0.0
137041,0.0
137042,0.0
137043,0.0
137044,0.0
137045,0.0
137046,0.0
137047,0.0
137048,0.0
137049,0.0
137050,0.0
137051,0.0
137052,0.0
137053,0.0
137054,0.0
137055,0.0
137056,0.0
137057,0.0
137058,0.0
137059,0.000217
137060,0.000882
137061,0.0
137062,0.000128
137063,0.010111
137064,0.024965
137065,0.021442
137066,0.286444
137067,0.685541
137068,0.548767
137069,0.225097
137070,1.0
137071,1.0
137073,0.079585
137074,0.201855
137075,0.032325
137076,0.010367
137077,0.101458
137078,0.311852
137080,0.482918
137081,0.0
137082,0.0
137083,0.0
137084,0.0
137085,0.0
137086,0.0
137087,0.0
137088,0.056104
137089,0.269885
137090,0.999292
137091,0.408268
137092,0.0
137093,0.0
137094,0.0
137095,0.0
137096,0.0
137097,0.0
137098,0.009846
137099,0.039549
137100,0.0
137101,0.0
137102,0.0
137103,0.087462
137104,0.327188
137105,0.47235
137106,0.172844
137107,0.0
137108,0.0
137109,0.0
137110,0.0
137111,0.0
137112,0.0
137113,0.0
137114,0.0
137115,0.0
137116,0.0
137117,0.0
137118,0.0
137119,0.0
137120,0.0
137121,0.0
137122,0.0
137123,0.0
137124,0.0
137125,0.0
137126,0.0
137127,0.0
137128,0.0
137129,0.0
137130,0.0
137131,0.0
137132,0.0
137133,0.0
137134,0.0
137135,0.0
137136,0.0
137137,0.0
137138,0.0
137139,0.0
137140,0.0
137141,0.0
137142,0.0
137143,0.0
137144,0.0
137145,0.0
137146,0.0
137147,0.0
137148,0.0
137149,0.0
137150,0.0
137151,0.0
137152,0.0
137153,0.0
137154,0.0
137155,0.0
137156,0.0
137157,0.0
137158,0.0
137159,0.0
137160,0.0
137161,0.0
137162,0.0
137163,0.0
137164,0.0
137165,0.0
137166,0.0
137167,0.0
137168,0.129643
137169,0.085508
137170,0.0
137171,0.0
137172,0.0
137173,0.0
137174,0.0
137175,0.0
137176,0.0
137177,0.0
137178,0.0
137179,0.0
137180,0.0
137181,0.0
137182,0.0
137183,0.0
137184,0.0
137185,0.0
137186,0.0
137187,0.0
137188,0.0
137189,0.0
137190,0.0
137191,0.0
137192,0.0
137193,0.0
137194,0.0
137195,0.0
137196,0.0
137197,0.0
137198,0.0
137199,0.0
137200,0.0
137201,0.0
137202,0.0
137203,0.0
137204,2.7e-05
137205,0.0
137206,0.0
137207,0.0
137208,0.0
137209,0.0
137210,0.0
137211,0.0
137212,0.0
137213,0.0
137214,0.002641
137215,0.05595
137216,0.053611
137217,0.0
137218,0.0
137219,0.0
137220,0.0
137221,0.0
137222,0.0
137223,0.00229
137224,0.0
137225,0.0
137226,0.0
137227,0.0
137228,0.0
137229,0.0
137230,0.0
137231,0.0
137232,0.0
137233,0.0
137234,0.0
137235,0.0
137236,0.0
137237,0.0
137238,0.0
137239,0.0
137240,0.0
137241,0.0
137242,0.004674
137243,0.015767
137244,0.001316
137245,0.009991
137246,0.000529
137247,8.7e-05
137248,0.0
137249,0.0
137250,0.0
137251,0.003577
137252,0.025756
137253,1.0
137254,1.0
137255,0.553107
137256,0.0
137257,0.0
137258,0.009205
137259,0.016201
137260,0.308782
137261,0.046115
137262,0.0
137263,0.0
137264,0.0
137265,0.0
137266,0.0
137267,0.0
137268,0.0
137269,0.0
137270,0.0
137271,0.0
137272,0.0
137273,0.0
137274,0.0
137275,0.0
137276,0.0
137277,0.091424
137278,1.0
137279,0.893818
137280,0.323056
137281,0.0
137282,0.0
137283,0.0
137284,0.405554
137285,0.79033
137286,0.785009
137287,0.104741
137288,0.0
137289,0.0
137290,0.0
137291,0.0
137292,0.0
137293,0.0
137294,0.0
137295,0.0
137296,0.0
137297,0.0
137298,0.0
137299,0.0
137300,0.471298
137301,1.0
137302,1.0
137303,1.0
137304,0.213031
137305,0.0
137306,0.0
137657,0.984684
137658,0.745243
137659,0.822739
137660,0.304645
137661,0.034742
137662,0.0
137663,0.071896
137667,1.0
137668,1.0
137669,1.0
137670,1.0
137671,1.0
137672,1.0
137673,1.0
137674,1.0
137675,1.0
137676,1.0
137677,1.0
137678,1.0
137679,1.0
137680,1.0
137681,1.0
137684,1.0
137691,1.0
137692,0.206813
137693,0.938624
137694,0.997912
137695,0.466632
137696,0.654048
137697,0.0
137698,0.0
137699,0.124071
137700,0.0
137701,0.0
137702,0.0
137703,0.0
137704,0.295426
137705,0.950728
137706,0.33949
137707,0.0
137708,0.0
137709,0.542639
137710,1.0
137711,1.0
137712,1.0
137713,1.0
137714,1.0
137715,1.0
137716,1.0
137717,0.998353
137718,0.080738
137719,0.0
137720,0.0
137721,0.0
137722,0.0
137723,0.0
137724,0.0
137725,0.0
137726,0.0
137727,0.0
137728,0.0
137729,0.0
137730,0.0
137731,0.0
137732,0.0
137733,0.0
137734,0.0
137735,0.0
137736,0.000297
137737,0.0
137738,0.0
137739,0.000299
137740,0.001185
137741,8.9e-05
137742,0.004616
137743,0.035188
137744,0.0
137745,0.0
137746,0.037343
137747,0.0
137748,0.003075
137749,0.065125
137750,0.043629
137751,0.592457
137752,0.18216
137753,0.0
137754,1.0
137755,1.0
137756,1.0
137757,1.0
137758,0.517102
137759,0.029553
137760,0.000489
137761,0.007802
137764,0.498295
137765,0.000234
137766,0.0
137767,0.0
137768,0.0
137769,0.0
137770,7.6e-05
137771,0.0
137772,0.049491
137773,0.683569
137774,0.378762
137775,0.379179
137776,0.0
137777,0.0
137778,0.0
137779,0.0
137780,0.0
137781,0.0
137782,0.0
137783,0.0
137784,0.0
137785,0.0
137786,0.0
137787,0.0
137788,0.0
137789,0.0
137790,0.0
137791,0.0
137792,0.0
137793,0.0
137794,0.0
137795,0.0
137796,0.0
137797,0.0
137798,0.0
137799,0.0
137800,0.0
137801,0.0
137802,0.0
137803,0.0
137804,0.0
137805,0.0
137806,0.0
137807,0.0
137808,0.0
137809,0.0
137810,0.0
137811,0.0
137812,0.0
137813,0.0
137814,0.0
137815,0.0
137816,0.0
137817,0.0
137818,0.0
137819,0.0
137820,0.0
137821,0.0
137822,0.03514
137823,0.075773
137824,0.0
137825,0.0
137826,0.0
137827,0.0
137828,0.0
137829,0.0
137830,0.0
137831,0.0
137832,0.0
137833,0.0
137834,0.0
137835,0.0
137836,0.0
137837,0.0
137838,0.0
137839,0.0
137840,0.0
137841,0.0
137842,0.0
137843,0.0
137844,0.0
137845,0.0
137846,0.0
137847,0.0
137848,0.0
137849,0.0
137850,0.0
137851,0.0
137852,0.0
137853,0.0
137854,0.0
137855,0.0
137856,0.0
137857,0.0
137858,0.0
137859,0.0
137860,0.0
137861,0.0
137862,0.0
137863,0.0
137864,0.0
137865,0.0
137866,0.0
137867,0.0
137868,0.0
137869,0.0
137870,0.0
137871,0.0
137872,0.0
137873,0.0
137874,0.0
137875,0.0
137876,0.0
137877,0.0
137878,0.0
137879,0.0
137880,0.0
137881,0.0
137882,0.0
137883,0.0
137884,0.0
137885,0.0
137886,0.0
137887,0.0
137888,0.0
137889,0.0
137890,0.0
137891,0.0
137892,0.0
137893,0.0
137894,0.0
137895,0.0
137896,0.0
137897,0.0
137898,0.0
137899,0.010322
137900,0.017087
137901,0.0
137902,0.0
137903,0.0
137904,0.0
137905,0.0
137906,0.0
137907,0.054333
137908,0.0
137909,0.0
137910,0.0
137911,0.0
137912,0.000907
137913,0.0
137914,0.0
137915,0.0
137916,0.0
137917,0.0
137918,0.0
137919,0.0
137920,0.0
137921,0.0
137922,0.0
137923,0.0
137924,0.0
137925,0.052779
137926,0.0
137927,0.000418
137928,0.000508
137929,0.000489
137930,0.0
137931,0.0
137932,0.0
137933,0.004826
137934,0.039886
137936,0.0
137938,0.338098
137939,0.092472
137940,0.024092
137941,0.061755
137942,0.059179
137943,0.0
137944,0.0
137945,0.0
137946,0.0
137947,0.0
137948,0.0
137949,0.0
137950,0.0
137951,0.0
137952,0.0
137953,0.0
137954,0.0
137955,0.0
137956,0.0
137957,0.0
137958,0.0
137959,0.0
137960,0.0
137961,0.020524
137962,0.367535
137963,0.65254
137964,0.128151
137965,0.0
137966,0.0
137967,0.562176
137968,0.999792
137969,0.99902
137970,0.822742
137971,0.053305
137972,0.0
137973,0.0
137974,0.0
137975,0.0
137976,0.0
137977,0.0
137978,0.0
137979,0.0
137980,0.0
137981,0.0
137982,0.0
137983,0.0
137984,0.019867
137985,0.962854
137986,1.0
137987,0.966586
137988,0.967432
137989,0.0
138344,0.347713
138345,0.013143
138346,0.0
138347,0.0
138348,0.0
138349,0.0
138350,0.0
138351,0.297994
138352,1.0
138353,0.657105
138354,1.0
138355,1.0
138356,1.0
138357,1.0
138358,1.0
138359,1.0
138360,1.0
138361,1.0
138362,1.0
138363,1.0
138364,1.0
138365,1.0
138366,1.0
138367,1.0
138368,1.0
138375,1.0
138376,0.691145
138377,0.189729
138378,0.527859
138379,0.008409
138380,0.000676
138381,0.062661
138382,0.201549
138383,0.548846
138384,0.047993
138385,0.0
138386,0.0
138387,0.0
138388,0.044697
138389,0.688855
138390,0.94595
138391,0.049485
138392,0.053482
138393,0.447277
138394,1.0
138395,1.0
138396,1.0
138397,1.0
138398,1.0
138399,1.0
138400,1.0
138401,1.0
138402,0.073641
138403,0.0
138404,0.0
138405,0.0
138406,0.0
138407,0.0
138408,0.0
138409,0.0
138410,0.0
138411,0.0
138412,0.0
138413,0.0
138414,0.0
138415,0.0
138416,0.0
138417,0.0
138418,0.0
138419,0.0
138420,0.067799
138421,0.018242
138422,0.0
138423,0.000122
138424,0.004298
138425,0.010641
138426,0.0
138427,0.002178
138428,0.006034
138429,0.0
138430,0.0
138431,0.000145
138432,8.8e-05
138433,0.010719
138434,0.235051
138435,0.8138
138436,0.351568
138437,0.000638
138438,1.0
138439,0.892784
138440,1.0
138441,1.0
138442,0.883751
138443,0.010941
138444,0.00016
138445,0.112602
138446,1.0
138448,0.437964
138449,0.000181
138450,0.0
138451,0.020311
138452,0.001309
138453,0.0
138454,0.0
138455,0.0
138456,0.011909
138457,0.242095
138458,0.0
138459,0.0
138460,0.0
138461,0.0
138462,0.0
138463,0.0
138464,0.0
138465,0.0
138466,0.0
138467,0.0
138468,0.0
138469,0.0
138470,0.0
138471,0.0
138472,0.0
138473,0.0
138474,0.0
138475,0.0
138476,0.0
138477,0.0
138478,0.0
138479,0.0
138480,0.0
138481,0.0
138482,0.0
138483,0.0
138484,0.0
138485,0.0
138486,0.0
138487,0.0
138488,0.0
138489,0.0
138490,0.0
138491,0.0
138492,0.0
138493,0.0
138494,0.0
138495,0.0
138496,0.0
138497,0.0
138498,0.0
138499,0.0
138500,0.0
138501,0.0
138502,0.0
138503,0.0
138504,0.0
138505,0.0
138506,0.0
138507,0.0
138508,0.0
138509,0.0
138510,0.0
138511,0.0
138512,0.0
138513,0.0
138514,0.0
138515,0.0
138516,0.0
138517,0.0
138518,0.0
138519,0.0
138520,0.0
138521,0.0
138522,0.0
138523,0.0
138524,0.0
138525,0.0
138526,0.0
138527,0.0
138528,0.0
138529,0.0
138530,0.0
138531,0.0
138532,0.0
138533,0.023689
138534,0.12514
138535,0.0
138536,0.0
138537,0.0
138538,0.0
138539,0.0
138540,0.0
138541,0.0
138542,0.0
138543,0.0
138544,0.0
138545,0.0
138546,0.0
138547,0.0
138548,0.013781
138549,0.008076
138550,0.0
138551,4.1e-05
138552,0.0
138553,0.0
138554,0.0
138555,0.0
138556,0.0
138557,0.0
138558,0.0
138559,0.0
138560,0.0
138561,0.0
138562,0.0
138563,0.0
138564,0.0
138565,0.0
138566,0.0
138567,0.0
138568,0.0
138569,0.0
138570,0.0
138571,0.0
138572,0.0
138573,0.0
138574,0.0
138575,0.0
138576,0.0
138577,0.0
138578,0.0
138579,0.0
138580,0.0
138581,0.0
138582,0.0
138583,0.01298
138584,0.019755
138585,0.0
138586,0.0
138587,0.0
138588,0.0
138589,0.0
138590,0.0
138591,0.035001
138592,0.0
138593,0.0
138594,0.0
138595,0.011968
138596,0.014173
138597,0.0
138598,0.0
138599,0.0
138600,0.0
138601,0.0
138602,0.0
138603,0.0
138604,0.0
138605,0.0
138606,0.0
138607,0.0
138608,0.00094
138609,0.002631
138610,0.0
138611,0.0
138612,0.0
138613,0.007737
138614,0.0
138615,0.005475
138616,0.0
138620,0.05248
138621,0.095802
138622,0.0
138623,0.131083
138624,0.47257
138625,0.779709
138626,0.11108
138627,0.0
138628,0.0
138629,0.0
138630,0.0
138631,0.0
138632,0.0
138633,0.0
138634,0.0
138635,0.0
138636,0.0
138637,0.0
138638,0.0
138639,0.0
138640,0.0
138641,0.0
138642,0.0
138643,0.0
138644,0.0
138645,0.0
138646,0.006946
138647,0.0
138648,0.0
138649,0.0
138650,0.149264
138651,0.180713
138652,0.567569
138653,0.370236
138654,0.0
138655,0.0
138656,0.0
138657,0.0
138658,0.0
138659,0.0
138660,0.0
138661,0.0
138662,0.0
138663,0.0
138664,0.0
138665,0.0
138666,0.005853
138667,0.580472
138668,0.485124
138669,0.123398
138670,0.996645
139029,0.0
139030,0.0
139031,0.0
139032,0.0
139033,0.0
139034,0.0
139035,0.0
139036,0.000849
139037,0.013639
139038,0.348152
139039,1.0
139040,1.0
139041,1.0
139042,1.0
139043,1.0
139044,1.0
139045,1.0
139046,1.0
139047,1.0
139048,1.0
139049,1.0
139050,1.0
139051,1.0
139052,1.0
139053,1.0
139054,1.0
139059,1.0
139060,0.548716
139061,0.849525
139062,0.793304
139063,0.441765
139064,0.0
139065,0.00017
139066,0.650077
139067,0.883496
139068,0.431669
139069,0.019876
139070,0.0
139071,0.0
139072,8.8e-05
139073,0.752261
139074,1.0
139075,0.10954
139076,0.298736
139077,0.958682
139078,1.0
139079,1.0
139080,1.0
139081,1.0
139082,1.0
139083,1.0
139084,1.0
139085,1.0
139086,0.079652
139087,0.0
139088,0.0
139089,0.0
139090,0.0
139091,0.000273
139092,0.0
139093,0.0
139094,0.0
139095,0.0
139096,0.0
139097,0.0
139098,0.0
139099,0.0
139100,0.0
139101,0.0
139102,0.0
139103,0.0
139104,0.000138
139105,0.010767
139106,0.000706
139107,0.057312
139108,0.201068
139109,0.070342
139110,0.0
139111,0.048524
139112,0.026157
139113,0.089564
139114,0.044483
139115,0.020574
139116,0.000127
139117,0.226356
139118,0.0
139119,0.689732
139120,0.565978
139121,0.01351
139122,0.061749
139123,0.151014
139124,0.199203
139125,0.002488
139126,0.0
139127,0.081342
139128,0.007303
139129,0.48445
139130,1.0
139132,0.081132
139133,0.0
139134,0.0
139135,0.0
139136,0.0
139137,0.0
139138,0.0
139139,0.0
139140,0.0
139141,0.0
139142,0.0
139143,0.0
139144,0.0
139145,0.0
139146,0.0
139147,0.0
139148,0.0
139149,0.0
139150,0.0
139151,0.0
139152,0.0
139153,0.0
139154,0.0
139155,0.0
139156,0.0
139157,0.0
139158,0.0
139159,0.0
139160,0.0
139161,0.0
139162,0.0
139163,0.0
139164,0.0
139165,0.0
139166,0.0
139167,0.0
139168,0.0
139169,0.0
139170,0.0
139171,0.0
139172,0.0
139173,0.0
139174,0.0
139175,0.0
139176,0.0
139177,0.0
139178,0.0
139179,0.0
139180,0.0
139181,0.0
139182,0.0
139183,0.0
139184,0.0
139185,0.0
139186,0.0
139187,0.0
139188,0.0
139189,0.0
139190,0.0
139191,0.0
139192,0.0
139193,0.0
139194,0.0
139195,0.0
139196,0.0
139197,0.0
139198,0.0
139199,0.0
139200,0.0
139201,0.0
139202,0.0
139203,0.0
139204,0.0
139205,0.0
139206,0.0
139207,0.0
139208,0.0
139209,0.0
139210,0.0
139211,0.0
139212,0.0
139213,0.0
139214,0.0
139215,0.0
139216,0.0
139217,0.038673
139218,0.362734
139219,0.0
139220,0.0
139221,0.0
139222,0.0
139223,0.0
139224,0.0
139225,0.0
139226,0.040219
139227,0.411426
139228,0.09166
139229,0.0
139230,0.0
139231,0.029972
139232,0.182588
139233,0.0386
139235,0.0
139236,7.2e-05
139237,0.0
139238,0.0
139239,0.0
139240,0.0
139241,0.0
139242,0.0
139243,0.0
139244,0.0
139245,0.0
139246,0.0
139247,0.0
139248,0.0
139249,0.0
139250,0.0
139251,0.0
139252,0.0
139253,0.0
139254,0.0
139255,0.0
139256,0.0
139257,0.0
139258,0.0
139259,0.0
139260,0.0
139261,0.0
139262,0.663085
139263,0.0
139264,0.0
139265,0.0
139266,0.0
139267,0.0
139268,0.001055
139269,0.0
139270,0.0
139271,0.0
139272,0.0
139273,0.0
139274,0.033554
139275,0.000722
139276,0.0
139277,0.0
139278,0.0
139279,0.0
139280,0.0
139281,0.0
139282,0.0
139283,0.0
139284,0.0
139285,0.0
139286,0.0
139287,0.0
139288,0.0
139289,0.0
139290,0.0
139291,0.0
139292,0.054165
139293,0.000403
139294,0.0
139295,0.0
139296,0.0
139297,0.34828
139298,0.810463
139299,0.81849
139300,1.0
139301,1.0
139302,1.0
139303,0.40669
139304,0.209029
139305,0.7936
139306,0.76862
139307,0.837621
139308,1.0
139309,0.901346
139310,0.049809
139311,0.0
139312,0.0
139313,0.0
139314,0.0
139315,0.0
139316,0.0
139317,0.0
139318,0.0
139319,0.0
139320,0.0
139321,0.0
139322,0.0
139323,0.0
139324,0.0
139325,0.0
139326,0.0
139327,0.0
139328,0.0
139329,0.0
139330,0.000245
139331,0.0
139332,0.0
139333,0.0
139334,0.016654
139335,0.005512
139336,0.0
139337,0.0
139338,0.0
139339,0.0
139340,0.0
139341,0.0
139342,0.0
139343,0.0
139344,0.0
139345,0.0
139346,0.0
139347,0.0
139348,0.0
139349,0.0
139350,0.600444
139351,0.996675
139352,0.997372
139713,0.0
139714,0.0
139715,0.0
139716,0.0
139717,0.0
139718,0.0
139719,0.0
139720,0.0
139721,0.0
139722,0.001738
139723,0.048149
139724,0.479592
139725,1.0
139726,1.0
139727,1.0
139728,1.0
139729,1.0
139730,1.0
139731,1.0
139732,1.0
139733,1.0
139734,1.0
139744,0.0
139745,0.072884
139746,0.288346
139747,0.414062
139748,7.4e-05
139749,0.000401
139750,0.592975
139751,0.763738
139752,0.577588
139753,0.898853
139754,0.0
139755,0.0
139756,0.20178
139757,1.0
139758,0.901922
139759,0.019693
139760,0.0
139761,0.266745
139762,1.0
139763,1.0
139764,1.0
139765,1.0
139766,1.0
139767,1.0
139768,1.0
139769,1.0
139770,0.202623
139771,0.0
139772,0.0
139773,0.0
139774,0.0
139775,0.0
139776,0.0
139777,0.031536
139778,0.031953
139779,0.016005
139780,0.0
139781,0.02097
139782,0.0
139783,0.0
139784,0.0
139785,0.0
139786,0.0
139787,0.000202
139788,0.000107
139789,0.0
139790,0.0
139791,0.278018
139792,1.0
139793,0.101484
139794,0.024785
139795,0.001198
139796,0.101934
139797,0.101506
139798,0.08207
139799,0.000117
139800,0.543939
139801,0.966074
139802,0.176019
139803,0.071554
139804,0.364732
139805,0.176106
139806,0.00253
139807,0.0
139808,0.0
139809,0.0
139810,0.100644
139811,0.001386
139812,0.014102
139813,0.388326
139814,0.388906
139815,1.0
139816,0.064066
139817,0.0
139818,0.0
139819,0.0
139820,0.0
139821,0.0
139822,0.0
139823,0.000122
139824,0.0
139825,0.0
139826,0.0
139827,0.0
139828,0.0
139829,0.0
139830,0.0
139831,0.0
139832,0.0
139833,0.0
139834,0.0
139835,0.0
139836,0.0
139837,0.0
139838,0.0
139839,0.0
139840,0.0
139841,0.0
139842,0.0
139843,0.0
139844,0.0
139845,0.0
139846,0.0
139847,0.0
139848,0.0
139849,0.0
139850,0.0
139851,0.0
139852,0.0
139853,0.0
139854,0.0
139855,0.0
139856,0.0
139857,0.0
139858,0.0
139859,0.0
139860,0.0
139861,0.0
139862,0.0
139863,0.0
139864,0.0
139865,0.0
139866,0.0
139867,0.0
139868,0.0
139869,0.0
139870,0.0
139871,0.0
139872,0.0
139873,0.0
139874,0.0
139875,0.0
139876,0.0
139877,0.0
139878,0.0
139879,0.0
139880,0.0
139881,0.0
139882,0.0
139883,0.0
139884,0.0
139885,0.0
139886,0.0
139887,0.0
139888,0.0
139889,0.0
139890,0.0
139891,0.0
139892,0.0
139893,0.0
139894,0.0
139895,0.0
139896,0.0
139897,0.0
139898,0.0
139899,0.0
139900,0.0
139901,0.0
139902,0.0
139903,0.0
139904,0.0
139905,0.0
139906,0.0
139907,0.0
139908,0.0
139909,0.062726
139910,0.164452
139911,0.095586
139912,0.106993
139913,0.300025
139914,0.228116
139915,0.100511
139916,0.000948
139917,0.024329
139918,0.183319
139919,0.149723
139920,2.5e-05
139921,0.0
139922,0.0
139923,0.0
139924,0.0
139925,0.0
139926,0.0
139927,0.0
139928,0.0
139929,0.0
139930,0.0
139931,0.0
139932,0.0
139933,0.0
139934,0.0
139935,0.0
139936,0.0
139937,0.0
139938,0.0
139939,0.004233
139940,0.0
139941,0.0
139942,0.0
139943,0.0
139944,0.0
139945,0.0
139946,0.24893
139947,0.0
139948,0.0
139949,0.0
139950,0.0
139951,0.002633
139952,0.000938
139953,0.0
139954,0.0
139955,0.0
139956,0.0001
139957,0.028277
139958,0.00347
139959,0.0
139960,0.0
139961,0.0
139962,0.0
139963,0.0
139964,0.0
139965,0.0
139966,0.0
139967,0.0
139968,0.0
139969,0.0
139970,0.0
139971,0.0
139972,0.0
139973,0.0
139974,0.0
139975,0.0
139976,0.0
139977,0.0
139978,0.0
139979,0.0
139980,0.0
139981,0.5786
139982,1.0
139983,1.0
139984,1.0
139985,1.0
139986,1.0
139987,0.982407
139988,1.0
139989,1.0
139990,1.0
139991,1.0
139992,1.0
139993,0.325419
139994,0.0
139995,0.0
139996,0.0
139997,0.0
139998,0.0
139999,0.0
140000,0.047666
140001,0.0
140002,0.0
140003,0.000888
140004,0.00039
140005,0.0
140006,0.0
140007,0.0
140008,0.0
140009,0.0
140010,0.0
140011,0.0
140012,0.0
140013,0.0
140014,0.0
140015,0.0
140016,0.0
140017,0.0
140018,0.0
140019,0.0
140020,0.0
140021,0.0
140022,0.0
140023,0.0
140024,0.0
140025,0.0
140026,0.0
140027,0.0
140028,0.0
140029,0.0
140030,0.0
140031,0.0
140032,0.0
140033,0.0
140034,0.757818
140035,0.378433
140396,0.0
140397,0.090081
140398,0.0
140399,0.314198
140400,0.0
140401,0.0
140402,0.012592
140403,0.0
140404,0.0
140405,0.086494
140406,0.0
140407,0.0
140408,0.023545
140409,0.0
140411,1.0
140412,1.0
140413,1.0
140414,1.0
140415,1.0
140416,1.0
140417,1.0
140418,1.0
140428,0.163099
140429,0.16061
140430,0.089292
140431,1.0
140432,0.046356
140433,0.002303
140434,0.159656
140435,0.396978
140436,0.257237
140437,0.398646
140438,0.032609
140439,0.000393
140440,0.005987
140441,0.327152
140442,0.966197
140443,0.490987
140444,0.0
140445,0.028871
140446,0.614077
140447,0.833241
140448,0.98503
140449,1.0
140450,1.0
140451,1.0
140452,1.0
140453,1.0
140454,0.179973
140455,0.0
140456,0.0
140457,0.0
140458,0.0
140459,0.0
140460,0.0
140461,0.128232
140462,0.086559
140463,0.001114
140464,0.051618
140465,0.880346
140466,0.006624
140467,0.017721
140468,0.0
140469,0.0
140470,0.0
140471,0.000355
140472,8.6e-05
140473,0.010476
140474,0.0
140475,0.0476
140476,1.0
140477,1.0
140478,0.279247
140479,0.023164
140480,0.042205
140481,0.079936
140482,0.029941
140483,0.443426
140484,0.048477
140485,0.046547
140486,0.008645
140487,0.0
140488,0.0
140489,0.015372
140490,0.0
140491,0.0
140492,0.0
140493,0.004571
140494,0.001506
140495,0.004214
140496,0.0
140497,0.223976
140498,0.120047
140499,0.895671
140500,0.182787
140501,0.0
140502,0.000285
140503,0.0
140504,0.0
140505,0.0
140506,0.0
140507,0.000284
140508,0.0
140509,0.0
140510,0.0
140511,0.0
140512,0.0
140513,0.0
140514,0.0
140515,0.0
140516,0.0
140517,0.0
140518,0.0
140519,0.0
140520,0.0
140521,0.0
140522,0.0
140523,0.0
140524,0.0
140525,0.0
140526,0.0
140527,0.0
140528,0.0
140529,0.002423
140530,0.035976
140531,0.0
140532,0.0
140533,0.0
140534,0.0
140535,0.0
140536,0.0
140537,0.0
140538,0.0
140539,0.0
140540,0.0
140541,0.0
140542,0.017498
140543,0.037257
140544,0.000706
140545,0.056273
140546,0.025227
140547,0.0
140548,0.0
140549,0.0
140550,0.0
140551,0.0
140552,0.0
140553,0.0
140554,0.0
140555,0.0
140556,0.0
140557,0.0
140558,0.0
140559,0.0
140560,0.0
140561,0.0
140562,0.0
140563,0.0
140564,0.0
140565,0.0
140566,0.0
140567,0.0
140568,0.0
140569,0.0
140570,0.0
140571,0.0
140572,0.0
140573,0.0
140574,0.0
140575,0.0
140576,0.0
140577,0.0
140578,0.0
140579,0.0
140580,0.0
140581,0.0
140582,0.0
140583,0.0
140584,0.0
140585,0.0
140586,0.0
140587,0.0
140588,0.0
140589,0.0
140590,0.0
140591,0.000973
140592,0.334953
140593,0.335537
140594,0.601277
140595,0.615879
140596,0.528566
140597,0.396253
140598,0.00473
140599,0.0
140600,0.0
140601,0.0
140602,0.0
140603,0.0
140604,0.0
140605,0.0
140606,0.0
140607,0.0
140608,0.0
140609,0.0
140610,0.0
140611,0.0
140612,0.0
140613,0.0
140614,0.0
140615,0.0
140616,0.0
140617,0.0
140618,0.0
140619,0.0
140620,0.0
140621,0.0
140622,0.0
140623,0.000977
140624,0.0
140625,0.0
140626,0.0
140627,0.0
140628,0.0
140629,0.0
140630,0.0
140631,0.0
140632,0.0
140633,0.0
140634,0.0
140635,0.00168
140636,0.0
140637,0.0
140638,0.0
140639,0.0
140640,0.01728
140641,0.000117
140642,0.0
140643,0.0
140644,0.0
140645,0.0
140646,0.0
140647,0.0
140648,0.0
140649,0.011994
140650,0.017592
140651,0.002001
140652,0.0
140653,0.0
140654,0.0
140655,0.0
140656,0.0
140657,0.0
140658,0.0
140659,0.007559
140660,0.002283
140661,0.0
140662,0.0
140663,0.029522
140664,0.161611
140665,0.920153
140666,1.0
140667,1.0
140668,0.956935
140669,1.0
140670,1.0
140671,1.0
140672,1.0
140673,1.0
140674,1.0
140675,1.0
140676,0.926848
140677,0.023258
140678,0.0
140679,0.0
140680,0.0
140681,0.0
140682,0.0
140683,0.0
140684,0.0
140685,0.0
140686,0.0
140687,0.0
140688,0.0
140689,0.0
140690,0.0
140691,0.0
140692,0.0
140693,0.0
140694,0.0
140695,0.0
140696,0.0
140697,0.0
140698,0.0
140699,0.0
140700,0.0
140701,0.0
140702,0.0
140703,0.0
140704,0.0
140705,0.0
140706,0.0
140707,0.0
140708,0.0
140709,0.0
140710,0.0
140711,0.0
140712,0.0
140713,0.0
140714,0.0
140715,0.0
140716,0.0
140717,0.0
140718,0.082839
141083,0.751044
141084,0.0
141085,0.0
141086,0.19692
141087,0.023847
141088,0.0
141089,0.384265
141090,0.0
141091,0.001809
141092,0.018274
141093,0.0
141094,0.905633
141095,1.0
141096,1.0
141097,1.0
141098,1.0
141099,1.0
141100,1.0
141101,1.0
141112,0.824827
141113,0.053854
141114,0.665872
141115,0.644283
141116,0.054998
141117,0.104767
141118,0.0
141119,0.163997
141120,0.911431
141121,0.541614
141122,0.121472
141123,0.0
141124,0.0
141125,0.021597
141126,0.633759
141127,0.964983
141128,0.036578
141129,0.0
141130,0.111729
141131,0.7539
141132,0.920556
141133,1.0
141134,1.0
141135,1.0
141136,1.0
141137,1.0
141138,0.335934
141139,0.035466
141140,0.0
141141,0.0
141142,0.0
141143,0.02266
141144,0.093589
141145,0.024222
141146,0.092036
141147,0.001981
141148,0.18026
141149,0.228266
141150,0.897831
141151,0.269511
141152,0.0
141153,0.0
141154,0.0
141155,0.0
141156,0.0
141157,0.0
141158,0.0
141159,0.018226
141160,0.239735
141161,0.519645
141162,1.0
141163,0.94514
141164,0.371861
141165,0.062059
141166,0.890014
141167,0.0
141168,0.0
141169,0.0
141170,0.161018
141171,0.158818
141172,0.0
141173,0.0
141174,0.0
141175,0.016733
141176,0.05419
141177,0.0
141178,0.0
141179,0.0002
141180,0.0
141181,0.015475
141182,0.137495
141183,0.045686
141184,0.012322
141185,0.0
141186,0.000958
141187,0.0
141188,0.0
141189,0.0
141190,0.0
141191,0.0
141192,0.0
141193,0.0
141194,0.0
141195,0.0
141196,0.0
141197,0.0
141198,0.0
141199,0.0
141200,0.0
141201,0.0
141202,0.0
141203,0.0
141204,0.0
141205,0.0
141206,0.0
141207,0.0
141208,0.0
141209,0.0
141210,0.0
141211,0.0
141212,0.000863
141213,0.043766
141214,0.109254
141215,0.0
141216,0.0
141217,0.0
141218,0.0
141219,0.0
141220,0.0
141221,0.0
141222,0.0
141223,0.0
141224,0.0
141225,0.0
141226,0.30713
141227,1.0
141228,0.822138
141229,0.783036
141230,0.341591
141231,0.0
141232,0.0
141233,0.0
141234,0.0
141235,0.0
141236,0.0
141237,0.0
141238,0.0
141239,0.0
141240,0.0
141241,0.0
141242,0.0
141243,0.0
141244,0.0
141245,0.0
141246,0.0
141247,0.0
141248,0.0
141249,0.0
141250,0.0
141251,0.0
141252,0.0
141253,0.0
141254,0.0
141255,0.0
141256,0.0
141257,0.0
141258,0.0
141259,0.0
141260,0.0
141261,0.0
141262,0.0
141263,0.00159
141264,0.277764
141265,0.0
141266,0.0
141267,0.0
141268,0.0
141269,0.029588
141270,0.041321
141271,0.051828
141272,0.443652
141273,0.875904
141274,0.754469
141275,0.633523
141276,0.623745
141277,1.0
141278,1.0
141279,1.0
141280,1.0
141281,1.0
141282,0.073398
141283,0.0
141284,0.0
141285,0.0
141286,0.0
141287,0.0
141288,0.0
141289,0.0
141290,0.0
141291,0.0
141292,0.0
141293,0.0
141294,0.0
141295,0.0
141296,0.0
141297,0.0
141298,0.0
141299,0.0
141300,0.0
141301,0.0
141302,0.0
141303,0.0
141304,0.0
141305,0.025586
141306,0.005557
141307,0.019619
141308,0.0
141309,0.0
141310,0.0
141311,0.0
141312,0.0
141313,0.0
141314,0.0
141315,0.0
141316,0.0
141317,0.0
141318,0.0
141319,0.0
141320,0.0
141321,0.0
141322,0.0
141323,0.0
141324,0.03756
141325,0.0
141326,0.0
141327,0.0
141328,0.0
141329,0.0
141330,0.0
141331,0.0
141332,0.0
141333,0.001576
141334,0.161893
141335,0.576524
141336,0.0
141337,0.0
141338,0.0
141339,0.0
141340,0.0
141341,0.0
141342,0.0
141343,0.0
141344,0.0
141345,0.0
141346,0.0
141347,0.372898
141348,1.0
141349,1.0
141350,1.0
141351,1.0
141352,1.0
141353,1.0
141354,1.0
141355,1.0
141356,1.0
141357,1.0
141358,1.0
141359,1.0
141360,0.951915
141361,0.0
141362,0.0
141363,0.0
141364,0.0
141365,0.0
141366,0.0
141367,0.0
141368,0.0
141369,0.0
141370,0.0
141371,0.0
141372,0.0
141373,0.0
141374,0.0
141375,0.0
141376,0.0
141377,0.0
141378,0.0
141379,0.0
141380,0.0
141381,0.0
141382,0.0
141383,0.0
141384,0.0
141385,0.0
141386,0.0
141387,0.0
141388,0.0
141389,0.0
141390,0.0
141391,0.0
141392,0.0
141393,0.0
141394,0.0
141395,0.0
141396,0.0
141397,0.0
141398,0.0
141399,0.0
141400,0.0
141401,0.0
141768,0.0
141769,0.0
141770,0.054954
141771,0.148515
141772,0.008603
141773,0.021051
141774,0.0
141775,0.0
141776,0.038462
141777,0.572689
141778,0.990586
141779,0.952976
141780,0.999295
141781,1.0
141782,1.0
141786,1.0
141788,1.0
141796,1.0
141797,0.185499
141798,0.189578
141799,0.998337
141800,0.827204
141802,0.12859
141803,0.0
141805,0.660517
141806,0.087044
141807,0.072731
141808,0.0
141809,0.0
141810,0.001333
141811,0.948141
141812,0.194031
141813,0.041104
141814,0.086654
141815,1.0
141816,0.966005
141817,1.0
141818,1.0
141819,1.0
141820,1.0
141821,1.0
141822,1.0
141823,0.563052
141824,0.00851
141825,0.0
141826,0.015287
141827,0.015976
141828,0.0
141829,0.013754
141830,0.203789
141831,0.012463
141832,0.599012
141833,1.0
141834,0.286263
141835,0.068737
141836,0.001513
141837,0.0
141838,0.0
141839,0.0
141840,0.0
141841,0.0
141842,0.0
141843,0.0
141844,0.001405
141845,0.057762
141846,0.375773
141847,1.0
141848,0.158376
141849,0.083849
141850,0.163597
141851,0.0
141852,0.0
141853,0.0
141854,0.068321
141855,0.110275
141856,0.0
141857,0.00012
141858,0.064435
141859,0.007919
141860,0.009975
141861,0.009551
141862,0.000816
141863,0.0
141864,0.0
141865,0.0
141866,0.000484
141867,0.097491
141868,0.009729
141869,0.015614
141870,0.000222
141871,0.0
141872,0.0
141873,0.0
141874,0.0
141875,0.0
141876,0.0
141877,0.0
141878,0.0
141879,0.0
141880,0.0
141881,0.0
141882,0.0
141883,0.0
141884,0.0
141885,0.0
141886,0.0
141887,0.0
141888,0.0
141889,0.0
141890,0.0
141891,0.0
141892,0.0
141893,0.0
141894,0.0
141895,0.0
141896,0.016181
141897,0.069599
141898,0.0
141899,0.0
141900,0.0
141901,0.0
141902,0.0
141903,0.0
141904,0.0
141905,0.0
141906,0.0
141907,0.0
141908,0.0
141909,0.0
141910,0.155246
141911,0.862983
141912,1.0
141913,0.973938
141914,0.194539
141915,0.0
141916,0.002679
141917,0.0
141918,0.0
141919,0.0
141920,0.0
141921,0.0
141922,0.0
141923,0.0
141924,0.0
141925,0.0
141926,0.0
141927,0.0
141928,0.0
141929,0.0
141930,0.0
141931,0.0
141932,0.0
141933,0.0
141934,0.0
141935,0.0
141936,0.0
141937,0.0
141938,0.0
141939,0.0
141940,0.0
141941,0.0042
141942,0.0
141943,0.0
141944,0.0
141945,0.0
141946,0.0
141947,0.132549
141948,0.995839
141949,0.0
141950,0.0
141951,0.0
141952,0.0
141953,0.172889
141954,1.0
141955,0.30985
141956,0.719418
141957,1.0
141958,1.0
141959,1.0
141960,1.0
141961,1.0
141962,1.0
141963,1.0
141964,1.0
141965,1.0
141966,0.092098
141967,0.0
141968,0.0
141969,0.0
141970,0.0
141971,0.0
141972,0.0
141973,0.0
141974,0.0
141975,0.0
141976,0.0
141977,0.0
141978,0.0
141979,0.0
141980,0.0
141981,0.0
141982,0.0
141983,0.0
141984,0.0
141985,0.0
141986,0.0
141987,0.0
141988,0.0
141989,6.1e-05
141990,0.0
141991,0.0
141992,0.0
141993,0.0
141994,0.001032
141995,3.4e-05
141996,0.0
141997,0.0
141998,0.0
141999,0.0
142000,0.0
142001,0.0
142002,0.0
142003,0.0
142004,0.0
142005,0.0
142006,0.0
142007,0.020158
142008,0.021346
142009,0.0
142010,0.0
142011,0.0
142012,0.0
142013,0.0
142014,0.0
142015,0.0
142016,0.0
142017,0.000451
142018,5.1e-05
142019,0.028712
142020,0.001435
142021,0.0
142022,0.0
142023,0.0
142024,0.0
142025,0.0
142026,0.005141
142027,0.0
142028,0.0
142029,0.0
142030,0.113928
142031,0.99677
142032,1.0
142033,1.0
142034,0.992111
142035,0.919165
142036,0.566624
142037,0.826405
142038,1.0
142039,1.0
142040,1.0
142041,1.0
142042,1.0
142043,0.767326
142044,0.054225
142045,0.0
142046,0.0
142047,0.0
142048,0.0
142049,0.0
142050,0.0
142051,0.0
142052,0.0
142053,0.0
142054,0.0
142055,0.000862
142056,0.088299
142057,0.0
142058,0.0
142059,0.0
142060,0.0
142061,0.0
142062,0.0
142063,0.0
142064,0.0
142065,0.033793
142066,0.026186
142067,0.0
142068,0.0
142069,0.0
142070,0.0
142071,0.0
142072,0.0
142073,0.0
142074,0.0
142075,0.0
142076,0.0
142077,0.0
142078,0.0
142079,0.0
142080,0.0
142081,0.0
142082,0.0
142083,0.0
142084,0.0
142085,0.0
142447,0.0
142453,0.0
142454,0.0
142455,0.94798
142456,0.583481
142457,0.000284
142458,0.0
142459,0.0
142460,0.077173
142461,1.0
142462,1.0
142463,0.281299
142464,0.799025
142465,1.0
142466,1.0
142468,1.0
142469,1.0
142472,1.0
142473,1.0
142474,1.0
142475,1.0
142476,1.0
142479,1.0
142480,0.323887
142481,0.008285
142482,0.326885
142483,0.994928
142484,0.141335
142485,0.239177
142486,0.020922
142487,0.027587
142488,0.001372
142489,0.909328
142490,0.049224
142491,0.0
142492,0.0
142493,0.000318
142494,0.013736
142495,0.619624
142496,1.0
142497,0.312688
142498,0.403191
142499,1.0
142500,1.0
142501,1.0
142502,1.0
142503,1.0
142504,1.0
142505,1.0
142506,1.0
142507,1.0
142508,0.283511
142509,0.152023
142510,0.050237
142511,0.086675
142512,0.10925
142513,0.173746
142514,0.186592
142515,0.012725
142516,0.001336
142517,0.104305
142518,0.000878
142519,0.002041
142520,0.00476
142521,0.000918
142522,0.0
142523,0.0
142524,0.0
142525,0.000837
142526,0.000296
142527,0.019082
142528,0.0
142529,0.0
142530,0.330192
142531,1.0
142532,0.158858
142533,0.026732
142534,0.0
142535,0.0
142536,0.0
142537,0.0
142538,0.0
142539,0.0
142540,0.0
142541,0.00367
142542,0.0
142543,0.275949
142544,0.046846
142545,0.0
142546,0.0
142547,0.0
142548,0.0
142549,0.0
142550,0.0
142551,0.04116
142552,0.010511
142553,0.013068
142554,0.0
142555,0.0
142556,0.0
142557,0.0
142558,0.0
142559,0.0
142560,0.0
142561,0.0
142562,0.0
142563,0.0
142564,0.0
142565,0.0
142566,0.0
142567,0.0
142568,0.0
142569,0.0
142570,0.0
142571,0.0
142572,0.0
142573,0.0
142574,0.0
142575,0.0
142576,0.0
142577,0.0
142578,0.0
142579,0.0
142580,0.004861
142581,0.0
142582,0.0
142583,0.0
142584,0.0
142585,0.0
142586,0.0
142587,0.0
142588,0.0
142589,0.0
142590,0.0
142591,0.0
142592,0.0
142593,0.0
142594,0.0
142595,0.130515
142596,0.355958
142597,0.382766
142598,0.0
142599,0.0
142600,0.005497
142601,0.0
142602,0.0
142603,0.0
142604,0.0
142605,0.0
142606,0.0
142607,0.0
142608,0.0
142609,0.0
142610,0.0
142611,0.0
142612,0.0
142613,0.0
142614,0.0
142615,0.0
142616,0.0
142617,0.0
142618,0.0
142619,0.0
142620,0.0
142621,0.0
142622,0.0
142623,0.0
142624,0.0
142625,0.007639
142626,0.003139
142627,0.0
142628,0.0
142629,0.0
142630,0.0
142631,0.0
142632,0.263931
142633,0.0
142634,0.0
142635,0.0
142636,0.0
142637,0.111912
142638,0.562743
142639,0.071862
142640,0.166257
142641,0.136468
142642,0.066854
142643,0.145863
142644,0.422175
142645,0.465571
142646,0.230757
142647,0.235735
142648,0.755222
142649,1.0
142650,0.371952
142651,0.206346
142652,0.0
142653,0.0
142654,0.0
142655,0.0
142656,0.0
142657,0.0
142658,0.0
142659,0.0
142660,0.0
142661,0.0
142662,0.0
142663,0.0
142664,0.0
142665,0.0
142666,0.0
142667,0.0
142668,0.0
142669,0.0
142670,0.0
142671,0.0
142672,0.0
142673,0.0
142674,0.0
142675,0.0
142676,0.0
142677,0.0
142678,0.0
142679,0.0
142680,0.0
142681,0.0
142682,0.0
142683,0.0
142684,0.0
142685,0.0
142686,0.0
142687,0.0
142688,0.0
142689,0.0
142690,0.0
142691,0.015639
142692,0.0
142693,0.0
142694,0.0
142695,0.0
142696,0.0
142697,0.0
142698,0.0
142699,0.0
142700,0.0
142701,0.007422
142702,0.011988
142703,0.0
142704,0.0
142705,0.0
142706,0.0
142707,0.0
142708,0.001847
142709,0.0
142710,0.0
142711,0.0
142712,0.0
142713,0.0
142714,0.671168
142715,1.0
142716,0.411411
142717,0.24944
142718,0.288085
142719,0.785545
142720,0.81878
142721,0.495256
142722,0.926467
142723,1.0
142724,1.0
142725,1.0
142726,1.0
142727,0.224076
142728,0.0
142729,0.0
142730,0.0
142731,0.0
142732,0.0
142733,0.0
142734,0.0
142735,0.0
142736,0.0
142737,0.0
142738,0.021367
142739,0.741241
142740,0.308426
142741,0.0
142742,0.0
142743,0.0
142744,0.0
142745,0.0
142746,0.0
142747,0.0
142748,0.0
142749,0.130602
142750,0.01293
142751,0.0
142752,0.0
142753,0.0
142754,0.0
142755,0.0
142756,0.0
142757,0.0
142758,0.0
142759,0.0
142760,0.0
142761,0.0
142762,0.0
142763,0.0
142764,0.0
142765,0.0
142766,0.0
142767,0.108992
142768,0.0
143131,0.0
143137,0.0
143138,0.152491
143139,0.584606
143140,0.236269
143141,0.0
143142,0.0
143143,0.0
143144,0.05758
143145,0.86088
143146,1.0
143147,1.0
143148,1.0
143149,1.0
143150,1.0
143151,1.0
143153,1.0
143154,1.0
143155,1.0
143156,1.0
143157,1.0
143158,1.0
143163,0.150061
143164,0.002222
143165,0.194659
143166,1.0
143167,0.97817
143168,0.999339
143169,0.84649
143170,0.554967
143171,0.002025
143172,0.050339
143173,0.836531
143174,0.148963
143175,0.0
143176,9.4e-05
143177,0.0
143178,0.011953
143179,0.176741
143180,1.0
143181,0.618545
143182,0.051488
143183,0.86775
143184,1.0
143185,1.0
143186,1.0
143187,1.0
143189,1.0
143190,1.0
143191,1.0
143192,1.0
143193,1.0
143194,0.56208
143195,0.024693
143196,0.041284
143197,0.130654
143198,0.22291
143199,0.000311
143200,0.002457
143201,0.0
143202,0.070714
143203,0.107958
143204,0.164821
143205,0.049549
143206,0.0
143207,0.0
143208,0.0
143209,0.0
143210,0.0
143211,0.000405
143212,0.0
143213,0.003196
143216,0.36903
143217,0.004494
143218,0.0
143219,0.0
143220,0.0
143221,0.0
143222,0.0
143223,0.0
143224,0.0
143225,0.0
143226,0.239792
143227,0.948799
143228,0.987246
143229,0.227023
143230,0.0
143231,0.0
143232,0.000151
143233,0.0
143234,0.0
143235,0.0
143236,0.002319
143237,0.004221
143238,0.0
143239,0.0
143240,0.0
143241,0.0
143242,0.0
143243,0.0
143244,9.1e-05
143245,0.0
143246,0.0
143247,0.0
143248,0.0
143249,0.0
143250,0.0
143251,0.0
143252,0.0
143253,0.0
143254,0.0
143255,0.0
143256,0.0
143257,0.0
143258,0.0
143259,0.0
143260,0.0
143261,0.0
143262,0.0
143263,0.0
143264,0.0
143265,0.0
143266,0.0
143267,0.0
143268,0.0
143269,0.0
143270,0.0
143271,0.0
143272,0.0
143273,0.0
143274,0.0
143275,0.0
143276,0.0
143277,0.0
143278,0.0
143279,0.0
143280,0.0
143281,0.0
143282,0.0
143283,0.0
143284,0.0
143285,0.0
143286,0.0
143287,0.0
143288,0.0
143289,0.0
143290,0.0
143291,0.0
143292,0.0
143293,0.0
143294,0.0
143295,0.0
143296,0.0
143297,0.0
143298,0.0
143299,0.0
143300,0.0
143301,0.0
143302,0.0
143303,0.0
143304,0.0
143305,0.0
143306,0.0
143307,0.0
143308,0.0
143309,0.0
143310,0.002482
143311,0.0
143312,0.0
143313,0.0
143314,0.0
143315,0.0
143316,0.001978
143317,0.007371
143318,0.000304
143319,0.0
143320,0.0
143321,0.0
143322,0.0
143323,0.0
143324,0.0
143325,0.0
143326,0.0
143327,0.0
143328,0.0
143329,0.0
143330,0.0
143331,0.0
143332,0.024622
143333,0.137432
143334,0.550035
143335,0.246572
143336,0.0
143337,0.0
143338,0.0
143339,0.0
143340,0.0
143341,0.0
143342,0.0
143343,0.0
143344,0.0
143345,0.0
143346,0.0
143347,0.002992
143348,0.0
143349,0.0
143350,0.0
143351,0.0
143352,0.0
143353,0.0
143354,0.0
143355,0.000527
143356,0.0
143357,0.060227
143358,0.0
143359,0.0
143360,0.0
143361,0.0
143362,0.0
143363,0.0
143364,0.0
143365,0.0
143366,0.0
143367,0.0
143368,0.0
143369,0.0
143370,0.0
143371,0.0
143372,0.0
143373,0.0
143374,0.015715
143375,0.004832
143376,0.0
143377,0.0
143378,0.0
143379,0.0
143380,0.0
143381,0.0
143382,0.0
143383,0.0
143384,0.0
143385,0.0
143386,0.0
143387,0.0
143388,0.0
143389,0.0
143390,0.0
143391,0.029743
143392,0.000222
143393,0.002017
143394,0.0
143395,0.020307
143396,0.0
143397,0.0
143398,0.53336
143399,1.0
143400,0.996652
143401,0.151084
143402,0.284697
143403,0.51284
143404,0.816144
143405,0.958667
143406,0.9749
143407,1.0
143408,1.0
143409,1.0
143410,0.935671
143411,0.013121
143412,0.0
143413,0.0
143414,0.0
143415,0.0
143416,0.0
143417,0.0
143418,0.0
143419,0.0
143420,0.0
143421,0.173781
143422,0.917334
143423,1.0
143424,0.779826
143425,0.0
143426,0.0
143427,0.0
143428,0.0
143429,0.0
143430,0.0
143431,0.0
143432,0.0
143433,0.003053
143434,0.0
143435,0.0
143436,0.0
143437,0.0
143438,0.0
143439,0.0
143440,0.0
143441,0.0
143442,0.0
143443,0.0
143444,0.0
143445,0.0
143446,0.0
143447,0.0
143448,0.0
143449,0.0
143450,0.0
143451,0.0
143452,0.0
143822,0.981372
143823,1.0
143824,0.362183
143825,0.030823
143826,0.005725
143827,0.006783
143828,0.011545
143829,0.003259
143830,0.287728
143831,1.0
143832,1.0
143833,1.0
143834,1.0
143835,1.0
143836,1.0
143837,1.0
143839,1.0
143840,1.0
143841,1.0
143844,1.0
143845,1.0
143846,1.0
143847,0.001756
143848,0.019854
143849,0.387045
143850,0.85589
143851,0.915522
143852,0.86477
143853,0.213417
143854,0.242449
143855,0.855647
143856,0.058725
143857,0.819101
143858,0.345811
143859,0.0
143860,0.003975
143861,0.009239
143862,0.000838
143863,0.259434
143864,1.0
143865,0.928117
143866,0.245054
143867,0.848934
143868,1.0
143869,1.0
143870,1.0
143871,1.0
143872,1.0
143873,1.0
143874,1.0
143875,1.0
143876,1.0
143877,1.0
143878,1.0
143879,0.844397
143880,0.533033
143881,0.0
143882,0.12988
143883,0.0
143884,0.0
143885,0.0
143886,0.007473
143887,0.178931
143888,0.019642
143889,0.180879
143890,0.024014
143891,0.0
143892,0.000335
143893,0.000105
143894,0.0
143895,0.0
143896,0.000151
143897,0.000656
143899,1.0
143900,0.004823
143901,0.0116
143902,0.0
143903,0.04921
143904,0.0
143905,0.052594
143906,0.028945
143907,0.0
143908,0.0
143909,0.0
143910,0.030846
143911,0.287002
143912,0.045045
143913,0.012872
143914,0.0
143915,0.0
143916,0.0
143917,0.0
143918,0.0
143919,0.0
143920,0.0
143921,0.0
143922,0.0
143923,0.0
143924,0.0
143925,0.0
143926,0.0
143927,0.0
143928,0.0
143929,0.0
143930,0.0
143931,0.0
143932,0.0
143933,0.000136
143934,0.0
143935,0.0
143936,0.0
143937,0.0
143938,0.0
143939,0.0
143940,0.0
143941,0.0
143942,0.0
143943,0.0
143944,0.0
143945,0.0
143946,0.0
143947,0.0
143948,0.0
143949,0.0
143950,0.0
143951,0.0
143952,0.0
143953,0.0
143954,0.0
143955,0.0
143956,0.0
143957,0.0
143958,0.0
143959,0.0
143960,0.0
143961,0.0
143962,0.0
143963,0.0
143964,0.0
143965,0.0
143966,0.0
143967,0.0
143968,0.0
143969,0.0
143970,0.0
143971,0.0
143972,0.0
143973,0.0
143974,0.0
143975,0.0
143976,0.0
143977,0.0
143978,0.0
143979,0.0
143980,0.0
143981,0.0
143982,0.137859
143983,0.030545
143984,0.0
143985,0.0
143986,0.0
143987,0.0
143988,0.0
143989,0.0
143990,0.0
143991,0.0
143992,0.0
143993,0.0
143994,0.0
143995,0.0
143996,0.0
143997,0.0
143998,0.0
143999,0.0
144000,0.001131
144001,0.00032
144002,0.005929
144003,0.0
144004,0.0
144005,0.0
144006,0.0
144007,0.014091
144008,0.0
144009,0.0
144010,0.0
144011,0.0
144012,0.0
144013,0.0
144014,0.0
144015,0.0
144016,0.0
144017,0.0
144018,0.0
144019,0.0
144020,0.0
144021,0.0
144022,0.0
144023,0.0
144024,0.0
144025,0.0
144026,0.0
144027,0.0
144028,0.0
144029,0.0
144030,0.00526
144031,0.027847
144032,0.0
144033,0.0
144034,0.0
144035,0.0
144036,0.0
144037,0.0
144038,0.0
144039,0.0
144040,0.0
144041,0.0
144042,0.0
144043,0.0
144044,0.0
144045,0.0
144046,0.0
144047,0.0
144048,0.0
144049,0.0
144050,0.0
144051,0.0
144052,0.0
144053,0.22365
144054,0.0
144055,0.0
144056,0.0
144057,0.0
144058,0.014045
144059,0.0
144060,0.0
144061,0.0
144062,0.0
144063,0.0
144064,0.0
144065,0.0
144066,0.0
144067,0.0
144068,0.0
144069,0.0
144070,0.0
144071,0.0
144072,0.0
144073,0.0
144074,0.0
144075,0.0
144076,0.0
144077,0.056621
144078,0.352858
144079,0.305699
144080,0.0
144081,0.0
144082,0.232164
144083,1.0
144084,1.0
144085,0.983793
144086,1.0
144087,1.0
144088,0.787292
144089,0.789328
144090,0.771222
144091,0.737981
144092,0.631896
144093,0.865568
144094,0.220462
144095,0.0
144096,0.0
144097,0.0
144098,0.0
144099,0.0
144100,0.0
144101,0.0
144102,0.0
144103,0.0
144104,0.0
144105,0.311955
144106,1.0
144107,1.0
144108,0.998628
144109,0.347931
144110,0.0
144111,0.0
144112,0.0
144113,0.0
144114,0.0
144115,0.0
144116,0.0
144117,0.0
144118,0.0
144119,0.0
144120,0.0
144121,0.0
144122,0.0
144123,0.0
144124,0.0
144125,0.0
144126,0.0
144127,0.0
144128,0.0
144129,0.0
144130,0.0
144131,0.0
144132,0.0
144133,0.0
144134,0.0
144135,0.0
144136,0.663944
144507,1.0
144508,0.841037
144509,0.0
144510,0.010068
144511,0.342358
144512,0.025989
144513,0.224248
144514,1.0
144515,0.993236
144517,1.0
144518,1.0
144519,1.0
144520,1.0
144521,1.0
144522,1.0
144523,1.0
144524,1.0
144525,1.0
144526,1.0
144527,1.0
144528,1.0
144529,1.0
144530,0.677487
144531,0.0
144532,0.410447
144533,0.636358
144534,0.996368
144535,0.287086
144536,0.319193
144537,0.259551
144538,0.782728
144539,0.812851
144540,0.472858
144541,0.532998
144542,0.219414
144543,0.023457
144544,0.000349
144545,0.008007
144546,0.016139
144547,0.185444
144548,0.409422
144549,0.628081
144550,1.0
144551,1.0
144552,1.0
144553,1.0
144555,1.0
144556,1.0
144557,1.0
144558,1.0
144559,1.0
144560,1.0
144561,1.0
144562,1.0
144563,1.0
144564,1.0
144565,0.558027
144566,0.136352
144567,0.000293
144568,0.0
144569,0.0
144570,0.0
144571,0.0
144572,0.025718
144573,0.135496
144574,0.177502
144575,0.246822
144576,0.435035
144577,0.001413
144578,0.000595
144579,0.000112
144580,0.0
144581,0.0
144582,0.001358
144583,0.002518
144584,0.000604
144585,0.0
144586,0.0
144587,0.055629
144588,0.050897
144589,0.215891
144590,0.002013
144591,0.06589
144592,0.0
144593,0.0
144594,0.0
144595,0.000892
144596,0.070394
144597,0.0
144598,0.0
144599,0.093582
144600,0.045182
144601,0.0
144602,0.0
144603,0.0
144604,0.0
144605,0.0
144606,0.0
144607,0.0
144608,0.0
144609,0.0
144610,0.0
144611,0.0
144612,0.0
144613,0.009463
144614,0.0
144615,0.0
144616,0.0
144617,0.000213
144618,0.0
144619,0.0
144620,0.0
144621,0.0
144622,0.0
144623,0.0
144624,0.0
144625,0.0
144626,0.0
144627,0.0
144628,0.0
144629,0.0
144630,0.0
144631,0.0
144632,0.0
144633,0.0
144634,0.0
144635,0.0
144636,0.0
144637,0.0
144638,0.0
144639,0.028095
144640,0.0
144641,0.0
144642,0.0
144643,0.0
144644,0.0
144645,0.0
144646,0.0
144647,0.0
144648,0.0
144649,0.0
144650,0.0
144651,0.0
144652,0.0
144653,0.0
144654,0.0
144655,0.0
144656,0.0
144657,0.006516
144658,0.016919
144659,0.0
144660,0.0
144661,0.0
144662,0.0
144663,0.0
144664,0.0
144665,0.0
144666,0.0
144667,0.041363
144668,0.041189
144669,0.0
144670,0.0
144671,0.0
144672,0.0
144673,0.0
144674,0.0
144675,0.0
144676,0.0
144677,0.0
144678,0.0
144679,0.0
144680,0.0
144681,0.0
144682,0.0
144683,0.0
144684,0.0
144685,0.0
144686,0.0
144687,0.0
144688,0.0
144689,0.0
144690,0.069362
144691,0.83503
144692,0.763911
144693,0.182537
144694,0.0
144695,0.206046
144696,0.20535
144697,0.104415
144698,0.104123
144699,0.0
144700,0.0
144701,0.0
144702,0.0
144703,0.0
144704,0.0
144705,0.0
144706,0.0
144707,0.0
144708,0.0
144709,0.0
144710,0.0
144711,0.0
144712,0.0
144713,0.0
144714,0.037975
144715,0.000908
144716,0.0
144717,0.0
144718,0.0
144719,0.0
144720,0.0
144721,0.0
144722,0.0
144723,0.0
144724,0.0
144725,0.0
144726,0.0
144727,0.0
144728,0.0
144729,0.0
144730,0.0
144731,0.0
144732,0.0
144733,0.0
144734,0.0
144735,0.0
144736,0.0
144737,0.0
144738,0.000432
144739,0.076132
144740,0.0
144741,0.00164
144742,0.001635
144743,0.0
144744,0.0
144745,0.0
144746,0.0
144747,0.0
144748,0.0
144749,0.0
144750,0.0
144751,0.0
144752,0.0
144753,0.0
144754,0.0
144755,0.0
144756,0.0
144757,0.0
144758,0.0
144759,0.0
144760,0.0
144761,0.0
144762,0.0
144763,0.33953
144764,0.122936
144765,0.0
144766,0.385562
144767,0.629641
144768,0.698705
144769,1.0
144770,1.0
144771,1.0
144772,0.954566
144773,0.251937
144774,0.019272
144775,0.021489
144776,0.479813
144777,0.858105
144778,0.058688
144779,0.0
144780,0.0
144781,0.0
144782,0.0
144783,0.0
144784,0.0
144785,0.0
144786,0.0
144787,0.0
144788,0.0
144789,0.403219
144790,0.996278
144791,1.0
144792,0.719864
144793,0.485086
144794,0.0
144795,0.0
144796,0.0
144797,0.0
144798,0.0
144799,0.0
144800,0.0
144801,0.0
144802,0.0
144803,0.0
144804,0.0
144805,0.0
144806,0.0
144807,0.0
144808,0.0
144809,0.0
144810,0.0
144811,0.0
144812,0.0
144813,0.0
144814,0.0
144815,0.0
144816,0.0
144817,0.0
144818,0.0
144819,0.0
145181,1.0
145191,0.732459
145192,0.006592
145193,0.0
145194,0.0
145195,0.545552
145196,0.191939
145197,0.454438
145198,0.842595
145199,1.0
145200,1.0
145201,1.0
145202,1.0
145203,1.0
145204,1.0
145205,1.0
145206,1.0
145207,1.0
145209,1.0
145210,1.0
145211,1.0
145212,1.0
145213,1.0
145214,0.831542
145215,0.0
145216,0.642505
145217,0.949522
145218,0.931556
145219,0.142953
145220,0.189727
145221,0.536498
145222,0.643477
145223,0.577188
145224,0.120563
145225,0.238429
145226,0.195773
145227,0.01909
145228,0.000114
145229,0.011223
145230,0.038679
145231,0.001178
145232,0.011877
145233,0.253614
145234,0.063557
145235,1.0
145236,1.0
145237,1.0
145239,1.0
145240,1.0
145241,1.0
145242,1.0
145243,1.0
145244,0.347298
145245,0.002718
145246,0.558228
145247,0.629083
145248,0.917064
145249,1.0
145250,0.927662
145251,0.093906
145252,7.4e-05
145253,7.8e-05
145254,0.004872
145255,6.4e-05
145256,0.0
145257,0.0
145258,0.228812
145259,0.216216
145260,0.292382
145261,0.010253
145262,7.3e-05
145263,0.0
145264,6.4e-05
145265,0.0
145266,3e-05
145267,0.067555
145268,0.00835
145269,0.010539
145270,4.4e-05
145271,0.002702
145272,0.001771
145273,0.000752
145274,0.005285
145275,0.016259
145276,0.0
145277,0.0
145278,0.0
145279,0.033002
145280,0.164879
145281,0.0
145282,0.0
145283,3.1e-05
145284,0.078745
145285,0.112408
145286,0.0
145287,0.0
145288,0.0
145289,0.0
145290,0.02893
145291,0.0
145292,0.0
145293,0.0
145294,0.0
145295,0.0
145296,0.0
145297,0.0
145298,0.0
145299,0.0
145300,0.0
145301,0.0
145302,0.0
145303,0.0
145304,0.0
145305,0.0
145306,0.0
145307,0.0
145308,0.0
145309,0.0
145310,0.0
145311,0.0
145312,0.0
145313,0.0
145314,0.0
145315,0.0
145316,0.0
145317,0.0
145318,0.0
145319,0.0
145320,0.0
145321,0.0
145322,0.0
145323,0.0
145324,0.0
145325,0.0
145326,0.0
145327,0.0
145328,0.0
145329,0.0
145330,0.0
145331,0.0
145332,0.0
145333,0.0
145334,0.0
145335,0.0
145336,0.0
145337,0.0
145338,0.0
145339,0.0
145340,0.0
145341,0.0
145342,0.043997
145343,0.0
145344,0.0
145345,0.0
145346,0.0
145347,0.0
145348,0.0
145349,0.0
145350,0.0
145351,0.082498
145352,0.005853
145353,0.0
145354,0.0
145355,0.0
145356,0.0
145357,0.0
145358,0.0
145359,0.0
145360,0.0
145361,0.0
145362,0.0
145363,0.0
145364,0.0
145365,0.0
145366,0.0
145367,0.0
145368,0.0
145369,0.0
145370,0.0
145371,0.0
145372,0.0
145373,0.0
145374,0.0
145375,0.00071
145376,0.439068
145377,0.081464
145378,0.0
145379,0.438015
145380,0.61546
145381,0.49399
145382,0.169934
145383,0.0
145384,0.0
145385,0.0
145386,0.0
145387,0.0
145388,0.0
145389,0.0
145390,0.0
145391,0.0
145392,0.0
145393,0.0
145394,0.0
145395,0.0
145396,0.0
145397,0.0
145398,0.015689
145399,0.005246
145400,0.0
145401,0.0
145402,0.0
145403,0.0
145404,0.0
145405,0.0
145406,0.0
145407,0.0
145408,0.0
145409,0.0
145410,0.0
145411,0.0
145412,0.0
145413,0.0
145414,0.0
145415,0.135431
145416,0.380273
145417,0.049348
145418,0.0
145419,0.0
145420,0.0
145421,0.0
145422,0.001934
145423,0.128389
145424,0.001255
145425,0.019564
145426,0.00303
145427,0.0
145428,0.000276
145429,0.001234
145430,0.000113
145431,0.000983
145432,0.0
145433,0.0
145434,0.0
145435,0.0
145436,0.0
145437,0.0
145438,0.0
145439,0.0
145440,0.0
145441,0.005929
145442,0.0
145443,0.0
145444,0.0
145445,0.0
145446,0.199397
145447,0.945003
145448,0.139218
145449,0.0
145450,0.018661
145451,0.07292
145452,0.033898
145453,0.54673
145454,0.992978
145455,0.88252
145456,0.667669
145457,0.0
145458,0.0
145459,0.0
145460,0.38066
145461,0.37835
145462,0.0
145463,0.0
145464,0.0
145465,0.0
145466,0.0
145467,0.0
145468,0.0
145469,0.0
145470,0.0
145471,0.0
145472,0.0
145473,0.0
145474,0.169491
145475,0.505489
145476,0.009392
145477,0.0
145478,0.0
145479,0.0
145480,0.0
145481,0.0
145482,0.0
145483,0.0
145484,0.0
145485,0.0
145486,0.0
145487,0.0
145488,0.0
145489,0.0
145490,0.0
145491,0.0
145492,0.0
145493,0.0
145494,0.0
145495,0.0
145496,0.0
145497,0.0
145498,0.0
145499,0.0
145500,0.0
145876,0.0
145877,0.0
145878,0.0
145879,0.326764
145880,0.056183
145881,0.381102
145882,0.681701
145883,1.0
145884,1.0
145885,1.0
145886,1.0
145887,1.0
145888,1.0
145889,1.0
145890,1.0
145891,1.0
145892,1.0
145895,1.0
145896,1.0
145897,0.97214
145898,0.490054
145899,0.354103
145900,0.085834
145901,0.489941
145902,1.0
145903,0.588224
145904,0.395884
145905,0.710684
145906,0.499026
145907,1.0
145909,0.899969
145910,0.795134
145911,0.659862
145912,0.041487
145913,0.028058
145914,0.010649
145915,0.013576
145916,0.405921
145917,0.092027
145918,0.027898
145919,1.0
145920,1.0
145921,1.0
145923,1.0
145924,1.0
145925,1.0
145926,1.0
145927,1.0
145928,0.089437
145929,0.0
145930,0.0
145931,0.0
145932,0.290366
145933,0.427128
145934,0.770687
145935,0.961408
145936,0.532988
145937,0.045918
145938,0.000928
145939,0.002366
145940,0.006578
145941,0.0
145942,0.064886
145943,0.621804
145944,0.290152
145945,0.059765
145946,0.011417
145947,0.001796
145948,0.000327
145949,0.0
145950,0.0
145951,0.003725
145952,0.005109
145953,0.001638
145954,0.0
145955,0.00037
145956,0.009675
145957,0.003093
145958,0.039837
145959,0.025525
145960,0.0
145961,0.0
145962,0.0
145963,0.652035
145964,0.077653
145965,0.0
145966,0.0
145967,0.084905
145968,0.017845
145969,0.0
145970,0.0
145971,0.0
145972,0.00014
145973,0.0
145974,0.051227
145975,0.14995
145976,0.0
145977,0.0
145978,0.000193
145979,0.0
145980,0.0
145981,0.0
145982,0.0
145983,0.0
145984,0.0
145985,0.0
145986,0.0
145987,0.0
145988,0.0
145989,0.0
145990,0.0
145991,0.0
145992,0.0
145993,0.0
145994,0.0
145995,0.0
145996,0.0
145997,0.001165
145998,0.0
145999,0.0
146000,0.0
146001,0.0
146002,0.0
146003,0.0
146004,0.0
146005,0.0
146006,0.0
146007,0.0
146008,0.0
146009,0.0
146010,0.0
146011,0.0
146012,0.0
146013,0.0
146014,0.0
146015,0.0
146016,0.0
146017,0.0
146018,0.0
146019,0.001137
146020,0.0
146021,0.0
146022,0.0
146023,0.0
146024,0.0
146025,0.0
146026,0.0
146027,0.0
146028,0.0
146029,0.0
146030,0.0
146031,0.0
146032,0.0
146033,0.0
146034,0.0
146035,0.0
146036,0.0
146037,0.0
146038,0.0
146039,0.0
146040,0.0
146041,0.0
146042,0.0
146043,0.0
146044,0.0
146045,0.0
146046,0.0
146047,0.0
146048,0.0
146049,0.0
146050,0.0
146051,0.0
146052,0.0
146053,0.0
146054,0.0
146055,0.0
146056,0.0
146057,0.0
146058,0.0
146059,0.0
146060,0.0
146061,0.100268
146062,0.158679
146063,0.069526
146064,0.358275
146065,0.182009
146066,0.286891
146067,0.07911
146068,0.0
146069,0.0
146070,0.0
146071,0.0
146072,0.0
146073,0.0
146074,0.0
146075,0.0
146076,0.0
146077,0.0
146078,0.0
146079,0.0
146080,0.0
146081,0.0
146082,0.004793
146083,0.013575
146084,0.0
146085,0.0
146086,0.0
146087,0.0
146088,0.0
146089,0.0
146090,0.0
146091,0.0
146092,0.0
146093,0.0
146094,0.0
146095,0.0
146096,0.0
146097,0.0
146098,0.070088
146099,0.230047
146100,1.0
146101,0.096661
146102,0.0
146103,0.0
146104,0.0
146105,0.0
146106,0.0
146107,0.000294
146108,0.017346
146109,0.043571
146110,0.002222
146111,0.230567
146112,0.0
146113,0.001343
146114,0.000366
146115,0.0
146116,0.001042
146117,0.0
146118,0.083205
146119,0.579586
146120,0.0
146121,0.0
146122,0.0
146123,5.3e-05
146124,0.00206
146125,0.0
146126,0.0
146127,0.0
146128,0.0
146129,0.0
146130,0.448488
146131,1.0
146132,0.235068
146133,0.0
146134,0.0
146135,0.0
146136,0.0
146137,0.0
146138,0.122032
146139,0.013526
146140,0.028798
146141,0.0
146142,0.0
146143,0.0
146144,0.224902
146145,0.027252
146146,0.0
146147,0.0
146148,0.0
146149,0.0
146150,0.0
146151,0.0
146152,0.0
146153,0.0
146154,0.032094
146155,0.0
146156,0.0
146157,0.0
146158,0.0
146159,0.0
146160,0.0
146161,0.0
146162,0.0
146163,0.0
146164,0.0
146165,0.538929
146166,0.655278
146167,0.0
146168,0.0
146169,0.0
146170,0.0
146171,0.0
146172,0.0
146173,0.0
146174,0.0
146175,0.0
146176,0.0
146177,0.0
146178,0.0
146179,0.0
146180,0.003027
146181,0.0
146182,0.0
146560,0.0
146561,0.0
146562,0.007849
146563,0.217902
146564,0.03919
146565,0.687881
146566,1.0
146567,1.0
146568,1.0
146569,1.0
146570,1.0
146571,1.0
146572,1.0
146573,1.0
146574,1.0
146575,1.0
146580,0.879749
146581,0.595464
146582,0.977859
146583,1.0
146584,0.974263
146586,1.0
146587,0.416641
146588,0.326721
146589,0.820014
146590,0.75173
146591,0.435099
146592,0.998046
146593,0.090738
146594,0.256028
146595,0.619813
146596,0.139697
146597,8.5e-05
146598,0.0
146599,0.007918
146600,0.149015
146601,0.006924
146602,0.050798
146603,0.29977
146604,1.0
146605,1.0
146606,1.0
146607,1.0
146608,1.0
146609,1.0
146610,1.0
146611,1.0
146612,0.109319
146613,0.0
146614,0.0
146615,0.0
146616,0.0
146617,0.0
146618,0.031859
146619,0.779148
146620,0.72234
146621,0.387757
146622,0.034232
146623,0.0
146624,0.0
146625,0.0
146626,0.114219
146627,0.547396
146628,0.577149
146629,0.067621
146630,0.021768
146631,0.011589
146632,0.00804
146633,0.001121
146634,0.008947
146635,0.008177
146636,0.355235
146637,0.71305
146638,0.568077
146639,0.561953
146640,0.271747
146641,0.014501
146642,0.602303
146643,0.876928
146644,0.0
146645,0.0
146646,0.0
146647,0.800177
146648,0.031327
146649,0.0
146650,0.0
146651,0.023186
146652,0.0
146653,0.0
146654,0.0
146655,0.0
146656,0.0
146657,0.0
146658,0.0
146659,0.000205
146660,0.000373
146661,0.0
146662,0.010062
146663,0.081876
146664,0.0
146665,0.0
146666,0.0
146667,0.0
146668,0.0
146669,0.0
146670,0.0
146671,0.0
146672,0.0
146673,0.0
146674,0.0
146675,0.0
146676,0.0
146677,0.0
146678,0.0
146679,0.0
146680,0.0
146681,0.000396
146682,0.0
146683,0.0
146684,0.0
146685,0.0
146686,0.0
146687,0.0
146688,0.0
146689,0.0
146690,0.0
146691,0.0
146692,0.0
146693,0.0
146694,0.0
146695,0.0
146696,0.0
146697,0.0
146698,0.0
146699,0.0
146700,0.0
146701,0.0
146702,0.0
146703,0.051236
146704,0.002462
146705,0.0
146706,0.0
146707,0.0
146708,0.0
146709,0.0
146710,0.0
146711,0.0
146712,0.0
146713,0.0
146714,0.0
146715,0.0
146716,0.0
146717,0.0
146718,0.0
146719,0.0
146720,0.0
146721,0.0
146722,0.0
146723,0.0
146724,0.0
146725,0.0
146726,0.0
146727,0.0
146728,0.0
146729,0.0
146730,0.0
146731,0.0
146732,0.0
146733,0.0
146734,0.0
146735,0.0
146736,0.0
146737,0.0
146738,0.0
146739,0.0
146740,0.0
146741,0.0
146742,0.388421
146743,0.53087
146744,0.371787
146745,0.581327
146746,1.0
146747,1.0
146748,0.917429
146749,0.414021
146750,0.50892
146751,0.242889
146752,0.117111
146753,0.265585
146754,0.121646
146755,0.092657
146756,0.0
146757,0.0
146758,0.820442
146759,0.50249
146760,0.452422
146761,0.0
146762,0.0
146763,0.0
146764,0.0
146765,0.003812
146766,0.047785
146767,0.013502
146768,0.0
146769,0.0
146770,0.0
146771,0.0
146772,0.0
146773,0.0
146774,0.0
146775,0.0
146776,0.0
146777,0.0
146778,0.0
146779,0.0
146780,0.0
146781,0.214133
146782,0.950838
146783,0.691075
146784,0.705592
146785,0.099932
146786,0.0
146787,0.0
146788,0.0
146789,0.0
146790,0.0
146791,0.0
146792,0.025431
146793,0.0
146794,0.0
146795,0.0
146796,0.0
146797,0.0
146798,0.000605
146799,0.002107
146800,0.123932
146801,0.046498
146802,0.098221
146803,0.903324
146804,0.01162
146805,0.0
146806,0.0
146807,0.004747
146808,0.002329
146809,0.0
146810,0.0
146811,0.061504
146812,0.00071
146813,0.0
146814,0.788997
146815,0.866336
146816,0.245929
146817,0.0
146818,0.0
146819,0.0
146820,0.0
146821,0.0
146822,0.0
146823,0.0
146824,0.0
146825,0.0
146826,0.0
146827,0.0
146828,0.0
146829,0.0
146830,0.0
146831,0.0
146832,0.0
146833,0.0
146834,0.0
146835,0.0
146836,0.0
146837,0.116558
146838,0.695724
146839,0.00045
146840,0.033767
146841,0.0
146842,0.0
146843,0.0
146844,0.0
146845,0.0
146846,0.0
146847,0.0
146848,0.0
146849,0.840417
146850,0.456941
146851,0.002341
146852,0.13041
146853,0.076867
146854,0.0
146855,0.0
146856,0.0
146857,0.0
146858,0.0
146859,0.0
146860,0.0
146861,0.0
146862,0.0
146863,0.0
146864,0.004711
146865,0.0
147244,0.150979
147245,0.235618
147246,0.0
147247,0.14293
147248,0.617007
147249,0.932563
147250,1.0
147251,1.0
147252,1.0
147253,1.0
147254,1.0
147255,1.0
147257,1.0
147258,1.0
147259,1.0
147260,1.0
147262,1.0
147264,0.016089
147265,0.831669
147266,1.0
147267,1.0
147268,0.955243
147269,1.0
147270,1.0
147272,0.948927
147273,0.989949
147274,0.404002
147275,0.045358
147276,0.503576
147277,0.94937
147278,0.810997
147279,0.640232
147280,0.065369
147281,0.009285
147282,0.0
147283,0.0
147284,0.0
147285,0.006032
147286,0.0
147287,0.058914
147288,0.388075
147289,1.0
147290,1.0
147291,1.0
147292,1.0
147293,1.0
147294,1.0
147296,0.009496
147297,0.0
147298,0.0
147299,0.0
147300,0.0
147301,0.0
147302,0.0
147303,0.000304
147304,0.0
147305,0.027016
147306,0.434292
147307,0.024068
147308,0.071275
147309,0.095347
147310,0.287593
147311,0.666556
147312,0.553688
147313,0.358057
147314,0.971089
147315,0.174615
147316,0.003579
147317,0.000502
147318,0.540894
147319,1.0
147320,0.867858
147321,0.458051
147322,0.996665
147323,1.0
147324,0.890217
147325,0.332841
147326,0.0
147327,0.038927
147328,0.002193
147329,0.000643
147330,0.10644
147331,0.090114
147332,0.0
147333,0.0
147334,0.046456
147335,0.165604
147336,0.0
147337,0.0
147338,0.0
147339,0.0
147340,0.0
147341,0.0
147342,0.0
147343,0.0
147344,0.000194
147345,0.0
147346,0.0
147347,0.005664
147348,0.0
147349,0.0
147350,0.0
147351,0.0
147352,0.0
147353,0.0
147354,0.0
147355,0.0
147356,0.0
147357,0.0
147358,0.0
147359,0.0
147360,0.0
147361,0.0
147362,0.0
147363,0.0
147364,0.0
147365,0.0
147366,0.0
147367,0.0
147368,0.0
147369,0.0
147370,0.0
147371,0.0
147372,0.0
147373,0.0
147374,0.0
147375,0.0
147376,0.0
147377,0.0
147378,0.0
147379,0.0
147380,0.0
147381,0.0
147382,0.0
147383,0.0
147384,0.0
147385,0.0
147386,0.0
147387,0.0
147388,0.0
147389,0.0
147390,0.0
147391,0.0
147392,0.0
147393,0.0
147394,0.0
147395,0.0
147396,0.0
147397,0.0
147398,0.0
147399,0.0
147400,0.0
147401,0.0
147402,0.0
147403,0.0
147404,0.0
147405,0.0
147406,0.0
147407,0.0
147408,0.0
147409,0.0
147410,0.0
147411,0.0
147412,0.0
147413,0.099875
147414,0.49821
147415,0.015309
147416,0.0
147417,0.0
147418,0.0
147419,0.0
147420,0.0
147421,0.0
147422,0.420462
147423,0.372429
147424,0.067303
147425,0.045424
147426,0.989459
147427,0.989114
147428,0.165257
147429,0.365954
147430,0.979643
147431,0.520161
147432,0.327214
147433,0.941382
147434,1.0
147435,1.0
147436,1.0
147437,1.0
147439,0.089776
147440,0.0
147441,0.0
147442,0.399086
147443,0.591
147444,0.0
147445,0.0
147446,0.0
147447,0.0
147448,0.0
147449,0.0
147450,0.020165
147451,6e-05
147452,0.0
147453,0.0
147454,0.0
147455,0.273424
147456,0.0
147457,0.0
147458,0.0
147459,0.0
147460,0.0
147461,0.0
147462,0.0
147463,0.0
147464,0.0
147465,0.589209
147466,1.0
147467,1.0
147468,0.300247
147469,0.0
147470,0.0
147471,0.0
147472,0.0
147473,0.0
147474,0.004212
147475,0.021926
147476,6.6e-05
147477,0.0
147478,0.0
147479,0.0
147480,0.0
147481,0.0
147482,0.0
147483,0.0
147484,0.0
147485,0.027775
147486,0.010272
147487,0.008621
147488,0.0
147489,0.0
147490,0.0
147491,0.002265
147492,0.0
147493,0.0
147494,0.0
147495,0.00122
147496,0.001364
147497,0.113369
147498,0.752375
147499,0.105554
147500,0.0
147501,0.0
147502,0.0
147503,0.0
147504,0.0
147505,0.0
147506,0.0
147507,0.0
147508,0.0
147509,0.0
147510,0.0
147511,0.0
147512,0.0
147513,0.0
147514,0.0
147515,0.0
147516,0.0
147517,0.0
147518,0.0
147519,0.0
147520,0.0
147521,0.655705
147522,0.792638
147523,0.120822
147524,0.458476
147525,0.41233
147526,0.0
147527,0.0
147528,0.0
147529,0.0
147530,0.0
147531,0.0
147532,0.0
147533,0.0
147534,0.156611
147535,0.0
147536,0.469143
147537,0.305832
147538,0.0
147539,0.0
147540,0.0
147541,0.0
147542,0.0
147543,0.0
147544,0.0
147545,0.0
147546,0.0
147547,0.000221
147548,0.0
147549,0.0
147927,0.0
147928,0.703204
147929,0.435477
147930,0.0
147931,0.140801
147932,0.681119
147933,1.0
147934,1.0
147935,1.0
147936,1.0
147937,1.0
147938,1.0
147939,1.0
147940,1.0
147941,1.0
147942,1.0
147943,1.0
147944,1.0
147945,1.0
147946,1.0
147948,0.152519
147949,0.991765
147950,1.0
147951,1.0
147952,1.0
147956,1.0
147957,0.540178
147959,0.030424
147960,0.079964
147961,0.251991
147962,0.251098
147963,0.057007
147964,0.124717
147965,0.000423
147966,0.0
147967,0.0
147968,0.0
147969,0.0
147970,0.0
147971,0.0
147972,0.03936
147973,0.216287
147974,1.0
147975,1.0
147976,1.0
147977,1.0
147978,1.0
147979,1.0
147980,0.015765
147981,0.000103
147982,0.0
147983,0.0
147984,0.0
147985,0.0
147986,0.0
147987,0.0
147988,0.0
147989,0.0
147990,0.07356
147991,1.0
147992,1.0
147993,1.0
147994,0.637317
147995,0.798683
147996,0.657923
147997,0.425681
147998,1.0
147999,0.867979
148000,0.000426
148001,0.0
148002,0.135245
148003,0.365795
148004,0.01265
148005,0.014399
148006,0.987522
148007,1.0
148008,1.0
148009,0.100396
148010,0.039523
148011,0.155907
148012,0.001045
148013,0.0
148014,0.173256
148015,0.004707
148016,0.0
148017,0.0
148018,0.039854
148019,0.705434
148020,5.4e-05
148021,0.0
148022,0.0
148023,0.053328
148024,0.227873
148025,0.270122
148026,0.041678
148027,0.0
148028,0.0
148029,0.000269
148030,0.0
148031,0.0
148032,0.0
148033,0.0
148034,0.0
148035,0.0
148036,0.0
148037,0.0
148038,0.0
148039,0.0
148040,0.0
148041,0.0
148042,0.0
148043,0.0
148044,0.0
148045,0.0
148046,0.0
148047,0.0
148048,0.0
148049,0.0
148050,0.0
148051,0.0
148052,0.0
148053,0.0
148054,0.0
148055,0.0
148056,0.0
148057,0.0
148058,0.0
148059,0.0
148060,0.0
148061,0.0
148062,0.0
148063,0.0
148064,0.0
148065,0.0
148066,0.0
148067,0.0
148068,0.0
148069,0.0
148070,0.0
148071,0.009697
148072,0.004699
148073,0.000166
148074,0.026755
148075,0.004986
148076,0.144905
148077,0.420923
148078,0.233496
148079,0.548161
148080,0.0
148081,0.0
148082,0.0
148083,0.0
148084,0.0
148085,0.0
148086,0.0
148087,0.0
148088,0.0
148089,0.0
148090,0.0
148091,0.0
148092,0.0
148093,0.0
148094,0.0
148095,0.0
148096,0.0
148097,0.307456
148098,0.693785
148099,0.0
148100,0.0
148101,0.0
148102,0.0
148103,0.0
148104,0.0
148105,0.010633
148106,0.631353
148107,1.0
148108,0.802554
148109,0.76871
148110,1.0
148111,1.0
148112,0.982927
148113,0.493167
148114,0.953703
148115,1.0
148116,1.0
148117,1.0
148118,1.0
148119,1.0
148120,0.196988
148121,6e-05
148122,0.001497
148123,0.000273
148124,0.0
148125,0.0
148126,0.0
148127,0.0
148128,0.0
148129,0.0
148130,0.0
148131,0.0
148132,0.0
148133,0.0
148134,0.060791
148135,0.0
148136,0.0
148137,0.0
148138,0.0
148139,0.540536
148140,0.26466
148141,0.0
148142,0.0
148143,0.0
148144,0.0
148145,0.0
148146,0.0
148147,0.0
148148,0.0
148149,0.569654
148150,1.0
148151,0.975052
148152,0.260006
148153,0.0
148154,0.0
148155,0.0
148156,0.0
148157,0.0043
148158,0.025511
148159,0.0
148160,0.0
148161,0.001648
148162,0.0
148163,0.0
148164,0.050974
148165,0.055834
148166,0.148486
148167,0.024506
148168,0.0
148169,0.0
148170,0.0
148171,0.0
148172,0.0
148173,0.0
148174,0.008877
148175,0.0
148176,0.0
148177,0.0
148178,0.0
148179,0.00741
148180,0.0
148181,0.00385
148182,0.002975
148183,0.0
148184,0.0
148185,0.0
148186,0.0
148187,0.0
148188,0.023362
148189,0.0
148190,0.0
148191,0.0
148192,0.1287
148193,0.0
148194,0.0
148195,0.0
148196,0.0
148197,0.0
148198,0.0
148199,0.0
148200,0.0
148201,0.0
148202,0.0
148203,0.0
148204,0.117174
148205,0.99084
148206,0.899903
148207,0.930816
148208,0.639168
148209,0.255237
148210,0.0
148211,0.0
148212,0.0
148213,0.0
148214,0.0
148215,0.0
148216,0.0
148217,0.0
148218,0.0
148219,0.0
148220,0.038656
148221,0.194256
148222,0.0
148223,0.0
148224,0.0
148225,0.0
148226,0.0
148227,0.0
148228,0.0
148229,0.0
148230,0.0
148231,0.0
148232,8.5e-05
148612,0.038142
148613,0.053637
148614,0.006029
148615,0.536737
148616,0.957251
148617,1.0
148618,1.0
148619,1.0
148620,1.0
148621,1.0
148622,1.0
148623,1.0
148624,1.0
148625,1.0
148626,1.0
148627,1.0
148628,1.0
148629,1.0
148630,1.0
148632,1.0
148633,1.0
148634,1.0
148635,1.0
148636,1.0
148638,1.0
148639,1.0
148640,1.0
148641,1.0
148643,0.111139
148644,0.002042
148645,0.002566
148646,0.039875
148647,0.0
148648,0.0
148649,0.031028
148650,0.004088
148651,0.089584
148652,0.0
148653,0.0
148654,0.0
148655,0.0
148656,0.0
148657,0.552547
148658,1.0
148660,1.0
148661,1.0
148662,1.0
148663,1.0
148664,0.206195
148665,0.320102
148666,0.093973
148667,0.0
148668,0.0
148669,0.0
148670,0.0
148671,0.0
148672,0.0
148673,0.0
148674,0.907606
148675,1.0
148676,1.0
148677,1.0
148678,1.0
148679,1.0
148680,1.0
148681,1.0
148682,1.0
148684,0.065359
148685,0.000114
148686,0.073635
148687,0.021723
148688,0.000268
148689,0.0
148690,0.323667
148691,0.03016
148692,0.062992
148693,0.0775
148694,0.118284
148695,0.531648
148696,0.082588
148697,0.219617
148698,0.329925
148699,0.035252
148700,0.0
148701,0.000124
148702,0.000104
148703,0.301263
148704,0.531406
148705,0.080159
148706,0.0
148707,0.043531
148708,0.319721
148709,0.190212
148710,0.110987
148711,0.074908
148712,0.0
148713,0.0
148714,0.0
148715,0.0
148716,0.0
148717,0.0
148718,0.0
148719,0.006103
148720,0.07647
148721,0.0
148722,0.0
148723,0.022202
148724,0.001301
148725,0.0
148726,0.0
148727,0.0
148728,0.0
148729,0.0
148730,0.0
148731,0.0
148732,0.0
148733,0.0
148734,0.0
148735,0.0
148736,0.0
148737,0.0
148738,0.0
148739,0.0
148740,0.0
148741,0.0
148742,0.0
148743,0.0
148744,0.0
148745,0.0
148746,0.0
148747,0.0
148748,0.0
148749,0.0
148750,0.0
148751,0.0
148752,0.0
148753,0.0
148754,0.0
148755,0.269805
148756,0.110317
148757,0.0
148758,0.0
148759,0.0
148760,0.575287
148761,0.654115
148762,0.867508
148763,0.613581
148764,0.0
148765,0.0
148766,0.0
148767,0.0
148768,0.0
148769,0.0
148770,0.0
148771,0.0
148772,0.0
148773,0.0
148774,0.0
148775,0.0
148776,0.0
148777,0.0
148778,0.0
148779,0.0
148780,0.0
148781,0.0
148782,0.0
148783,0.0
148784,0.0
148785,0.0
148786,0.0
148787,0.0
148788,0.0
148789,0.0
148790,0.134195
148791,0.289118
148792,0.916628
148793,1.0
148794,0.559258
148795,0.471265
148796,0.533443
148797,0.478796
148798,0.797745
148799,1.0
148800,1.0
148801,1.0
148802,1.0
148803,1.0
148804,0.124396
148805,0.0
148806,0.0
148807,0.0
148808,0.0
148809,0.0
148810,0.0
148811,0.0
148812,0.0
148813,0.0
148814,0.0
148815,0.0
148816,0.0
148817,0.0
148818,0.006448
148819,0.023771
148820,0.0
148821,0.0
148822,0.0
148823,0.055617
148824,0.155048
148825,0.0
148826,0.0
148827,0.0
148828,0.0
148829,0.0
148830,0.0
148831,0.0
148832,0.0
148833,0.200598
148834,1.0
148835,0.708764
148836,0.000199
148837,0.0
148838,0.0
148839,0.001461
148840,0.022703
148841,0.034694
148842,0.0
148843,0.0
148844,0.0
148845,9.6e-05
148846,0.0
148847,0.0
148848,0.363465
148849,0.937111
148850,0.98831
148851,0.990306
148852,0.160514
148853,0.0
148854,0.0
148855,0.0
148856,0.0
148857,5.9e-05
148858,0.0
148859,0.0
148860,0.0
148861,0.0
148862,0.0
148863,0.0
148864,0.0
148865,0.0
148866,0.0
148867,0.0
148868,0.0
148869,0.0
148870,0.0
148871,0.0
148872,0.0
148873,0.0
148874,0.0
148875,0.014548
148876,0.034163
148877,0.0
148878,0.0
148879,0.0
148880,0.0
148881,0.0
148882,0.0
148883,0.0
148884,0.0
148885,0.0
148886,0.0
148887,0.0
148888,0.001563
148889,0.436391
148890,0.779349
148891,0.459872
148892,0.384426
148893,0.0
148894,0.0
148895,0.0
148896,0.0
148897,0.0
148898,0.0
148899,0.0
148900,0.0
148901,0.0
148902,0.0
148903,0.0
148904,0.0
148905,0.0
148906,0.0
148907,0.0
148908,0.0
148909,0.0
148910,0.0
148911,0.0
148912,0.0
148913,0.0
148914,0.0
148915,0.0
148916,0.0
149296,0.027444
149297,0.012857
149298,0.002902
149299,0.424051
149300,0.983487
149301,0.837075
149302,0.718891
149303,1.0
149304,1.0
149305,1.0
149306,1.0
149307,1.0
149308,1.0
149309,1.0
149310,1.0
149311,1.0
149312,1.0
149313,1.0
149314,1.0
149316,0.942403
149317,0.982782
149318,1.0
149319,1.0
149323,1.0
149324,1.0
149325,0.004181
149326,0.012128
149327,0.007362
149328,0.626313
149329,0.64627
149330,0.377139
149331,0.013518
149332,0.004153
149333,0.0
149334,0.0
149335,0.0
149336,0.0
149337,0.0
149338,0.0
149339,0.0
149340,0.031756
149341,0.711934
149342,1.0
149343,1.0
149344,1.0
149345,1.0
149346,1.0
149347,1.0
149348,1.0
149349,0.885469
149350,0.055841
149351,0.0
149352,0.0
149353,0.0
149354,0.0
149355,0.0
149356,0.0
149357,0.0
149358,0.0
149359,1.0
149361,1.0
149362,1.0
149363,1.0
149364,1.0
149365,1.0
149366,0.564311
149367,0.164975
149368,0.064178
149369,0.002761
149370,0.000684
149371,0.000202
149372,0.003482
149373,0.074895
149374,0.031808
149375,0.000288
149376,0.232703
149377,0.315114
149378,0.191429
149379,0.215334
149380,0.328118
149381,0.595713
149382,0.224114
149383,0.008977
149384,0.0
149385,0.0
149386,0.0
149387,0.000506
149388,0.660809
149389,0.164987
149390,0.0
149391,0.0
149392,0.0
149393,0.101859
149394,0.043842
149395,0.036105
149396,0.0
149397,5.3e-05
149398,0.0
149399,0.0
149400,0.0
149401,0.0
149402,0.0
149403,0.396226
149404,0.756312
149405,0.005632
149406,0.0
149407,0.04684
149408,0.022859
149409,0.0
149410,0.0
149411,0.0
149412,0.0
149413,0.0
149414,0.0
149415,0.0
149416,0.0
149417,0.0
149418,0.0
149419,0.0
149420,0.0
149421,0.0
149422,0.0
149423,0.0
149424,0.0
149425,0.0
149426,0.0
149427,0.0
149428,0.0
149429,0.0
149430,0.0
149431,0.0
149432,0.0
149433,0.0
149434,0.0
149435,0.0
149436,0.0
149437,0.0
149438,0.0
149439,0.0
149440,0.0
149441,0.0
149442,0.0
149443,0.0
149444,0.0
149445,0.0
149446,0.0
149447,0.0
149448,0.0
149449,0.0
149450,0.0
149451,0.0
149452,0.0
149453,0.0
149454,0.0
149455,0.0
149456,0.0
149457,0.0
149458,0.0
149459,0.0
149460,0.0
149461,0.0
149462,0.0
149463,0.0
149464,0.0
149465,0.0
149466,0.0
149467,0.0
149468,0.0
149469,0.0
149470,0.0
149471,0.0
149472,0.0
149473,0.0
149474,0.0
149475,0.000106
149476,0.007344
149477,0.489207
149478,0.105682
149479,0.163294
149480,0.000937
149481,0.03981
149482,0.82712
149483,1.0
149484,1.0
149485,1.0
149486,1.0
149487,0.667964
149488,0.084511
149489,0.079475
149490,0.0
149491,0.0
149492,0.0
149493,0.0
149494,0.0
149495,0.0
149496,0.0
149497,0.0
149498,0.0
149499,0.0
149500,0.0
149501,0.0
149502,0.0
149503,0.019024
149504,0.014702
149505,0.0
149506,0.0
149507,0.0
149508,0.0
149509,0.0
149510,0.0
149511,0.000473
149512,0.0
149513,0.0
149514,0.0
149515,0.0
149516,0.0
149517,0.375774
149518,0.842958
149519,0.632051
149520,0.0
149521,0.0
149522,0.0
149523,0.043463
149524,0.0
149525,0.0
149526,0.0
149527,0.0
149528,0.0
149529,0.0
149530,0.0
149531,0.00046
149532,0.152656
149533,0.788215
149534,1.0
149535,0.933186
149536,0.209461
149537,0.0
149538,0.0
149539,0.0
149540,0.0
149541,0.0
149542,0.0
149543,0.0
149544,0.0
149545,0.0
149546,0.0
149547,0.0
149548,0.0
149549,0.0
149550,0.0
149551,0.0
149552,0.0
149553,0.0
149554,0.0
149555,0.0
149556,0.163696
149557,0.0
149558,0.227864
149559,0.019181
149560,0.0
149561,0.0
149562,0.0
149563,0.0
149564,0.0
149565,0.0
149566,0.0
149567,0.0
149568,0.0
149569,0.0
149570,0.0
149571,0.0
149572,0.0
149573,0.0
149574,0.0
149575,0.706564
149576,0.967574
149577,0.119854
149578,0.0
149579,0.0
149580,0.0
149581,0.0
149582,0.0
149583,0.0
149584,0.11524
149585,0.0
149586,0.0
149587,0.0
149588,0.0
149589,0.000362
149590,0.000572
149591,0.002135
149592,0.0
149593,0.0
149594,0.107052
149595,0.0
149596,0.0
149597,0.0
149598,0.0
149980,0.036259
149981,0.0
149982,0.010458
149983,0.003685
149984,0.06851
149985,0.115136
149986,0.148347
149987,0.66196
149988,1.0
149989,1.0
149990,1.0
149991,1.0
149992,1.0
149993,1.0
149994,1.0
149995,1.0
149996,1.0
149997,1.0
149998,1.0
150000,1.0
150001,0.774326
150002,0.987261
150003,1.0
150004,1.0
150005,1.0
150006,1.0
150007,0.999769
150008,1.0
150009,0.003589
150010,0.00107
150011,0.00344
150014,1.0
150015,0.607042
150016,0.013522
150017,0.590582
150018,0.0
150019,0.058544
150020,0.0
150021,0.0
150022,0.0
150023,0.0
150024,0.0
150025,0.126505
150026,1.0
150029,1.0
150030,1.0
150031,1.0
150032,0.634019
150033,0.043982
150034,0.0
150035,0.0
150036,0.0
150037,0.0
150038,0.0
150039,0.0
150040,0.0
150041,0.0
150042,0.0
150043,1.0
150044,1.0
150045,1.0
150046,1.0
150047,1.0
150048,1.0
150049,1.0
150050,1.0
150051,0.13239
150052,8.3e-05
150053,0.0
150054,0.0
150055,0.0
150056,0.006445
150057,0.964331
150058,0.700192
150059,0.00117
150060,0.386367
150061,0.608762
150062,0.746049
150063,0.63131
150064,0.418207
150065,0.036178
150066,0.083731
150067,0.018868
150068,0.000632
150069,0.000712
150070,0.197784
150071,0.04689
150072,0.001021
150073,0.0
150074,0.004035
150075,0.001268
150076,0.005561
150077,0.125859
150078,0.472188
150079,0.045082
150080,0.054645
150081,0.128901
150082,0.0
150083,0.0
150084,0.0
150085,0.0
150086,0.0
150087,0.241676
150088,0.400207
150089,0.006429
150090,0.0
150091,0.0
150092,0.0
150093,0.0
150094,0.0
150095,0.0
150096,0.0
150097,0.0
150098,0.0
150099,0.0
150100,0.0
150101,0.0
150102,0.0
150103,0.0
150104,0.0
150105,0.0
150106,0.0
150107,0.0
150108,0.0
150109,0.0
150110,0.0
150111,0.0
150112,0.0
150113,0.0
150114,0.0
150115,0.0
150116,0.0
150117,0.0
150118,0.0
150119,0.0
150120,0.0
150121,0.0
150122,0.0
150123,0.0
150124,0.0
150125,0.0
150126,0.0
150127,0.0
150128,0.0
150129,0.0
150130,0.0
150131,0.0
150132,0.0
150133,0.0
150134,0.0
150135,0.0
150136,0.0
150137,0.0
150138,0.0
150139,0.0
150140,0.0
150141,0.175319
150142,0.046721
150143,0.0
150144,0.0
150145,0.0
150146,0.0
150147,0.0
150148,0.0
150149,0.0
150150,0.023117
150151,0.008356
150152,0.0
150153,0.0
150154,0.0
150155,0.0
150156,0.0
150157,0.0
150158,0.0
150159,0.0
150160,0.0
150161,0.0
150162,0.0
150163,0.799229
150164,0.831467
150165,0.840326
150166,1.0
150167,1.0
150168,1.0
150169,1.0
150170,0.834574
150171,0.490556
150172,0.060858
150173,0.0
150174,0.0
150175,0.0
150176,0.0
150177,0.0
150178,0.0
150179,0.0
150180,0.149108
150181,0.0
150182,0.0
150183,0.0
150184,0.0
150185,0.0
150186,0.0
150187,0.0
150188,0.032416
150189,0.033829
150190,0.0
150191,0.0
150192,0.0
150193,0.0
150194,0.0
150195,0.0
150196,0.0
150197,0.0
150198,0.0
150199,0.0
150200,0.0
150201,8.5e-05
150202,0.0
150203,0.0
150204,0.0
150205,0.0
150206,0.0
150207,0.053558
150208,0.0
150209,0.0
150210,0.0
150211,0.0
150212,0.0
150213,0.0
150214,0.0
150215,0.0
150216,0.0
150217,0.327966
150218,1.0
150219,0.612184
150220,0.0
150221,0.0
150222,0.0
150223,0.0
150224,0.0
150225,0.0
150226,0.0
150227,0.0
150228,0.0
150229,0.0
150230,0.0
150231,0.0
150232,0.0
150233,0.151906
150234,0.0
150235,0.0
150236,0.0
150237,0.0
150238,0.0
150239,0.0
150240,0.36621
150241,0.388304
150242,0.0
150243,0.0
150244,0.0
150245,0.0
150246,0.0
150247,0.0
150248,0.0
150249,0.0
150250,0.014275
150251,0.115241
150252,0.007195
150253,0.0
150254,0.0
150255,0.0
150256,0.0
150257,0.0
150258,0.0
150259,0.170449
150260,0.95549
150261,0.326108
150262,0.0
150263,0.0
150264,0.0
150265,0.0
150266,0.0
150267,0.0
150268,0.0
150269,0.0
150270,0.0
150271,0.0
150272,0.0
150273,0.0
150274,0.0
150275,0.0
150276,0.0
150277,0.004083
150278,0.945394
150279,0.939014
150280,0.321323
150281,0.049931
150282,0.0
150283,0.0
150670,0.0
150671,0.432105
150672,1.0
150675,1.0
150676,1.0
150677,1.0
150678,1.0
150679,1.0
150680,1.0
150681,1.0
150682,1.0
150683,0.143683
150684,0.001599
150685,0.918092
150686,1.0
150687,1.0
150688,1.0
150689,1.0
150690,1.0
150691,1.0
150692,0.780423
150693,0.098889
150694,0.000893
150695,0.038199
150696,0.058737
150697,0.216568
150699,0.813822
150700,0.081125
150701,0.85136
150702,0.188226
150703,0.306463
150704,0.000313
150705,0.0
150706,0.0
150707,0.0
150708,0.0
150709,0.0
150714,0.800305
150715,0.323138
150716,0.049278
150717,0.0
150718,0.0
150719,0.0
150720,0.0
150721,0.0
150722,0.0
150723,0.0
150724,0.0
150725,0.0
150726,0.0
150729,1.0
150730,1.0
150731,1.0
150732,1.0
150733,1.0
150734,1.0
150735,0.190064
150736,0.001748
150737,0.0
150738,0.001079
150739,0.000331
150740,0.023636
150741,0.874121
150742,1.0
150743,0.01252
150744,0.001579
150745,0.002841
150746,0.106876
150747,0.680277
150748,0.667582
150749,0.699201
150750,0.452167
150751,0.226279
150752,0.022156
150753,0.010643
150754,0.010573
150755,0.000214
150756,0.010522
150757,0.006094
150758,0.022621
150759,0.005522
150760,0.04478
150761,0.031926
150762,0.08417
150763,0.055125
150764,0.158659
150765,0.06878
150766,0.009323
150767,0.0
150768,0.0
150769,0.0
150770,0.000252
150771,0.001182
150772,0.0
150773,0.0
150774,0.0
150775,0.0
150776,0.0
150777,4.9e-05
150778,0.0
150779,0.0
150780,0.0
150781,0.0
150782,0.0
150783,0.0
150784,0.0
150785,0.0
150786,0.0
150787,0.0
150788,0.0
150789,0.0
150790,0.0
150791,0.0
150792,0.0
150793,0.0
150794,0.0
150795,0.0
150796,0.0
150797,0.0
150798,0.0
150799,0.0
150800,0.0
150801,0.0
150802,0.0
150803,0.0
150804,0.0
150805,0.0
150806,0.0
150807,0.0
150808,0.0
150809,0.0
150810,0.0
150811,0.0
150812,0.0
150813,0.0
150814,0.0
150815,0.0
150816,0.0
150817,0.0
150818,0.0
150819,0.0
150820,0.0
150821,0.0
150822,0.0
150823,0.0
150824,0.0
150825,0.0
150826,0.000649
150827,0.0
150828,0.0
150829,0.0
150830,0.0
150831,0.0
150832,0.0
150833,0.0
150834,0.183012
150835,0.022271
150836,0.0
150837,0.0
150838,0.0
150839,0.0
150840,0.0
150841,0.0
150842,0.0
150843,0.0
150844,0.0
150845,0.0
150846,0.0
150847,0.08449
150848,0.211161
150849,0.053928
150850,0.10576
150851,0.255772
150852,0.150237
150853,0.153727
150854,0.021912
150855,0.0
150856,0.0
150857,0.0
150858,0.0
150859,0.0
150860,0.0
150861,0.0
150862,0.0
150863,0.0
150864,0.227101
150865,0.262644
150866,0.0
150867,0.0
150868,0.0
150869,0.0
150870,0.0
150871,0.0
150872,0.013743
150873,0.0
150874,0.0
150875,0.0
150876,0.0
150877,0.0
150878,0.0
150879,0.0
150880,0.0
150881,0.0
150882,0.0
150883,0.0
150884,0.0
150885,0.0
150886,0.0
150887,0.0
150888,0.0
150889,0.0
150890,0.016627
150891,0.000103
150892,0.0
150893,0.0
150894,0.0
150895,0.0
150896,0.0
150897,0.0
150898,0.0
150899,0.0
150900,0.0
150901,0.496708
150902,0.968794
150903,0.644585
150904,0.0
150905,0.0
150906,0.0
150907,0.0
150908,0.0
150909,0.0
150910,0.0
150911,0.0
150912,0.0
150913,0.0
150914,0.0
150915,0.00918
150916,0.322397
150917,0.176637
150918,0.0
150919,0.0
150920,0.0
150921,0.0
150922,0.0
150923,0.0
150924,0.0
150925,0.006053
150926,0.0
150927,0.0
150928,0.0
150929,0.0
150930,0.0
150931,0.0
150932,0.0
150933,0.0
150934,0.355053
150935,0.986076
150936,0.031879
150937,0.0
150938,0.0
150939,0.0
150940,0.0
150941,0.0
150942,0.0
150943,0.0
150944,0.00031
150945,0.004536
150946,0.0
150947,0.0
150948,0.0
150949,0.0
150950,0.0
150951,0.0
150952,0.0
150953,0.0
150954,0.0
150955,0.0
150956,0.0
150957,0.0
150958,0.0
150959,0.0
150960,0.0
150961,0.060051
150962,0.989574
150963,1.0
150964,1.0
150965,1.0
150966,0.997401
151362,1.0
151363,1.0
151364,1.0
151365,1.0
151366,1.0
151367,0.112025
151368,0.002567
151369,0.728098
151370,0.922546
151371,1.0
151372,1.0
151373,0.982648
151374,0.816387
151375,0.309954
151376,0.01848
151377,0.09961
151378,0.133883
151379,0.851167
151380,1.0
151381,0.26253
151382,0.224129
151383,1.0
151384,0.237778
151386,0.094371
151387,0.387233
151388,1.0
151390,0.0
151391,0.0
151392,0.0
151393,0.0
151398,0.731981
151399,0.910792
151400,0.07025
151401,0.0
151402,0.0
151403,0.0
151404,0.0
151405,0.0
151406,0.0
151407,0.0
151408,0.0
151409,0.00083
151410,0.338929
151414,1.0
151415,1.0
151416,1.0
151417,1.0
151418,1.0
151419,0.98766
151420,0.209411
151421,0.495134
151422,0.098822
151423,0.000585
151424,0.098186
151425,0.603551
151427,0.092416
151428,0.186252
151429,0.267998
151430,0.000361
151431,0.67176
151432,0.974471
151433,1.0
151434,1.0
151435,0.947335
151436,0.762265
151437,0.026093
151438,0.0
151439,5.1e-05
151440,0.311504
151441,0.042081
151442,0.0
151443,0.000282
151444,0.011859
151445,0.003995
151446,0.014554
151447,0.192614
151448,0.479555
151449,0.068816
151450,0.0
151451,0.04407
151452,0.0
151453,0.0
151454,0.0
151455,0.0
151456,0.0
151457,0.0
151458,0.0
151459,0.0
151460,0.0
151461,0.000609
151462,0.0
151463,0.0
151464,0.0
151465,0.0
151466,0.0
151467,0.0
151468,0.0
151469,0.0
151470,0.0
151471,0.0
151472,0.0
151473,0.0
151474,0.0
151475,0.0
151476,0.0
151477,0.0
151478,0.0
151479,0.0
151480,0.0
151481,0.0
151482,0.0
151483,0.0
151484,0.0
151485,0.0
151486,0.0
151487,0.0
151488,0.0
151489,0.0
151490,0.0
151491,0.0
151492,0.0
151493,0.0
151494,0.0
151495,0.0
151496,0.0
151497,0.0
151498,0.0
151499,0.0
151500,0.0
151501,0.0
151502,0.0
151503,0.0
151504,0.0
151505,0.0
151506,0.0
151507,0.0
151508,0.0
151509,0.0
151510,0.0
151511,0.0
151512,0.001021
151513,0.0
151514,0.0
151515,0.0
151516,0.0
151517,0.0
151518,0.0
151519,0.0
151520,0.0
151521,0.0
151522,0.0
151523,0.0
151524,0.0
151525,0.0
151526,0.0
151527,0.0
151528,0.0
151529,0.0
151530,0.0
151531,0.0
151532,0.0
151533,0.0
151534,0.0
151535,0.0
151536,0.0
151537,0.0
151538,0.0
151539,0.0
151540,0.0
151541,0.0
151542,0.0
151543,0.0
151544,0.0
151545,0.0
151546,0.0
151547,0.0
151548,0.0
151549,0.0
151550,0.0
151551,0.0
151552,0.0
151553,0.0
151554,0.0
151555,0.0
151556,0.0
151557,0.0
151558,0.0
151559,0.0
151560,0.0
151561,0.0
151562,0.0
151563,0.0
151564,0.001706
151565,0.0
151566,0.079984
151567,0.075153
151568,0.0
151569,0.0
151570,0.0
151571,0.0
151572,0.0
151573,0.109576
151574,0.295322
151575,0.0
151576,0.0
151577,0.0
151578,0.0
151579,0.0
151580,0.0
151581,0.0
151582,0.0
151583,0.0
151584,0.0
151585,0.001018
151586,0.001569
151587,0.0
151588,0.0
151589,0.0
151590,0.0
151591,0.0
151592,0.0
151593,0.0
151594,0.0
151595,0.0
151596,0.0
151597,0.0
151598,0.0
151599,0.196206
151600,0.847552
151601,0.232229
151602,0.0
151603,0.0
151604,0.0
151605,0.0
151606,0.0
151607,0.0
151608,0.0
151609,0.025828
151610,0.055674
151611,0.015042
151612,0.0
151613,0.0
151614,0.0
151615,0.0
151616,0.0
151617,0.0
151618,0.032979
151619,0.204278
151620,0.0
151621,0.0
151622,0.0
151623,0.0
151624,0.0
151625,0.0
151626,0.0
151627,0.08764
151628,0.656013
151629,0.0
151630,0.0
151631,0.0
151632,0.415101
151633,0.2645
151634,0.007438
151635,0.0
151636,0.0
151637,0.0
151638,0.0
151639,0.0
151640,0.0
151641,0.0
151642,0.0
151643,0.0
151644,0.0
151645,0.0
151646,0.409223
151647,0.958239
151648,1.0
151649,1.0
151650,1.0
152050,0.005829
152051,0.015002
152052,0.388292
152053,0.216355
152054,0.47918
152055,0.35236
152056,0.19623
152057,0.546721
152058,0.281773
152059,0.066521
152060,0.130924
152061,0.058716
152062,0.070811
152063,0.330785
152064,0.74211
152065,0.232455
152066,0.326113
152067,0.402539
152068,0.071158
152069,0.010735
152071,0.219693
152077,0.0
152082,0.014868
152083,0.067286
152084,0.0
152085,0.0
152086,0.0
152087,0.0
152088,0.0
152089,9.4e-05
152090,0.0
152091,0.0
152092,0.0
152093,0.151947
152094,1.0
152095,1.0
152097,1.0
152098,1.0
152099,1.0
152101,1.0
152102,1.0
152103,1.0
152104,0.155496
152105,0.143014
152106,0.019274
152107,0.050842
152108,0.18376
152109,0.023251
152110,1.0
152111,0.37551
152112,0.244615
152113,0.166189
152114,0.0
152115,0.637629
152116,0.993301
152117,1.0
152118,1.0
152119,1.0
152120,1.0
152121,0.410352
152122,0.01997
152123,6.5e-05
152124,0.784678
152125,0.012535
152126,0.0
152127,0.0
152128,0.008459
152129,0.006705
152130,0.01176
152131,0.001703
152132,0.002813
152133,0.077638
152134,0.45079
152135,0.360704
152136,0.074412
152137,0.000829
152138,0.009192
152139,0.0
152140,0.0
152141,0.0
152142,0.0
152143,0.0
152144,0.0
152145,0.0
152146,0.0
152147,0.0
152148,0.0
152149,0.0
152150,0.0
152151,0.0
152152,0.0
152153,0.0
152154,0.0
152155,0.0
152156,0.0
152157,0.0
152158,0.0
152159,0.0
152160,0.0
152161,0.0
152162,0.0
152163,0.0
152164,0.0
152165,0.0
152166,0.0
152167,0.0
152168,0.0
152169,0.0
152170,0.0
152171,0.0
152172,0.0
152173,0.0
152174,0.0
152175,0.0
152176,0.0
152177,0.0
152178,0.0
152179,0.0
152180,0.0
152181,0.0
152182,0.0
152183,0.0
152184,0.0
152185,0.0
152186,0.0
152187,0.0
152188,0.0
152189,0.0
152190,0.0
152191,0.0
152192,0.0
152193,0.0
152194,0.0
152195,0.0
152196,0.016023
152197,0.008742
152198,0.0
152199,0.0
152200,0.0
152201,0.0
152202,0.0
152203,0.0
152204,0.0
152205,0.0
152206,0.0
152207,0.0
152208,0.0
152209,0.0
152210,0.0
152211,0.0
152212,0.0
152213,0.0
152214,0.0
152215,0.0
152216,0.0
152217,0.0
152218,0.0
152219,0.0
152220,0.0
152221,0.0
152222,0.0
152223,0.0
152224,0.0
152225,0.0
152226,0.0
152227,0.0
152228,0.0
152229,0.0
152230,0.0
152231,0.0
152232,0.0
152233,0.0
152234,0.0
152235,0.0
152236,0.0
152237,0.0
152238,0.015983
152239,0.032827
152240,0.0
152241,0.0
152242,0.0
152243,0.0
152244,0.0
152245,0.0
152246,0.0
152247,0.0
152248,0.0
152249,0.0
152250,0.546714
152251,0.58712
152252,0.0
152253,0.0
152254,0.0
152255,0.0
152256,0.0
152257,0.141232
152258,0.255343
152259,0.0
152260,0.0
152261,0.0
152262,0.0
152263,0.0
152264,0.0
152265,0.0
152266,0.0
152267,0.0
152268,0.0
152269,0.0
152270,0.0
152271,0.0
152272,0.0
152273,0.0
152274,0.0
152275,0.0
152276,0.0
152277,0.0
152278,0.0
152279,0.0
152280,0.0
152281,0.082389
152282,0.039305
152283,0.04101
152284,0.736934
152285,0.228801
152286,0.0
152287,0.0
152288,0.0
152289,0.0
152290,0.0
152291,0.0
152292,0.0
152293,0.0
152294,0.054464
152295,0.016289
152296,0.0
152297,0.0
152298,0.0
152299,0.0
152300,0.0
152301,0.0
152302,0.015373
152303,0.0
152304,0.0
152305,0.0
152306,0.0
152307,0.0
152308,0.0
152309,0.0
152310,0.067792
152311,0.850607
152312,0.493759
152313,0.0
152314,0.0
152315,0.0
152317,0.070725
152318,0.000824
152319,0.0
152320,0.0
152321,0.0
152322,0.0
152323,0.0
152324,0.0
152325,0.0
152326,0.0
152327,0.0
152328,0.0
152329,0.0
152330,0.517287
152331,0.645164
152332,0.939143
152333,0.896994
152734,0.42758
152735,0.54208
152736,0.801922
152737,0.997893
152738,0.929029
152739,0.858395
152740,0.737397
152741,0.694318
152742,0.757833
152743,0.977649
152744,1.0
152745,0.940071
152746,0.876188
152747,0.977546
152748,1.0
152749,0.782135
152750,0.914811
152751,0.959994
152752,1.0
152754,0.00431
152755,0.212739
152759,0.0
152761,0.0
152762,0.0
152766,0.178236
152767,0.315931
152768,0.096796
152769,0.0
152770,0.0
152771,0.0
152772,0.0
152773,0.0
152774,0.0
152775,0.0
152776,0.0
152777,0.126085
152778,1.0
152779,1.0
152780,1.0
152782,1.0
152783,1.0
152784,1.0
152785,1.0
152786,1.0
152787,1.0
152788,1.0
152789,1.0
152790,0.882119
152791,1.0
152792,0.080177
152793,0.01383
152794,0.59629
152795,0.513942
152796,0.616844
152797,0.017262
152798,0.0
152799,0.23435
152800,1.0
152801,1.0
152802,1.0
152803,1.0
152804,1.0
152805,0.426605
152806,0.000281
152807,0.0
152808,0.206953
152809,0.050179
152810,0.126463
152811,0.067591
152812,0.02803
152813,0.000874
152814,0.027352
152815,0.013112
152816,0.009502
152817,0.021628
152818,0.297756
152819,0.298037
152820,0.168266
152821,0.011148
152822,0.001859
152823,0.000539
152824,0.0
152825,0.0
152826,0.0
152827,0.0
152828,0.0
152829,0.0
152830,0.0
152831,0.0
152832,0.0
152833,0.0
152834,0.0
152835,0.0
152836,0.0
152837,0.0
152838,0.0
152839,0.0
152840,0.0
152841,0.0
152842,0.0
152843,0.0
152844,0.0
152845,0.0
152846,0.0
152847,0.0
152848,0.0
152849,0.0
152850,0.0
152851,0.0
152852,0.0
152853,0.0
152854,0.0
152855,0.0
152856,0.0
152857,0.0
152858,0.0
152859,0.0
152860,0.0
152861,0.0
152862,0.0
152863,0.0
152864,0.0
152865,0.114763
152866,0.011539
152867,0.0
152868,0.0
152869,0.0
152870,0.0
152871,0.0
152872,0.0
152873,0.0
152874,0.0
152875,0.0
152876,0.0
152877,0.0
152878,0.0
152879,0.0
152880,0.0
152881,0.0
152882,0.0
152883,0.0
152884,0.0
152885,0.0
152886,0.0
152887,0.0
152888,0.0
152889,0.0
152890,0.0
152891,0.0
152892,0.0
152893,0.0
152894,0.0
152895,0.0
152896,0.0
152897,0.0
152898,0.0
152899,0.0
152900,0.0
152901,0.0
152902,0.0
152903,0.0
152904,0.0
152905,0.0
152906,0.0
152907,0.0
152908,0.0
152909,0.0
152910,0.0
152911,0.0
152912,0.0
152913,0.0
152914,0.0
152915,0.0
152916,0.0
152917,0.0
152918,0.0
152919,0.0
152920,0.0
152921,0.0
152922,0.0
152923,0.0
152924,0.0
152925,0.0
152926,0.0
152927,0.0
152928,0.0
152929,0.0
152930,0.0
152931,0.0
152932,0.0
152933,0.0
152934,0.133916
152935,0.447327
152936,0.0
152937,0.0
152938,0.0
152939,0.0
152940,0.0
152941,0.021865
152942,0.0
152943,0.0
152944,0.0
152945,0.0
152946,0.0
152947,0.0
152948,0.0
152949,0.0
152950,0.0
152951,0.0
152952,0.0
152953,0.0
152954,0.0
152955,0.0
152956,0.0
152957,0.0
152958,0.0
152959,0.0
152960,0.0
152961,0.0
152962,0.0
152963,0.0
152964,0.0
152965,0.27909
152966,0.220642
152967,0.205478
152968,0.66696
152969,0.0
152970,0.0
152971,0.0
152972,0.0
152973,0.0
152974,0.0
152975,0.0
152976,0.0
152977,0.0
152978,0.0
152979,0.0
152980,0.0
152981,0.0
152982,0.0
152983,0.0
152984,0.0
152985,0.284514
152986,0.61011
152987,0.0
152988,0.0
152989,0.0
152990,0.0
152991,0.0
152992,0.0
152993,0.0
152994,0.028218
152995,0.102824
152996,0.0
152997,0.0
152998,0.0
152999,0.0
153000,0.704276
153001,0.000575
153002,0.000104
153003,0.0
153004,0.0
153005,0.0
153006,0.0
153007,0.0
153008,0.0
153009,0.0
153010,0.0
153011,0.0
153012,0.0
153013,0.110777
153014,0.709841
153015,0.104106
153016,0.188167
153419,0.971715
153420,0.999955
153421,1.0
153422,1.0
153423,1.0
153424,1.0
153425,1.0
153426,1.0
153427,1.0
153428,1.0
153429,1.0
153430,1.0
153431,1.0
153432,1.0
153433,1.0
153434,1.0
153435,1.0
153436,1.0
153437,1.0
153439,0.040185
153443,0.0
153444,0.0
153445,0.0
153450,0.80807
153451,0.135608
153453,0.0
153454,0.0
153455,0.0
153456,0.0
153457,0.011113
153458,0.008772
153459,0.0
153460,0.0
153461,0.002489
153462,0.010827
153463,0.296976
153464,1.0
153465,0.220966
153466,0.759505
153467,1.0
153472,1.0
153473,1.0
153474,1.0
153475,1.0
153476,0.054982
153477,0.086574
153478,0.40083
153479,0.620803
153480,0.168212
153481,0.0
153482,0.0
153483,0.372756
153484,1.0
153485,1.0
153486,1.0
153487,1.0
153488,0.999959
153489,0.040791
153490,0.0
153491,0.008028
153492,0.443496
153493,0.044161
153494,0.532182
153495,1.0
153496,0.049445
153497,0.003036
153498,0.009272
153499,0.005831
153500,0.008108
153501,0.012099
153502,0.525843
153503,0.409153
153504,0.051292
153505,0.0
153506,0.0
153507,0.000246
153508,0.0
153509,0.000123
153510,0.0
153511,0.0
153512,0.0
153513,0.0
153514,0.0
153515,0.0
153516,0.0
153517,0.0
153518,0.0
153519,0.0
153520,0.0
153521,0.0
153522,0.0
153523,0.0
153524,0.0
153525,0.0
153526,0.0
153527,0.0
153528,0.0
153529,0.0
153530,0.0
153531,0.0
153532,0.0
153533,0.0
153534,0.0
153535,0.0
153536,0.0
153537,0.0
153538,0.0
153539,0.0
153540,0.0
153541,0.0
153542,0.0
153543,0.0
153544,0.0
153545,0.0
153546,0.0
153547,0.0
153548,0.0
153549,0.116373
153550,0.00719
153551,0.0
153552,0.0
153553,0.0
153554,0.0
153555,0.0
153556,0.0
153557,0.0
153558,0.0
153559,0.0
153560,0.0
153561,0.0
153562,0.0
153563,0.0
153564,0.0
153565,0.0
153566,0.0
153567,0.0
153568,0.0
153569,0.0
153570,0.0
153571,0.0
153572,0.0
153573,0.0
153574,0.0
153575,0.0
153576,0.0
153577,0.0
153578,0.0
153579,0.098336
153580,0.530817
153581,0.742266
153582,0.001747
153583,7e-05
153584,0.000505
153585,0.0
153586,0.0
153587,0.0
153588,0.0
153589,0.0
153590,0.0
153591,0.0
153592,0.0
153593,0.0
153594,0.0
153595,0.0
153596,0.0
153597,0.0
153598,0.0
153599,0.0
153600,0.0
153601,0.0
153602,0.0
153603,0.0
153604,0.0
153605,0.0
153606,0.0
153607,0.0
153608,0.0
153609,0.0
153610,0.0
153611,0.0
153612,0.0
153613,0.0
153614,0.0
153615,0.0
153616,0.0
153617,0.0
153618,0.0
153619,0.121686
153620,0.012023
153621,0.0
153622,0.0
153623,0.0
153624,0.0
153625,0.018326
153626,0.0
153627,0.0
153628,0.0
153629,0.000119
153630,0.003331
153631,0.0
153632,0.0
153633,0.0
153634,0.0
153635,0.0
153636,0.0
153637,0.0
153638,0.0
153639,0.0
153640,0.0
153641,0.0
153642,0.0
153643,0.0
153644,0.0
153645,0.0
153646,0.0
153647,0.0
153648,0.0
153649,0.0
153650,0.624122
153651,0.957312
153652,0.339432
153653,0.0
153654,0.0
153655,0.0
153656,0.0
153657,0.0
153658,0.0
153659,0.0
153660,0.0
153661,0.0
153662,0.0
153663,0.0
153664,0.0
153665,0.0
153666,0.0
153667,0.398153
153668,0.179627
153669,0.323571
153670,0.477027
153671,0.0
153672,0.0
153673,0.0
153674,0.0
153675,0.0
153676,0.0
153677,0.0
153678,0.0
153679,0.0
153680,0.0
153681,0.0
153682,0.0
153683,0.0
153684,0.0
153685,0.0
153686,0.0
153687,0.0
153688,0.0
153689,0.0
153690,0.0
153691,0.0
153692,0.0
153693,0.0
153694,0.0
153695,0.0
153696,0.0
153697,0.036906
153698,0.1081
153699,0.0
154104,0.999618
154105,0.999804
154106,1.0
154107,1.0
154108,0.999899
154109,0.99905
154110,0.999276
154111,1.0
154112,1.0
154113,1.0
154114,1.0
154115,1.0
154116,1.0
154117,1.0
154118,1.0
154119,1.0
154120,1.0
154121,1.0
154122,0.953888
154128,0.0
154129,0.0
154137,0.507853
154138,0.020446
154139,0.014813
154140,0.0
154141,0.008274
154142,0.007372
154143,0.005266
154144,0.00151
154145,0.0
154146,0.001173
154147,0.0
154148,0.509898
154149,0.097142
154150,0.006953
154151,0.029046
154152,0.056466
154155,1.0
154156,1.0
154157,1.0
154159,1.0
154160,0.015011
154161,0.170652
154162,0.619539
154163,0.642918
154164,0.124587
154165,0.0
154166,0.008077
154167,0.442612
154168,1.0
154169,1.0
154170,1.0
154171,1.0
154172,0.984653
154173,0.028012
154174,0.0
154175,0.771505
154176,0.039787
154177,0.134848
154178,0.066565
154179,0.082067
154180,0.034267
154181,0.005941
154182,0.002835
154183,0.009723
154184,0.028428
154185,0.058903
154186,0.381008
154187,0.25989
154188,0.050175
154189,4.2e-05
154190,0.00093
154191,0.001015
154192,0.000179
154193,0.0
154194,0.0
154195,0.0
154196,0.0
154197,0.0
154198,0.0
154199,0.0
154200,0.0
154201,0.0
154202,0.0
154203,0.0
154204,0.0
154205,0.0
154206,0.0
154207,0.0
154208,0.0
154209,0.0
154210,0.0
154211,0.0
154212,0.0
154213,0.0
154214,0.0
154215,0.0
154216,0.0
154217,0.0
154218,0.0
154219,0.0
154220,0.0
154221,0.0
154222,0.0
154223,0.0
154224,0.0
154225,0.0
154226,0.0
154227,0.0
154228,0.0
154229,0.0
154230,0.0
154231,0.0
154232,0.0
154233,0.0
154234,0.0
154235,0.0
154236,0.0
154237,0.0
154238,0.0
154239,0.0
154240,0.0
154241,0.0
154242,0.0
154243,0.0
154244,0.0
154245,0.0
154246,0.0
154247,0.0
154248,0.0
154249,0.0
154250,0.0
154251,0.0
154252,0.0
154253,0.0
154254,0.0
154255,0.0
154256,0.0
154257,0.290898
154258,0.0
154259,0.0
154260,0.0
154261,0.0
154262,0.0
154263,0.884272
154264,1.0
154265,0.935043
154266,0.000183
154267,0.00315
154268,0.001438
154269,0.0
154270,0.0
154271,0.0
154272,0.0
154273,0.0
154274,0.0
154275,0.0
154276,0.0
154277,0.0
154278,0.0
154279,0.0
154280,0.0
154281,0.0
154282,0.0
154283,0.0
154284,0.0
154285,0.0
154286,0.0
154287,0.0
154288,0.0
154289,0.0
154290,0.0
154291,0.0
154292,0.0
154293,0.000499
154294,0.002766
154295,0.0
154296,0.0
154297,0.0
154298,0.0
154299,0.0
154300,0.0
154301,0.0
154302,0.0
154303,0.113605
154304,0.349144
154305,0.0
154306,0.0
154307,0.0
154308,0.001925
154309,0.012703
154310,0.0
154311,0.0
154312,0.0
154313,0.007418
154314,0.240853
154315,0.0
154316,0.0
154317,0.0
154318,0.0
154319,0.0
154320,0.0
154321,0.0
154322,0.0
154323,0.0
154324,0.0
154325,0.0
154326,0.0
154327,0.0
154328,0.0
154329,0.0
154330,0.0
154331,0.0
154332,0.0
154333,0.240975
154334,0.970716
154335,0.405521
154336,0.0
154337,0.0
154338,0.0
154339,0.0
154340,0.0
154341,0.0
154342,0.0
154343,0.0
154344,0.0
154345,0.0
154346,0.0
154347,0.0
154348,0.0
154349,0.0
154350,0.0
154351,0.473631
154352,0.744185
154353,0.752688
154354,0.451404
154355,0.0
154356,0.0
154357,0.0
154358,0.0
154359,0.0
154360,0.0
154361,0.0
154362,0.0
154363,0.0
154364,0.0
154365,0.0
154366,0.0
154367,0.0
154368,0.0
154369,0.0
154370,0.0
154371,0.0
154372,0.0
154373,0.0
154374,0.0
154375,0.0
154376,0.0
154377,0.0
154378,0.0
154379,0.0
154380,0.0
154381,0.0
154382,0.0
154383,0.0
154790,1.0
154791,0.999594
154792,0.999938
154794,0.980821
154795,0.998827
154796,1.0
154797,1.0
154798,1.0
154799,1.0
154800,1.0
154801,0.864922
154802,1.0
154803,1.0
154804,0.179408
154805,0.135833
154806,0.094886
154807,0.0
154821,0.001733
154822,0.001048
154823,0.000364
154824,0.002648
154825,0.256627
154826,0.007065
154827,0.350814
154828,0.25757
154829,0.995708
154830,0.760384
154831,0.128866
154832,0.022695
154833,0.337619
154834,0.0
154835,0.000143
154836,6.5e-05
154837,0.179195
154839,1.0
154841,1.0
154843,0.032363
154844,0.0
154845,0.038824
154846,0.533436
154847,0.446754
154848,0.0
154849,0.037393
154850,0.343138
154851,0.747354
154852,1.0
154853,1.0
154854,1.0
154855,1.0
154856,0.909378
154857,0.06905
154858,0.111329
154859,0.038733
154860,0.51843
154861,0.807476
154862,0.184334
154863,0.0
154864,0.0
154865,0.000747
154866,0.002273
154867,0.001638
154868,0.007999
154869,0.0
154870,0.246288
154871,0.133954
154872,0.0
154873,0.0
154874,0.006745
154875,0.000162
154876,0.000197
154877,0.0
154878,0.0
154879,0.0
154880,0.0
154881,0.0
154882,0.0
154883,0.0
154884,0.0
154885,0.0
154886,0.0
154887,0.0
154888,0.0
154889,0.0
154890,0.0
154891,0.0
154892,0.0
154893,0.0
154894,0.0
154895,0.0
154896,0.0
154897,0.0
154898,0.0
154899,0.0
154900,0.0
154901,0.0
154902,0.0
154903,0.0
154904,0.0
154905,0.0
154906,0.0
154907,0.0
154908,0.0
154909,0.0
154910,0.0
154911,0.0
154912,0.0
154913,0.0
154914,0.0
154915,0.0
154916,0.0
154917,0.0
154918,0.0
154919,0.0
154920,0.0
154921,0.0
154922,0.0
154923,0.0
154924,0.0
154925,0.0
154926,0.0
154927,0.0
154928,0.0
154929,0.0
154930,0.0
154931,0.003192
154932,0.0
154933,0.0
154934,0.0
154935,0.0
154936,0.081215
154937,0.611332
154938,0.892602
154939,0.0
154940,0.014789
154941,0.18439
154942,0.0
154943,0.0
154944,0.0
154945,0.0
154946,0.0
154947,0.072841
154948,0.98879
154949,0.769431
154950,0.0
154951,0.0
154952,0.0
154953,0.0
154954,0.0
154955,0.0
154956,0.0
154957,0.0
154958,0.0
154959,0.0
154960,0.0
154961,0.0
154962,0.0
154963,0.0
154964,0.0
154965,0.0
154966,0.0
154967,0.0
154968,0.0
154969,0.0
154970,0.0
154971,0.0
154972,0.0
154973,0.0
154974,0.0
154975,0.0
154976,0.0
154977,0.0
154978,0.002823
154979,0.0
154980,0.0
154981,0.0
154982,0.0
154983,0.0
154984,0.0
154985,0.0
154986,0.0
154987,0.0
154988,0.0
154989,0.0
154990,0.0
154991,0.0
154992,0.016056
154993,0.0
154994,0.0
154995,0.0
154996,0.0
154997,0.0
154998,0.0
154999,0.0
155000,0.0
155001,0.0
155002,0.0
155003,0.0
155004,0.0
155005,0.0
155006,0.0
155007,0.0
155008,0.0
155009,0.0
155010,0.0
155011,0.0
155012,0.0
155013,0.0
155014,0.0
155015,0.0
155016,0.331422
155017,0.968179
155018,0.759414
155019,0.120467
155020,0.0
155021,0.0
155022,0.0
155023,0.0
155024,0.0
155025,0.0
155026,0.0
155027,0.0
155028,0.0
155029,0.0
155030,0.0
155031,0.0
155032,0.0
155033,0.0
155034,0.0
155035,0.00812
155036,0.149674
155037,0.027676
155038,0.070341
155039,0.0
155040,0.0
155041,0.0
155042,0.0
155043,0.0
155044,0.0
155045,0.0
155046,0.0
155047,0.0
155048,0.0
155049,0.0
155050,0.0
155051,0.0
155052,0.0
155053,0.0
155054,0.0
155055,0.0
155056,0.0
155057,0.0
155058,0.0
155059,0.000104
155060,7.4e-05
155061,0.0
155062,0.0
155063,0.003378
155064,0.0
155065,0.0
155066,0.0
155476,0.998793
155477,0.0
155485,0.693724
155486,1.0
155487,0.003008
155488,0.0
155489,0.0
155490,0.0
155491,0.0
155492,0.0
155493,0.0
155494,0.0
155505,0.046125
155506,0.022749
155507,0.006308
155508,0.03357
155509,0.003824
155510,0.000252
155511,0.108551
155512,0.665113
155513,0.994607
155514,0.815233
155515,0.086646
155516,0.055121
155517,0.018085
155518,0.0
155519,0.005337
155520,0.002104
155521,0.003902
155522,0.030771
155523,1.0
155524,1.0
155525,1.0
155527,0.015469
155528,0.0
155529,0.08221
155530,0.369495
155531,0.240955
155532,0.122866
155533,0.191334
155534,0.772203
155535,0.782846
155536,1.0
155537,1.0
155538,1.0
155539,1.0
155540,0.755707
155541,0.173428
155542,0.014144
155543,0.0
155544,0.0
155545,0.001652
155546,0.003864
155547,0.0
155548,0.001627
155549,0.010296
155550,0.027544
155551,0.000246
155552,0.073665
155553,0.0
155554,0.028623
155555,0.165085
155556,0.0
155557,0.000133
155558,0.021534
155559,7e-05
155560,0.0
155561,0.0
155562,0.0
155563,0.0
155564,0.0
155565,0.0
155566,0.0
155567,0.0
155568,0.0
155569,0.0
155570,0.0
155571,0.0
155572,0.0
155573,0.0
155574,0.0
155575,0.0
155576,0.0
155577,0.0
155578,0.0
155579,0.0
155580,0.0
155581,0.0
155582,0.0
155583,0.0
155584,0.0
155585,0.0
155586,0.0
155587,0.0
155588,0.0
155589,0.0
155590,0.0
155591,0.0
155592,0.0
155593,0.0
155594,0.0
155595,0.0
155596,0.0
155597,0.0
155598,0.0
155599,0.0
155600,0.0
155601,0.0
155602,0.0
155603,0.0
155604,0.0
155605,0.0
155606,0.0
155607,0.0
155608,0.0
155609,0.0
155610,0.0
155611,0.0
155612,0.0
155613,0.0
155614,0.0
155615,0.000495
155616,0.0
155617,0.0
155618,0.0
155619,0.0
155620,0.0
155621,0.002279
155622,0.029325
155623,0.0
155624,0.0
155625,0.0
155626,0.0
155627,0.0
155628,0.0
155629,0.0
155630,0.0
155631,0.0
155632,0.0
155633,0.0
155634,0.0
155635,0.0
155636,0.0
155637,0.0
155638,0.0
155639,0.0
155640,0.0
155641,0.0
155642,0.0
155643,0.0
155644,0.0
155645,0.0
155646,0.0
155647,0.0
155648,0.0
155649,0.0
155650,0.0
155651,0.0
155652,0.0
155653,0.0
155654,0.0
155655,0.0
155656,0.0
155657,0.0
155658,0.0
155659,0.0
155660,0.0
155661,0.0
155662,0.0
155663,0.0
155664,0.0
155665,0.0
155666,0.0
155667,0.0
155668,0.0
155669,0.0
155670,0.0
155671,0.0
155672,0.0
155673,0.0
155674,0.0
155675,0.015894
155676,0.007207
155677,0.0
155678,0.0063
155679,0.0
155680,0.0
155681,0.0
155682,0.0
155683,0.0
155684,0.0
155685,0.0
155686,0.0
155687,0.0
155688,0.0
155689,0.0
155690,0.0
155691,0.0
155692,0.0
155693,0.0
155694,0.0
155695,0.0
155696,0.0
155697,0.0
155698,0.0
155699,0.0
155700,0.813493
155701,0.93637
155702,0.224025
155703,0.0
155704,0.0
155705,0.0
155706,0.0
155707,0.0
155708,0.0
155709,0.0
155710,0.0
155711,0.0
155712,0.0
155713,0.0
155714,0.0
155715,0.0
155716,0.0
155717,0.0
155718,0.0
155719,0.0
155720,0.00142
155721,9.6e-05
155722,0.0
155723,0.0
155724,0.0
155725,0.0
155726,0.0
155727,0.0
155728,0.0
155729,0.0
155730,0.0
155731,0.0
155732,0.0
155733,0.0
155734,0.0
155735,0.0
155736,0.0
155737,0.0
155738,0.0
155739,0.0
155740,0.0
155741,0.0
155742,0.0
155743,0.0
155744,9.8e-05
155745,0.000657
155746,0.0
155747,0.0
155748,0.0
156162,0.0
156168,1.0
156169,0.602261
156170,0.443093
156171,0.0
156172,0.0
156173,0.0
156174,0.0
156175,0.0
156176,0.0
156177,0.0
156178,0.000878
156179,0.004387
156180,0.012863
156181,0.078125
156182,0.0
156183,0.0
156184,0.0
156185,0.0
156189,0.0
156190,0.299839
156191,0.02225
156192,0.000527
156193,0.113767
156194,0.066886
156195,0.399319
156196,1.0
156197,0.997462
156198,0.662183
156199,0.400382
156200,0.078415
156201,0.060656
156202,0.013842
156203,0.013974
156204,0.015367
156205,0.006363
156206,0.332651
156207,0.273569
156208,0.622345
156209,0.191352
156210,1.0
156211,0.206628
156212,0.038288
156213,0.111751
156214,0.474464
156215,0.525352
156216,0.229762
156217,0.132244
156218,0.832822
156219,0.861411
156220,1.0
156221,1.0
156222,1.0
156223,1.0
156224,0.704032
156225,0.283465
156226,0.098289
156227,0.0
156228,0.0
156229,0.0
156230,0.0
156231,0.0
156232,9e-05
156233,0.023854
156234,0.004949
156235,0.307328
156236,0.04209
156237,0.031807
156238,0.007035
156239,0.286481
156240,0.021105
156241,0.124825
156242,0.142207
156243,0.038386
156244,0.0
156245,0.0
156246,0.0
156247,0.0
156248,0.0
156249,0.0
156250,0.0
156251,0.0
156252,0.0
156253,0.0
156254,0.0
156255,0.0
156256,0.0
156257,0.0
156258,0.0
156259,0.0
156260,0.0
156261,0.0
156262,0.0
156263,0.0
156264,0.0
156265,0.0
156266,0.0
156267,0.0
156268,0.0
156269,0.0
156270,0.0
156271,0.0
156272,0.0
156273,0.0
156274,0.0
156275,0.0
156276,0.0
156277,0.0
156278,0.0
156279,0.0
156280,0.0
156281,0.0
156282,0.0
156283,0.0
156284,0.0
156285,0.0
156286,0.0
156287,0.0
156288,0.0
156289,0.0
156290,0.0
156291,0.0
156292,0.0
156293,0.0
156294,0.0
156295,0.0
156296,0.0
156297,0.0
156298,0.0
156299,0.0
156300,0.0
156301,0.0
156302,0.0
156303,0.0
156304,0.0
156305,0.0
156306,0.0
156307,0.0
156308,0.0
156309,0.0
156310,0.0
156311,0.0
156312,0.0
156313,0.0
156314,0.0
156315,0.0
156316,0.0
156317,0.0
156318,0.0
156319,0.0
156320,0.0
156321,0.0
156322,0.0
156323,0.0
156324,0.0
156325,0.0
156326,0.0
156327,0.0
156328,0.0
156329,0.0
156330,0.0
156331,0.0
156332,0.0
156333,0.0
156334,0.0
156335,0.0
156336,0.0
156337,0.0
156338,0.0
156339,0.0
156340,0.0
156341,0.0
156342,0.0
156343,0.0
156344,0.0
156345,0.0
156346,0.0
156347,0.0
156348,0.0
156349,0.0
156350,0.0
156351,0.0
156352,0.0
156353,0.0
156354,0.0
156355,0.0
156356,0.0
156357,0.0
156358,0.005264
156359,0.014304
156360,0.038082
156361,0.05739
156362,0.165769
156363,0.005967
156364,0.000261
156365,0.0
156366,0.0
156367,0.0
156368,0.0
156369,0.0
156370,0.0
156371,0.0
156372,0.0
156373,0.0
156374,0.0
156375,0.0
156376,0.0
156377,0.0
156378,0.0
156379,0.031311
156380,0.0
156381,0.0
156382,0.0
156383,0.0
156384,0.329148
156385,0.329092
156386,0.000422
156387,0.0
156388,0.0
156389,0.0
156390,0.0
156391,0.0
156392,0.0
156393,0.0
156394,0.0
156395,0.0
156396,0.0
156397,0.0
156398,0.0
156399,0.0
156400,0.0
156401,0.0
156402,0.0
156403,0.0
156404,0.0
156405,0.021164
156406,0.0
156407,0.0
156408,0.0
156409,0.0
156410,0.0
156411,0.0
156412,0.0
156413,0.0
156414,0.0
156415,0.0
156416,0.0
156417,0.0
156418,0.0
156419,0.0
156420,0.0
156421,0.0
156422,0.0
156423,0.0
156424,0.0
156425,0.0
156426,0.0
156427,0.0
156428,0.022244
156429,0.406672
156849,1.0
156852,1.0
156854,0.012975
156855,0.0
156856,0.0
156857,0.0
156858,0.0
156859,0.0
156860,0.0
156861,0.0
156862,0.000498
156863,0.072988
156864,0.069563
156865,0.006498
156866,0.0
156867,0.0
156868,0.0
156869,0.144496
156870,1.0
156871,0.005511
156872,0.0
156873,0.0
156874,0.815293
156875,0.018904
156876,0.0
156877,0.116807
156878,0.89076
156879,0.692994
156880,1.0
156881,0.667868
156882,0.097223
156883,0.215763
156884,0.003008
156885,0.012672
156886,0.001639
156887,0.033903
156888,0.103046
156889,0.005276
156890,0.018355
156891,0.001146
156892,0.083786
156893,0.011529
156894,0.0
156895,1.0
156896,0.017493
156897,0.392579
156898,0.388317
156899,0.586268
156900,0.564192
156901,0.205251
156902,0.720222
156903,0.950953
156904,1.0
156905,1.0
156906,1.0
156907,1.0
156908,0.863187
156909,0.226541
156910,0.712508
156911,0.019282
156912,0.032976
156913,0.005772
156914,0.0
156915,0.00028
156916,0.013651
156917,0.013083
156918,0.011254
156919,0.395393
156920,0.240822
156921,0.089512
156922,0.005351
156923,0.431519
156924,0.463758
156925,0.040875
156926,0.479883
156927,0.006827
156928,0.0
156929,0.0
156930,0.0
156931,0.0
156932,0.0
156933,0.0
156934,0.0
156935,0.0
156936,0.0
156937,0.0
156938,0.0
156939,0.0
156940,0.0
156941,0.0
156942,0.0
156943,0.0
156944,0.0
156945,0.0
156946,0.0
156947,0.0
156948,0.0
156949,0.0
156950,0.0
156951,0.0
156952,0.0
156953,0.0
156954,0.0
156955,0.0
156956,0.0
156957,0.0
156958,0.0
156959,0.0
156960,0.0
156961,0.0
156962,0.0
156963,0.0
156964,0.0
156965,0.0
156966,0.0
156967,0.0
156968,0.0
156969,0.0
156970,0.0
156971,0.0
156972,0.0
156973,0.0
156974,0.0
156975,0.282088
156976,0.583395
156977,0.475149
156978,0.000248
156979,0.0
156980,0.0
156981,0.0
156982,0.0
156983,0.0
156984,0.0
156985,0.0
156986,0.0
156987,0.0
156988,0.0
156989,0.529692
156990,0.096666
156991,0.0
156992,0.0
156993,0.0
156994,0.0
156995,0.0
156996,0.0
156997,0.0
156998,0.0
156999,0.0
157000,0.0
157001,0.0
157002,0.278269
157003,0.816676
157004,0.335996
157005,0.0
157006,0.0
157007,0.0
157008,0.0
157009,0.0
157010,0.0
157011,0.0
157012,0.0
157013,0.0
157014,0.0
157015,0.0
157016,0.0
157017,0.0
157018,0.0
157019,0.0
157020,0.0
157021,0.0
157022,0.0
157023,0.0
157024,0.0
157025,0.0
157026,0.0
157027,0.0
157028,0.0
157029,0.0
157030,0.0
157031,0.0
157032,0.0
157033,0.0
157034,0.0
157035,0.0
157036,0.002569
157037,0.0
157038,0.0
157039,0.0
157040,0.0
157041,0.0
157042,0.008442
157043,0.0
157044,0.168541
157045,0.93571
157046,0.562083
157047,0.02678
157048,0.0
157049,0.0
157050,0.0
157051,0.0
157052,0.0
157053,0.0
157054,0.0
157055,0.0
157056,0.0
157057,0.0
157058,0.0
157059,0.0
157060,0.0
157061,0.000177
157062,0.0
157063,0.0
157064,0.0
157065,0.0
157066,0.0
157067,0.0
157068,0.0
157069,0.0
157070,0.0
157071,0.0
157072,0.044378
157073,0.0
157074,0.0
157075,0.0
157076,0.0
157077,0.0
157078,0.0
157079,0.0
157080,0.0
157081,0.0
157082,0.0
157083,0.0
157084,0.0
157085,0.0
157086,0.0
157087,0.0
157088,0.0
157089,0.010817
157090,0.00769
157091,0.0
157092,0.0
157093,0.0
157094,0.0
157095,0.0
157096,0.0
157097,0.0
157098,0.0
157099,0.0
157100,0.0
157101,0.0
157102,0.0
157103,0.0
157104,0.0
157105,0.0
157106,0.0
157107,0.0
157108,0.0
157109,0.0
157110,0.0
157111,0.0
157112,0.047433
157113,0.071396
157114,0.0
157115,0.0
157533,0.0
157534,0.0
157538,0.0
157539,0.0
157540,0.0
157541,0.0
157542,0.0
157543,0.0
157544,0.0
157545,0.0
157546,0.0
157547,0.0
157548,0.001305
157549,0.001214
157550,0.068486
157551,0.116714
157552,0.0
157553,0.281696
157555,0.0
157556,0.0
157557,0.0
157558,0.0
157559,0.028762
157560,0.0
157561,0.019962
157562,0.271215
157563,0.673471
157564,1.0
157565,0.870227
157566,0.031115
157567,0.441086
157568,0.41515
157569,0.40366
157570,0.278174
157571,0.374987
157572,0.094461
157573,0.234185
157574,0.0
157575,0.0
157576,0.015806
157577,0.040568
157578,0.0
157579,0.027912
157580,0.097711
157581,0.277121
157582,0.578555
157583,0.649181
157584,0.260826
157585,0.39804
157586,0.825078
157587,0.961256
157588,1.0
157589,1.0
157590,1.0
157591,1.0
157592,0.685858
157593,0.04053
157594,1.0
157595,1.0
157596,1.0
157597,1.0
157598,0.038702
157599,0.001774
157600,0.001569
157601,0.011145
157602,0.002331
157603,0.030682
157604,0.254086
157605,0.135007
157606,0.030416
157607,0.714992
157608,0.350306
157609,0.018945
157610,0.184719
157611,0.0
157612,0.0
157613,0.0
157614,0.0
157615,0.0
157616,0.0
157617,0.0
157618,0.0
157619,0.0
157620,0.0
157621,0.0
157622,0.0
157623,0.0
157624,0.0
157625,0.0
157626,0.0
157627,0.0
157628,0.0
157629,0.0
157630,0.0
157631,0.0
157632,0.0
157633,0.0
157634,0.0
157635,0.0
157636,0.0
157637,0.0
157638,0.0
157639,0.0
157640,0.0
157641,0.0
157642,0.0
157643,0.0
157644,0.0
157645,0.0
157646,0.0
157647,0.0
157648,0.0
157649,0.0
157650,0.0
157651,0.0
157652,0.0
157653,0.0
157654,0.0
157655,0.0
157656,0.0
157657,0.0
157658,0.0
157659,0.399698
157660,0.945811
157661,0.353558
157662,0.0
157663,0.0
157664,0.0
157665,0.0
157666,0.0
157667,0.0
157668,0.0
157669,0.0
157670,0.0
157671,0.0
157672,0.0
157673,0.000417
157674,0.0
157675,0.0
157676,0.0
157677,0.0
157678,0.0
157679,0.0
157680,0.0
157681,0.0
157682,0.0
157683,0.0
157684,0.0
157685,0.0
157686,0.0
157687,0.0
157688,0.0
157689,0.0
157690,0.0
157691,0.0
157692,0.0
157693,0.0
157694,0.0
157695,0.0
157696,0.0
157697,0.0
157698,0.0
157699,0.0
157700,0.0
157701,0.0
157702,0.0
157703,0.0
157704,0.0
157705,0.0
157706,0.0
157707,0.0
157708,0.0
157709,0.0
157710,0.0
157711,0.0
157712,0.0
157713,0.0
157714,0.0
157715,0.0
157716,0.0
157717,0.0
157718,0.0
157719,0.0
157720,8.9e-05
157721,0.0
157722,0.0
157723,0.0
157724,0.0
157725,0.0
157726,0.01767
157727,0.0
157728,0.0
157729,0.215145
157730,0.0
157731,0.0
157732,0.010007
157733,0.0
157734,0.0
157735,0.0
157736,0.0
157737,0.0
157738,0.0
157739,0.0
157740,0.0
157741,0.0
157742,0.703357
157743,0.63299
157744,0.106005
157745,0.0
157746,0.0
157747,0.0
157748,0.0
157749,0.0
157750,0.0
157751,0.0
157752,0.0
157753,0.0
157754,0.0
157755,0.0
157756,0.0
157757,0.0
157758,0.0
157759,0.0
157760,0.0
157761,0.0
157762,0.0
157763,0.0
157764,0.0
157765,0.0
157766,0.0
157767,0.0
157768,0.0
157769,0.0
157770,0.0
157771,0.0
157772,0.0
157773,0.088671
157774,0.059996
157775,0.0
157776,0.0
157777,0.0
157778,0.0
157779,0.0
157780,0.0
157781,0.0
157782,0.0
157783,0.0
157784,0.0
157785,0.0
157786,0.0
157787,0.0
157788,0.0
157789,0.0
157790,0.0
157791,0.0
157792,0.0
157793,0.0
157794,0.0
157795,0.0
157796,0.0
157798,0.0
158222,0.0
158223,0.0
158224,0.0
158225,0.0
158226,0.0
158227,0.0
158228,0.0
158229,0.0
158230,0.0
158231,0.0
158232,0.129095
158233,0.114555
158234,0.29311
158235,0.214424
158236,0.0
158237,0.092572
158238,0.005969
158239,0.0
158240,0.000112
158241,0.000907
158242,0.000437
158243,0.119301
158244,0.00132
158245,0.0
158246,0.000883
158247,0.001072
158248,0.343771
158249,0.940806
158250,0.974941
158251,0.748307
158252,0.723445
158253,0.795971
158254,0.402976
158255,0.287398
158256,0.368819
158257,0.0492
158258,0.0
158259,0.0
158260,0.0
158261,0.002954
158262,0.000768
158263,0.002183
158264,0.025339
158265,0.203897
158266,0.599254
158267,0.582665
158268,0.082894
158269,0.708211
158270,0.983322
158271,1.0
158272,1.0
158273,1.0
158275,0.994011
158276,0.363449
158277,0.296141
158278,1.0
158279,1.0
158280,1.0
158281,0.193138
158282,0.024137
158283,0.027648
158284,0.00602
158285,6.3e-05
158286,0.002025
158287,0.005204
158288,0.006361
158289,0.00825
158290,0.473618
158291,0.786849
158292,0.754529
158293,0.676766
158294,0.086399
158295,0.0
158296,0.0
158297,0.0
158298,0.0
158299,0.0
158300,0.0
158301,0.0
158302,0.0
158303,0.0
158304,0.0
158305,0.0
158306,0.0
158307,0.0
158308,0.0
158309,0.0
158310,0.0
158311,0.0
158312,0.0
158313,0.0
158314,0.0
158315,0.0
158316,0.0
158317,0.0
158318,0.0
158319,0.0
158320,0.0
158321,0.0
158322,0.0
158323,0.0
158324,0.0
158325,0.0
158326,0.0
158327,0.0
158328,0.0
158329,0.0
158330,0.0
158331,0.0
158332,0.0
158333,0.0
158334,0.0
158335,0.0
158336,0.0
158337,0.0
158338,0.0
158339,0.0
158340,0.0
158341,0.0
158342,0.0
158343,0.248305
158344,0.345513
158345,0.0
158346,0.0
158347,0.0
158348,0.0
158349,0.0
158350,0.0
158351,0.0
158352,0.0
158353,0.0
158354,0.0
158355,0.0
158356,0.0
158357,0.0
158358,0.0
158359,0.0
158360,0.0
158361,0.0
158362,0.0
158363,0.0
158364,0.0
158365,0.0
158366,0.0
158367,0.0
158368,0.0
158369,0.0
158370,0.0
158371,0.0
158372,0.0
158373,0.0
158374,0.0
158375,0.0
158376,0.0
158377,0.0
158378,0.0
158379,0.0
158380,0.0
158381,0.0
158382,0.0
158383,0.0
158384,0.0
158385,0.0
158386,0.0
158387,0.0
158388,0.0
158389,0.0
158390,0.0
158391,0.0
158392,0.000769
158393,0.000472
158394,0.0
158395,0.0
158396,0.0
158397,0.038382
158398,0.001579
158399,0.0
158400,0.0
158401,0.0
158402,0.0
158403,0.0
158404,0.009162
158405,0.0
158406,0.0
158407,0.0
158408,0.0
158409,0.0097
158410,0.000653
158411,0.0
158412,0.0
158413,0.0
158414,0.0
158415,0.0
158416,0.00395
158417,0.0
158418,0.0
158419,0.0
158420,0.0
158421,0.0
158422,0.0
158423,0.0
158424,0.0
158425,0.0
158426,0.801457
158427,1.0
158428,0.362684
158429,0.873214
158430,0.475023
158431,0.02147
158432,0.0
158433,0.0
158434,0.0
158435,0.0
158436,0.0
158437,0.0
158438,0.0
158439,0.0
158440,0.0
158441,0.0
158442,0.0
158443,0.0
158444,0.0
158445,0.0
158446,0.0
158447,0.0
158448,0.0
158449,0.0
158450,0.0
158451,0.0
158452,0.0
158453,0.0
158454,0.0
158455,0.0
158456,0.0
158457,0.0
158458,0.083736
158459,0.0
158460,0.0
158461,0.0
158462,0.0
158463,0.0
158464,0.0
158465,0.0
158466,0.0
158467,0.0
158468,0.0
158469,0.0
158470,0.0
158471,0.0
158472,0.0
158473,0.0
158474,0.0
158475,0.0
158476,0.0
158477,0.0
158478,0.000581
158479,0.0
158480,0.0
158904,1.0
158905,0.994849
158906,0.000216
158907,0.0
158908,0.0
158909,0.0
158910,0.0
158911,0.0
158912,0.0
158913,0.0
158914,0.0
158915,0.0
158916,0.013928
158917,0.0
158918,0.038268
158919,0.037754
158920,0.047964
158921,0.492252
158922,0.06453
158923,1.0
158924,0.213148
158925,0.0
158926,0.0
158927,0.004976
158928,0.0
158929,0.0
158930,0.035973
158931,0.0
158932,6.5e-05
158933,0.708327
158934,0.972976
158935,0.861857
158936,0.284345
158937,0.247569
158938,0.081271
158939,0.415176
158940,0.105557
158941,0.003576
158942,9.4e-05
158943,0.0
158944,0.000545
158945,0.000174
158946,0.044774
158947,0.106908
158948,0.113912
158949,0.258191
158950,0.221889
158951,0.456423
158952,0.012197
158953,0.091099
158954,0.951638
158955,1.0
158956,1.0
158957,1.0
158958,1.0
158959,0.98242
158960,0.053598
158961,0.33124
158962,1.0
158963,1.0
158964,1.0
158965,0.662845
158966,0.306146
158967,0.004198
158968,0.032072
158969,0.457082
158970,0.01234
158971,0.019846
158972,0.000292
158973,0.000215
158974,0.370916
158975,0.560697
158976,0.483902
158977,0.861894
158978,0.074568
158979,0.0206
158980,0.0
158981,0.0
158982,0.0
158983,0.0
158984,0.0
158985,0.0
158986,0.0
158987,0.0
158988,0.0
158989,0.0
158990,0.0
158991,0.0
158992,0.0
158993,0.0
158994,0.0
158995,0.0
158996,0.0
158997,0.0
158998,0.0
158999,0.0
159000,0.0
159001,0.0
159002,0.0
159003,0.0
159004,0.0
159005,0.0
159006,0.0
159007,0.0
159008,0.0
159009,0.0
159010,0.0
159011,0.0
159012,0.0
159013,0.0
159014,0.0
159015,0.0
159016,0.0
159017,0.0
159018,0.0
159019,0.0
159020,0.0
159021,0.0
159022,0.0
159023,0.0
159024,0.0
159025,0.0
159026,0.0
159027,0.0
159028,0.0
159029,0.0
159030,0.0
159031,0.0
159032,0.0
159033,0.0
159034,0.0
159035,0.0
159036,0.0
159037,0.0
159038,0.0
159039,0.0
159040,0.0
159041,0.0
159042,0.0
159043,0.0
159044,0.0
159045,0.0
159046,0.0
159047,0.0
159048,0.0
159049,0.0
159050,0.0
159051,0.0
159052,0.0
159053,0.0
159054,0.0
159055,0.0
159056,0.0
159057,0.0
159058,0.0
159059,0.0
159060,0.0
159061,0.0
159062,0.0
159063,0.0
159064,0.0
159065,0.0
159066,0.0
159067,0.0
159068,0.0
159069,0.0
159070,0.0
159071,0.0
159072,0.0
159073,0.0
159074,0.0
159075,0.0
159076,0.02405
159077,0.0
159078,0.0
159079,0.0
159080,0.0
159081,0.023012
159082,0.0
159083,0.0
159084,0.0
159085,0.0
159086,0.0
159087,0.0
159088,0.000267
159089,0.0
159090,0.0
159091,0.0
159092,0.0
159093,0.005433
159094,0.0
159095,0.0
159096,0.0
159097,0.0
159098,0.0
159099,0.0
159100,0.0
159101,0.0
159102,0.0
159103,0.0
159104,0.0
159105,0.0
159106,0.0
159107,0.0
159108,0.0
159109,0.0
159110,0.108146
159111,0.216988
159112,0.60243
159113,1.0
159114,1.0
159115,0.156773
159116,0.0
159117,0.0
159118,0.0
159119,0.0
159120,0.0
159121,0.0
159122,0.0
159123,0.0
159124,0.0
159125,0.0
159126,0.0
159127,0.0
159128,0.0
159129,0.0
159130,0.0
159131,0.0
159132,0.247458
159133,0.13972
159134,0.0
159135,0.0
159136,0.0
159137,0.0
159138,0.0
159139,0.0
159140,0.0
159141,0.0
159142,0.0
159143,0.0
159144,0.0
159145,0.0
159146,0.0
159147,0.0
159148,0.0
159149,0.0
159150,0.0
159151,0.0
159152,0.0
159153,0.0
159154,0.0
159155,0.0
159156,0.0
159157,0.0
159158,0.0
159159,0.0
159160,0.0
159161,0.0
159162,0.007525
159163,0.0
159164,0.0
159590,0.001169
159591,0.0
159592,0.0
159593,0.0
159594,0.0
159595,0.0
159596,0.0
159597,0.0
159598,0.0
159599,0.0
159600,0.0
159601,0.008554
159602,0.027255
159603,0.005892
159604,0.0
159605,0.0
159606,0.000598
159607,0.10833
159608,0.260207
159609,0.0
159610,0.0
159611,0.016854
159612,0.047313
159613,0.139352
159614,0.0
159615,0.001114
159616,0.043501
159617,0.013489
159618,0.175879
159619,0.901997
159620,0.439088
159621,0.40958
159622,0.428692
159623,0.139458
159624,0.006083
159625,0.001671
159626,0.000989
159627,0.0
159628,0.000201
159629,0.020296
159630,0.441447
159631,0.406678
159632,0.094122
159633,0.295474
159634,0.270242
159636,0.0
159637,7e-05
159638,0.415341
159639,0.830158
159640,1.0
159641,1.0
159642,1.0
159643,0.975607
159644,0.003128
159645,1.0
159646,0.996864
159647,0.761812
159648,0.041531
159649,0.03372
159650,0.000165
159651,0.0
159652,0.018967
159653,0.491803
159654,0.317982
159655,0.008518
159656,6.2e-05
159657,5.4e-05
159658,0.386757
159659,0.148497
159660,0.335699
159661,0.519033
159662,0.059667
159663,0.024295
159664,0.018354
159665,0.0
159666,0.0
159667,0.0
159668,0.0
159669,0.0
159670,0.0
159671,0.0
159672,0.0
159673,0.0
159674,0.0
159675,0.0
159676,0.0
159677,0.0
159678,0.0
159679,0.0
159680,0.0
159681,0.0
159682,0.0
159683,0.0
159684,0.0
159685,0.0
159686,0.0
159687,0.0
159688,0.0
159689,0.0
159690,0.0
159691,0.0
159692,0.0
159693,0.0
159694,0.0
159695,0.0
159696,0.0
159697,0.0
159698,0.0
159699,0.0
159700,0.0
159701,0.0
159702,0.0
159703,0.0
159704,0.0
159705,0.0
159706,0.0
159707,0.0
159708,0.0
159709,0.0
159710,0.0
159711,0.0
159712,0.0
159713,0.0
159714,0.0
159715,0.0
159716,0.0
159717,0.0
159718,0.0
159719,0.0
159720,0.0
159721,0.0
159722,0.0
159723,0.0
159724,0.0
159725,0.0
159726,0.0
159727,0.0
159728,0.0
159729,0.0
159730,0.0
159731,0.0
159732,0.0
159733,0.0
159734,0.0
159735,0.0
159736,0.0
159737,0.0
159738,0.0
159739,0.0
159740,0.0
159741,0.0
159742,0.0
159743,0.0
159744,0.0
159745,0.0
159746,0.0
159747,0.0
159748,0.0
159749,0.0
159750,0.085076
159751,0.140388
159752,0.041331
159753,0.0
159754,0.0
159755,0.0
159756,0.001023
159758,0.0
159759,0.0
159760,0.0
159761,0.0
159762,0.0
159763,0.0
159764,0.0
159765,0.0
159766,0.0
159767,0.0
159768,0.0
159769,0.0
159770,0.0
159771,0.0
159772,0.0
159773,0.0
159774,0.0
159775,0.0
159776,0.003373
159777,0.002478
159778,0.0
159779,0.0
159780,0.0
159781,0.0
159782,0.0
159783,0.067623
159784,0.0
159785,0.0
159786,0.0
159787,0.0
159788,0.0
159789,0.0
159790,0.0
159791,0.0
159792,0.0
159793,0.0
159794,0.0
159795,0.0
159796,0.135279
159797,0.322206
159798,0.549038
159799,0.018496
159800,0.0
159801,0.0
159802,0.0
159803,0.0
159804,0.0
159805,0.0
159806,0.0
159807,0.0
159808,0.0
159809,0.019928
159810,0.054165
159811,0.0
159812,0.0
159813,0.0
159814,0.0
159815,0.377891
159816,0.963238
159817,0.780073
159818,0.0
159819,0.0
159820,0.0
159821,0.0
159822,0.0
159823,0.0
159824,0.0
159825,0.0
159826,0.0
159827,0.0
159828,0.0
159829,0.0
159830,0.0
159831,0.0
159832,0.0
159833,0.0
159834,0.0
159835,0.0
159836,0.0
159837,0.0
159838,0.0
159839,0.0
159840,0.049645
159841,0.460832
159842,0.521801
159843,0.626899
159844,0.25032
159845,0.0
159846,0.377246
159847,0.0
160275,0.0
160276,0.0
160277,0.0
160278,0.0
160279,0.0
160280,0.0
160281,0.0
160282,0.0
160283,0.0
160284,0.003557
160285,0.052382
160286,0.041137
160287,0.067916
160288,0.0
160289,0.050082
160290,0.0
160291,0.000178
160292,0.0
160293,0.0
160294,0.0
160295,0.001605
160296,0.001676
160297,5e-06
160298,0.0
160299,0.0
160300,0.015255
160301,0.007778
160302,0.16453
160303,0.760436
160304,0.48017
160305,0.101976
160306,0.316196
160307,0.149024
160308,0.000253
160309,0.002094
160310,0.001055
160311,0.000151
160312,0.001201
160313,0.0
160314,0.037428
160315,0.103095
160316,0.08521
160317,0.519794
160318,0.239231
160319,0.345982
160320,0.002984
160321,0.038679
160322,0.082861
160323,0.482947
160324,0.98412
160325,1.0
160326,1.0
160327,0.975771
160328,0.732673
160329,1.0
160330,1.0
160331,1.0
160332,0.333676
160333,0.151578
160334,0.231209
160335,0.148004
160336,0.679637
160337,0.604041
160338,0.653853
160339,0.357147
160340,0.246992
160341,0.17515
160342,0.678623
160343,0.437194
160344,0.362
160345,0.790386
160346,0.436833
160347,0.029882
160348,0.016024
160349,0.0
160350,0.0
160351,0.0
160352,0.0
160353,0.0
160354,0.0
160355,0.0
160356,0.0
160357,0.0
160358,0.0
160359,0.0
160360,0.0
160361,0.0
160362,0.0
160363,0.0
160364,0.0
160365,0.0
160366,0.0
160367,0.0
160368,0.0
160369,0.0
160370,0.0
160371,0.0
160372,0.0
160373,0.0
160374,0.0
160375,0.0
160376,0.0
160377,0.0
160378,0.0
160379,0.0
160380,0.0
160381,0.0
160382,0.0
160383,0.0
160384,0.0
160385,0.0
160386,0.0
160387,0.0
160388,0.0
160389,0.0
160390,0.0
160391,0.0
160392,0.0
160393,0.147631
160394,0.0
160395,0.0
160396,0.0
160397,0.0
160398,0.0
160399,0.0
160400,0.0
160401,0.0
160402,0.0
160403,0.0
160404,0.0
160405,0.0
160406,0.0
160407,0.0
160408,0.0
160409,0.0
160410,0.0
160411,0.0
160412,0.0
160413,0.0
160414,0.0
160415,0.0
160416,0.0
160417,0.0
160418,0.0
160419,0.0
160420,0.0
160421,0.0
160422,0.0
160423,0.0
160424,0.0
160425,0.0
160426,0.0
160427,0.0
160428,0.0
160429,0.0
160430,0.0
160431,0.0
160432,0.0
160433,0.062042
160434,0.315257
160435,0.046776
160436,0.037293
160437,0.0
160438,0.0
160439,0.0
160440,0.000612
160441,0.012989
160442,0.0
160443,0.0
160444,0.0
160445,0.0
160446,0.0
160447,0.0
160448,0.0
160449,0.0
160450,0.0
160452,0.0
160454,0.0
160455,0.0
160456,0.0
160457,0.0
160458,0.0
160459,0.0
160460,0.015864
160461,0.0
160462,0.0
160463,0.0
160464,0.0
160465,0.0
160466,0.0
160467,0.0
160468,0.0
160469,0.0
160470,0.0
160471,0.0
160472,0.0
160473,0.0
160474,0.0
160475,0.0
160476,0.0
160477,0.0
160478,0.0
160479,0.0
160480,0.0
160481,0.047093
160482,0.212501
160483,0.0
160484,0.0
160485,0.0
160486,0.0
160487,0.0
160488,0.0
160489,0.0
160490,0.0
160491,0.0
160492,0.0
160493,0.210852
160494,0.166878
160495,0.0
160496,0.0
160497,0.0
160498,0.030886
160499,0.933481
160500,0.955007
160501,0.70905
160502,0.0
160503,0.0
160504,0.0
160505,0.0
160506,0.0
160507,0.0
160508,0.0
160509,0.0
160510,0.0
160511,0.0
160512,0.0
160513,0.0
160514,0.0
160515,0.0
160516,0.0
160517,0.0
160518,0.0
160519,0.0
160520,0.0
160521,0.0
160522,0.0
160523,0.0
160524,0.252396
160525,1.0
160526,1.0
160527,1.0
160528,0.735148
160529,0.012466
160530,0.138032
160531,0.0
160961,0.0
160962,0.0
160963,0.0
160964,0.0
160965,0.0
160966,0.0
160967,0.000883
160968,0.023549
160969,0.0
160970,0.0
160971,0.0
160972,0.0
160973,0.163721
160974,0.069444
160975,0.00094
160976,0.07877
160977,0.0
160978,0.004097
160979,0.03262
160980,0.0738
160981,0.0
160982,0.0
160983,0.0
160984,0.001032
160985,0.540752
160986,0.024697
160987,0.020959
160988,0.003052
160989,0.009217
160990,0.442913
160991,0.600019
160992,0.0
160993,0.001233
160994,0.030879
160995,0.347114
160996,0.427261
160997,0.015324
160998,0.006272
160999,0.054796
161000,0.004097
161001,0.146044
161002,0.29293
161003,0.793318
161004,0.648705
161005,0.362181
161006,0.200057
161007,0.191269
161008,0.905765
161009,1.0
161010,1.0
161011,0.9682
161012,0.796671
161013,1.0
161014,1.0
161015,0.755944
161016,0.205321
161017,0.614776
161018,0.597641
161019,0.302635
161020,1.0
161021,0.270161
161022,0.19555
161023,0.514059
161024,0.737555
161025,0.612768
161026,0.399127
161027,0.772414
161028,0.909386
161029,0.587753
161030,0.811088
161031,0.403971
161032,0.01812
161033,0.0
161034,0.0
161035,0.00241
161036,0.0
161037,0.0
161038,0.0
161039,0.0
161040,0.0
161041,0.0
161042,0.0
161043,0.0
161044,0.0
161045,0.0
161046,0.0
161047,0.0
161048,0.0
161049,0.0
161050,0.0
161051,0.0
161052,0.0
161053,0.0
161054,0.0
161055,0.0
161056,0.0
161057,0.0
161058,0.0
161059,0.0
161060,0.0
161061,0.0
161062,0.0
161063,0.0
161064,0.0
161065,0.0
161066,0.0
161067,0.0
161068,0.0
161069,0.0
161070,0.0
161071,0.0
161072,0.0
161073,0.0
161074,0.0
161075,0.0
161076,0.0
161077,0.04943
161078,0.0
161079,0.0
161080,0.0
161081,0.0
161082,0.07125
161083,0.0
161084,0.0
161085,0.0
161086,0.0
161087,0.0
161088,0.0
161089,0.0
161090,0.0
161091,0.0
161092,0.0
161093,0.0
161094,0.0
161095,0.0
161096,0.0
161097,0.0
161098,0.0
161099,0.0
161100,0.0
161101,0.0
161102,0.0
161103,0.0
161104,0.0
161105,0.0
161106,0.0
161107,0.0
161108,0.0
161109,0.0
161110,0.0
161111,0.0
161112,0.0
161113,0.0
161114,0.0
161115,0.120022
161116,0.028709
161117,0.0
161118,0.0
161119,0.0
161120,0.0
161121,0.0
161122,0.0
161123,0.0
161124,0.0
161125,0.0
161126,0.0
161127,0.0
161128,0.0
161129,0.0
161130,0.0
161131,0.0
161132,0.0
161133,0.0
161137,0.0
161138,0.0
161139,0.0
161140,0.0
161141,0.0
161142,0.0
161143,0.004399
161144,0.0111
161145,0.0
161146,0.0
161147,0.0
161148,0.0
161149,0.0
161150,0.0
161151,0.0
161152,0.0
161153,0.052467
161154,0.080492
161155,0.0
161156,0.0
161157,0.0
161158,0.0
161159,0.0
161160,0.0
161161,0.0
161162,0.0
161163,0.0
161164,0.0
161165,0.0
161166,0.0
161167,0.0
161168,0.0
161169,0.0
161170,0.0
161171,0.107872
161172,0.127328
161173,0.0
161174,0.0
161175,0.0
161176,0.0
161177,0.0
161178,0.0
161179,0.0
161180,0.0
161181,0.0
161182,0.021154
161183,0.787405
161184,0.60831
161185,0.0
161186,0.0
161187,0.0
161188,0.0
161189,0.0
161190,0.0
161191,0.0
161192,0.0
161193,0.0
161194,0.0
161195,0.0
161196,0.0
161197,0.0
161198,0.0
161199,0.0
161200,0.0
161201,0.0
161202,0.0
161203,0.0
161204,0.0
161205,0.0
161206,0.0
161207,0.0
161208,0.40776
161209,0.753589
161210,0.953526
161211,0.63643
161212,0.016938
161213,0.0
161214,0.0
161647,0.0
161648,0.0
161649,0.0
161650,0.0
161651,0.015382
161652,0.006099
161653,0.000966
161654,0.0
161655,0.0
161656,0.021684
161657,0.980631
161658,0.20993
161659,0.005903
161660,0.001856
161661,0.000418
161662,0.043768
161663,0.047351
161664,0.088575
161665,0.000701
161666,0.0
161667,0.0
161668,0.019102
161669,1.0
161670,0.040798
161671,0.003642
161672,0.001676
161673,0.002141
161674,0.396742
161675,0.052115
161676,0.418565
161677,0.213379
161678,0.007192
161679,0.091226
161680,0.312594
161681,0.083646
161682,0.349073
161683,0.721658
161684,0.147805
161685,0.629657
161686,0.164265
161687,0.697239
161688,0.839237
161689,0.84474
161690,0.320384
161691,0.803967
161692,1.0
161693,1.0
161694,1.0
161695,1.0
161696,1.0
161697,1.0
161698,0.225235
161699,0.138669
161700,0.000159
161701,0.040663
161702,0.033149
161703,0.00096
161704,0.359057
161705,0.953471
161706,0.047788
161707,0.023179
161708,0.270438
161709,0.701246
161710,0.408762
161711,0.376406
161712,0.825305
161713,0.642454
161714,0.449124
161715,0.073963
161716,0.089732
161717,0.013179
161718,0.019738
161719,6.8e-05
161720,0.0
161721,0.0
161722,0.0
161723,0.0
161724,0.0
161725,0.0
161726,0.0
161727,0.0
161728,0.0
161729,0.0
161730,0.0
161731,0.0
161732,0.0
161733,0.0
161734,0.0
161735,0.0
161736,0.0
161737,0.0
161738,0.0
161739,0.0
161740,0.0
161741,0.0
161742,0.0
161743,0.0
161744,0.0
161745,0.0
161746,0.0
161747,0.0
161748,0.0
161749,0.0
161750,0.0
161751,0.0
161752,0.0
161753,0.0
161754,0.0
161755,0.0
161756,0.0
161757,0.0
161758,0.0
161759,0.0
161760,0.0
161761,0.0
161762,0.0
161763,0.0
161764,0.0
161765,0.0
161766,0.055857
161767,0.0
161768,0.0
161769,0.0
161770,0.032895
161771,0.0
161772,0.0
161773,0.0
161774,0.0
161775,0.0
161776,0.0
161777,0.0
161778,0.0
161779,0.0
161780,0.0
161781,0.0
161782,0.0
161783,0.0
161784,0.0
161785,0.0
161786,0.0
161787,0.0
161788,0.0
161789,0.0
161790,0.0
161791,0.0
161792,0.045276
161793,0.005536
161794,0.0
161795,0.0
161796,0.0
161797,0.0
161798,0.0
161799,0.54056
161800,0.135075
161801,0.0
161802,0.0
161803,0.0
161804,0.0
161805,0.0
161806,0.0
161807,0.0
161808,0.000498
161809,0.001332
161810,0.000263
161811,0.0
161812,0.0
161813,0.0
161814,0.078434
161815,0.02605
161816,0.0
161817,0.0
161818,0.0
161820,0.0
161821,0.0
161822,0.0
161823,0.0
161824,0.0
161825,0.0
161826,0.027816
161827,0.017742
161828,0.027113
161829,0.411018
161830,0.0
161831,0.0
161832,0.0
161833,0.0
161834,0.0
161835,0.0
161836,0.0
161837,0.002911
161838,0.001902
161839,0.0
161840,0.0
161841,0.0
161842,0.0
161843,0.0
161844,0.0
161845,0.0
161846,0.0
161847,0.0
161848,0.0
161849,0.0
161850,0.0
161851,0.0
161852,0.0
161853,0.0
161854,0.0
161855,0.0
161856,0.0
161857,0.0
161858,0.0
161859,0.0
161860,0.0
161861,0.0
161862,0.0
161863,0.0
161864,0.0
161865,0.0
161866,0.0
161867,0.0
161868,0.0
161869,0.0
161870,0.0
161871,0.0
161872,0.0
161873,0.0
161874,0.0
161875,0.0
161876,0.0
161877,0.0
161878,0.0
161879,0.0
161880,0.0
161881,0.0
161882,0.0
161883,0.0
161884,0.0
161885,0.0
161886,0.0
161887,0.0
161888,0.0
161889,0.0
161890,0.0
161891,0.0
161892,0.0
161893,0.0
161894,0.001693
161895,0.0
161896,0.0
161897,0.0
161898,0.0
162332,0.0
162334,0.073182
162335,0.701533
162336,0.098232
162337,0.044897
162338,0.012236
162339,0.005609
162340,0.007287
162341,0.361001
162342,0.083706
162343,0.003049
162344,0.006726
162345,0.183197
162346,0.149859
162347,0.045299
162348,0.003758
162349,0.004851
162350,0.0
162351,0.0
162352,0.049328
162354,0.028735
162355,9.3e-05
162356,0.033666
162357,0.014849
162358,0.512369
162359,0.114906
162360,0.154257
162361,0.018072
162362,0.000847
162363,0.008352
162364,0.024405
162365,0.047215
162366,0.185387
162367,0.669486
162368,0.057898
162369,0.738694
162370,0.046884
162371,0.38671
162372,0.813784
162373,0.790669
162374,0.592919
162375,0.518304
162376,0.990291
162377,0.998809
162378,1.0
162379,1.0
162380,1.0
162381,0.872576
162382,0.015231
162383,0.045704
162384,0.010276
162385,0.001635
162386,0.001128
162387,0.048918
162388,0.006074
162389,0.70798
162390,0.457618
162391,0.044559
162392,0.052705
162393,0.046564
162394,0.092515
162395,0.029615
162396,0.55616
162397,0.840152
162398,0.906785
162399,0.200858
162400,0.071993
162401,0.050568
162402,0.110393
162403,0.014337
162404,0.0
162405,0.0
162406,0.0
162407,0.0
162408,0.0
162409,0.0
162410,0.0
162411,0.0
162412,0.0
162413,0.0
162414,0.0
162415,0.0
162416,0.0
162417,0.0
162418,0.0
162419,0.0
162420,0.0
162421,0.0
162422,0.0
162423,0.0
162424,0.0
162425,0.0
162426,0.0
162427,0.0
162428,0.0
162429,0.0
162430,0.0
162431,0.0
162432,0.0
162433,0.0
162434,0.0
162435,0.0
162436,0.0
162437,0.0
162438,0.0
162439,0.0
162440,0.0
162441,0.0
162442,0.0
162443,0.0
162444,0.0
162445,0.0
162446,0.0
162447,0.0
162448,0.0
162449,0.0
162450,0.0
162451,0.0
162452,0.0
162453,0.0
162454,0.0
162455,0.0
162456,0.0
162457,0.0
162458,0.0
162459,0.0
162460,0.0
162461,0.0
162462,0.0
162463,0.0
162464,0.0
162465,0.0
162466,0.0
162467,0.0
162468,0.0
162469,0.0
162470,0.0
162471,0.0
162472,0.0
162473,0.0
162474,0.0
162475,0.0
162476,0.00127
162477,0.0
162478,0.0
162479,0.0
162480,0.0
162481,0.0
162482,0.295362
162483,0.377805
162484,0.0
162485,0.0
162486,0.0
162487,0.0
162488,0.0
162489,0.0
162490,0.0
162491,0.0
162492,0.0
162493,0.0
162494,0.0
162495,0.0
162496,0.0
162497,0.0
162498,0.0
162499,0.0
162500,0.0
162501,0.0
162503,0.0
162504,0.0
162505,0.0
162506,0.0
162507,0.0
162508,0.004988
162509,0.058151
162510,0.023844
162511,0.0
162512,0.00943
162513,0.931047
162514,0.640395
162515,0.074466
162516,0.0
162517,0.0
162518,0.0
162519,0.0
162520,0.0
162521,0.0
162522,0.0
162523,0.0
162524,0.0
162525,0.0
162526,0.0
162527,0.0
162528,0.0
162529,0.0
162530,0.0
162531,0.0
162532,0.0
162533,0.0
162534,0.0
162535,0.0
162536,0.0
162537,0.0
162538,0.0
162539,0.0
162540,0.0
162541,0.0
162542,0.0
162543,0.0
162544,0.0
162545,0.0
162546,0.0
162547,0.0
162548,0.0
162549,0.0
162550,0.0
162551,0.0
162552,0.0
162553,0.0
162554,0.0
162555,0.0
162556,0.0
162557,0.0
162558,0.0
162559,0.0
162560,0.0
162561,0.0
162562,0.0
162563,0.0
162564,0.0
162565,0.0
162566,0.0
162567,0.0
162568,0.0
162569,0.0
162570,0.0
162571,0.0
162572,0.0
162573,0.0
162574,0.0
162575,0.0
162576,0.0
162577,0.0
162578,0.0
162579,0.0
162580,0.0
162581,0.0
162582,0.00063
163018,0.315068
163019,1.0
163020,0.525488
163021,1.0
163022,0.192183
163023,0.0
163024,0.035069
163025,0.08634
163026,0.549537
163027,0.6276
163028,0.846196
163029,0.836622
163030,0.094776
163031,0.012314
163032,0.0
163033,0.0
163034,0.000701
163035,0.017368
163036,0.480977
163037,0.247101
163038,0.013905
163039,0.000263
163040,0.005901
163041,0.061491
163042,0.358595
163043,0.275503
163044,0.125523
163045,0.006287
163046,0.029308
163047,0.003389
163048,0.020463
163049,0.084252
163050,0.001037
163051,0.228988
163052,0.122109
163053,0.841875
163054,0.497546
163055,0.248619
163056,0.850152
163057,0.882166
163058,0.785155
163059,0.14267
163060,0.273651
163061,0.391404
163062,0.93926
163063,1.0
163064,1.0
163065,0.255449
163066,0.010581
163067,0.008053
163068,0.011838
163069,0.000221
163070,0.0
163071,0.016471
163072,0.015432
163073,0.454855
163074,1.0
163075,0.144094
163076,0.026914
163077,0.018363
163078,0.027926
163079,4.4e-05
163080,0.01497
163081,0.808463
163082,0.896557
163083,0.566418
163084,0.059908
163085,0.095187
163086,0.038939
163087,0.0
163088,0.0
163089,0.0
163090,0.0
163091,0.0
163092,0.0
163093,0.0
163094,0.0
163095,0.0
163096,0.0
163097,0.0
163098,0.0
163099,0.0
163100,0.0
163101,0.0
163102,0.0
163103,0.0
163104,0.0
163105,0.0
163106,0.0
163107,0.0
163108,0.0
163109,0.0
163110,0.0
163111,0.0
163112,0.0
163113,0.0
163114,0.296491
163115,0.0
163116,0.0
163117,0.0
163118,0.0
163119,0.0
163120,0.0
163121,0.0
163122,0.0
163123,0.0
163124,0.0
163125,0.0
163126,0.0
163127,0.0
163128,0.0
163129,0.0
163130,0.0
163131,0.0
163132,0.0
163133,0.0
163134,0.0
163135,0.0
163136,0.0
163137,0.0
163138,0.0
163139,0.0
163140,0.0
163141,0.0
163142,0.0
163143,0.0
163144,0.0
163145,0.0
163146,0.0
163147,0.0
163148,0.0
163149,0.0
163150,0.0
163151,0.0
163152,0.0
163153,0.0
163154,0.0
163155,0.0
163156,0.0
163157,0.0
163158,0.0
163159,0.0
163160,0.0
163161,0.0
163162,0.0
163163,0.0
163164,0.572095
163165,0.635679
163166,0.0
163167,0.0
163168,0.0
163169,0.0
163170,0.0
163171,0.0
163172,0.0
163173,0.0
163174,0.0
163175,0.0
163176,0.0
163177,0.0
163178,0.0
163179,0.0
163180,0.0
163181,0.0
163182,0.002445
163183,0.001452
163184,0.0
163185,0.0
163186,0.0
163187,0.163639
163188,0.0
163189,0.0
163190,0.0
163191,0.017643
163192,0.047807
163193,0.0
163194,0.0
163195,0.0
163196,0.000129
163197,0.916891
163198,1.0
163199,0.735948
163200,0.082713
163201,0.0
163202,0.0
163203,0.0
163204,0.0
163205,0.0
163206,0.0
163207,0.0
163208,0.0
163209,0.0
163210,0.0
163211,0.0
163212,0.0
163213,0.0
163214,0.0
163215,0.0
163216,0.0
163217,0.0
163218,0.0
163219,0.0
163220,0.0
163221,0.0
163222,0.0
163223,0.0
163224,0.0
163225,0.0
163226,0.0
163227,0.0
163228,0.0
163229,0.0
163230,0.0
163231,0.0
163232,0.0
163233,0.0
163234,0.000766
163235,0.0
163236,0.0
163237,0.0
163238,0.0
163239,0.0
163240,0.0
163241,0.0
163242,0.0
163243,0.0
163244,0.0
163245,0.0
163246,0.0
163247,0.0
163248,0.0
163249,0.0
163250,0.0
163251,0.0
163252,0.0
163253,0.0
163254,0.0
163255,0.0
163256,0.0
163257,0.0
163258,0.0
163259,0.0
163260,0.0
163261,0.0
163262,0.0
163263,0.412105
163264,0.000159
163265,0.0
163704,1.0
163705,1.0
163706,0.794678
163707,0.069682
163708,0.088091
163709,0.914842
163710,0.184583
163711,1.0
163712,0.91332
163713,0.017701
163714,0.304081
163715,0.098366
163716,0.115532
163717,0.0
163718,0.0
163719,0.023565
163720,0.397057
163721,0.003451
163722,0.000921
163723,0.000344
163724,0.00148
163725,0.001344
163726,0.495576
163727,0.078991
163728,0.01541
163729,0.040856
163730,0.100921
163731,0.082326
163732,0.000278
163733,0.000914
163734,0.0
163735,0.165563
163736,0.668981
163737,0.655359
163738,0.009752
163739,0.001433
163740,0.773873
163741,0.913615
163742,0.49503
163743,0.0
163744,0.206099
163745,0.796437
163746,1.0
163747,0.51841
163748,0.052637
163749,0.008763
163750,0.000192
163751,0.0114
163752,0.030033
163753,0.000132
163754,0.00017
163755,0.007878
163756,0.006014
163757,0.0
163758,0.910738
163759,0.051391
163760,0.002105
163761,0.050681
163762,0.041462
163763,6.2e-05
163764,0.000845
163765,0.24756
163766,0.766376
163767,0.663783
163768,0.51464
163769,0.110445
163770,0.068554
163771,0.004455
163772,0.0
163773,0.0
163774,0.0
163775,0.0
163776,0.0
163777,0.0
163778,0.0
163779,0.0
163780,0.0
163781,0.0
163782,0.0
163783,0.0
163784,0.0
163785,0.0
163786,0.0
163787,0.0
163788,0.0
163789,0.0
163790,0.0
163791,0.0
163792,0.0
163793,0.0
163794,0.0
163795,0.0
163796,0.0
163797,0.0
163798,0.0
163799,0.0
163800,0.0
163801,0.0
163802,0.0
163803,0.0
163804,0.0
163805,0.0
163806,0.0
163807,0.0
163808,0.0
163809,0.0
163810,0.0
163811,0.0
163812,0.0
163813,0.0
163814,0.0
163815,0.0
163816,0.0
163817,0.0
163818,0.0
163819,0.0
163820,0.0
163821,0.0
163822,0.0
163823,0.0
163824,0.0
163825,0.0
163826,0.0
163827,0.0
163828,0.0
163829,0.0
163830,0.0
163831,0.0
163832,0.0
163833,0.0
163834,0.0
163835,0.0
163836,0.0
163837,0.0
163838,0.0
163839,0.0
163840,0.0
163841,0.0
163842,0.0
163843,0.0
163844,0.0
163845,0.0
163846,0.0
163847,0.0
163848,0.0
163849,0.0
163850,0.0
163851,0.0
163852,0.0
163853,0.0
163854,0.0
163855,0.0
163856,0.0
163857,0.0
163858,0.0
163859,0.0
163860,0.0
163861,0.0
163862,0.0
163863,0.0
163864,0.0
163865,0.0
163866,0.003034
163867,0.055627
163868,0.006894
163869,0.0
163870,0.0
163871,0.009503
163872,0.0
163873,0.0
163874,0.017907
163875,0.010913
163876,0.0
163877,0.0
163878,0.0
163879,0.0
163880,0.0
163881,0.559938
163882,1.0
163883,1.0
163884,0.898036
163885,0.000941
163886,0.0
163887,0.0
163888,0.0
163889,0.0
163890,0.0
163891,0.0
163892,0.0
163893,0.0
163894,0.0
163895,0.0
163896,0.0
163897,0.0
163898,0.0
163899,0.0
163900,0.0
163901,0.0
163902,0.0
163903,0.0
163904,0.0
163905,0.0
163906,0.0
163907,0.0
163908,0.0
163909,0.0
163910,0.0
163911,0.0
163912,0.0
163913,0.0
163914,0.0
163915,0.0
163916,0.0
163917,0.0
163918,0.0
163919,0.0
163920,0.0
163921,0.0
163922,0.0
163923,0.0
163924,0.0
163925,0.0
163926,0.0
163927,0.0
163928,0.0
163929,0.0
163930,0.0
163931,0.0
163932,0.0
163933,0.0
163934,0.0
163935,0.0
163936,0.0
163937,0.0
163938,0.0
163939,0.0
163940,0.0
163941,0.0
163942,0.0
163943,0.0
163944,0.0
163945,0.0
163946,0.0
163947,0.008907
163948,0.0
163949,0.0
164391,0.0
164392,0.372684
164393,0.620855
164394,0.136402
164395,1.0
164396,1.0
164397,0.033269
164398,0.021659
164399,0.021471
164400,0.079873
164401,0.0
164402,0.0
164403,0.000789
164404,0.002383
164405,0.0
164406,0.00465
164407,0.241854
164408,0.008745
164409,0.0
164410,0.016501
164411,0.020663
164412,0.016309
164413,0.005433
164421,0.165854
164422,0.230256
164423,0.0
164424,0.86853
164425,0.819691
164426,0.010468
164427,0.0
164428,0.655832
164429,0.729601
164430,0.462912
164431,0.05198
164432,0.0
164433,0.0
164434,0.0
164435,0.0
164436,0.0
164437,0.0
164438,0.0
164439,0.0
164440,0.013644
164441,0.018083
164442,0.000697
164443,0.001403
164444,0.000235
164445,6.6e-05
164446,0.0
164447,0.001564
164448,0.009828
164449,0.010622
164450,0.078951
164451,0.377909
164452,0.302785
164453,0.413728
164454,0.094156
164455,0.17263
164456,0.0
164457,0.0
164458,0.0
164459,0.0
164460,0.0
164461,0.0
164462,0.0
164463,0.0
164464,0.0
164465,0.0
164466,0.0
164467,0.0
164468,0.0
164469,0.0
164470,0.0
164471,0.0
164472,0.0
164473,0.0
164474,0.0
164475,0.0
164476,0.0
164477,0.0
164478,0.0
164479,0.0
164480,0.0
164481,0.0
164482,0.0
164483,0.0
164484,0.0
164485,0.0
164486,0.0
164487,0.0
164488,0.0
164489,0.0
164490,0.0
164491,0.0
164492,0.0
164493,0.0
164494,0.0
164495,0.0
164496,0.0
164497,0.0
164498,0.0
164499,0.0
164500,0.0
164501,0.0
164502,0.0
164503,0.0
164504,0.0
164505,0.0
164506,0.0
164507,0.0
164508,0.0
164509,0.0
164510,0.0
164511,0.0
164512,0.0
164513,0.0
164514,0.0
164515,0.0
164516,0.0
164517,0.0
164518,0.0
164519,0.0
164520,0.0
164521,0.0
164522,0.0
164523,0.0
164524,0.0
164525,0.0
164526,0.0
164527,0.0
164528,0.0
164529,0.0
164530,0.0
164531,0.0
164532,0.0
164533,0.0
164534,0.0
164535,0.0
164536,0.0
164537,0.0
164538,0.0
164539,0.0
164540,0.0
164541,0.0
164542,0.0
164543,0.0
164544,0.0
164545,0.0
164546,0.0
164547,0.0
164548,0.0
164549,0.0
164550,0.0
164551,0.029984
164552,0.013821
164553,0.0
164554,0.0
164555,0.0
164556,0.015384
164557,0.019655
164558,0.001491
164559,0.0
164560,0.0
164561,0.0
164562,0.0
164563,0.0
164564,0.0
164565,0.58526
164566,0.803889
164567,0.458149
164568,0.368273
164569,0.005629
164570,0.0
164571,0.0
164572,0.0
164573,0.0
164574,0.0
164575,0.0
164576,0.0
164577,0.0
164578,0.0
164579,0.0
164580,0.0
164581,0.0
164582,0.0
164583,0.0
164584,0.0
164585,0.0
164586,0.0
164587,0.0
164588,0.0
164589,0.0
164590,0.0
164591,0.0
164592,0.0
164593,0.0
164594,0.0
164595,0.0
164596,0.0
164597,0.0
164598,0.0
164599,0.0
164600,0.0
164601,0.0
164602,0.0
164603,0.0
164604,0.0
164605,0.0
164606,0.0
164607,0.0
164608,0.0
164609,0.0
164610,0.0
164611,0.0
164612,0.0
164613,0.0
164614,0.0
164615,0.0
164616,0.0
164617,0.0
164618,0.0
164619,0.0
164620,0.0
164621,0.0
164622,0.0
164623,0.0
164624,0.0
164625,0.0
164626,0.0
164627,0.0
164628,0.0
164629,0.0
164630,0.0
164631,0.0
164632,0.0
164633,0.0
165081,0.0
165082,0.000739
165083,0.0
165084,0.029482
165085,0.0
165086,0.0
165087,0.0
165088,0.0
165089,0.0
165090,0.000117
165091,0.827667
165092,0.000235
165093,0.0
165094,0.0
165095,0.004651
165096,0.124869
165097,0.024808
165111,0.0
165112,0.0
165113,0.0
165114,0.0
165115,0.0
165116,0.0
165117,0.0
165118,0.0
165119,0.0
165120,0.0
165121,0.0
165122,0.0
165123,0.0
165124,0.002133
165125,0.0
165126,0.0
165127,0.0
165128,0.0
165129,0.0
165130,0.0
165131,0.0
165132,0.0
165133,0.0
165134,0.0
165135,0.0
165136,0.000852
165137,0.0
165138,0.002699
165139,0.0
165140,0.0
165141,0.0
165142,0.0
165143,0.0
165144,0.0
165145,0.0
165146,0.0
165147,0.0
165148,0.0
165149,0.0
165150,0.0
165151,0.0
165152,0.0
165153,0.0
165154,0.0
165155,0.0
165156,0.0
165157,0.0
165158,0.0
165159,0.0
165160,0.0
165161,0.0
165162,0.0
165163,0.0
165164,0.0
165165,0.0
165166,0.0
165167,0.0
165168,0.0
165169,0.0
165170,0.0
165171,0.0
165172,0.0
165173,0.0
165174,0.0
165175,0.0
165176,0.0
165177,0.0
165178,0.0
165179,0.0
165180,0.0
165181,0.0
165182,0.0
165183,0.0
165184,0.0
165185,0.0
165186,0.0
165187,0.0
165188,0.0
165189,0.0
165190,0.0
165191,0.0
165192,0.0
165193,0.0
165194,0.0
165195,0.0
165196,0.0
165197,0.0
165198,0.0
165199,0.0
165200,0.0
165201,0.0
165202,0.0
165203,0.0
165204,0.0
165205,0.0
165206,0.0
165207,0.0
165208,0.0
165209,0.0
165210,0.0
165211,0.0
165212,0.0
165213,0.0
165214,0.0
165215,0.0
165216,0.0
165217,0.0
165218,0.005059
165219,0.0
165220,0.0
165221,0.173299
165222,0.32816
165223,0.253128
165224,0.0
165225,0.0
165226,0.0
165227,0.0
165228,0.0
165229,0.0
165230,0.0
165231,0.0
165232,0.0
165233,0.0
165234,0.0
165235,0.001565
165236,0.0
165237,0.0
165238,0.0
165239,0.007806
165240,0.038545
165241,0.0
165242,0.0
165243,0.0
165244,0.0
165245,0.0
165246,0.0
165247,0.0
165248,0.0
165249,0.074363
165250,0.08442
165251,0.0
165252,0.0
165253,0.0
165254,0.0
165255,0.0
165256,0.0
165257,0.0
165258,0.0
165259,0.0
165260,0.0
165261,0.0
165262,0.0
165263,0.0
165264,0.0
165265,0.0
165266,0.0
165267,0.0
165268,0.0
165269,0.0
165270,0.0
165271,0.0
165272,0.0
165273,0.0
165274,0.0
165275,0.0
165276,0.0
165277,0.0
165278,0.0
165279,0.0
165280,0.0
165281,0.0
165282,0.0
165283,0.0
165284,0.0
165285,0.0
165286,0.0
165287,0.0
165288,0.0
165289,0.0
165290,0.0
165291,0.0
165292,0.0
165293,0.0
165294,0.0
165295,0.195655
165296,0.000284
165297,0.0
165298,0.0
165299,0.0
165300,0.0
165301,0.0
165302,0.0
165303,0.0
165304,0.0
165305,0.0
165306,0.0
165307,0.0
165308,0.0
165309,0.0
165310,0.0
165311,0.0
165312,0.0
165313,0.0
165314,0.0
165315,0.0
165316,0.023419
165317,0.147076
165772,0.0
165773,0.0
165774,0.000773
165775,0.000677
165776,0.0
165778,0.0
165779,4.9e-05
165780,0.018051
165781,0.002828
165797,0.0
165798,0.0
165799,0.0
165800,0.0
165801,0.0
165802,0.0
165803,0.0
165804,0.0
165805,0.0
165806,0.0
165807,0.0
165808,0.0
165809,0.0
165810,0.0
165811,0.0
165812,0.0
165813,0.0
165814,0.0
165815,0.0
165816,0.0
165817,0.0
165818,0.0
165819,0.0
165820,0.0
165821,0.0
165822,0.0
165823,0.0
165824,0.0
165825,0.0
165826,0.0
165827,0.0
165828,0.0
165829,0.0
165830,0.0
165831,0.0
165832,0.0
165833,0.0
165834,0.0
165835,0.0
165836,0.0
165837,0.0
165838,0.0
165839,0.0
165840,0.0
165841,0.0
165842,0.0
165843,0.0
165844,0.0
165845,0.0
165846,0.0
165847,0.0
165848,0.0
165849,0.0
165850,0.0
165851,0.0
165852,0.0
165853,0.0
165854,0.0
165855,0.0
165856,0.0
165857,0.0
165858,0.0
165859,0.0
165860,0.0
165861,0.0
165862,0.0
165863,0.0
165864,0.0
165865,0.0
165866,0.0
165867,0.0
165868,0.0
165869,0.0
165870,0.0
165871,0.0
165872,0.0
165873,0.0
165874,0.0
165875,0.0
165876,0.0
165877,0.0
165878,0.0
165879,0.0
165880,0.0
165881,0.0
165882,0.0
165883,0.0
165884,0.0
165885,0.0
165886,0.0
165887,0.0
165888,0.0
165889,0.0
165890,0.0
165891,0.0
165892,0.0
165893,0.0
165894,0.0
165895,0.0
165896,0.0
165897,0.0
165898,0.0
165899,0.0
165900,0.0
165901,3.1e-05
165902,0.001315
165903,0.0
165904,0.0
165905,0.069185
165906,0.717963
165907,0.958626
165908,0.042331
165909,0.0
165910,0.0
165911,0.0
165912,0.0
165913,0.0
165914,0.0
165915,0.0
165916,0.0
165917,0.0
165918,0.0
165919,0.0
165920,0.0
165921,0.0
165922,0.010269
165923,0.011643
165924,0.0
165925,0.0
165926,0.0
165927,0.0
165928,0.0
165929,0.0
165930,0.0
165931,0.0
165932,0.0
165933,0.0
165934,0.0
165935,0.0
165936,0.0
165937,0.0
165938,0.0
165939,0.0
165940,0.0
165941,0.0
165942,0.0
165943,0.0
165944,0.0
165945,0.0
165946,0.0
165947,0.0
165948,0.0
165949,0.0
165950,0.0
165951,0.0
165952,0.0
165953,0.0
165954,0.0
165955,0.0
165956,0.0
165957,0.0
165958,0.0
165959,0.0
165960,0.0
165961,0.0
165962,0.0
165963,0.0
165964,0.0
165965,0.0
165966,0.0
165967,0.0
165968,0.0
165969,0.0
165970,0.0
165971,0.0
165972,0.0
165973,0.0
165974,0.0
165975,0.0
165976,0.0
165977,0.0
165978,0.0
165979,0.0
165980,0.0
165981,0.0
165982,0.0
165983,0.0
165984,0.0
165985,0.0
165986,0.0
165987,0.0
165988,0.0
165989,0.0
165990,0.0
165991,0.0
165992,0.0
165993,0.0
165994,0.0
165995,0.0
165996,0.0
165997,0.0
165998,0.0
165999,0.0
166000,0.0
166463,0.0
166464,0.001672
166465,0.0
166481,0.0
166482,0.0
166483,0.0
166484,0.0
166485,0.0
166486,0.0
166487,0.0
166488,0.0
166489,0.0
166490,0.0
166491,0.0
166492,0.0
166493,0.0
166494,0.0
166495,0.0
166496,0.0
166497,0.0
166498,0.0
166499,0.0
166500,0.0
166501,0.0
166502,0.0
166503,0.0
166504,0.0
166505,0.0
166506,0.0
166507,0.0
166508,0.0
166509,0.0
166510,0.0
166511,0.0
166512,0.0
166513,0.0
166514,0.0
166515,0.0
166516,0.0
166517,0.0
166518,0.0
166519,0.0
166520,0.0
166521,0.0
166522,0.0
166523,0.0
166524,0.0
166525,0.0
166526,0.0
166527,0.0
166528,0.0
166529,0.0
166530,0.0
166531,0.0
166532,0.0
166533,0.0
166534,0.0
166535,0.0
166536,0.0
166537,0.0
166538,0.0
166539,0.0
166540,0.0
166541,0.0
166542,0.0
166543,0.0
166544,0.0
166545,0.0
166546,0.0
166547,0.0
166548,0.0
166549,0.0
166550,0.0
166551,0.0
166552,0.0
166553,0.0
166554,0.0
166555,0.0
166556,0.0
166557,0.0
166558,0.0
166559,0.0
166560,0.0
166561,0.0
166562,0.0
166563,0.0
166564,0.0
166565,0.0
166566,0.0
166567,0.0
166568,0.0
166569,0.0
166570,0.0
166571,0.0
166572,0.0
166573,0.0
166574,0.0
166575,0.0
166576,0.0
166577,0.0
166578,0.0
166579,0.0
166580,0.0
166581,0.0
166582,0.007883
166583,0.0
166584,0.0
166585,0.0
166586,0.0
166587,0.0
166588,0.0
166589,0.0
166590,0.01781
166591,0.723729
166592,0.792146
166593,0.0
166594,0.0
166595,0.0
166596,0.0
166597,0.0
166598,0.0
166599,0.0
166600,0.0
166601,0.0
166602,0.0
166603,0.0
166604,0.0
166605,0.0
166606,0.02703
166607,0.0
166608,0.0
166609,0.0
166610,0.0
166611,0.0
166612,0.0
166613,0.0
166614,0.0
166615,0.0
166616,0.0
166617,0.0
166618,0.0
166619,0.0
166620,0.0
166621,0.0
166622,0.0
166623,0.0
166624,0.0
166625,0.0
166626,0.0
166627,0.0
166628,0.0
166629,0.0
166630,0.0
166631,0.0
166632,0.0
166633,0.0
166634,0.0
166635,0.0
166636,0.0
166637,0.0
166638,0.0
166639,0.0
166640,0.0
166641,0.0
166642,0.0
166643,0.0
166644,0.0
166645,0.0
166646,0.0
166647,0.0
166648,0.0
166649,0.136981
166650,0.0
166651,0.0
166652,0.0
166653,0.0
166654,0.0
166655,0.0
166656,0.0
166657,0.0
166658,0.0
166659,0.0
166660,0.0
166661,0.0
166662,0.0
166663,0.0
166664,0.0
166665,0.0
166666,0.0
166667,0.0
166668,0.0
166669,0.0
166670,0.0
166671,0.0
166672,0.0
166673,0.0
166674,0.0
166675,0.0
166676,0.0
166677,0.0
166678,0.0
166679,0.0
166680,0.0
166681,0.0
166682,0.0
166683,0.0
166684,0.0
167166,0.0
167167,0.0
167168,0.0
167169,0.0
167170,0.0
167171,0.0
167172,0.0
167173,0.0
167174,0.0
167175,0.0
167176,0.0
167177,0.0
167178,0.0
167179,0.0
167180,0.0
167181,0.0
167182,0.0
167183,0.0
167184,0.0
167185,0.0
167186,0.0
167187,0.0
167188,0.0
167189,0.0
167190,0.0
167191,0.0
167192,0.0
167193,0.0
167194,0.0
167195,0.0
167196,0.0
167197,0.0
167198,0.0
167199,0.0
167200,0.0
167201,0.0
167202,0.0
167203,0.0
167204,0.0
167205,0.0
167206,0.0
167207,0.0
167208,0.0
167209,0.0
167210,0.0
167211,0.0
167212,0.0
167213,0.0
167214,0.0
167215,0.0
167216,0.0
167217,0.0
167218,0.0
167219,0.0
167220,0.0
167221,0.0
167222,0.0
167223,0.0
167224,0.0
167225,0.0
167226,0.0
167227,0.0
167228,0.0
167229,0.0
167230,0.0
167231,0.0
167232,0.0
167233,0.0
167234,0.0
167235,0.0
167236,0.0
167237,0.0
167238,0.0
167239,0.0
167240,0.0
167241,0.0
167242,0.0
167243,0.0
167244,0.0
167245,0.0
167246,0.0
167247,0.0
167248,0.0
167249,0.0
167250,0.0
167251,0.0
167252,0.0
167253,0.0
167254,0.0
167255,0.0
167256,0.0
167257,0.0
167258,0.0
167259,0.0
167260,0.0
167261,0.0
167262,0.0
167263,0.0
167264,0.0
167265,0.054052
167266,0.71212
167267,0.001556
167268,0.0
167269,0.0
167270,0.0
167271,0.0
167272,0.0
167273,0.0
167274,0.142927
167275,0.920976
167276,0.15414
167277,0.365726
167278,0.463124
167279,0.023441
167280,0.0
167281,0.0
167282,0.0
167283,0.0
167284,0.0
167285,0.0
167286,0.0
167287,0.0
167288,0.0
167289,0.01631
167290,0.005455
167291,0.0
167292,0.15507
167293,0.31572
167294,0.0
167295,0.0
167296,0.0
167297,0.0
167298,0.0
167299,0.0
167300,0.0
167301,0.0
167302,0.0
167303,0.0
167304,0.0
167305,0.0
167306,0.0
167307,0.0
167308,0.005567
167309,0.013263
167310,0.0
167311,0.0
167312,0.0
167313,0.0
167314,0.0
167315,0.0
167316,0.0
167317,0.0
167318,0.0
167319,0.0
167320,0.0
167321,0.0
167322,0.0
167323,0.0
167324,0.0
167325,0.0
167326,0.0
167327,0.0
167328,0.0
167329,0.0
167330,0.0
167331,0.0
167332,0.005056
167333,0.813053
167334,0.599152
167335,0.012687
167336,0.0
167337,0.0
167338,0.0
167339,0.0
167340,0.0
167341,0.0
167342,0.0
167343,0.0
167344,0.0
167345,0.0
167346,0.0
167347,0.0
167348,0.0
167349,0.0
167350,0.0
167351,0.0
167352,0.0
167353,0.0
167354,0.0
167355,0.0
167356,0.0
167357,0.0
167358,0.0
167359,0.0
167360,0.0
167361,0.0
167362,0.0
167363,0.024335
167364,0.000912
167365,0.0
167366,0.0
167367,0.0
167368,0.0
167369,0.0
167851,0.0
167852,0.0
167853,0.0
167854,0.0
167855,0.0
167856,0.0
167857,0.0
167858,0.0
167859,0.0
167860,0.0
167861,0.0
167862,0.0
167863,0.0
167864,0.0
167865,0.0
167866,0.0
167867,0.0
167868,0.0
167869,0.0
167870,0.0
167871,0.0
167872,0.0
167873,0.0
167874,0.0
167875,0.0
167876,0.0
167877,0.0
167878,0.0
167879,0.0
167880,0.0
167881,0.0
167882,0.0
167883,0.0
167884,0.0
167885,0.0
167886,0.0
167887,0.0
167888,0.0
167889,0.0
167890,0.0
167891,0.0
167892,0.0
167893,0.0
167894,0.0
167895,0.0
167896,0.0
167897,0.0
167898,0.0
167899,0.0
167900,0.0
167901,0.0
167902,0.0
167903,0.0
167904,0.0
167905,0.0
167906,0.0
167907,0.0
167908,0.0
167909,0.0
167910,0.0
167911,0.0
167912,0.0
167913,0.0
167914,0.0
167915,0.0
167916,0.0
167917,0.0
167918,0.0
167919,0.0
167920,0.0
167921,0.0
167922,0.0
167923,0.0
167924,0.0
167925,0.0
167926,0.0
167927,0.0
167928,0.0
167929,0.0
167930,0.0
167931,0.0
167932,0.0
167933,0.0
167934,0.0
167935,0.0
167936,0.0
167937,0.0
167938,0.0
167939,0.0
167940,0.0
167941,0.0
167942,0.0
167943,0.0
167944,0.0
167945,0.0
167946,0.0
167947,0.0
167948,0.0
167949,0.105752
167950,0.993736
167951,0.702678
167952,0.0
167953,0.0
167954,0.0
167955,0.0
167956,0.0
167957,0.0
167958,0.702779
167959,0.610722
167960,0.0
167961,0.269881
167962,1.0
167963,0.145043
167964,0.0
167965,0.0
167966,0.0
167967,0.0
167968,0.0
167969,0.0
167970,0.0
167971,0.0
167972,0.001982
167973,0.019705
167974,0.0
167975,0.0
167976,0.22858
167977,0.66821
167978,0.0
167979,0.0
167980,0.0
167981,0.0
167982,0.0
167983,0.0
167984,0.0
167985,0.0
167986,0.0
167987,0.0
167988,0.0
167989,0.0
167990,0.024979
167991,0.430518
167992,0.986904
167993,0.318452
167994,0.022263
167995,0.0
167996,0.0
167997,0.0
167998,0.0
167999,0.0
168000,0.0
168001,0.0
168002,0.0
168003,0.0
168004,0.0
168005,0.0
168006,0.0
168007,0.0
168008,0.0
168009,0.0
168010,0.0
168011,0.0
168012,0.0
168013,0.0
168014,0.0
168015,0.0
168016,0.0
168017,0.119178
168018,0.598178
168019,0.010735
168020,0.0
168021,0.0
168022,0.0
168023,0.0
168024,0.0
168025,0.0
168026,0.0
168027,0.0
168028,0.0
168029,0.0
168030,0.0
168031,0.0
168032,0.0
168033,0.0
168034,0.0
168035,0.0
168036,0.0
168037,0.0
168038,0.0
168039,0.0
168040,0.000524
168041,0.0
168042,0.0
168043,0.0
168044,0.0
168045,0.005124
168048,0.000577
168049,0.0
168050,0.0
168051,0.0
168052,0.104622
168053,0.531103
168536,0.0
168537,0.0
168538,0.0
168539,0.0
168540,0.0
168541,0.0
168542,0.0
168543,0.0
168544,0.0
168545,0.0
168546,0.0
168547,0.0
168548,0.0
168549,0.0
168550,0.0
168551,0.0
168552,0.0
168553,0.0
168554,0.0
168555,0.0
168556,0.0
168557,0.0
168558,0.0
168559,0.0
168560,0.0
168561,0.0
168562,0.0
168563,0.0
168564,0.0
168565,0.0
168566,0.0
168567,0.0
168568,0.0
168569,0.0
168570,0.0
168571,0.0
168572,0.0
168573,0.0
168574,0.0
168575,0.0
168576,0.0
168577,0.0
168578,0.0
168579,0.0
168580,0.0
168581,0.0
168582,0.0
168583,0.0
168584,0.0
168585,0.0
168586,0.0
168587,0.0
168588,0.0
168589,0.0
168590,0.0
168591,0.0
168592,0.0
168593,0.0
168594,0.0
168595,0.0
168596,0.0
168597,0.0
168598,0.0
168599,0.0
168600,0.0
168601,0.0
168602,0.0
168603,0.0
168604,0.0
168605,0.0
168606,0.0
168607,0.0
168608,0.0
168609,0.0
168610,0.0
168611,0.0
168612,0.0
168613,0.0
168614,0.0
168615,0.0
168616,0.0
168617,0.0
168618,0.0
168619,0.0
168620,0.0
168621,0.0
168622,0.0
168623,0.0
168624,0.0
168625,0.0
168626,0.0
168627,0.0
168628,0.0
168629,0.0
168630,0.0
168631,0.0
168632,0.0
168633,0.421402
168634,1.0
168635,0.999328
168636,0.0
168637,0.0
168638,0.0
168639,0.0
168640,0.175687
168641,0.131094
168642,0.0
168643,0.0
168644,0.0
168645,0.289892
168646,1.0
168647,0.208268
168648,0.0
168649,0.0
168650,0.0
168651,0.000513
168652,0.0
168653,0.001766
168654,0.003187
168655,0.010826
168656,0.024704
168657,0.007409
168658,0.0
168659,0.08061
168660,0.806591
168661,0.367686
168662,0.0
168663,0.0
168664,0.0
168665,0.0
168666,0.0
168667,0.0
168668,0.0
168669,0.0
168670,0.0
168671,0.0
168672,0.0
168673,0.0
168674,0.016867
168675,0.395285
168676,0.416314
168677,0.70772
168678,0.106261
168679,0.0
168680,0.0
168681,0.0
168682,0.0
168683,0.0
168684,0.0
168685,0.0
168686,0.0
168687,0.0
168688,0.0
168689,0.0
168690,0.0
168691,0.0
168692,0.0
168693,0.0
168694,0.0
168695,0.0
168696,0.0
168697,0.0
168698,0.0
168699,0.0
168700,0.0
168701,0.0
168702,0.0
168703,0.0
168704,0.0
168705,0.0
168706,0.0
168707,0.0
168708,0.0
168709,0.0
168710,0.0
168711,0.0
168712,0.0
168713,0.0
168714,0.0
168715,0.0
168716,0.0
168717,0.0
168718,0.0
168719,0.0
168720,0.0
168721,0.0
168722,0.0
168723,0.137214
168724,0.0
168725,0.0
168726,0.0
168727,0.0
168728,0.0
168729,0.0
168732,0.0
168733,0.0
168734,0.0
168735,0.0
168736,0.058996
168737,0.5746
169221,0.0
169222,0.0
169223,0.0
169224,0.0
169225,0.0
169226,0.0
169227,0.0
169228,0.0
169229,0.0
169230,0.0
169231,0.0
169232,0.0
169233,0.0
169234,0.0
169235,0.0
169236,0.0
169237,0.0
169238,0.0
169239,0.0
169240,0.0
169241,0.0
169242,0.0
169243,0.0
169244,0.0
169245,0.0
169246,0.0
169247,0.0
169248,0.0
169249,0.0
169250,0.0
169251,0.0
169252,0.0
169253,0.0
169254,0.0
169255,0.0
169256,0.0
169257,0.0
169258,0.0
169259,0.0
169260,0.0
169261,0.0
169262,0.0
169263,0.0
169264,0.0
169265,0.001202
169266,0.0
169267,0.0
169268,0.0
169269,0.0
169270,0.0
169271,0.0
169272,0.0
169273,0.0
169274,0.0
169275,0.0
169276,0.0
169277,0.0
169278,0.0
169279,0.0
169280,0.0
169281,0.0
169282,0.0
169283,0.0
169284,0.0
169285,0.0
169286,0.0
169287,0.0
169288,0.0
169289,0.0
169290,0.0
169291,0.0
169292,0.0
169293,0.0
169294,0.0
169295,0.0
169296,0.0
169297,0.0
169298,0.0
169299,0.0
169300,0.0
169301,0.0
169302,0.0
169303,0.0
169304,0.0
169305,0.0
169306,0.0
169307,0.020286
169308,0.415427
169309,0.0
169310,0.0
169311,0.0
169312,0.0
169313,0.0
169314,0.0
169315,0.0
169316,0.0
169317,0.214176
169318,0.98707
169319,1.0
169320,0.00908
169321,0.0
169322,0.0
169323,0.0
169324,0.43161
169325,1.0
169326,0.106901
169327,0.0
169328,0.0
169329,0.255948
169330,1.0
169331,0.78652
169332,0.166313
169333,0.0
169334,0.0
169335,0.0
169336,0.0
169337,0.000224
169338,0.0
169339,0.000756
169340,0.0
169341,0.764884
169342,0.540476
169343,0.610067
169344,0.849898
169345,0.089799
169346,0.0
169347,0.0
169348,0.0
169349,0.0
169350,0.0
169351,0.006212
169352,0.0
169353,0.0
169354,0.0
169355,0.0
169356,0.0
169357,0.0
169358,0.0
169359,0.0
169360,0.0
169361,0.07784
169362,0.011524
169363,0.0
169364,0.0
169365,0.0
169366,0.0
169367,0.0
169368,0.0
169369,0.0
169370,0.0
169371,0.0
169372,0.0
169373,0.0
169374,0.0
169375,0.0
169376,0.0
169377,0.034039
169378,0.492505
169379,0.320997
169380,0.594302
169381,0.017085
169382,0.0
169383,0.0
169384,0.0
169385,0.0
169386,0.0
169387,0.0
169388,0.0
169389,0.0
169390,0.0
169391,0.0
169392,0.0
169393,0.0
169394,0.0
169395,0.0
169396,0.0
169397,0.0
169398,0.0
169399,0.0
169400,0.0
169401,0.0
169402,0.0
169403,0.0
169404,0.0
169405,0.0
169406,0.0
169407,0.0
169408,0.0
169409,0.0
169410,0.0
169411,0.0
169412,0.0
169413,0.000521
169416,0.006897
169417,0.0
169418,0.0
169419,0.0
169420,0.0
169421,0.0
169906,0.0
169907,0.0
169908,0.0
169909,0.0
169910,0.0
169911,0.0
169912,0.0
169913,0.0
169914,0.0
169915,0.0
169916,0.0
169917,0.0
169918,0.0
169919,0.0
169920,0.0
169921,0.0
169922,0.0
169923,0.0
169924,0.0
169925,0.0
169926,0.0
169927,0.0
169928,0.0
169929,0.0
169930,0.0
169931,0.0
169932,0.0
169933,0.0
169934,0.0
169935,0.0
169936,0.0
169937,0.0
169938,0.0
169939,0.0
169940,0.0
169941,0.0
169942,0.0
169943,0.0
169944,0.0
169945,0.0
169946,0.0
169947,0.000658
169948,0.041332
169949,0.078111
169950,0.0
169951,0.0
169952,0.0
169953,0.0
169954,0.0
169955,0.0
169956,0.0
169957,0.0
169958,0.0
169959,0.0
169960,0.0
169961,0.0
169962,0.0
169963,0.0
169964,0.0
169965,0.0
169966,0.0
169967,0.0
169968,0.0
169969,0.0
169970,0.0
169971,0.0
169972,0.0
169973,0.0
169974,0.0
169975,0.0
169976,0.0
169977,0.0
169978,0.0
169979,0.0
169980,0.0
169981,0.0
169982,0.0
169983,0.0
169984,0.0
169985,0.0
169986,0.0
169987,0.0
169988,0.0
169989,0.0
169990,0.0
169991,0.637659
169992,0.932983
169993,0.337132
169994,0.0
169995,0.0
169996,0.000435
169997,0.000464
169998,0.113919
169999,0.276243
170000,0.182516
170001,0.001955
170002,0.244231
170003,0.791427
170004,0.472519
170005,0.0
170006,0.0
170007,0.063174
170008,0.383573
170009,1.0
170010,0.956609
170011,0.090213
170012,0.0
170013,0.352257
170014,0.332809
170015,0.541514
170016,0.455274
170017,0.0
170018,0.0
170019,0.0
170020,0.0
170021,0.0
170022,0.0
170023,0.005483
170024,0.052173
170025,0.852964
170026,0.915058
170027,0.839993
170028,0.410521
170029,0.0
170030,0.0
170031,0.0
170032,0.0
170033,0.0
170034,0.0
170035,0.0
170036,0.0
170037,0.0
170038,0.0
170039,0.0
170040,0.0
170041,0.000856
170042,0.003856
170043,0.0
170044,0.0
170045,0.0
170046,0.0
170047,0.0
170048,0.0
170049,0.0
170050,0.0
170051,0.0
170052,0.0
170053,0.0
170054,0.0
170055,0.0
170056,0.0
170057,0.0
170058,0.0
170059,0.0
170060,0.0
170061,0.459272
170062,1.0
170063,0.973427
170064,0.134056
170065,0.0
170066,0.0
170067,0.0
170068,0.0
170069,0.0
170070,0.0
170071,0.0
170072,0.0
170073,0.0
170074,0.0
170075,0.0
170076,0.0
170077,0.0
170078,0.0
170079,0.0
170080,0.0
170081,0.0
170082,0.0
170083,0.0
170084,0.0
170085,0.0
170086,0.0
170087,0.0
170088,0.0
170089,0.0
170090,0.0
170091,0.0
170092,0.0
170093,0.0
170094,0.0
170095,0.0
170096,0.0
170097,0.0
170099,0.0
170100,0.0
170101,0.0
170102,0.0
170103,0.0
170104,0.001046
170105,0.0
170590,0.0
170591,0.0
170592,0.0
170593,0.0
170594,0.0
170595,0.0
170596,0.0
170597,0.0
170598,0.0
170599,0.0
170600,0.0
170601,0.0
170602,0.0
170603,0.0
170604,0.0
170605,0.0
170606,0.0
170607,0.0
170608,0.0
170609,0.0
170610,0.0
170611,0.0
170612,0.0
170613,0.0
170614,0.0
170615,0.0
170616,0.0
170617,0.0
170618,0.0
170619,0.0
170620,0.0
170621,0.0
170622,0.0
170623,0.0
170624,0.0
170625,0.0
170626,0.0
170627,0.0
170628,0.0
170629,0.0
170630,0.0
170631,4e-05
170632,0.0
170633,0.0
170634,0.0
170635,0.0
170636,0.0
170637,0.0
170638,0.0
170639,0.0
170640,0.0
170641,0.0
170642,0.0
170643,0.0
170644,0.0
170645,0.0
170646,0.0
170647,0.0
170648,0.0
170649,0.0
170650,0.0
170651,0.0
170652,0.0
170653,0.0
170654,0.277894
170655,0.842423
170656,0.104929
170657,0.0
170658,0.0
170659,0.0
170660,0.0
170661,0.0
170662,0.0
170663,0.0
170664,0.0
170665,0.0
170666,0.0
170667,0.0
170668,0.0
170669,0.0
170670,0.0
170671,0.0
170672,0.0
170673,0.0
170674,0.0
170675,0.178483
170676,0.970659
170677,1.0
170678,0.617648
170679,0.0
170680,0.0
170681,0.0
170682,0.451254
170683,0.971833
170684,0.995407
170685,0.043436
170686,0.005479
170687,0.524616
170688,1.0
170689,0.0
170690,0.0
170691,0.245212
170692,0.708511
170693,0.234109
170694,0.254671
170695,0.095476
170696,0.487389
170697,0.298498
170698,0.0
170699,0.0
170700,0.0
170701,0.0
170702,0.0
170703,0.037329
170704,0.0
170705,0.0
170706,0.0
170707,0.0
170708,0.085854
170709,0.407051
170710,0.716201
170711,0.511013
170712,0.000736
170713,0.0
170714,0.0
170715,0.0
170716,0.0
170717,0.0
170718,0.0
170719,0.0
170720,0.0
170721,0.0
170722,0.0
170723,0.0
170724,0.0
170725,0.511948
170726,1.0
170727,0.965751
170728,0.536699
170729,0.0
170730,0.0
170731,0.0
170732,0.0
170733,0.0
170734,0.0
170735,0.0
170736,0.0
170737,0.0
170738,0.0
170739,0.0
170740,0.0
170741,0.0
170742,0.0
170743,0.0
170744,0.0
170745,0.250783
170746,0.397349
170747,0.340389
170748,0.0
170749,0.0
170750,0.0
170751,0.0
170752,0.0
170753,0.0
170754,0.0
170755,0.0
170756,0.0
170757,0.0
170758,0.0
170759,0.0
170760,0.0
170761,0.0
170762,0.0
170763,0.0
170764,0.0
170765,0.0
170766,0.0
170767,0.0
170768,0.0
170769,0.0
170770,0.0
170771,0.0
170772,0.0
170773,0.0
170774,0.0
170775,0.0
170776,0.0
170777,0.0
170778,0.0
170779,0.0
170780,0.0
170781,0.333431
170782,0.258395
170783,0.0
170784,0.0
170785,0.0
170786,0.0
170787,0.0
170788,0.017372
170789,0.005117
170790,0.674257
171275,0.0
171276,0.0
171277,0.0
171278,0.0
171279,0.0
171280,0.0
171281,0.0
171282,0.0
171283,0.0
171284,0.0
171285,0.0
171286,0.0
171287,0.0
171288,0.0
171289,0.0
171290,0.0
171291,0.0
171292,0.0
171293,0.0
171294,0.0
171295,0.0
171296,0.0
171297,0.0
171298,0.0
171299,0.0
171300,0.0
171301,0.0
171302,0.0
171303,0.0
171304,0.0
171305,0.0
171306,0.0
171307,0.0
171308,0.0
171309,0.0
171310,0.0
171311,0.0
171312,0.0
171313,0.0
171314,0.0
171315,0.0
171316,0.0
171317,0.0
171318,0.0
171319,0.0
171320,0.0
171321,0.0
171322,0.0
171323,0.0
171324,0.0
171325,0.0
171326,0.0
171327,0.0
171328,0.0
171329,0.0
171330,0.0
171331,0.0
171332,0.0
171333,0.0
171334,0.0
171335,0.0
171336,0.0
171337,0.0
171338,0.879499
171339,1.0
171340,0.687705
171341,0.08443
171342,0.0
171343,0.0
171344,0.0
171345,0.0
171346,0.0
171347,0.0
171348,0.0
171349,0.0
171350,0.0
171351,0.0
171352,0.0
171353,0.0
171354,0.0
171355,0.0
171356,0.0
171357,0.0
171358,0.0
171359,0.322366
171360,0.867696
171361,1.0
171362,1.0
171363,0.033493
171364,0.0
171365,0.015059
171366,0.61637
171367,1.0
171368,1.0
171369,0.277774
171370,0.266416
171371,1.0
171372,1.0
171373,0.138914
171374,0.0
171375,0.0
171376,0.0
171377,0.0
171378,0.0
171379,0.051612
171380,1.0
171381,0.998846
171382,0.3581
171383,0.0
171384,0.0
171385,0.0
171386,0.0
171387,0.063385
171388,0.006963
171389,0.0
171390,0.0
171391,0.0
171392,0.0
171393,0.0
171394,0.0
171395,0.0
171396,0.0
171397,0.0
171398,0.0
171399,0.0
171400,0.0
171401,0.0
171402,0.0
171403,0.0
171404,0.0
171405,0.0
171406,0.0
171407,0.0
171408,0.230584
171409,0.836298
171410,1.0
171411,1.0
171412,0.948211
171413,0.359069
171414,0.0
171415,0.0
171416,0.0
171417,0.0
171418,0.0
171419,0.0
171420,0.0
171421,0.0
171422,0.0
171423,0.0
171424,0.0
171425,0.0
171426,0.0
171427,0.0
171428,0.0
171429,0.0
171430,0.0
171431,0.0
171432,0.0
171433,0.0
171434,0.0
171435,0.0
171436,0.0
171437,0.0
171438,0.0
171439,0.0
171440,0.0
171441,0.0
171442,0.0
171443,0.0
171444,0.0
171445,0.0
171446,0.0
171447,0.0
171448,0.0
171449,0.0
171450,0.0
171451,0.0
171452,0.0
171453,0.0
171454,0.0
171455,0.0
171456,0.0
171457,0.0
171458,0.0
171459,0.0
171460,0.0
171461,0.0
171462,0.0
171463,0.0
171464,0.0
171465,0.131582
171466,0.623665
171467,0.624624
171468,0.0
171469,0.0
171470,0.000328
171471,0.096792
171472,0.0
171473,0.0
171474,0.0
171961,0.0
171962,0.0
171963,0.0
171964,0.0
171965,0.0
171966,0.0
171967,0.0
171968,0.0
171969,0.0
171970,0.0
171971,0.0
171972,0.0
171973,0.0
171974,0.0
171975,0.0
171976,0.0
171977,0.0
171978,0.0
171979,0.0
171980,0.0
171981,0.0
171982,0.0
171983,0.0
171984,0.0
171985,0.0
171986,0.0
171987,0.0
171988,0.0
171989,0.0
171990,0.0
171991,0.0
171992,0.0
171993,0.0
171994,0.0
171995,0.0
171996,0.0
171997,0.0
171998,0.0
171999,0.0
172000,0.0
172001,0.0
172002,0.0
172003,0.0
172004,0.0
172005,0.0
172006,0.0
172007,0.0
172008,0.0
172009,0.0
172010,0.0
172011,0.0
172012,0.0
172013,0.0
172014,0.0
172015,0.0
172016,0.0
172017,0.0
172018,0.0
172019,0.0
172020,0.0
172021,0.0
172022,0.917126
172023,0.968892
172024,0.865807
172025,0.520741
172026,0.0
172027,0.0
172028,0.0
172029,0.0
172030,0.0
172031,0.0
172032,0.0
172033,0.0
172034,0.0
172035,0.0
172036,0.0
172037,0.0
172038,0.0
172039,0.0
172040,0.0
172041,0.0
172042,0.0
172043,0.085901
172044,0.446167
172045,1.0
172046,0.90244
172047,0.164603
172048,0.0
172049,0.0
172050,0.696753
172051,1.0
172052,1.0
172053,0.784127
172054,0.143133
172055,0.248014
172056,0.176609
172057,0.096327
172058,0.0
172059,0.0
172060,0.20957
172061,0.665283
172062,0.814351
172063,0.267955
172064,0.359235
172065,0.865334
172066,0.541233
172067,0.0
172068,0.0
172069,0.014384
172070,0.000849
172071,0.0
172072,0.0
172073,0.0
172074,0.0
172075,0.0
172076,0.0
172077,0.0
172078,0.0
172079,0.0
172080,0.0
172081,0.0
172082,0.0
172083,0.0
172084,0.0
172085,0.0
172086,0.0
172087,0.0
172088,0.0
172089,0.0
172090,0.0
172091,0.0
172092,0.705934
172093,0.959754
172094,0.835952
172095,0.898906
172096,0.678749
172097,0.511606
172098,0.0
172099,0.0
172100,0.0
172101,0.0
172102,0.0
172103,0.0
172104,0.0
172105,0.0
172106,0.0
172107,0.0
172108,0.0
172109,0.0
172110,0.0
172111,0.0
172112,0.0
172113,0.0
172114,0.0
172115,0.0
172116,0.030575
172117,0.295966
172118,0.558178
172119,0.0
172120,0.0
172121,0.0
172122,0.0
172123,0.0
172124,0.0
172125,0.0
172126,0.0
172127,0.0
172128,0.0
172129,0.0
172130,0.0
172131,0.0
172132,0.0
172133,0.0
172134,0.0
172135,0.0
172136,0.0
172137,0.0
172138,0.0
172139,0.0
172140,0.0
172141,0.0
172142,0.0
172143,0.0
172144,0.0
172145,0.0
172146,0.0
172147,0.0
172148,0.006341
172149,0.973133
172150,1.0
172151,0.357221
172152,0.0
172153,0.0
172154,0.0
172155,0.0
172156,0.516434
172157,0.0
172158,0.0
172159,0.0
172646,0.0
172647,0.0
172648,0.0
172649,0.0
172650,0.0
172651,0.0
172652,0.0
172653,0.0
172654,0.0
172655,0.0
172656,0.0
172657,0.0
172658,0.0
172659,0.0
172660,0.0
172661,0.0
172662,0.0
172663,0.0
172664,0.0
172665,0.0
172666,0.0
172667,0.0
172668,0.0
172669,0.0
172670,0.0
172671,0.0
172672,0.0
172673,0.0
172674,0.0
172675,0.0
172676,0.0
172677,0.0
172678,0.0
172679,0.0
172680,0.0
172681,0.0
172682,0.0
172683,0.0
172684,0.0
172685,0.0
172686,0.0
172687,0.0
172688,0.0
172689,0.0
172690,0.0
172691,0.0
172692,0.0
172693,0.0
172694,0.0
172695,0.0
172696,0.0
172697,0.0
172698,0.0
172699,0.0
172700,0.0
172701,0.0
172702,0.0
172703,0.0
172704,0.0
172705,0.0
172706,0.467255
172707,0.233157
172708,0.0
172709,0.000331
172710,0.0
172711,0.0
172712,0.0
172713,0.0
172714,0.0
172715,0.0
172716,0.0
172717,0.0
172718,0.0
172719,0.0
172720,0.0
172721,0.0
172722,0.0
172723,0.0
172724,0.0
172725,0.0
172726,0.0
172727,0.0
172728,0.081827
172729,0.453843
172730,0.15883
172731,0.0
172732,0.0
172733,0.0
172734,0.424404
172735,0.426005
172736,0.909302
172737,0.256715
172738,0.0
172739,0.0
172740,0.0
172741,0.0
172742,0.0
172743,0.0
172744,0.248668
172745,1.0
172746,0.89023
172747,0.386346
172748,0.0
172749,0.613009
172750,0.19655
172751,0.000229
172752,0.0
172753,0.0
172754,0.0
172755,0.0
172756,0.0
172757,0.0
172758,0.0
172759,0.0
172760,0.0
172761,0.0
172762,0.0
172763,0.0
172764,0.0
172765,0.0
172766,0.0
172767,0.0
172768,0.0
172769,0.0
172770,0.0
172771,0.0
172772,0.0
172773,0.0
172774,0.0
172775,0.0
172776,0.033167
172777,0.000668
172778,0.0
172779,0.520709
172780,0.664109
172781,0.0
172782,0.0
172783,0.0
172784,0.0
172785,0.0
172786,0.0
172787,0.0
172788,0.0
172789,0.0
172790,0.0
172791,0.0
172792,0.0
172793,0.0
172794,0.0
172795,0.000118
172796,0.12883
172797,0.0
172798,0.413892
172799,0.943831
172800,0.991126
172801,1.0
172802,1.0
172803,0.557071
172804,0.0
172805,0.0
172806,0.0
172807,0.0
172808,0.0
172809,0.0
172810,0.0
172811,0.0
172812,0.0
172813,0.0
172814,0.0
172815,0.0
172816,0.00494
172817,0.197803
172818,0.766768
172819,0.0
172820,0.0
172821,0.0
172822,0.0
172823,0.0
172824,0.0
172825,0.0
172826,0.0
172827,0.0
172828,0.0
172829,0.0
172830,0.0
172831,0.0
172832,0.0
172833,0.772042
172834,0.681909
172835,0.216611
172836,0.0
172837,0.0
172838,0.0
172839,0.0
172840,0.0
172841,0.0
172842,0.0
172843,0.0
173331,0.0
173332,0.0
173333,0.0
173334,0.0
173335,0.0
173336,0.0
173337,0.0
173338,0.0
173339,0.0
173340,0.0
173341,0.0
173342,0.0
173343,0.0
173344,0.0
173345,0.0
173346,0.0
173347,0.0
173348,0.0
173349,0.0
173350,0.0
173351,0.0
173352,0.0
173353,0.0
173354,0.0
173355,0.0
173356,0.0
173357,0.0
173358,0.0
173359,0.0
173360,0.0
173361,0.0
173362,0.0
173363,0.0
173364,0.0
173365,0.0
173366,0.0
173367,0.0
173368,0.0
173369,0.0
173370,0.0
173371,0.0
173372,0.0
173373,0.0
173374,0.0
173375,0.0
173376,0.0
173377,0.0
173378,0.0
173379,0.0
173380,0.0
173381,0.0
173382,0.0
173383,0.0
173384,0.0
173385,0.0
173386,0.0
173387,0.0
173388,0.0
173389,0.0
173390,0.0
173391,0.0
173392,0.0
173393,0.0
173394,0.0
173395,0.0
173396,0.0
173397,0.0
173398,0.0
173399,0.0
173400,0.0
173401,0.0
173402,0.0
173403,0.0
173404,0.0
173405,0.0
173406,0.0
173407,0.0
173408,0.0
173409,0.0
173410,0.0
173411,0.0
173412,0.0
173413,0.0
173414,0.0
173415,0.0
173416,0.0
173417,0.0
173418,0.0
173419,0.0
173420,0.006076
173421,0.0
173422,0.0
173423,0.0
173424,0.0
173425,0.0
173426,0.0
173427,0.0
173428,0.134615
173429,0.424459
173430,0.043477
173431,0.0
173432,0.0
173433,0.0
173434,0.0
173435,0.0
173436,0.0
173437,0.0
173438,0.0
173439,0.0
173440,0.0
173441,0.0
173442,0.0
173443,0.0
173444,0.0
173445,0.0
173446,0.0
173447,0.0
173448,0.0
173449,0.0
173450,0.0
173451,0.0
173452,0.0
173453,0.0
173454,0.0
173455,0.0
173456,0.0
173457,0.0
173458,0.0
173459,0.0
173460,0.0
173461,0.010371
173462,0.063824
173463,0.029313
173464,0.654847
173465,0.076693
173466,0.0
173467,0.0
173468,0.0
173469,0.0
173470,0.0
173471,0.0
173473,0.0
173474,0.0
173475,0.0
173476,0.0
173477,0.0
173478,0.0
173479,0.060563
173480,0.075937
173481,0.784685
173482,1.0
173483,1.0
173484,0.984971
173485,0.941535
173486,0.994222
173487,0.533555
173488,0.0
173489,0.0
173490,0.0
173491,0.0
173492,0.0
173493,0.0
173494,0.0
173495,0.0
173496,0.0
173497,0.0
173498,0.0
173499,0.040908
173500,0.885532
173501,1.0
173502,0.938614
173503,0.213769
173504,0.0
173505,0.0
173506,0.0
173507,0.0
173508,0.0
173509,0.0
173510,0.0
173511,0.0
173512,0.0
173513,0.0
173514,0.0
173515,0.0
173516,0.0
173517,0.0
173518,0.0
173519,0.0
173520,0.0
173521,0.0
173522,0.001084
173523,0.0
173524,0.0
173525,0.0
173526,0.0
173527,0.0
174016,0.0
174017,0.0
174018,0.0
174019,0.0
174020,0.0
174021,0.0
174022,0.0
174023,0.0
174024,0.004989
174025,0.0
174026,0.0
174027,0.0
174028,0.0
174029,0.0
174030,0.0
174031,0.0
174032,0.0
174033,0.0
174034,0.0
174035,0.0
174036,0.0
174037,0.0
174038,0.0
174039,0.0
174040,0.0
174041,0.0
174042,0.0
174043,0.0
174044,0.0
174045,0.0
174046,0.0
174047,0.0
174048,0.0
174049,0.0
174050,0.0
174051,0.0
174052,0.0
174053,0.0
174054,0.0
174055,0.0
174056,0.0
174057,0.0
174058,0.0
174059,0.0
174060,0.0
174061,0.0
174062,0.0
174063,0.0
174064,0.0
174065,0.0
174066,0.0
174067,0.0
174068,0.0
174069,0.0
174070,0.0
174071,0.0
174072,0.0
174073,0.0
174074,0.0
174075,0.0
174076,0.0
174077,0.0
174078,0.0
174079,0.0
174080,0.0
174081,0.0
174082,0.0
174083,0.0
174084,0.0
174085,0.0
174086,0.0
174087,0.0
174088,0.0
174089,0.0
174090,0.0
174091,0.0
174092,0.0
174093,0.0
174094,0.0
174095,0.0
174096,0.0
174097,0.0
174098,0.0
174099,0.0
174100,0.0
174101,0.0
174102,0.0
174103,0.0
174104,0.0
174105,0.0
174106,0.0
174107,0.0
174108,0.0
174109,0.0
174110,0.0
174111,0.0
174112,0.0
174113,0.0
174114,0.0
174115,0.0
174116,0.0
174117,0.0
174118,0.0
174119,0.0
174120,0.0
174121,0.0
174122,0.0
174123,0.0
174124,0.0
174125,0.0
174126,0.0
174127,0.00052
174128,0.0
174129,0.0
174130,0.0
174131,0.0
174132,0.0
174133,0.0
174134,0.0
174135,0.0
174136,0.0
174137,0.0
174138,0.0
174139,0.0
174140,0.001495
174141,0.000469
174142,0.0
174143,0.0
174144,0.0
174145,0.046308
174146,0.488632
174147,1.0
174148,1.0
174149,0.230515
174150,0.0
174151,0.0
174152,0.0
174153,0.0
174154,0.0
174155,0.0
174157,0.032894
174158,0.0
174159,0.02188
174160,0.0
174161,0.093458
174162,0.0
174163,0.0
174164,0.934951
174165,0.980474
174166,0.997818
174167,0.944198
174171,0.0
174172,0.0
174173,0.0
174174,0.0
174175,0.0
174176,0.0
174177,0.0
174178,0.0
174179,0.0
174180,0.000657
174181,0.305874
174182,0.710742
174183,0.310638
174184,1.0
174185,1.0
174186,0.499026
174187,0.0
174188,0.0
174189,0.0
174190,0.0
174191,0.0
174192,0.0
174193,0.0
174194,0.0
174195,0.0
174196,0.0
174197,0.0
174198,0.0
174199,0.0
174200,0.0
174201,0.0
174202,0.0
174203,0.0
174204,0.0
174205,0.0
174206,0.020499
174207,0.0
174208,0.0
174209,0.0
174210,0.0
174211,0.0
174212,0.0
174700,0.0
174701,0.0
174702,0.0
174703,0.0
174704,0.0
174705,0.0
174706,0.0
174707,0.0
174708,0.0
174709,0.0
174710,0.0
174711,0.0
174712,0.0
174713,0.0
174714,0.0
174715,0.0
174716,0.0
174717,0.0
174718,0.0
174719,0.0
174720,0.0
174721,0.0
174722,0.0
174723,0.0
174724,0.0
174725,0.0
174726,0.0
174727,0.0
174728,0.0
174729,0.0
174730,0.0
174731,0.0
174732,0.0
174733,0.0
174734,0.0
174735,0.0
174736,0.0
174737,0.0
174738,0.0
174739,0.0
174740,0.0
174741,0.0
174742,0.0
174743,0.0
174744,0.0
174745,0.0
174746,0.0
174747,0.0
174748,0.0
174749,0.0
174750,0.0
174751,0.0
174752,0.0
174753,0.0
174754,0.0
174755,0.0
174756,0.0
174757,0.0
174758,0.0
174759,0.0
174760,0.0
174761,0.0
174762,0.0
174763,0.0
174764,0.0
174765,0.0
174766,0.0
174767,0.0
174768,0.0
174769,0.0
174770,0.0
174771,0.0
174772,0.0
174773,0.0
174774,0.0
174775,0.0
174776,0.0
174777,0.128723
174778,0.474218
174779,0.472604
174780,0.419476
174781,0.0
174782,0.0
174783,0.0
174784,0.000686
174785,0.0
174786,0.0
174787,0.0
174788,0.000918
174789,4.5e-05
174790,0.0
174791,0.0
174792,0.0
174793,0.0
174794,0.0
174795,0.0
174796,0.0
174797,0.0
174798,0.0
174799,0.0
174800,0.0
174801,0.0
174802,0.0
174803,0.0
174804,0.0
174805,0.0
174806,0.0
174807,0.0
174808,0.0
174809,0.0
174810,0.0
174811,0.0
174812,0.0
174813,0.0
174814,0.0
174815,0.0
174816,0.0
174817,0.0
174818,0.0
174819,0.0
174820,0.0
174821,0.0
174822,0.0
174823,0.0
174824,0.016648
174825,0.00167
174826,0.0
174827,0.0
174828,0.0
174829,0.0
174830,0.073415
174831,0.742032
174832,0.725153
174833,0.276095
174834,0.009905
174835,0.0
174836,0.004972
174837,0.0
174838,0.0
174841,0.0
174842,0.0
174843,0.030109
174844,0.0
174845,0.538205
174846,0.376665
174849,0.330038
174856,0.0
174857,0.0
174858,0.0
174859,0.0
174860,0.0
174861,0.0
174862,0.0
174863,0.0
174864,0.283471
174865,0.700531
174866,1.0
174867,0.981553
174868,1.0
174869,1.0
174870,0.407948
174871,0.0
174874,0.0
174875,0.0
174876,0.0
174877,0.0
174878,0.0
174879,0.0
174880,0.0
174881,0.0
174882,0.0
174883,0.0
174884,0.0
174885,0.0
174886,0.0
174887,0.0
174888,0.0
174889,0.0
174890,0.000336
174891,0.0
174892,0.0
174893,0.0
174894,0.0
174895,0.0
174896,0.0
175384,0.0
175385,0.0
175386,0.0
175387,0.0
175388,0.0
175389,0.0
175390,0.0
175391,0.0
175392,0.0
175393,0.0
175394,0.0
175395,0.0
175396,0.0
175397,0.0
175398,0.0
175399,0.0
175400,0.0
175401,0.0
175402,0.0
175403,0.0
175404,0.0
175405,0.0
175406,0.0
175407,0.0
175408,0.0
175409,0.0
175410,0.0
175411,0.0
175412,0.0
175413,0.0
175414,0.0
175415,0.0
175416,0.0
175417,0.0
175418,0.0
175419,0.0
175420,0.0
175421,0.0
175422,0.0
175423,0.0
175424,0.0
175425,0.0
175426,0.0
175427,0.0
175428,0.0
175429,0.0
175430,0.0
175431,0.0
175432,0.0
175433,0.0
175434,0.0
175435,0.0
175436,0.0
175437,0.0
175438,0.0
175439,0.0
175440,0.049078
175441,0.004545
175442,0.0
175443,0.0
175444,0.0
175445,0.0
175446,0.0
175447,0.0
175448,0.0
175449,0.0
175450,0.0
175451,0.0
175452,0.0
175453,0.0
175454,0.0
175455,0.0
175456,0.0
175457,0.0
175458,0.0
175459,0.009148
175460,0.008615
175461,0.641442
175462,0.999656
175463,1.0
175464,0.87529
175465,0.0
175466,0.0
175467,0.0
175468,0.002297
175469,0.000209
175470,0.0
175471,0.001032
175472,0.0
175473,0.0
175474,0.0
175475,0.0
175476,0.0
175477,0.0
175478,0.0
175479,0.0
175480,0.0
175481,0.0
175482,0.0
175483,0.0
175484,0.0
175485,0.0
175486,0.0
175487,0.0
175488,0.0
175489,0.0
175490,0.0
175491,0.0
175492,0.0
175493,0.0
175494,0.0
175495,0.0
175496,0.0
175497,0.0
175498,0.0
175499,0.0
175500,0.0
175501,0.0
175502,0.0
175503,0.0
175504,0.0
175505,0.0
175506,0.0
175507,0.0
175508,0.0
175509,0.016085
175510,0.029042
175511,0.018689
175512,0.0
175513,0.0
175514,0.004541
175515,0.027535
175516,0.127787
175517,0.03745
175518,0.046422
175519,0.004331
175520,0.0
175521,0.0
175522,0.0
175523,0.0
175525,0.0
175526,0.0
175527,0.0
175544,0.009075
175545,0.0
175546,0.0
175547,0.0
175548,0.972216
175549,1.0
175550,0.925456
175551,0.673629
175552,0.981369
175553,0.925103
175554,0.278052
175560,0.0
175561,0.0
175562,0.0
175563,0.0
175564,0.0
175565,0.0
175566,0.0
175567,0.0
175568,0.0
175569,0.0
175570,0.0
175571,0.0
175572,0.0
175573,0.0
175574,0.0
175575,0.0
175576,0.0
175577,0.0
175578,0.0
175579,0.0
175580,0.0
175581,0.0
176069,0.0
176070,0.0
176071,0.0
176072,0.0
176073,0.0
176074,0.0
176075,0.0
176076,0.0
176077,0.0
176078,0.0
176079,0.0
176080,0.0
176081,0.0
176082,0.0
176083,0.0
176084,0.0
176085,0.0
176086,0.0
176087,0.0
176088,0.0
176089,0.0
176090,0.0
176091,0.0
176092,0.0
176093,0.0
176094,0.0
176095,0.0
176096,0.0
176097,0.0
176098,0.0
176099,0.0
176100,0.0
176101,0.0
176102,0.0
176103,0.0
176104,0.0
176105,0.0
176106,0.0
176107,0.0
176108,0.0
176109,0.0
176110,0.0
176111,0.0
176112,0.0
176113,0.0
176114,0.0
176115,0.0
176116,0.0
176117,0.0
176118,0.0
176119,0.0
176120,0.0
176121,0.0
176122,0.0
176123,0.001446
176124,0.091177
176125,0.083721
176126,0.0
176127,0.0
176128,0.0
176129,0.0
176130,0.0
176131,0.0
176132,0.0
176133,0.0
176134,0.0
176135,0.0
176136,0.0
176137,0.0
176138,0.0
176139,0.0
176140,0.0
176141,0.0
176142,0.0
176143,0.560339
176144,0.979536
176145,0.823507
176146,0.344006
176147,0.974633
176148,0.97855
176149,0.907172
176150,0.1289
176151,0.001282
176152,0.000824
176153,0.0
176154,8.9e-05
176155,0.001525
176156,0.0
176157,0.002065
176158,0.0
176159,0.0
176160,0.0
176161,0.0
176162,0.0
176163,0.0
176164,0.0
176165,0.0
176166,0.0
176167,0.0
176168,0.0
176169,0.0
176170,0.0
176171,0.0
176172,0.0
176173,0.0
176174,0.0
176175,0.0
176177,0.0
176178,0.0
176179,0.0
176180,0.0
176181,0.0
176182,0.0
176183,0.0
176184,0.0
176185,0.0
176186,0.0
176187,0.0
176188,0.0
176189,0.0
176190,0.0
176191,0.0003
176192,0.0
176193,0.0
176194,0.635632
176195,0.365529
176196,0.0
176197,0.0
176198,0.091157
176230,0.0
176231,0.0
176232,0.0
176233,1.0
176234,0.540582
176235,0.0
176236,0.0
176237,0.0
176238,0.0
176245,0.0
176246,0.0
176247,0.0
176248,0.0
176249,0.0
176250,0.0
176251,0.0
176252,0.0
176253,0.0
176254,0.0
176255,0.0
176256,0.0
176257,0.0
176258,0.0
176259,0.0
176260,0.0
176261,0.0
176262,0.0
176263,0.0
176264,0.0
176265,0.0
176753,0.0
176754,0.0
176755,0.0
176756,0.0
176757,0.0
176758,0.0
176759,0.0
176760,0.0
176761,0.0
176762,0.0
176763,0.0
176764,0.0
176765,0.0
176766,0.0
176767,0.0
176768,0.0
176769,0.0
176770,0.0
176771,0.0
176772,0.0
176773,0.0
176774,0.0
176775,0.0
176776,0.0
176777,0.0
176778,0.0
176779,0.0
176780,0.0
176781,0.0
176782,0.0
176783,0.0
176784,0.0
176785,0.0
176786,0.0
176787,0.0
176788,0.0
176789,0.0
176790,0.0
176791,0.0
176792,0.0
176793,0.0
176794,0.0
176795,0.0
176796,0.0
176797,0.0
176798,0.0
176799,0.0
176800,0.0
176801,0.0
176802,0.0
176803,0.0
176804,0.0
176805,0.0
176806,0.0
176807,0.0
176808,0.078107
176809,0.088335
176810,0.004955
176811,0.0
176812,0.0
176813,0.0
176814,0.0
176815,0.0
176816,0.0
176817,0.0
176818,0.0
176819,0.0
176820,0.0
176821,0.0
176822,0.0
176823,0.0
176824,0.0
176825,0.0
176826,0.0
176827,0.067475
176828,0.549544
176829,0.167672
176830,0.368065
176831,0.999909
176832,1.0
176833,0.717722
176834,0.010735
176835,0.0
176836,0.001343
176837,0.0
176838,0.0
176839,9.9e-05
176840,0.000378
176841,0.002528
176842,0.0
176843,0.0
176844,0.0
176845,0.0
176846,0.0
176847,0.0
176848,0.0
176849,0.0
176850,0.0
176851,0.0
176852,0.0
176853,0.0
176854,0.0
176855,0.0
176856,0.0
176857,0.0
176858,0.0
176859,0.0
176860,0.0
176863,0.0
176864,0.0
176865,0.0
176866,0.0
176867,0.0
176868,0.0
176869,0.0
176870,0.0
176871,0.0
176875,0.214286
176876,0.01417
176877,0.002338
176878,0.006471
176879,0.0
176880,0.0
176914,0.0
176915,0.0
176916,0.0
176917,1.0
176918,0.125
176919,0.0
176920,0.0
176930,0.0
176931,0.0
176932,0.0
176933,0.0
176934,0.0
176935,0.0
176936,0.0
176937,0.0
176938,0.0
176939,0.0
176940,0.0
176941,0.0
176942,0.0
176943,0.004777
176944,0.779834
176945,0.222894
176946,0.0
176947,0.0
176948,0.0
176949,0.0
176950,0.0
177437,0.0
177438,0.0
177439,0.0
177440,0.0
177441,0.0
177442,0.0
177443,0.0
177444,0.0
177445,0.0
177446,0.0
177447,0.0
177448,0.0
177449,0.0
177450,0.0
177451,0.0
177452,0.0
177453,0.0
177454,0.0
177455,0.0
177456,0.0
177457,0.0
177458,0.0
177459,0.0
177460,0.0
177461,0.0
177462,0.0
177463,0.0
177464,0.0
177465,0.0
177466,0.0
177467,0.0
177468,0.0
177469,0.0
177470,0.0
177471,0.0
177472,0.0
177473,0.0
177474,0.0
177475,0.0
177476,0.0
177477,0.0
177478,0.0
177479,0.0
177480,0.0
177481,0.0
177482,0.0
177483,0.0
177484,0.0
177485,0.0
177486,0.0
177487,0.013423
177488,0.004405
177489,0.0
177490,0.0
177491,0.0
177492,0.0
177493,0.0
177494,0.0
177495,0.0
177496,0.0
177497,0.0
177498,0.073931
177499,0.05108
177500,0.0
177501,0.0
177502,0.0
177503,0.0
177504,0.0
177505,0.0
177506,0.0
177507,0.0
177508,0.0
177509,0.0
177510,0.0
177511,0.0
177512,0.0
177513,0.0
177514,0.0
177515,0.567282
177516,0.556222
177517,0.060814
177518,0.0
177519,0.0
177520,0.001037
177521,2.2e-05
177522,0.001685
177523,0.001289
177524,0.0
177525,0.0
177526,0.0
177527,0.0
177528,0.0
177529,0.0
177530,0.0
177531,0.0
177532,0.0
177533,0.0
177534,0.0
177535,0.0
177536,0.0
177537,0.0
177538,0.0
177539,0.0
177540,0.0
177541,0.0
177542,0.0
177543,0.0
177544,0.0
177545,0.0
177548,0.0
177549,0.0
177550,0.0
177551,0.0
177552,0.0
177561,0.0
177562,0.0
177599,0.0
177601,0.0
177602,0.0
177603,0.0
177615,0.0
177616,0.0
177617,0.0
177618,0.0
177619,0.0
177620,0.0
177621,0.0
177622,0.0
177623,0.0
177624,0.0
177625,0.0
177626,0.0
177627,0.023745
177628,0.979163
177629,1.0
177630,0.091522
177631,0.0
177632,0.0
177633,0.0
177634,0.0
178121,0.0
178122,0.0
178123,0.0
178124,0.0
178125,0.0
178126,0.0
178127,0.0
178128,0.0
178129,0.0
178130,0.0
178131,0.0
178132,0.0
178133,0.0
178134,0.0
178135,0.0
178136,0.0
178137,0.0
178138,0.0
178139,0.0
178140,0.0
178141,0.0
178142,0.0
178143,0.0
178144,0.0
178145,0.0
178146,0.0
178147,0.0
178148,0.0
178149,0.0
178150,0.0
178151,0.0
178152,0.0
178153,0.0
178154,0.0
178155,0.0
178156,0.0
178157,0.0
178158,0.0
178159,0.0
178160,0.0
178161,0.0
178162,0.0
178163,0.0
178164,0.0
178165,0.0
178166,0.0
178167,0.0
178168,0.0
178169,0.0
178170,0.0
178171,0.012668
178172,0.004253
178173,0.0
178174,0.0
178175,0.0
178176,0.0
178177,0.0
178178,0.0
178179,0.0
178180,0.0
178181,0.0
178182,0.153556
178183,0.195908
178184,0.0
178185,0.0
178186,0.0
178187,0.0
178188,0.0
178189,0.0
178190,0.0
178191,0.0
178192,0.0
178193,0.0
178194,0.0
178195,0.0
178196,0.0
178197,0.0
178198,0.0
178199,0.0
178200,0.0
178201,0.0
178202,0.0
178203,0.0
178204,0.0
178205,0.0
178206,0.001423
178207,0.001142
178208,0.000259
178209,0.0
178210,0.0
178211,0.0
178212,0.0
178213,0.0
178214,0.0
178215,0.0
178216,0.0
178217,0.0
178218,0.0
178219,0.0
178220,0.0
178221,0.0
178222,0.0
178223,0.0
178224,0.0
178225,0.0
178226,0.0
178227,0.0
178228,0.0
178229,0.0
178232,0.0
178233,0.0
178234,0.0
178235,0.0
178236,0.0
178237,0.0
178238,0.0
178239,0.0
178240,0.0
178241,0.0
178243,0.0
178244,0.357308
178245,0.190476
178283,0.0
178284,0.0
178300,0.0
178301,0.0
178302,0.002231
178303,0.0
178304,0.0
178305,0.0
178306,0.0
178307,0.0
178308,0.0
178309,0.0
178310,0.0
178311,0.0
178312,0.84444
178313,1.0
178314,1.0
178315,0.0
178316,0.0
178317,0.0
178318,0.0
178319,0.0
178805,0.0
178806,0.0
178807,0.0
178808,0.0
178809,0.0
178810,0.0
178811,0.0
178812,0.0
178813,0.0
178814,0.0
178815,0.0
178816,0.0
178817,0.0
178818,0.0
178819,0.0
178820,0.0
178821,0.0
178822,0.0
178823,0.0
178824,0.0
178825,0.0
178826,0.0
178827,0.0
178828,0.0
178829,0.0
178830,0.0
178831,0.0
178832,0.0
178833,0.0
178834,0.0
178835,0.0
178836,0.0
178837,0.0
178838,0.0
178839,0.0
178840,0.0
178841,0.0
178842,0.0
178843,0.0
178844,0.0
178845,0.0
178846,0.0
178847,0.0
178848,0.0
178849,0.0
178850,0.0
178851,0.0
178852,0.0
178853,0.0
178854,0.0
178855,0.0
178856,0.0
178857,0.0
178858,0.0
178859,0.0
178860,0.0
178861,0.0
178862,0.0
178863,0.0
178864,0.0
178865,0.0
178866,0.0
178867,0.0
178868,0.0
178869,0.0
178870,0.0
178871,0.0
178872,0.0
178873,0.0
178874,0.0
178875,0.0
178876,0.0
178877,0.0
178878,0.0
178879,0.0
178880,0.0
178881,0.0
178882,0.0
178883,0.0
178884,0.0
178885,0.0
178886,0.0
178887,0.001091
178888,0.00036
178889,0.0
178890,0.0
178891,0.0
178892,0.0
178893,0.0
178894,0.0
178895,0.0
178896,0.0
178897,0.0
178898,0.0
178899,0.0
178900,0.0
178901,0.0
178902,0.0
178903,0.0
178904,0.0
178905,0.0
178906,0.0
178907,0.0
178908,0.0
178909,0.0
178910,0.0
178911,0.0
178912,0.0
178913,0.0
178914,0.0
178917,0.0
178918,0.0
178919,0.0
178920,0.0
178921,0.0
178922,0.0
178923,0.0
178924,0.0
178925,0.0
178926,0.0
178927,0.0
178928,0.0
178929,0.0
178986,0.0
178987,0.0
178988,0.0
178989,0.0
178990,0.0
178991,0.0
178992,0.0
178993,0.0
178994,0.0
178995,0.122616
178996,1.0
178997,1.0
178998,1.0
178999,0.532286
179000,0.0
179001,0.0
179002,0.0
179003,0.0
179490,0.0
179491,0.0
179492,0.0
179493,0.0
179494,0.0
179495,0.0
179496,0.0
179497,0.0
179498,0.0
179499,0.0
179500,0.0
179501,0.0
179502,0.0
179503,0.0
179504,0.0
179505,0.0
179506,0.0
179507,0.0
179508,0.0
179509,0.0
179510,0.0
179511,0.0
179512,0.0
179513,0.0
179514,0.0
179515,0.0
179516,0.0
179517,0.0
179518,0.0
179519,0.0
179520,0.0
179521,0.0
179522,0.0
179523,0.0
179524,0.0
179525,0.0
179526,0.0
179527,0.0
179528,0.0
179529,0.0
179530,0.0
179531,0.0
179532,0.0
179533,0.0
179534,0.0
179535,0.0
179536,0.0
179537,0.0
179538,0.0
179539,0.0
179540,0.0
179541,0.0
179542,0.0
179543,0.0
179544,0.0
179545,0.0
179546,0.0
179547,0.0
179548,0.0
179549,0.0
179550,0.0
179551,0.0
179552,0.0
179553,0.0
179554,0.0
179555,0.0
179556,0.0
179557,0.0
179558,0.0
179559,0.0
179560,0.0
179561,0.0
179562,0.0
179563,0.0
179564,0.0
179565,0.0
179566,0.0
179567,0.0
179568,0.0
179569,0.0
179570,0.0
179571,0.003018
179572,0.0
179573,0.0
179574,0.0
179575,0.0
179576,0.0
179577,0.0
179578,0.0
179579,0.0
179580,0.0
179583,0.0
179584,0.0
179585,0.0
179586,0.0
179588,0.0
179590,0.0
179591,0.0
179592,0.0
179593,0.0
179594,0.0
179595,0.0
179596,0.0
179597,0.0
179598,0.0
179599,0.0
179601,0.0
179602,0.0
179603,0.0
179604,0.0
179605,0.0
179606,0.0
179608,0.0
179609,0.0
179610,0.0
179611,0.189692
179612,0.035216
179613,0.0
179670,0.0
179671,0.0
179672,0.0
179673,0.0
179674,0.0
179675,0.0
179676,0.0
179677,0.0
179678,0.0
179679,0.0
179680,0.46292
179681,0.990189
179682,1.0
179683,0.987804
179684,0.744794
179685,0.001845
179686,0.0
179687,0.0
179688,0.0
179689,0.0
180174,0.0
180175,0.0
180176,0.0
180177,0.0
180178,0.0
180179,0.0
180180,0.0
180181,0.0
180182,0.0
180183,0.0
180184,0.016137
180185,0.010888
180186,6.7e-05
180187,0.0
180188,0.0
180189,0.0
180190,0.0
180191,0.0
180192,0.0
180194,0.0
180195,0.0
180196,0.0
180197,0.0
180198,0.0
180199,0.0
180200,0.0
180201,0.0
180202,0.0
180203,0.0
180204,0.0
180205,0.0
180206,0.0
180207,0.0
180208,0.0
180209,0.0
180210,0.0
180211,0.0
180212,0.0
180213,0.0
180214,0.0
180215,0.0
180216,0.0
180217,0.0
180218,0.0
180219,0.0
180220,0.0
180221,0.0
180222,0.0
180223,0.0
180224,0.0
180225,0.0
180226,0.0
180227,0.0
180228,0.0
180229,0.0
180230,0.0
180231,0.0
180232,0.0
180233,0.0
180234,0.0
180235,0.0
180236,0.0
180237,0.0
180238,0.0
180239,0.0
180240,0.0
180241,0.0
180242,0.0
180243,0.0
180244,0.0
180245,0.0
180246,0.0
180247,0.0
180248,0.0
180249,0.0
180250,0.067579
180251,0.0
180252,0.0
180253,0.0
180254,0.0
180255,0.003557
180256,0.0
180257,0.0
180258,0.0
180259,0.0
180260,0.0
180261,0.0
180262,0.0
180263,0.0
180268,0.0
180278,0.0
180280,0.0
180281,0.0
180282,0.0
180283,0.0
180284,0.0
180287,0.0
180288,0.0
180289,0.0
180290,0.0
180291,0.0
180292,0.0
180295,0.147358
180296,1.0
180358,0.0
180359,0.0
180360,0.0
180361,0.0
180362,0.0
180363,0.0
180364,0.0
180365,0.556815
180366,0.640154
180367,0.349776
180368,0.0
180369,0.0
180370,0.0
180371,0.0
180372,0.0
180373,0.000392
180859,0.0
180860,0.0
180861,0.0
180862,0.0
180863,0.0
180864,0.0
180865,0.0
180866,0.0
180867,0.0
180868,0.034372
180869,1.0
180870,0.0
180871,0.0
180872,0.0
180873,0.0
180884,0.0
180885,0.0
180886,0.0
180887,0.0
180888,0.0
180889,0.0
180890,0.0
180891,0.0
180892,0.0
180893,0.0
180894,0.0
180895,0.0
180896,0.0
180897,0.0
180898,0.0
180899,0.0
180900,0.0
180901,0.0
180902,0.0
180903,0.0
180904,0.0
180905,0.0
180906,0.0
180907,0.021595
180908,0.124574
180909,0.0
180910,0.0
180911,0.0
180912,0.0
180913,0.0
180914,0.0
180915,0.0
180916,0.0
180917,0.0
180918,0.0
180919,0.0
180920,0.0
180921,0.0
180922,0.0
180923,0.0
180924,0.0
180925,0.0
180926,0.0
180927,0.0
180928,0.0
180929,0.0
180930,0.0
180931,0.0
180932,0.0
180933,0.0
180934,0.0
180935,0.0
180936,0.0
180937,0.0
180938,0.0
180939,0.0
180940,0.0
180941,0.0
180942,0.0
180943,0.0
180944,0.0
180945,0.0
180946,0.0
180947,0.0
180965,0.0
180967,0.0
180968,0.0
180969,0.0
180970,0.0
180971,0.0
180972,0.0
180973,0.0
180974,0.0
180975,0.0
180976,0.0
181042,0.0
181043,0.0
181044,0.0
181045,0.0
181046,0.0
181047,0.0
181048,0.0
181049,0.0
181050,0.0
181051,0.0
181052,0.0
181053,0.0
181054,0.0
181055,0.0
181056,0.0
181057,0.0
181544,0.0
181545,0.0
181546,0.0
181547,0.0
181548,0.0
181549,0.0
181550,0.0
181551,0.000542
181552,0.324169
181553,1.0
181554,0.007885
181555,0.0
181556,0.0
181569,0.009355
181570,0.0
181571,0.000518
181572,0.001095
181573,0.0
181574,0.0
181575,0.0
181576,0.0
181577,0.0
181578,0.0
181579,0.0
181580,0.0
181581,0.0
181582,0.0
181583,0.0
181584,0.0
181585,0.0
181586,0.0
181587,0.0
181588,0.0
181589,0.0
181590,0.0
181591,0.080997
181592,0.919695
181593,0.0
181594,0.0
181595,0.0
181596,0.0
181597,0.0
181598,0.0
181599,0.0
181600,0.0
181601,0.0
181602,0.0
181603,0.0
181604,0.0
181605,0.0
181606,0.0
181607,0.0
181608,0.0
181609,0.0
181610,0.0
181611,0.01057
181612,0.0
181613,0.0
181614,0.0
181615,0.0
181616,0.0
181617,0.0
181618,0.0
181619,0.0
181620,0.0
181621,0.0
181622,0.0
181623,0.0
181624,0.0
181625,0.0
181626,0.0
181627,0.0
181628,0.0
181629,0.0
181630,0.004829
181631,0.011227
181654,0.0
181656,0.0
181657,0.0
181658,0.0
181659,0.0
181660,0.0
181661,0.0
181727,0.0
181728,0.0
181729,0.0
181730,0.0
181731,0.0
181732,0.0
181733,0.0
181734,0.0
181735,0.0
181736,0.0
181737,0.0
181738,0.0
181739,0.0
181740,0.0
181741,0.0
181742,0.0
181743,1.0
182229,0.0
182230,0.0
182231,0.0
182232,0.0
182233,0.0
182234,0.003055
182235,0.00505
182239,0.021753
182240,0.0
182254,0.010132
182255,0.131087
182256,0.020201
182257,0.0
182258,0.0
182259,0.0
182260,0.0
182261,0.0
182262,0.0
182263,0.0
182264,0.0
182265,0.0
182266,0.0
182267,0.0
182268,0.0
182269,0.0
182270,0.0
182271,0.0
182272,0.0
182273,0.0
182274,0.0
182275,0.0
182276,0.092808
182277,0.0
182278,0.053143
182279,0.0
182280,0.0
182281,0.0
182282,0.0
182283,0.0
182284,0.0
182285,0.0
182286,0.0
182287,0.0
182288,0.0
182289,0.0
182290,0.0
182291,0.0
182292,0.0
182293,0.0
182294,0.0
182295,0.000313
182296,0.0
182297,0.0
182298,0.0
182299,0.0
182300,0.0
182301,0.0
182302,0.0
182303,0.0
182304,0.0
182305,0.0
182308,0.0
182309,0.0
182311,0.0
182343,0.0
182344,0.0
182345,0.0
182346,0.0
182411,0.0
182412,0.0
182413,0.0
182414,0.0
182415,0.0
182416,0.0
182417,0.0
182418,0.0
182419,0.0
182420,0.0
182421,0.0
182422,0.0
182423,0.0
182424,0.0
182425,0.0
182426,0.000294
182427,0.924896
182915,0.0
182916,0.002881
182917,0.001533
182918,0.014788
182939,0.0
182940,0.0
182941,0.066284
182942,0.0
182943,0.0
182944,0.0
182945,0.0
182946,0.0
182947,0.0
182948,0.0
182949,0.0
182950,0.0
182951,0.0
182952,0.0
182953,0.0
182954,0.0
182955,0.0
182956,0.0
182957,0.0
182958,0.0
182959,0.0
182960,0.003006
182961,0.155387
182962,0.147848
182963,0.0
182964,0.0
182965,0.0
182966,0.0
182967,0.0
182968,0.0
182969,0.0
182970,0.0
182971,0.0
182972,0.0
182973,0.0
182974,0.0
182975,0.0
182976,0.0
182977,0.0
182978,0.0
182979,0.0
182980,0.0
182981,0.0
182982,0.0
182983,0.0
182984,0.0
182985,0.0
182986,0.0
182987,0.0
182988,0.0
182989,0.0
182990,0.0
182992,0.0
183029,0.0
183030,0.0
183095,0.0
183096,0.0
183097,0.0
183098,0.018018
183099,0.0
183100,0.0
183101,0.0
183102,0.0
183103,0.0
183104,0.0
183105,0.0
183106,0.0
183107,0.0
183108,0.0
183109,0.0
183110,0.0
183111,0.011201
183112,1.0
183601,1.0
183606,0.0
183607,0.029412
183624,0.0
183625,0.023973
183626,0.0
183627,0.0
183628,0.0
183629,0.0
183630,0.0
183631,0.0
183632,0.0
183633,0.0
183634,0.0
183635,0.0
183636,0.0
183637,0.0
183638,0.0
183639,0.0
183640,0.0
183641,0.0
183642,0.0
183643,0.477563
183644,0.453827
183645,0.011841
183646,0.0
183647,0.0
183648,0.0
183649,0.0
183650,0.0
183651,0.0
183652,0.0
183653,0.0
183654,0.0
183655,0.0
183656,0.0
183657,0.0
183658,0.0
183659,0.0
183660,0.0
183661,0.0
183662,0.0
183663,0.0
183664,0.0
183665,0.0
183666,0.0
183667,0.0
183668,0.0
183669,0.0
183670,0.0
183671,0.0
183672,0.0
183673,0.0
183674,0.0
183779,0.0
183780,0.0
183781,0.0
183782,0.0
183783,0.0
183784,0.0
183785,0.0
183786,0.0
183787,0.0
183788,0.0
183789,0.0
183790,0.0
183791,0.0
183792,0.0
183793,0.0
183794,0.0
183795,0.0
183796,0.0
184286,0.182692
184287,0.873418
184290,1.0
184309,0.0
184310,0.0
184311,0.0
184312,0.0
184313,0.0
184314,0.0
184315,0.0
184316,0.0
184317,0.0
184318,0.0
184319,0.0
184320,0.0
184321,0.0
184322,0.0
184323,0.0
184324,0.0
184325,0.0
184326,0.0
184327,0.0
184328,0.0
184329,0.001709
184330,0.0
184331,0.0
184332,0.0
184333,0.0
184334,0.0
184335,0.0
184336,0.0
184337,0.0
184338,0.0
184339,0.0
184340,0.0
184341,0.0
184342,0.0
184343,0.0
184344,0.0
184345,0.0
184346,0.0
184347,0.0
184348,0.0
184349,0.0
184350,0.0
184351,0.0
184352,0.0
184353,0.0
184354,0.0
184355,0.0
184356,0.0
184357,0.0
184359,0.0
184463,0.0
184464,0.0
184465,0.0
184466,0.0
184467,0.0
184468,0.0
184469,0.0
184470,0.0
184471,0.0
184472,0.0
184473,0.0
184474,0.0
184475,0.0
184476,0.0
184477,0.0
184478,0.0
184479,0.0
184972,0.0
184994,0.0
184995,0.0
184996,0.0
184997,0.0
184998,0.0
184999,0.0
185000,0.0
185001,0.0
185002,0.0
185003,0.0
185004,0.0
185005,0.0
185006,0.0
185007,0.0
185008,0.0
185009,0.0
185010,0.0
185011,0.0
185012,0.0
185013,0.0
185014,0.0
185015,0.0
185016,0.0
185017,0.0
185018,0.0
185019,0.0
185020,0.0
185021,0.0
185022,0.0
185023,0.0
185024,0.0
185025,0.0
185026,0.0
185027,0.0
185028,0.0
185029,0.0
185030,0.0
185031,0.0
185032,0.0
185033,0.0
185034,0.0
185035,0.010129
185036,0.01062
185037,0.025141
185038,0.0
185039,0.0
185040,0.040965
185146,0.0
185147,0.0
185148,0.0
185149,0.0
185150,0.0
185151,0.0
185152,0.0
185153,0.0
185154,0.0
185155,0.0
185156,0.0
185157,0.0
185158,0.0
185159,0.0
185160,0.0
185161,0.0
185162,0.0
185163,0.0
185164,0.0
185678,0.0
185679,0.0
185680,0.0
185681,0.0
185682,0.0
185683,0.0
185684,0.0
185685,0.0
185686,0.0
185687,0.0
185688,0.0
185689,0.0
185690,0.0
185691,0.0
185692,0.0
185693,0.0
185694,0.0
185695,0.0
185696,0.0
185697,0.0
185698,0.0
185699,0.0
185700,0.0
185701,0.0
185702,0.0
185703,0.0
185704,0.0
185705,0.0
185706,0.0
185707,0.0
185708,0.0
185709,0.0
185710,0.0
185711,0.0
185712,0.027282
185713,0.063963
185714,0.0
185715,0.0
185716,0.0
185717,0.0
185718,0.0
185719,0.0
185720,0.000117
185721,0.0
185722,0.0
185723,0.0
185830,0.0
185831,0.0
185832,0.0
185833,0.0
185834,0.0
185835,0.0
185836,0.0
185837,0.0
185838,0.0
185839,0.0
185840,0.0
185841,0.0
185842,0.0
185843,0.0
185844,0.0
185845,0.0
185846,0.0
185847,0.0
185848,0.0
185849,0.0
186362,0.0
186363,0.0
186364,0.0
186365,0.0
186366,0.0
186367,0.0
186368,0.0
186369,0.0
186370,0.0
186371,0.0
186372,0.0
186373,0.0
186374,0.0
186375,0.0
186376,0.0
186377,0.0
186378,0.0
186379,0.0
186380,0.0
186381,0.0
186382,0.0
186383,0.0
186384,0.0
186385,0.0
186386,0.0
186387,0.0
186388,0.0
186389,0.0
186390,0.0
186391,0.0
186392,0.0
186393,0.0
186394,0.0
186395,0.0
186396,0.026579
186397,0.296431
186398,0.0
186399,0.0
186400,0.0
186401,0.0
186402,0.0
186403,0.0
186404,0.0
186405,0.027671
186406,0.0
186407,0.0
186514,0.0
186515,0.0
186516,0.0
186517,0.0
186518,0.0
186519,0.0
186520,0.0
186521,0.0
186522,0.0
186523,0.0
186524,0.0
186525,0.0
186526,0.0
186527,0.0
186528,0.0
186529,0.0
186530,0.0
186531,0.0
186532,0.0
186533,0.0
187047,0.0
187048,0.0
187049,0.0
187050,0.0
187051,0.0
187052,0.0
187053,0.0
187054,0.0
187055,0.0
187056,0.0
187057,0.0
187058,0.0
187059,0.0
187060,0.0
187061,0.0
187062,0.0
187063,0.0
187064,0.0
187065,0.0
187066,0.0
187067,0.0
187068,0.0
187069,0.0
187070,0.0
187071,0.0
187072,0.0
187073,0.0
187074,0.0
187075,0.0
187076,0.0
187077,0.0
187078,0.0
187079,0.0
187080,0.0
187081,0.0
187082,0.0
187083,0.0
187084,0.0
187085,0.0
187086,0.0
187087,0.0
187088,0.0
187089,0.020576
187199,0.0
187200,0.0
187201,0.0
187202,0.0
187203,0.0
187204,0.0
187205,0.0
187206,0.0
187207,0.0
187208,0.0
187209,0.0
187210,0.0
187211,0.0
187212,0.0
187213,0.0
187214,0.0
187215,0.0
187217,0.0
187218,0.0
187731,0.0
187732,0.0
187733,0.0
187734,0.0
187735,0.0
187736,0.0
187737,0.0
187738,0.0
187739,0.0
187740,0.0
187741,0.0
187742,0.0
187743,0.0
187744,0.0
187745,0.0
187746,0.0
187747,0.0
187748,0.0
187749,0.0
187750,0.0
187751,0.0
187752,0.0
187753,0.0
187754,0.0
187755,0.0
187756,0.0
187757,0.0
187758,0.0
187759,0.0
187760,0.0
187761,0.0
187762,0.0
187763,0.0
187764,0.0
187765,0.0
187766,0.0
187767,0.0
187768,0.0
187769,0.0
187770,0.0
187771,0.0
187883,0.0
187884,0.0
187886,0.0
187887,0.0
187888,0.0
187889,0.0
187890,0.0
187891,0.0
187892,0.0
187893,0.0
187894,0.453321
187895,0.934632
187896,0.278783
187897,0.0
187898,0.0
187899,0.0
187900,0.0
187901,0.0
187902,0.0
187903,0.0
188416,0.0
188417,0.0
188418,0.0
188419,0.0
188420,0.0
188421,0.0
188422,0.0
188423,0.0
188424,0.0
188425,0.0
188426,0.0
188427,0.0
188428,0.0
188429,0.0
188430,0.0
188431,0.0
188432,0.0
188433,0.0
188434,0.0
188435,0.0
188436,0.0
188437,0.0
188438,0.0
188439,0.0
188440,0.0
188441,0.0
188442,0.0
188443,0.0
188444,0.0
188445,0.0
188446,0.0
188447,0.0
188448,0.0
188449,0.0
188450,0.0
188451,0.0
188452,0.0
188453,0.0
188566,0.0
188567,0.0
188568,0.0
188570,0.0
188571,0.0
188572,0.0
188573,0.0
188574,0.0
188575,0.0
188576,0.0
188577,0.0
188578,0.110101
188579,0.885905
188580,0.947599
188581,0.137561
188582,0.0
188583,0.0
188584,0.0
188585,0.0
188586,0.0
188587,0.0
189100,0.0
189101,0.0
189102,0.0
189103,0.0
189104,0.0
189105,0.0
189106,0.0
189107,0.0
189108,0.0
189109,0.0
189110,0.0
189111,0.0
189112,0.0
189113,0.0
189114,0.0
189115,0.0
189116,0.012292
189117,0.087464
189118,0.012813
189119,0.0
189120,0.0
189121,0.0
189122,0.0
189123,0.0
189124,0.0
189125,0.0
189126,0.0
189127,0.0
189128,0.0
189129,0.0
189130,0.0
189131,0.0
189132,0.0
189133,0.0
189134,0.0
189254,0.0
189255,0.0
189256,0.0
189257,0.0
189258,0.0
189259,0.0
189260,0.0
189261,0.0
189262,0.000296
189263,0.598523
189264,0.42377
189265,0.0
189266,0.0
189267,0.0
189268,0.0
189269,0.0
189270,0.0
189271,0.0
189272,0.0
189784,0.0
189785,0.0
189786,0.0
189787,0.0
189788,0.0
189789,0.0
189790,0.0
189791,0.0
189792,0.0
189793,0.0
189794,0.0
189795,0.0
189796,0.0
189797,0.0
189798,0.0
189799,0.0
189800,0.0
189801,0.032474
189802,0.067948
189803,0.0
189804,0.0
189805,0.0
189806,0.0
189807,0.0
189808,0.0
189809,0.0
189810,0.0
189811,0.0
189812,0.0
189813,0.0
189814,0.0
189815,0.0
189816,0.0
189817,0.0
189937,0.0
189938,0.0
189939,0.0
189940,0.0
189941,0.0
189942,0.0
189943,0.0
189944,0.0
189945,0.0
189946,0.0
189947,0.001365
189948,0.0
189949,0.0
189950,0.0
189951,0.0
189952,0.0
189953,0.0
189954,0.0
189955,0.0
189956,0.0
189957,0.0
190469,0.0
190470,0.0
190471,0.0
190472,0.0
190473,0.0
190474,0.0
190475,0.0
190476,0.0
190477,0.0
190478,0.0
190479,0.0
190480,0.0
190481,0.0
190482,0.0
190483,0.0
190484,0.0
190485,0.0
190486,0.0
190487,0.0
190488,0.0
190489,0.0
190490,0.0
190491,0.0
190492,0.0
190493,0.0
190494,0.0
190495,0.0
190496,0.0
190497,0.0
190498,0.003103
190499,0.0
190500,0.0
190501,0.0
190620,0.0
190621,0.0
190622,0.0
190623,0.0
190624,0.0
190625,0.0
190626,0.0
190627,0.0
190628,0.0
190629,0.0
190630,0.0
190631,0.0
190632,0.0
190633,0.0
190634,0.0
190635,0.0
190636,0.0
190637,0.0
190638,0.0
190639,0.0
190640,0.0
190641,0.0
191153,0.0
191154,0.0
191155,0.0
191156,0.0
191157,0.0
191158,0.0
191159,0.0
191160,0.0
191161,0.0
191162,0.0
191163,0.0
191164,0.0
191165,0.0
191166,0.126148
191167,0.0
191168,0.0
191169,0.0
191170,0.0
191171,0.0
191172,0.0
191173,0.0
191174,0.0
191175,0.0
191176,0.0
191177,0.0
191178,0.0
191179,0.0
191180,0.0
191181,0.0
191182,0.0
191304,0.0
191305,0.0
191306,0.0
191307,0.0
191308,0.0
191309,0.0
191310,0.0
191311,0.0
191312,0.0
191313,0.0
191314,0.0
191315,0.0
191316,0.0
191317,0.0
191318,0.0
191319,0.0
191320,0.0
191321,0.0
191322,0.0
191323,0.0
191324,0.0
191325,0.0
191326,0.0
191839,0.0
191840,0.0
191841,0.0
191842,0.0
191843,0.0
191844,0.0
191845,0.0
191846,0.0
191847,0.0
191848,0.0
191849,0.0
191850,0.241389
191851,0.0
191852,0.0
191853,0.0
191854,0.0
191855,0.0
191856,0.0
191857,0.0
191858,0.0
191859,0.0
191860,0.0
191861,0.0
191862,0.0
191863,0.0
191864,0.0
191865,0.0
191990,0.0
191991,0.0
191992,0.0
191993,0.0
191994,0.0
191995,0.0
191996,0.0
191997,0.0
191998,0.0
191999,0.0
192000,0.0
192001,0.0
192002,0.0
192003,0.0
192006,0.0
192007,0.0
192008,0.0
192009,0.0
192010,0.0
192523,0.0
192524,0.0
192525,0.0
192526,0.0
192527,0.0
192528,0.0
192529,0.0
192530,0.0
192531,0.0
192532,0.0
192533,0.0
192534,0.0
192535,0.0
192536,0.0
192537,0.0
192538,0.0
192539,0.0
192540,0.0
192541,0.0
192542,0.0
192543,0.0
192544,0.0
192545,0.0
192546,0.0
192547,0.0
192548,0.0
192549,0.0
192674,0.0
192675,0.0
192676,0.0
192677,0.0
192678,0.0
192679,0.0
192680,0.0
192681,0.0
192682,0.0
192683,0.0
192684,0.0
192685,0.0
192686,0.0
192687,0.0
192690,0.0
192691,0.0
192692,0.0
192693,0.0
192694,0.0
192695,0.0
193208,0.0
193209,0.0
193210,0.0
193211,0.0
193212,0.0
193213,0.0
193214,0.0
193215,0.0
193216,0.0
193217,0.0
193218,0.0
193219,0.0
193220,0.0
193221,0.0
193222,0.0
193223,0.0
193224,0.041006
193225,0.0
193226,0.0
193227,0.0
193228,0.0
193229,0.0
193230,0.0
193231,0.0
193232,0.0
193359,0.0
193360,0.0
193361,0.0
193362,0.0
193363,0.0
193364,0.0
193365,0.0
193366,0.0
193367,0.0
193368,0.0
193369,0.0
193370,0.0
193374,0.0
193375,0.0
193376,0.0
193377,0.0
193378,0.0
193379,0.0
193892,0.0
193893,0.0
193894,0.0
193895,0.0
193896,0.0
193897,0.0
193898,0.0
193899,0.0
193900,0.0
193901,0.0
193902,0.0
193903,0.0
193904,0.0
193905,0.0
193906,0.0
193907,0.0
193908,0.0
193909,0.0
193910,0.0
193911,0.0
193912,0.0
193913,0.0
193915,0.067159
194044,0.0
194046,0.0
194047,0.0
194048,0.0
194049,0.0
194050,0.0
194051,0.0
194052,0.0
194053,0.0
194054,0.0
194055,0.0
194056,0.0
194058,0.0
194059,0.0
194060,0.0
194061,0.0
194062,0.0
194063,0.0
194577,0.0
194578,0.0
194579,0.0
194580,0.0
194581,0.0
194582,0.0
194583,0.0
194584,0.0
194585,0.0
194586,0.0
194587,0.0
194588,0.0
194589,0.0
194590,0.0
194591,0.0
194592,0.0
194593,0.0
194594,0.0
194595,0.0
194596,0.0
194597,0.107498
194730,0.0
194731,0.0
194732,0.0
194733,0.0
194734,0.0
194735,0.0
194736,0.0
194737,0.0
194738,0.0
194739,0.0
194740,0.0
194742,0.0
194743,0.0
194744,0.0
194746,0.005777
194747,0.0
195263,0.0
195264,0.0
195265,0.0
195266,0.0
195267,0.0
195268,0.0
195269,0.0
195270,0.0
195271,0.0
195272,0.0
195273,0.0
195274,0.0
195275,0.0
195276,0.0
195277,0.0
195278,0.0
195279,0.0
195280,0.0
195281,0.0
195282,0.049944
195414,0.0
195415,0.0
195416,0.0
195417,0.0
195418,0.0
195419,0.0
195420,0.0
195421,0.0
195422,0.0
195423,0.0
195424,0.0
195425,0.0
195426,0.0
195427,0.0
195428,0.0
195430,0.0
195431,0.0
195947,0.0
195948,0.0
195949,0.0
195950,0.0
195951,0.0
195952,0.0
195953,0.0
195954,0.0
195955,0.0
195956,0.0
195957,0.0
195958,0.0
195959,0.0
195960,0.0
195961,0.0
195962,0.219174
195963,0.0
195964,0.0
195965,0.0
196098,0.0
196099,0.0
196100,0.0
196101,0.0
196102,0.0
196103,0.0
196104,0.0
196105,0.0
196106,0.0
196107,0.0
196108,0.0
196109,0.0
196111,0.0
196112,0.0
196114,0.0
196115,0.0
196631,0.0
196632,0.0
196633,0.0
196634,0.0
196635,0.0
196636,0.0
196637,0.0
196638,0.0
196639,0.0
196640,0.0
196641,0.0
196642,0.0
196643,0.0
196644,0.0
196645,0.0
196646,0.0
196647,0.0
196648,0.0
196649,0.0
196650,0.0
196784,0.0
196785,0.0
196786,0.0
196787,0.0
196788,0.0
196789,0.0
196790,0.0
196791,0.0
196792,0.0
196793,0.0
196795,0.0
196796,0.0
196797,0.0
196798,0.0
196799,0.0
197315,0.0
197316,0.0
197317,0.0
197318,0.0
197319,0.0
197320,0.0
197321,0.0
197322,0.0
197323,0.0
197324,0.0
197325,0.0
197326,0.0
197327,0.0
197328,0.0
197329,0.0
197330,0.0
197331,0.0
197332,0.0
197333,0.0
197469,0.0
197470,0.0
197471,0.0
197472,0.0
197473,0.0
197474,0.0
197475,0.0
197476,0.0
197477,0.0
197478,0.0
197479,0.0
197480,0.0
197481,0.0
197482,0.0
197483,0.0
198000,0.0
198001,0.0
198002,0.0
198003,0.0
198004,0.0
198005,0.0
198006,0.0
198007,0.0
198008,0.0
198009,0.0
198010,0.0
198011,0.0
198012,0.0
198013,0.0
198014,0.0
198015,0.0
198016,0.0
198017,0.0
198153,0.0
198154,0.0
198155,0.0
198165,0.0
198166,0.0
198167,0.0
198684,0.0
198685,0.0
198686,0.0
198687,0.0
198688,0.0
198689,0.0
198690,0.0
198691,0.0
198692,0.0
198693,0.0
198694,0.0
198695,0.0
198696,0.0
198697,0.0
198698,0.0
198699,0.0
198700,0.0
198838,0.0
198839,0.0
198849,0.0
198850,0.0
198851,0.0
198852,0.0
199368,0.0
199369,0.0
199370,0.0
199371,0.0
199372,0.0
199373,0.0
199374,0.0
199375,0.0
199376,0.0
199377,0.0
199378,0.0
199379,0.0
199380,0.0
199381,0.0
199382,0.0
199383,0.0
199384,0.0
199523,0.0
199534,0.0
199535,0.0
200053,0.0
200054,0.0
200055,0.0
200056,0.0
200057,0.0
200058,0.0
200059,0.0
200060,0.0
200061,0.0
200062,0.0
200063,0.0
200064,0.0
200065,0.0
200066,0.0
200067,0.0
200068,0.0
200217,0.0
200218,0.0
200219,0.0
200737,0.0
200738,0.0
200739,0.0
200740,0.0
200741,0.0
200742,0.0
200743,0.0
200744,0.0
200745,0.0
200746,0.0
200747,0.0
200748,0.0
200749,0.0
200750,0.0
200751,0.0
200752,0.0
200753,0.0
200901,0.0
200902,0.0
200903,0.0
201422,0.0
201423,0.0
201424,0.0
201425,0.0
201426,0.0
201427,0.0
201428,0.0
201429,0.0
201430,0.0
201431,0.0
201432,0.0
201433,0.0
201434,0.0
201435,0.0
201436,0.0
201585,0.0
201586,0.118994
202106,0.0
202107,0.0
202108,0.0
202109,0.0
202110,0.0
202111,0.0
202112,0.0
202113,0.0
202114,0.0
202115,0.013392
202116,0.006487
202117,0.008437
202118,0.0
202119,0.0
202120,0.0
202269,0.0
202270,0.0
202790,0.0
202791,0.000415
202792,0.0
202793,0.000108
202794,0.0
202795,0.0
202796,0.0
202797,0.007863
202798,0.007194
202799,0.000279
202800,0.038079
202801,0.00489
202802,0.0
202803,0.0
202804,0.0
202805,0.0
203476,0.0
203477,0.000973
203478,3.9e-05
203479,0.0
203480,0.0
203481,0.015278
203482,0.028723
203483,0.004381
203484,0.0
203485,0.0
203486,0.0
203487,0.0
203488,0.00016
203489,0.0
204162,0.0
204163,0.04796
204164,0.003832
204165,0.0
204166,0.0
204167,0.0
204168,0.0
204169,0.000895
204170,0.0
204171,0.0
204172,0.0
204173,0.0
204848,0.001075
204849,0.017892
204850,0.0
204851,0.0
204852,0.0
204853,0.0
204854,0.000123
204855,6.1e-05
204856,0.0
204857,0.001283
205533,1.0
205534,0.035154
205535,0.000756
205536,0.0
205537,0.015321
205538,0.013751
205539,0.006467
205540,0.084504
205541,0.093591
205542,0.0023
205543,0.0
206223,0.009309
206224,0.00074
206225,0.0
206226,0.050969
206908,0.039086
206909,0.003669
