sc_point_gid,fed_frac
37120,0.0
37807,0.0
37808,0.0
38474,0.0
38492,0.0
39158,0.004156
39159,0.0
39176,1.0
39180,0.0
39182,1.0
39841,0.010246
39842,0.001217
39843,0.0
39844,0.0
39856,0.0
39857,0.0
39858,0.0
39868,0.0
39870,0.0
39871,0.0
40525,0.001255
40526,0.000991
40527,0.0
40528,0.0
40529,0.0
40539,0.0
40540,0.0
40541,0.0
40542,0.0
40543,0.0
40544,0.0
40545,0.003817
40556,0.0
40557,0.0
40558,0.0
41209,0.0
41210,0.0
41211,0.0
41212,0.02492
41213,0.017436
41214,0.023113
41215,0.0
41216,0.0
41223,0.0
41224,0.0
41225,0.0
41226,0.0
41227,0.0
41228,0.0
41229,0.0
41230,0.0
41231,0.962963
41236,1.0
41241,0.0
41242,0.051399
41243,0.314319
41244,0.242558
41245,0.0
41246,0.0
41893,0.002475
41894,0.0
41895,0.001199
41896,0.001513
41897,0.0
41898,0.0
41899,0.004362
41900,0.0
41905,0.25
41907,0.655738
41908,0.0
41909,0.0
41910,0.0
41911,0.0
41912,0.0
41913,0.008649
41914,0.0
41915,0.0
41923,1.0
41925,0.0
41926,0.101243
41927,0.283343
41928,0.205397
41929,0.025538
41930,0.001298
41931,0.527959
41932,0.070637
41933,0.514258
41934,0.522989
42577,0.0
42578,0.000623
42579,0.016016
42580,0.0
42581,0.0
42584,0.0
42585,0.0
42586,0.0
42587,0.0
42588,0.0
42589,0.0
42590,0.571429
42591,0.0
42592,0.0
42593,0.0
42594,0.0
42595,0.0
42596,0.0
42597,0.104336
42598,0.0
42605,0.913043
42606,0.567708
42607,1.0
42608,0.0
42609,0.001294
42610,0.006456
42611,0.01191
42612,0.043288
42613,0.217801
42614,0.595095
42615,0.567265
42616,0.441043
42617,0.123193
42618,0.500444
42619,0.934884
42620,0.245405
42621,0.71134
42622,0.0
42623,0.0
43262,0.0
43263,0.0
43264,0.001052
43265,0.002584
43270,0.0
43271,0.015152
43272,0.000444
43273,0.0
43274,0.0
43275,0.0
43276,0.0
43277,0.0
43278,0.006499
43279,0.07965
43280,0.0
43281,0.090465
43282,0.0
43289,0.0
43290,0.215171
43291,0.867841
43292,0.812865
43293,0.271407
43294,0.004705
43295,0.137883
43296,0.050179
43297,0.310382
43298,0.258042
43299,0.179592
43300,0.382731
43301,0.304415
43302,0.462323
43303,0.696162
43304,0.119018
43305,0.124951
43306,0.022192
43307,0.024743
43308,0.06044
43309,0.928934
43310,0.814815
43311,0.0
43946,0.001261
43947,0.0
43948,0.000762
43949,0.008646
43955,0.0
43956,0.0
43957,0.0
43958,0.0
43959,0.0
43960,0.0
43961,0.0
43962,0.0
43963,0.000737
43965,1.0
43973,0.993399
43974,0.618729
43975,0.712121
43976,0.037736
43977,0.076923
43978,0.008925
43979,0.007687
43980,0.050043
43981,0.38009
43982,0.538953
43983,0.390964
43984,0.012203
43985,0.506646
43986,1.0
43987,0.788255
43988,0.043195
43989,0.015723
43990,0.026521
43991,0.096667
43992,0.0
43993,0.340594
43994,1.0
43995,1.0
43996,0.886525
43997,1.0
43999,1.0
44000,1.0
44629,0.0
44630,0.002678
44631,0.000918
44632,0.147541
44639,0.0
44640,0.0
44641,0.0
44642,0.0
44643,0.0
44644,0.0
44645,0.0
44646,0.0
44647,0.011747
44648,0.0125
44657,1.0
44658,0.467091
44659,0.199647
44660,0.089799
44661,0.0
44662,0.115007
44663,0.0
44664,0.057953
44665,0.1934
44666,0.33299
44667,0.728748
44668,0.653757
44669,0.577754
44670,0.994398
44671,0.836325
44672,0.003796
44673,0.06595
44674,0.232378
44675,0.21486
44676,0.530345
44677,0.266129
44678,1.0
44679,0.980173
44680,0.075734
44681,0.752788
44682,0.0
44683,0.154983
44684,0.538182
44685,0.116883
44686,0.0
44687,0.0
44688,0.783133
45313,0.0
45314,0.0
45315,0.0
45316,0.0
45317,0.0
45322,0.0
45323,0.0
45324,0.0
45325,0.0
45326,0.0
45329,0.0
45330,0.0
45331,0.006061
45332,0.0
45341,1.0
45342,0.040156
45343,0.35791
45344,0.109351
45345,0.048839
45346,0.0
45347,0.0
45348,0.0
45349,0.0
45350,0.0
45351,0.014189
45352,0.028897
45353,0.031852
45354,0.660211
45355,0.130898
45356,0.0
45357,0.0
45358,0.474701
45359,0.496489
45360,0.340741
45361,0.285624
45362,0.136364
45363,0.99359
45364,0.014035
45365,0.09732
45366,0.054545
45367,0.120226
45368,0.680115
45369,1.0
45370,1.0
45371,1.0
45372,0.885555
45373,0.937622
45374,0.619197
45375,0.891176
45377,0.25
45997,0.0
45998,0.0
45999,0.0
46000,0.012177
46001,0.0
46002,0.013274
46004,0.0
46005,0.0
46006,0.0
46007,0.0
46008,0.0
46013,0.0
46014,0.0
46015,0.002324
46016,0.0
46025,1.0
46026,0.393539
46027,0.007934
46028,0.009473
46029,0.0
46030,0.0
46031,0.0
46032,0.0
46033,0.0
46034,0.0
46035,0.0
46036,0.0
46037,0.0
46038,0.0
46039,0.0
46040,0.0
46041,0.0
46042,0.006541
46043,0.47495
46044,0.556507
46045,0.207113
46046,0.594741
46047,0.937383
46048,0.0
46049,0.134474
46050,0.483591
46051,0.0
46052,0.328392
46053,0.047619
46054,1.0
46055,0.927443
46056,0.95393
46058,0.984594
46059,0.485207
46060,0.215013
46062,0.0
46063,0.0
46064,0.0
46362,0.0
46682,0.000163
46683,0.0
46684,0.00146
46685,0.000239
46686,0.005216
46687,0.111111
46688,0.09375
46689,0.0
46690,0.0
46691,0.0
46692,0.0
46693,0.0
46697,0.0
46698,0.0
46699,0.0
46702,0.0
46703,1.0
46704,0.0
46705,0.0
46706,0.0
46708,1.0
46709,0.801887
46710,0.826715
46711,0.087728
46712,0.010316
46713,0.000511
46714,0.007692
46715,0.007647
46716,0.001038
46717,0.0
46718,0.0
46719,0.0
46720,0.0
46721,0.0
46722,0.0
46723,0.0
46724,0.0
46725,0.062903
46726,0.494975
46727,0.217494
46728,0.57771
46729,0.135874
46730,0.98932
46731,0.684134
46732,0.021926
46733,0.225779
46734,0.032479
46735,0.0
46736,0.695711
46737,0.749413
46738,0.989474
46739,0.702335
46741,1.0
46742,1.0
46743,0.810901
46744,0.302634
46745,0.0
46747,0.0
46748,0.0
46753,0.0
46755,0.0
47040,0.0
47045,0.0
47046,0.0
47047,0.0
47048,0.0
47365,0.0
47366,0.0
47367,0.0
47368,0.0
47369,0.0
47370,0.0
47371,0.0
47372,0.0
47373,0.0
47374,0.0
47375,0.0
47376,0.0
47377,0.0
47380,0.0
47381,0.0
47382,0.0
47383,0.0
47385,1.0
47386,0.139535
47387,0.882353
47388,0.0
47389,0.0
47390,0.0
47391,0.391525
47392,0.964789
47393,0.303364
47394,0.329826
47395,0.037564
47396,0.018794
47397,0.028979
47398,0.003731
47399,0.00956
47400,0.010189
47401,0.00028
47402,0.0
47403,0.0
47404,0.0
47405,0.0
47406,0.003725
47407,0.0
47408,0.030879
47409,0.104135
47410,0.283159
47411,0.399094
47412,0.093403
47413,0.407378
47414,0.948297
47415,0.198148
47416,0.123962
47417,0.278156
47418,0.221922
47419,0.26968
47420,1.0
47421,0.551148
47422,0.823529
47423,0.02046
47424,0.0
47425,1.0
47427,0.042945
47428,0.524394
47429,0.280851
47430,0.0
47431,0.0
47432,0.055676
47433,1.0
47437,0.0
47438,0.0
47439,0.0
47440,0.0
47441,0.0
47442,0.0
47443,0.0
47444,0.0
47445,0.0
47723,0.0
47724,0.0
47725,0.0
47727,0.0
47728,0.0
47729,0.0
47730,0.0
47731,0.0
47732,0.0
47733,0.0
48049,0.0
48050,0.0
48051,0.0
48052,0.0
48053,0.0
48054,0.0
48055,0.0
48056,0.0
48057,0.0
48058,0.0
48059,0.0
48063,0.0
48064,0.0
48065,0.005476
48066,0.0
48067,0.0
48073,0.008287
48074,0.054237
48075,0.52381
48076,0.714986
48077,0.22123
48078,0.035714
48079,0.0
48080,0.0
48081,0.001529
48082,0.021248
48083,0.016693
48084,0.006303
48085,0.01551
48086,0.0
48087,0.0
48088,0.0
48089,0.004995
48090,0.003758
48091,0.044772
48092,0.067373
48093,0.003777
48094,0.009442
48095,0.15783
48096,0.0
48097,0.331215
48098,0.707726
48099,0.076832
48100,0.032232
48101,0.058824
48102,0.059061
48103,0.288352
48104,1.0
48105,0.163539
48106,0.066901
48107,0.709639
48108,0.678906
48109,0.713178
48110,0.92029
48111,0.523691
48112,0.328691
48113,0.291585
48114,0.0
48115,0.0
48116,0.017804
48117,1.0
48121,0.0
48122,0.0
48123,0.0
48124,0.0
48125,0.0
48126,0.0
48127,0.0
48128,0.0
48129,0.0
48130,0.0
48131,0.0
48132,0.0
48133,0.0
48134,0.0
48135,0.0
48407,0.0
48408,0.0
48409,0.0
48410,0.0
48411,0.0
48412,0.0
48413,0.0
48414,0.0
48415,0.0
48416,0.0
48417,0.0
48418,0.0
48733,0.0
48734,0.0
48735,0.0
48736,0.0
48737,0.0
48738,0.0
48739,0.0
48740,0.0
48741,0.0
48743,0.214286
48744,1.0
48747,0.0
48748,0.0
48749,0.0
48750,0.0
48751,0.352941
48752,0.0
48757,0.097701
48758,0.130892
48759,0.0
48760,0.19987
48761,0.0
48762,0.0
48763,0.0
48764,0.0
48765,0.0
48766,0.007741
48767,0.088427
48768,0.037563
48769,0.001665
48770,0.020044
48771,0.014014
48772,0.0
48773,0.008078
48774,0.180225
48775,0.009163
48776,0.0
48777,0.0
48778,0.0
48779,0.011498
48780,0.0
48781,0.006482
48782,0.042105
48783,0.08259
48784,0.018825
48785,0.66474
48786,0.247166
48787,0.982332
48788,1.0
48789,0.261513
48790,0.0
48791,0.432387
48792,0.335763
48793,0.460188
48794,1.0
48795,1.0
48796,0.0
48797,0.091727
48798,0.071617
48799,0.0
48800,1.0
48801,1.0
48805,0.005348
48806,0.0
48807,0.0
48808,0.0
48809,0.0
48810,0.0
48811,0.0
48812,0.0
48813,0.0
48814,0.000326
48815,0.0
48816,0.000548
48817,0.0
48818,0.0
48819,0.002415
48820,0.0
48821,0.0
48822,0.00064
48823,0.0
48824,0.000283
48826,0.058747
49090,0.0
49091,0.0
49092,0.0
49093,0.0
49094,0.0
49095,0.0
49096,0.0
49097,0.0
49098,0.0
49099,0.0
49100,0.0
49101,0.0
49102,0.0
49417,0.0
49418,0.0
49419,0.0
49420,0.0
49421,0.0
49422,0.0
49423,0.0
49424,0.0
49425,0.0
49426,0.0
49427,0.683371
49428,1.0
49430,0.0
49431,0.0
49432,0.0
49433,0.0
49434,0.0
49435,0.067073
49436,0.637363
49437,0.911765
49440,0.0
49441,0.004533
49442,0.280795
49443,0.130802
49444,0.002712
49445,0.020326
49446,0.0
49447,0.013529
49448,0.040202
49449,0.0
49450,0.019377
49451,0.6
49452,0.0
49453,0.0
49454,0.0
49455,0.004847
49456,0.011577
49457,0.008295
49458,0.007243
49459,0.0
49460,0.0
49461,0.0
49462,0.0
49463,0.0
49464,0.0
49465,0.017129
49466,0.002143
49467,0.157768
49468,0.075998
49469,0.490526
49470,0.050847
49471,0.5
49473,0.222222
49475,0.616732
49476,0.200515
49477,0.199736
49478,0.11953
49479,0.027417
49480,0.857143
49481,0.327989
49482,0.494634
49483,0.011111
49484,0.169442
49485,0.551402
49490,0.007223
49491,0.0
49492,0.0
49493,0.0
49494,0.0
49495,0.0
49496,0.0
49497,0.0
49498,0.0
49499,0.001067
49500,0.03588
49501,0.0
49502,0.0
49503,0.0
49504,0.0
49505,0.0
49506,0.0
49507,0.0
49508,0.0
49509,0.01989
49510,0.045122
49511,0.079993
49512,0.038206
49513,0.018435
49514,0.000205
49515,0.058438
49516,0.298793
49517,0.535284
49774,0.0
49775,0.0
49776,0.0
49777,0.0
49778,0.0
49779,0.0
49780,0.0
49781,0.0
49782,0.0
49783,0.0
49784,0.0
49785,0.0
49786,0.0
50101,0.0
50102,0.0
50103,0.0
50104,0.0
50105,0.0
50106,0.0
50107,0.0
50108,0.0
50109,0.0
50110,0.960655
50111,0.890419
50112,0.989744
50113,0.876364
50114,0.0
50115,0.0
50116,0.002954
50117,0.0
50118,0.0
50119,0.0
50120,0.776163
50121,0.0
50122,0.0
50123,0.0
50124,0.595238
50125,0.0
50126,0.14988
50127,0.019626
50128,0.017758
50129,0.290825
50130,0.082994
50131,0.010926
50132,0.00131
50133,0.087741
50134,0.213953
50136,0.027205
50137,0.120168
50138,0.001492
50139,0.0047
50140,0.099387
50141,0.0
50142,0.020417
50143,0.0
50144,0.0
50145,0.0
50146,0.0
50147,0.0
50148,0.0
50149,0.0
50150,0.00069
50151,0.07323
50152,0.050211
50153,0.655172
50154,0.970732
50155,0.135159
50156,0.093525
50157,0.313559
50159,0.669521
50160,0.081104
50161,0.003106
50162,0.264346
50163,0.013208
50164,0.0
50165,0.003261
50166,0.201488
50167,0.0
50168,0.192308
50169,0.38698
50171,0.0
50174,0.014167
50175,0.0
50176,0.0
50177,0.0
50178,0.0
50179,0.0
50180,0.0
50181,0.0
50182,0.011335
50183,0.039351
50184,0.0
50185,7.9e-05
50186,0.0
50187,0.0
50188,0.0
50189,0.0
50190,0.0
50191,0.0
50192,0.0
50193,0.0
50194,0.23997
50195,0.045126
50196,0.0
50197,0.002052
50198,0.0
50199,0.249267
50200,0.41101
50201,0.330028
50202,0.477529
50203,0.04565
50204,0.006441
50205,0.0
50206,0.071393
50207,0.217458
50208,0.18967
50458,0.0
50459,0.0
50460,0.0
50461,0.0
50462,0.0
50463,0.0
50464,0.0
50465,0.0
50466,0.0
50467,0.0
50468,0.0
50469,0.0
50470,0.0
50471,0.0
50785,0.0
50786,0.0
50787,0.0
50788,0.0
50789,0.0
50790,0.0
50791,0.0
50792,0.0
50793,0.0
50794,0.045348
50795,0.0
50796,0.0
50797,0.0
50798,0.0
50799,0.0
50800,0.19697
50801,0.0
50802,0.002571
50803,0.94
50804,0.249022
50805,0.002656
50806,0.0
50807,0.0
50808,0.088319
50809,0.513921
50810,0.035871
50811,0.026015
50812,0.0257
50813,0.263252
50814,0.814573
50815,0.005003
50816,0.144098
50817,1.0
50818,1.0
50819,1.0
50820,0.080071
50821,0.002316
50822,0.052916
50823,0.326887
50824,0.258
50825,0.058213
50826,0.0
50827,0.0
50828,0.0
50829,0.0
50830,0.0
50831,0.0
50832,0.0
50833,0.0
50834,0.000383
50835,0.036815
50836,0.131858
50837,0.978448
50838,1.0
50839,0.824268
50840,0.175947
50841,0.311828
50842,1.0
50843,0.758977
50844,0.209991
50845,0.031378
50846,0.029965
50847,0.006594
50848,0.000592
50849,0.029893
50850,0.003239
50851,0.0
50852,0.0
50853,1.0
50854,1.0
50857,0.0
50858,0.001005
50859,0.0
50860,0.0
50861,0.0
50862,0.0
50863,0.0
50864,0.000172
50865,0.005161
50866,0.006809
50867,0.037781
50868,0.0
50869,0.0
50870,0.0
50871,0.0
50872,0.0
50873,0.0
50874,0.0
50875,0.0
50876,0.0
50877,0.0
50878,0.145997
50879,0.097697
50880,0.0
50881,0.0
50882,0.021848
50883,0.279612
50884,0.347572
50885,0.249455
50886,0.259427
50887,0.0
50888,0.027919
50889,0.089906
50890,0.202237
50891,0.408817
50892,0.418536
50893,0.664107
50894,0.479086
50895,0.564477
50896,0.128757
50897,0.0
50898,0.0
50899,0.0
50900,0.0
51141,0.0
51142,0.0
51143,0.0
51144,0.0
51145,0.0
51146,0.0
51147,0.0
51148,0.0
51149,0.0
51150,0.0
51151,0.0
51152,0.0
51153,0.0
51154,0.0
51155,0.0
51469,0.0
51470,0.0
51471,0.0
51472,0.0
51473,0.0
51474,0.0
51475,0.0
51476,0.0
51477,0.0
51478,0.0
51479,0.0
51480,0.0
51481,0.0
51482,0.0
51483,0.001062
51487,1.0
51488,0.815508
51489,0.035058
51490,0.131528
51491,0.010235
51492,0.007981
51493,0.118925
51494,0.0
51495,0.0
51496,0.089216
51497,0.948795
51498,1.0
51499,1.0
51502,1.0
51503,0.697248
51504,0.105625
51505,0.038898
51506,0.049672
51507,0.234214
51508,0.0
51509,0.0
51510,0.0
51511,0.0
51512,0.0
51513,0.0
51514,0.0
51515,0.0
51516,0.0
51517,0.0
51518,0.0
51519,0.344149
51520,1.0
51521,0.975862
51522,1.0
51523,1.0
51524,0.887097
51525,0.410673
51526,0.306878
51527,0.095469
51528,0.216286
51529,0.054755
51530,0.0
51531,0.062833
51532,0.0
51533,0.0345
51534,0.0
51535,0.10186
51536,0.006322
51537,0.17
51538,1.0
51543,0.0
51544,0.0
51545,0.0
51546,0.0
51547,0.0
51548,0.0
51549,0.0
51550,0.0
51551,0.089686
51552,0.0
51553,0.0
51554,0.0
51555,0.0
51556,0.0
51557,0.0
51558,0.0
51559,0.0
51560,0.0
51561,0.0
51562,0.004887
51563,0.093942
51564,0.0
51565,0.0
51566,0.042577
51567,0.216067
51568,0.160618
51569,0.285055
51570,0.188997
51571,0.082207
51572,0.005768
51573,0.0
51574,0.081622
51575,0.219589
51576,0.429842
51577,0.522581
51578,0.770794
51579,0.530052
51580,0.318671
51581,0.0
51582,0.0
51583,0.0
51584,0.0
51585,0.151933
51586,0.005021
51587,0.0
51588,0.015711
51589,0.0
51590,0.0
51591,0.0
51592,0.0
51659,0.0
51660,0.0
51825,0.0
51826,0.0
51827,0.0
51828,0.0
51829,0.0
51830,0.0
51831,0.0
51832,0.0
51833,0.0
51834,0.0
51835,0.0
51836,0.0
51837,0.0
51838,0.0
51839,0.0
52152,0.0
52153,0.0
52154,0.0
52155,0.0
52156,0.0
52157,0.0
52158,0.0
52159,0.0
52160,0.0
52161,0.0
52162,0.0
52163,0.0
52164,0.0
52165,0.0
52166,0.0
52167,0.002137
52170,0.74359
52172,1.0
52174,0.036448
52175,0.0
52176,0.0
52177,0.011368
52178,0.036753
52179,0.0
52180,0.99639
52187,0.108717
52188,0.113292
52189,0.339713
52190,0.003163
52191,0.009193
52192,0.0
52193,0.0
52194,0.0
52195,0.0
52196,0.0
52197,0.0
52198,0.0
52199,0.0
52200,0.001857
52201,0.0
52202,0.061644
52203,0.580621
52204,0.998296
52205,0.981295
52206,1.0
52207,0.975155
52208,1.0
52209,0.182836
52210,0.055046
52211,0.188811
52212,0.432927
52213,0.116646
52214,0.003435
52215,0.042192
52216,0.0
52217,0.111906
52218,0.504673
52219,0.295803
52220,0.0
52221,0.0
52222,1.0
52223,1.0
52228,0.003371
52229,0.014675
52230,0.0
52231,0.0
52232,0.0
52233,0.0
52234,0.0
52235,0.0
52236,0.033361
52237,0.018342
52238,0.02768
52239,0.023621
52240,0.0
52241,0.0
52242,0.0
52243,0.0
52244,0.0
52245,0.0
52246,0.0
52247,0.00012
52248,0.0
52249,0.0
52250,0.013175
52251,0.014892
52252,0.269325
52253,0.160324
52254,0.4062
52255,0.164385
52256,0.0
52257,0.128141
52258,0.558395
52259,0.749018
52260,0.424597
52261,0.038258
52262,0.369168
52263,0.322429
52264,0.173978
52265,0.0
52266,0.0
52267,0.0
52268,0.0
52269,0.142044
52270,0.021598
52271,0.008542
52272,0.023254
52273,0.0
52274,0.000168
52275,0.000416
52276,0.0
52277,0.0
52278,0.0
52279,0.0
52280,0.0
52281,0.0
52282,0.0
52283,0.0
52284,0.0
52286,0.0
52287,0.0
52288,0.0
52289,0.0
52343,0.0
52509,0.0
52510,0.0
52511,0.0
52512,0.0
52513,0.0
52514,0.0
52515,0.0
52516,0.0
52517,0.0
52518,0.0
52519,0.0
52520,0.0
52521,0.0
52522,0.0
52523,0.0
52524,0.0
52837,0.026791
52838,0.0
52839,0.0
52840,0.0
52841,0.0
52842,0.0
52843,0.0
52844,0.0
52845,0.0
52846,0.0
52847,0.0
52848,0.0
52849,0.0
52850,0.017686
52851,0.0
52854,0.333333
52855,1.0
52856,1.0
52857,0.001357
52858,0.000194
52859,0.0
52860,0.0
52861,0.042363
52862,0.185386
52863,0.210691
52864,0.047493
52871,0.005699
52872,0.0
52873,0.001433
52874,0.013246
52875,0.069913
52876,0.045806
52877,0.0
52878,0.0
52879,0.042622
52880,0.0
52881,0.000889
52882,0.0
52883,0.0
52884,0.00307
52885,0.002166
52886,0.274867
52887,0.585034
52888,0.801342
52889,0.730903
52890,0.478363
52891,0.954545
52892,0.961538
52893,1.0
52894,0.387277
52895,0.213389
52896,0.947368
52897,0.262392
52898,0.007094
52899,0.000268
52900,0.0
52901,0.010194
52902,0.041448
52903,0.048878
52904,0.635897
52905,0.160658
52906,1.0
52907,1.0
52912,0.008814
52913,0.0
52914,0.0
52915,0.0
52916,0.0
52917,0.0
52918,0.0
52919,0.0
52920,0.0
52921,0.0
52922,0.0
52923,0.010532
52924,0.040778
52925,0.0
52926,0.0
52927,0.0
52928,0.0
52929,0.0
52930,9.9e-05
52931,0.0
52932,0.0
52933,0.002872
52934,0.017902
52935,0.0
52936,0.01037
52937,0.0
52938,0.051914
52939,0.180025
52940,0.302757
52941,0.201846
52942,0.308774
52943,0.450098
52944,0.343762
52945,0.13249
52946,0.469581
52947,0.244406
52948,0.070919
52949,0.002341
52950,0.023725
52951,0.0
52952,0.0
52953,0.000398
52954,0.024211
52955,0.0
52956,0.0
52957,0.0
52958,0.0
52959,0.0
52960,0.0
52961,0.005006
52962,0.0
52963,0.003471
52964,0.0
52965,0.0
52966,0.0
52967,0.0
52968,0.0
52969,0.0
52970,0.0
52971,0.0
52972,0.0
52974,0.0
52975,0.0
52976,0.0
52977,0.0
52978,0.0
52979,0.0
52980,0.0
52981,0.0
52983,0.0
52984,0.0
52985,0.0
52986,0.0
52987,0.0
53192,0.0
53193,0.0
53194,0.0
53195,0.0
53196,0.0
53197,0.0
53198,0.0
53199,0.0
53200,0.0
53201,0.0
53202,0.0
53203,0.0
53204,0.0
53205,0.0
53206,0.0
53207,0.0
53208,0.0
53521,0.0
53522,0.0
53523,0.0
53524,0.0
53525,0.0
53526,0.0
53527,0.0
53528,0.0
53529,0.0
53530,0.0
53531,0.0
53532,0.0
53533,0.0
53534,0.0
53535,0.0
53536,0.0
53537,1.0
53538,0.895238
53540,1.0
53541,0.102799
53542,0.0
53543,0.041458
53544,0.013926
53545,0.417217
53546,0.952288
53547,0.806618
53548,0.128085
53552,1.0
53555,0.0
53556,0.0
53557,0.0
53558,0.0
53559,0.00567
53560,0.088152
53561,0.004335
53562,0.293835
53563,0.040566
53564,0.0
53565,0.0
53566,0.0
53567,0.0
53568,0.0
53569,0.000775
53570,0.127841
53571,0.203169
53572,0.002796
53573,0.01773
53574,0.354067
53575,0.979263
53576,0.238335
53577,0.915789
53578,0.448198
53579,0.06278
53580,0.389831
53581,0.007384
53582,0.018935
53583,0.300364
53584,0.0
53585,0.0
53586,0.0
53587,0.0
53588,0.021777
53589,0.496009
53590,0.155172
53591,1.0
53592,1.0
53597,0.000833
53598,0.0
53599,0.0
53600,0.0
53601,0.0
53602,0.0
53603,0.0
53604,0.0
53605,0.0
53606,0.0
53607,0.0
53608,0.031103
53609,0.135827
53610,0.061903
53611,8.5e-05
53612,0.0
53613,0.224147
53614,0.112055
53615,0.0
53616,0.0
53617,0.0
53618,0.002407
53619,0.0
53620,0.0
53621,0.004481
53622,0.021064
53623,0.0
53624,0.134776
53625,0.26738
53626,0.072247
53627,0.027737
53628,0.579528
53629,0.36176
53630,0.533669
53631,0.240689
53632,0.014489
53633,0.071486
53634,0.162519
53635,0.0
53636,0.0
53637,0.0
53638,0.0002
53639,0.0
53640,0.0
53641,0.0
53642,0.0
53643,0.0
53644,0.0
53645,0.0
53646,0.0
53647,0.0
53648,0.001625
53649,0.0
53650,0.0
53651,0.0
53652,0.0
53653,0.0
53654,0.0
53655,0.0
53656,0.0
53657,0.0
53659,0.0
53660,0.0
53661,0.0
53662,0.0
53663,0.0
53664,0.0
53665,0.0
53666,0.0
53667,0.0
53668,0.0
53669,0.0
53670,0.0
53671,0.0
53672,0.0
53673,0.0
53674,0.0
53675,0.0
53676,0.0
53677,0.0
53678,0.0
53679,0.0
53680,0.0
53681,0.0
53682,0.0
53683,0.0
53684,0.0
53687,0.0
53688,0.0
53689,0.0
53690,0.0
53691,0.010599
53692,0.0
53693,0.0
53694,0.0
53695,0.0
53696,0.0
53697,0.0
53698,0.0
53701,0.0
53702,0.0
53703,0.0
53706,0.0
53707,0.0
53708,0.0
53709,0.0
53710,0.0
53877,0.0
53878,0.0
53879,0.0
53880,0.0
53881,0.0
53882,0.0
53883,0.0
53884,0.0
53885,0.0
53886,0.0
53887,0.0
53888,0.0
53889,0.0
53890,0.0
53891,0.0
53892,0.0
54204,0.0
54205,0.0
54206,0.0
54207,0.0
54208,0.0
54209,0.0
54210,0.0
54211,0.0
54212,0.0
54213,0.0
54214,0.0
54215,0.0
54216,0.001317
54217,0.002721
54218,0.003361
54219,0.0875
54222,1.0
54224,0.0
54225,0.102332
54226,0.0
54227,0.009454
54228,0.243214
54229,0.660213
54230,1.0
54231,1.0
54232,0.998937
54233,1.0
54236,0.848958
54237,1.0
54238,0.0
54239,0.0
54240,0.0
54241,0.0
54242,0.0
54243,0.0
54244,0.0
54245,0.0
54246,0.0
54247,0.0
54248,0.0
54249,0.0
54250,0.0
54251,0.0
54252,0.0
54253,0.0
54254,0.0
54255,0.01452
54256,0.232639
54257,0.241447
54258,0.679688
54259,0.457516
54260,0.34308
54261,0.996337
54262,0.888235
54263,0.0875
54265,0.176285
54266,0.084778
54267,0.355614
54268,0.0
54269,0.0
54270,0.0
54271,0.0
54272,0.002857
54273,0.025595
54274,0.0
54276,1.0
54281,0.08873
54282,0.0
54283,0.003402
54284,0.0
54285,0.0
54286,0.0
54287,0.0
54288,0.0
54289,0.0
54290,0.001805
54291,0.001918
54292,0.0
54293,0.009553
54294,0.051495
54295,0.000176
54296,0.0
54297,0.148084
54298,0.09509
54299,0.0
54300,0.0
54301,0.003072
54302,0.0
54303,0.00186
54304,0.0
54305,0.001481
54306,0.042471
54307,0.0
54308,0.0
54309,0.0
54310,0.032733
54311,0.033479
54312,0.488766
54313,0.271516
54314,0.100168
54315,0.152944
54316,0.004919
54317,0.023852
54318,0.075281
54319,0.038172
54320,0.0
54321,0.010954
54322,0.0
54323,0.0
54324,0.0
54325,0.0
54326,0.0
54327,0.0
54328,0.0
54329,0.0
54330,0.0
54331,0.0
54332,0.000781
54333,0.000569
54334,0.0
54335,0.0
54336,0.0
54337,0.0
54338,0.0
54340,0.0
54341,0.0
54343,0.0
54344,0.0
54345,0.0
54346,0.0
54347,0.0
54348,0.0
54349,0.0
54350,0.0
54351,0.0
54352,0.0
54353,0.0
54354,0.0
54355,0.0
54356,0.0
54357,0.0
54358,0.0
54359,0.0
54360,0.0
54361,0.0
54362,0.0
54363,0.0
54364,0.0
54365,0.0
54366,0.0
54367,0.0
54370,0.0
54371,0.0
54372,0.0
54373,0.0
54374,0.0
54375,0.002823
54376,0.002994
54377,0.0
54378,0.0
54379,0.0
54380,0.0
54381,0.0
54382,0.0
54383,0.0
54384,0.0
54385,0.0
54386,0.0
54387,0.0
54388,0.0
54389,0.0
54390,0.0
54391,0.0
54392,0.0
54393,0.0
54394,0.0
54395,0.0
54396,0.0
54561,0.0
54562,0.0
54563,0.0
54564,0.0
54565,0.0
54566,0.0
54567,0.0
54568,0.0
54569,0.0
54570,0.0
54571,0.0
54572,0.0
54573,0.0
54574,0.0
54575,0.0
54576,0.0
54577,0.0
54887,0.0
54888,0.0
54889,0.0
54890,0.0
54891,0.0
54892,0.0
54893,0.0
54894,0.0
54895,0.0
54896,0.0
54897,0.0
54898,0.0
54899,0.0
54900,0.0
54901,0.875
54904,1.0
54905,0.192172
54906,0.045522
54907,0.000232
54908,0.0
54909,0.0
54910,0.011194
54911,0.0
54912,0.693798
54913,0.952909
54914,1.0
54915,1.0
54916,1.0
54917,1.0
54918,1.0
54919,0.937075
54920,0.103363
54921,0.023238
54922,0.0
54923,0.0
54924,0.0
54925,0.0
54926,0.001079
54927,0.0
54928,0.0
54929,0.224469
54930,0.046125
54931,0.0
54932,0.0
54933,0.0
54934,0.0
54935,0.0
54936,0.0
54937,0.0
54938,0.0
54939,0.001
54940,0.023857
54941,0.033767
54942,1.0
54943,0.854545
54944,0.684444
54945,0.957933
54946,0.623342
54947,1.0
54948,1.0
54949,0.115493
54950,0.0
54951,0.007706
54952,0.0
54953,0.0
54954,0.0
54955,0.0
54956,0.0
54957,0.627663
54958,1.0
54964,1.0
54965,0.059821
54966,0.0
54967,0.0
54968,0.0
54969,0.0
54970,0.0
54971,0.0
54972,0.0
54973,0.007926
54974,0.0
54975,0.0
54976,0.0
54977,0.0
54978,0.002217
54979,0.0
54980,0.0
54981,0.0
54982,0.0
54983,0.0
54984,0.001
54985,0.008739
54986,0.0
54987,0.00562
54988,0.00819
54989,0.013948
54990,0.0
54991,0.0
54992,0.0
54993,0.000352
54994,0.063001
54995,0.130224
54996,0.151103
54997,0.056114
54998,0.10879
54999,0.036246
55000,0.047507
55001,0.19713
55002,0.087695
55003,0.157908
55004,0.002508
55005,0.0
55006,0.0
55007,0.0
55008,0.0
55009,0.0
55010,0.0
55011,0.0
55012,0.0
55013,0.0
55014,0.0
55015,0.0
55016,0.0
55017,0.0
55018,0.0
55019,0.0
55020,0.0
55021,0.0
55022,0.0
55023,0.0
55024,0.0
55025,0.0
55026,0.0
55027,0.0
55028,0.0
55029,0.0
55030,0.0
55031,0.0
55032,0.0
55033,0.0
55034,0.0
55035,0.0
55036,0.0
55037,0.0
55038,0.0
55039,0.0
55040,0.0
55041,0.0
55042,0.0
55043,0.0
55044,0.0
55045,0.0
55046,0.0
55047,0.0
55048,0.0
55049,0.0
55050,0.0
55051,0.0
55054,0.0
55055,0.0
55056,0.0
55057,0.0
55058,0.0
55059,0.0
55060,0.0
55061,0.0
55062,0.0
55063,0.0
55064,0.0
55065,0.0
55067,0.0
55068,0.0
55069,0.0
55070,0.0
55071,0.0
55072,0.0
55073,0.0
55074,0.0
55075,0.0
55076,0.0
55077,0.0
55078,0.0
55079,0.0
55080,0.0
55081,0.0
55082,0.0
55244,0.0
55245,0.0
55246,0.0
55247,0.0
55248,0.0
55249,0.0
55250,0.0
55251,0.0
55252,0.0
55253,0.0
55254,0.0
55255,0.0
55256,0.0
55257,0.0
55258,0.0
55259,0.0
55260,0.0
55261,0.0
55571,0.0
55572,0.0
55573,0.0
55574,0.001833
55575,0.0
55576,0.0
55577,0.0
55578,0.0
55579,0.0
55580,0.0
55581,0.0
55582,0.0
55583,0.0
55585,1.0
55587,1.0
55588,0.992126
55589,0.000744
55590,0.0
55591,0.0
55592,0.0
55593,0.0
55594,0.0
55595,0.0
55596,0.281124
55597,0.525208
55598,0.807898
55599,0.931776
55600,0.012916
55602,0.0
55603,0.405056
55604,0.192794
55605,0.0
55606,0.0
55607,0.0
55608,0.0
55609,0.0
55610,0.0
55611,0.002911
55612,0.00081
55613,0.214876
55614,0.0
55615,0.0
55616,0.0
55617,0.0
55618,0.0
55619,0.0
55620,0.0
55621,0.0
55622,0.003887
55623,0.003744
55624,0.001859
55625,0.009924
55626,0.096733
55627,0.052925
55628,1.0
55629,0.987069
55630,0.581044
55631,0.585294
55632,0.712281
55633,0.208831
55634,0.407336
55635,0.090013
55636,0.0
55637,0.0
55638,0.0
55639,0.0
55641,0.916318
55642,1.0
55648,0.915094
55649,0.044994
55650,0.026798
55651,0.0
55652,0.0
55653,0.0
55654,0.0
55655,0.0
55656,0.0
55657,0.0
55658,0.0
55659,0.0
55660,0.0
55661,0.0
55662,0.006471
55663,0.0
55664,0.014025
55665,0.000292
55666,0.0
55667,0.0
55668,0.00943
55669,0.005697
55670,0.007013
55671,0.025217
55672,0.008349
55673,0.030859
55674,0.002066
55675,0.0
55676,0.0
55677,0.0
55678,0.0
55679,0.025721
55680,0.102646
55681,0.073956
55682,0.229677
55683,0.018239
55684,0.018989
55685,0.05787
55686,0.015027
55687,0.040737
55688,0.19244
55689,0.253894
55690,0.161003
55691,0.0
55692,0.0
55693,0.0
55694,0.0
55695,0.0
55696,0.0
55697,0.0
55698,0.0
55699,0.0
55700,0.0
55701,0.0
55702,0.0
55703,0.0
55704,0.0
55705,9.8e-05
55706,0.0
55707,0.0
55708,0.0
55709,0.0
55710,0.0
55711,0.0
55712,0.0
55713,0.0
55714,0.0
55715,0.0
55716,0.0
55717,0.0
55718,0.0
55719,0.002874
55720,0.0
55721,0.0
55722,0.0
55723,0.0
55724,0.0
55725,0.0
55726,0.0
55727,0.0
55728,0.0
55729,0.0
55730,0.0
55731,0.0
55732,0.0
55733,0.0
55734,0.0
55735,0.0
55738,0.0
55739,0.0
55740,0.0
55741,0.0
55742,0.0
55743,0.0
55744,0.0
55745,0.0
55746,0.0
55747,0.0
55748,0.0
55749,0.0
55750,0.0
55751,0.0
55752,0.0
55753,0.0
55754,0.0
55755,0.0
55756,0.0
55757,0.0
55758,0.0
55759,0.0
55760,0.0
55761,0.0
55762,0.0
55763,0.0
55764,0.0
55765,0.0
55766,0.0
55767,0.0
55768,0.0
55769,0.0
55928,0.0
55929,0.0
55930,0.0
55931,0.0
55932,0.0
55933,0.0
55934,0.0
55935,0.0
55936,0.0
55938,0.0
55939,0.0
55940,0.0
55941,0.0
55942,0.0
55943,0.0
55944,0.0
55945,0.0
56255,0.0
56256,0.0
56257,0.000577
56258,0.0
56259,0.0
56260,0.0
56261,0.024196
56262,0.001892
56263,0.0
56264,0.0
56265,0.0
56266,0.0
56268,0.194704
56269,0.028571
56270,1.0
56271,1.0
56273,0.0
56274,0.0
56275,0.0
56276,0.0
56277,0.0
56278,0.0
56279,0.0
56280,0.011194
56281,0.334163
56282,0.110651
56283,0.264633
56284,0.04171
56287,0.0
56288,0.0
56289,0.043847
56290,0.021072
56291,0.0
56292,0.0
56293,0.0
56294,0.001798
56295,0.001455
56296,0.003369
56297,0.002576
56298,0.0
56299,0.0
56300,0.0
56301,0.0
56302,0.0
56303,0.0
56304,0.019395
56305,0.210719
56306,0.292268
56307,0.00915
56308,0.063229
56309,0.293998
56310,0.292308
56311,0.298851
56312,0.317614
56313,0.995313
56314,1.0
56315,0.975831
56316,0.322917
56317,0.394366
56318,0.142857
56319,0.047337
56320,0.0
56321,0.0
56322,0.0
56323,0.0
56325,0.0
56326,0.438776
56332,0.16129
56333,0.287473
56334,0.074268
56335,0.0
56336,0.028638
56337,0.0
56338,0.015922
56339,0.067166
56340,0.0
56341,0.0
56342,0.0
56343,0.0
56344,0.0
56345,0.031242
56346,0.056802
56347,0.013029
56348,0.000871
56349,0.000373
56350,0.0
56351,0.0
56352,0.119196
56353,0.161848
56354,0.012426
56355,0.0
56356,0.001119
56357,0.003389
56358,0.0
56359,0.000114
56360,0.0
56361,2.1e-05
56362,0.0
56363,0.0
56364,0.0
56365,0.0
56366,0.288631
56367,0.006305
56368,0.0
56369,0.0
56370,0.0
56371,0.023245
56372,0.000512
56373,0.000992
56374,0.032439
56375,0.0
56376,0.0
56377,0.0
56378,0.0
56379,0.0
56380,0.0
56381,0.0
56382,0.0
56383,0.0
56384,0.0
56385,0.0
56386,0.001799
56387,0.0
56388,0.0
56389,0.00143
56390,0.0
56391,0.0
56392,0.0
56393,0.0
56394,0.0
56395,0.0
56396,0.0
56397,0.0
56398,0.0
56399,0.0
56400,0.0
56401,0.0
56402,0.0
56403,0.0
56404,0.0
56405,0.0
56406,0.0
56407,0.0
56408,0.0
56409,0.0
56410,0.0
56411,0.0
56412,0.0
56413,0.0
56414,0.0
56415,0.0
56416,0.0
56417,0.0
56418,0.0
56419,0.0
56422,0.0
56423,0.0
56424,0.0
56425,0.0
56426,0.0
56427,0.0
56428,0.0
56429,0.0
56430,0.0
56431,0.0
56432,0.0
56433,0.0
56434,0.0
56435,0.0
56436,0.0
56437,0.0
56438,0.0
56439,0.0
56440,0.0
56441,0.0
56442,0.0
56443,0.0
56444,0.0
56445,0.0
56446,0.0
56447,0.0
56448,0.0
56449,0.0
56450,0.0
56451,0.0
56452,0.0
56453,0.0
56454,0.0
56455,0.0
56459,0.0
56460,0.0
56612,0.0
56613,0.0
56614,0.0
56615,0.0
56616,0.0
56617,0.0
56618,0.0
56619,0.0
56620,0.0
56622,0.0
56623,0.0
56624,0.0
56625,0.0
56626,0.0
56627,0.0
56628,0.0
56629,0.0
56630,0.0
56632,0.0
56939,0.0
56940,0.0
56941,0.0
56942,0.0
56943,0.0
56944,0.0
56945,0.25489
56946,0.110234
56947,0.0
56948,0.0
56949,0.0
56950,0.0
56951,0.217391
56952,0.0
56953,0.510526
56954,1.0
56955,1.0
56956,0.002066
56957,0.0
56958,0.0
56959,0.0
56960,0.0
56961,0.0
56962,0.0
56963,0.0
56964,0.0
56965,0.015385
56966,0.24748
56967,0.082208
56968,0.0
56969,0.0
56970,0.733333
56971,0.336364
56972,0.0
56973,0.161528
56974,0.016191
56975,0.0
56976,0.0
56977,0.0
56978,0.0
56979,0.031296
56980,0.0
56981,0.0
56982,0.0
56983,0.0
56984,0.0
56985,0.0
56986,0.0
56987,0.0
56988,0.005246
56989,0.036889
56990,0.321631
56991,0.188485
56992,0.154677
56993,0.107451
56994,0.826797
56995,0.490219
56996,0.369836
56997,0.203226
56998,1.0
56999,1.0
57000,0.201923
57001,0.314935
57002,0.838188
57003,0.943262
57004,0.0
57005,0.0
57006,0.0
57007,0.0
57009,0.0
57010,0.463807
57016,0.119465
57017,0.007723
57018,0.220166
57019,0.194634
57020,0.092898
57021,0.032724
57022,0.0
57023,0.040284
57024,0.0
57025,0.0
57026,0.0
57027,0.019143
57028,0.014919
57029,0.008021
57030,0.0
57031,0.0
57032,0.0
57033,0.0
57034,0.000747
57035,0.0
57036,0.006693
57037,0.152258
57038,0.026373
57039,0.000546
57040,0.0
57041,0.001973
57042,0.011505
57043,0.001907
57044,0.00108
57045,2.2e-05
57046,0.040283
57047,0.152507
57048,0.0
57049,0.0
57050,0.0
57051,0.0
57052,0.0
57053,0.0
57054,0.0
57055,0.0
57056,0.00018
57057,0.008535
57058,0.004729
57059,0.0
57060,0.0
57061,0.0
57062,0.0
57063,0.0
57064,0.0
57065,0.0
57066,0.0
57067,0.0
57068,0.0
57069,0.0
57070,0.010538
57071,0.0
57072,0.002025
57073,0.0
57074,0.0
57075,0.014224
57076,0.0
57077,0.0
57078,0.0
57079,0.0
57080,0.0
57081,0.0
57082,0.0
57083,0.0
57084,0.0
57085,0.0
57086,0.0
57087,0.0
57088,0.0
57089,0.0
57090,0.0
57091,0.0
57092,0.0
57093,0.0
57094,0.0
57095,0.0
57096,0.0
57097,0.0
57098,0.0
57099,0.0
57100,0.0
57106,0.0
57107,0.0
57108,0.0
57109,0.0
57110,0.0
57111,0.0
57112,0.0
57113,0.0
57114,0.0
57115,0.0
57116,0.0
57117,0.0
57118,0.0
57119,0.0
57120,0.0
57121,0.0
57122,0.0
57123,0.0
57124,0.0
57125,0.0
57126,0.0
57127,0.0
57128,0.0
57129,0.0
57130,0.0
57131,0.0
57132,0.0
57133,0.0
57134,0.0
57135,0.0
57136,0.0
57137,0.0
57139,0.0
57140,0.0
57141,0.0
57142,0.0
57143,0.0
57144,0.0
57145,0.0
57296,0.0
57297,0.0
57298,0.0
57299,0.0
57300,0.0
57301,0.0
57302,0.0
57303,0.0
57304,0.0
57305,0.0
57306,0.0
57307,0.0
57308,0.0
57309,0.0
57310,0.0
57311,0.0
57312,0.0
57313,0.0
57314,0.0
57315,0.0
57316,0.0
57622,0.0
57623,0.0
57624,0.0
57625,0.0
57626,0.0
57627,0.0
57628,1.0
57629,0.778689
57630,0.0
57631,0.0
57632,0.0
57633,0.0
57634,0.011704
57635,0.548193
57637,1.0
57638,1.0
57639,0.000402
57640,0.0
57641,0.0
57642,0.0
57643,0.0
57644,0.0
57645,0.0
57646,0.0
57647,0.0
57648,0.0
57649,0.00106
57650,0.130112
57651,0.004782
57652,0.0
57653,0.001355
57654,0.690387
57655,0.785807
57656,0.0
57657,0.000831
57658,0.0
57659,0.003678
57660,0.0
57661,0.0
57662,0.009931
57663,0.000714
57664,0.0
57665,0.0
57666,0.0
57667,0.0
57668,0.0
57669,0.0
57670,0.0
57671,0.0
57672,0.0
57673,0.002661
57674,0.215661
57675,0.067756
57676,0.173901
57677,0.133126
57678,0.055769
57679,0.064671
57681,1.0
57682,1.0
57683,1.0
57684,0.897906
57685,0.865772
57686,0.407108
57687,0.786911
57688,0.592365
57689,0.017882
57690,0.0
57691,0.0
57692,0.0
57693,0.0
57694,0.069881
57700,0.004934
57701,0.0
57702,0.0
57703,0.005089
57704,0.009435
57705,0.000848
57706,0.0
57707,0.007496
57708,0.0
57709,0.0
57710,0.0
57711,0.012275
57712,0.004081
57713,0.0
57714,0.003652
57715,0.0
57716,0.0
57717,0.0
57718,0.002344
57719,0.000237
57720,0.00035
57721,0.0
57722,0.0
57723,0.0
57724,0.0
57726,0.000498
57727,0.000159
57728,0.0
57729,0.0
57730,0.299937
57731,0.291306
57732,0.036675
57733,0.0
57734,0.0
57735,0.0
57736,0.0
57737,0.0
57738,0.0
57739,0.0
57740,0.0
57741,0.0
57742,0.001412
57743,0.00055
57744,0.0
57745,0.0
57746,0.0
57747,0.00095
57748,0.001535
57749,0.0
57750,0.000432
57751,0.037679
57752,0.070943
57753,0.084586
57754,0.263918
57755,0.0
57756,0.0
57757,0.00596
57758,0.0
57759,0.0
57760,0.0
57761,0.0
57762,0.0
57763,0.000872
57764,0.0017
57765,0.00014
57766,0.0
57767,0.0
57768,0.0
57769,0.0
57770,0.011158
57771,0.008772
57772,0.0
57773,0.0
57774,0.0
57775,0.0
57776,0.0
57777,0.0
57778,0.0
57779,0.013769
57780,0.001066
57781,0.0
57782,0.0
57784,0.0
57785,0.0
57786,0.0
57787,0.0
57788,0.0
57789,0.0
57790,0.0
57791,0.0
57792,0.0
57793,0.0
57794,0.0
57795,0.0
57796,0.0
57797,0.0
57798,0.0
57799,0.0
57800,0.0
57801,0.0
57802,0.0
57803,0.0
57804,0.0
57805,0.0
57806,0.0
57807,0.0
57808,0.0
57809,0.0
57810,0.0
57811,0.0
57812,0.0
57813,0.0
57814,0.0
57815,0.0
57818,0.0
57819,0.0
57822,0.0
57823,0.0
57824,0.0
57825,0.0
57826,0.0
57827,0.0
57828,0.000628
57829,0.003218
57830,0.0
57831,0.0
57832,0.0
57980,0.0
57981,0.0
57982,0.0
57983,0.0
57984,0.0
57985,0.0
57986,0.0
57987,0.0
57988,0.0
57989,0.0
57990,0.0
57991,0.0
57992,0.0
57993,0.0
57994,0.0
57995,0.0
57996,0.0
57997,0.0
57998,0.0
57999,0.0
58000,0.0
58001,0.0
58306,0.0
58307,0.0
58308,0.011194
58309,0.023044
58310,0.012104
58311,0.161062
58313,0.572581
58314,0.0
58315,0.0
58316,0.0
58317,0.0
58318,0.015292
58319,0.01466
58320,0.0
58321,0.125
58322,0.175824
58323,0.000578
58324,0.0
58325,0.0
58326,0.006142
58327,0.0
58328,0.001706
58329,0.0
58330,0.0
58331,0.0
58332,0.0
58333,0.002608
58334,0.0
58335,0.036131
58336,0.00159
58337,0.004188
58338,0.021487
58339,0.0
58340,0.0
58341,0.194923
58342,0.129338
58343,0.000971
58344,0.0
58345,0.0
58346,0.0
58347,0.0
58348,0.0
58349,0.0
58350,0.0
58351,0.0
58352,0.001
58353,0.0
58354,0.0
58355,0.0
58356,0.0
58357,0.000226
58358,0.039731
58359,0.147557
58360,0.299277
58361,0.023213
58362,0.0
58363,0.0
58367,0.0
58368,1.0
58369,0.932203
58370,0.129125
58371,0.339552
58372,0.663679
58373,0.479127
58374,0.053599
58375,0.0
58376,0.0
58377,0.055862
58378,0.226781
58379,0.0
58384,0.0
58385,0.017642
58386,0.0
58387,0.0
58388,0.0
58389,0.0
58390,0.0
58391,0.0
58392,0.0
58393,0.0
58394,0.0
58395,0.0
58396,0.0
58397,0.000976
58398,0.017821
58399,0.003576
58400,0.004407
58401,0.0
58402,0.001576
58403,0.0
58404,0.011697
58405,0.046463
58406,0.021332
58407,0.0
58408,0.0
58409,0.0
58410,0.0
58411,0.0
58412,0.0
58413,0.0
58414,0.0
58415,0.0
58416,0.0
58417,0.0
58418,0.0
58419,0.0
58420,0.0
58421,0.0
58422,0.0
58423,0.0
58424,0.0
58426,0.0
58427,0.0
58428,0.000818
58429,9.8e-05
58430,0.0003
58431,0.0
58432,0.0
58433,0.0
58434,0.04479
58435,0.112147
58436,0.045042
58437,0.113218
58438,0.194971
58439,0.100441
58440,0.041371
58441,0.039602
58442,0.007654
58443,0.0
58444,0.003206
58445,0.0
58446,0.0
58447,0.387367
58448,0.437918
58449,0.275026
58450,0.0
58451,0.003563
58452,0.004539
58453,0.0
58454,0.0
58455,0.0
58456,0.0
58457,0.0
58458,0.0
58459,0.0
58460,0.0
58461,0.0
58462,0.0
58463,0.0
58464,0.004669
58465,0.022754
58466,0.0
58468,0.0
58469,0.0
58470,0.0
58471,0.0
58472,0.0
58473,0.0
58474,0.0
58475,0.0
58476,0.0
58477,0.0
58478,0.0
58479,0.0
58480,0.0
58481,0.0
58482,0.0
58483,0.0
58484,0.0
58485,0.0
58487,0.0
58488,0.0
58489,0.0
58490,0.0
58491,0.0
58492,0.0
58493,0.0
58494,0.0
58495,0.0
58496,0.0
58497,0.0
58498,0.0
58504,0.0
58505,0.0
58506,0.0
58507,0.0
58508,0.0
58509,0.0
58510,0.0
58511,0.0
58512,0.062072
58513,0.129026
58514,0.0
58515,0.0
58516,0.0
58517,0.0
58526,0.0
58527,0.0
58664,0.0
58665,0.0
58666,0.0
58667,0.0
58668,0.0
58669,0.0
58670,0.0
58671,0.0
58672,0.0
58673,0.0
58674,0.0
58675,0.0
58676,0.0
58677,0.0
58678,0.0
58679,0.0
58680,0.0
58681,0.0
58682,0.0
58683,0.0
58684,0.0
58685,0.0
58990,0.085993
58991,0.030319
58992,0.003805
58993,0.027546
58994,0.140906
58995,0.016971
58998,0.0
59000,0.0
59001,0.0
59002,0.008439
59003,0.0
59004,0.001146
59005,0.0
59006,0.0
59007,0.0
59008,0.000795
59009,0.000603
59010,0.011157
59011,0.0
59012,0.0
59013,0.004424
59014,0.003619
59015,0.004059
59016,0.003118
59017,0.005064
59018,0.0
59019,0.0
59020,0.0
59021,0.00018
59022,0.020921
59023,0.0
59024,0.15261
59025,0.146112
59026,0.025396
59027,0.0
59028,0.0
59029,0.0
59030,0.0
59031,0.0
59032,0.0
59033,0.0
59034,0.0
59035,0.0
59036,0.001219
59037,0.0
59038,0.0
59039,0.0
59040,0.000892
59041,0.001871
59042,0.0
59043,0.01734
59044,0.042652
59045,0.0
59046,0.0
59047,0.001498
59048,0.945824
59049,1.0
59050,1.0
59051,1.0
59052,1.0
59053,0.950617
59054,0.05902
59055,0.724907
59056,0.522727
59057,0.19507
59058,0.229636
59059,0.788462
59060,0.001852
59061,0.005575
59062,0.022332
59063,0.055893
59064,0.402272
59065,0.652174
59069,0.0
59070,0.0
59071,0.0
59072,0.005055
59073,0.011135
59074,0.002067
59075,0.002335
59076,0.001668
59077,0.0
59078,0.0
59079,0.0
59080,0.0
59081,0.008358
59082,0.053674
59083,0.000818
59084,0.017687
59085,0.011989
59086,0.014936
59087,0.070281
59088,0.022873
59089,0.000208
59090,0.0
59091,0.0
59092,0.0
59093,0.110312
59094,0.226613
59095,0.29396
59096,0.0
59097,0.0
59098,0.0
59099,0.0
59100,0.0
59101,0.0
59102,0.0
59103,0.0
59104,0.0
59105,0.0
59106,0.0
59107,0.0
59108,1.0
59109,0.097816
59110,0.0
59111,0.0
59112,0.0
59113,9.7e-05
59114,0.0
59115,0.0
59116,0.0
59117,0.00076
59118,0.001099
59119,0.007339
59120,0.0
59121,0.001375
59122,0.003578
59123,0.017968
59124,0.024583
59125,0.011221
59126,0.001357
59127,0.0
59128,0.0
59129,0.003595
59130,0.008494
59131,0.452089
59132,0.254182
59133,0.224018
59134,0.219992
59135,0.0
59136,0.00314
59137,0.006636
59138,0.0
59139,0.0
59140,0.0
59141,0.0
59142,0.0
59143,0.0
59144,0.0
59145,0.0
59146,0.0
59147,0.0
59148,0.0
59149,0.025562
59150,0.0
59152,0.0
59153,0.0
59154,0.0
59155,0.0
59156,0.0
59157,0.004219
59158,0.000667
59159,0.000684
59160,0.0
59161,0.0
59162,0.0
59163,0.0
59164,0.0
59165,0.0
59166,0.0
59167,0.0
59168,0.0
59169,0.0
59170,0.0
59171,0.0
59172,0.0
59173,0.0
59174,0.0
59175,0.0
59176,0.0
59177,0.0
59178,0.0
59179,0.0
59180,0.0
59181,0.0
59182,0.0
59187,0.0
59188,0.0
59189,0.0
59190,0.0
59191,0.0
59192,0.0
59193,0.0
59194,0.0
59195,0.0
59196,0.011715
59197,0.081864
59198,0.006032
59199,0.0
59200,0.0
59201,0.0
59202,0.0
59203,0.0
59204,0.0
59210,0.0
59211,0.0
59212,0.0
59213,0.0
59214,0.0
59215,0.0
59216,0.0
59217,0.0
59218,0.0
59219,0.009993
59220,0.0
59348,0.0
59349,0.0
59350,0.0
59351,0.0
59352,0.0
59353,0.0
59354,0.0
59355,0.0
59356,0.0
59357,0.0
59358,0.0
59359,0.0
59360,0.0
59361,0.0
59362,0.0
59363,0.0
59364,0.0
59365,0.0
59366,0.0
59367,0.0
59368,0.0
59369,0.0
59370,0.0
59371,0.0
59372,0.0
59673,0.0
59674,0.275258
59675,0.039269
59676,0.031536
59677,0.077603
59678,0.099554
59679,0.0
59680,0.008163
59685,0.0
59686,0.009234
59687,0.0
59688,0.0
59689,0.105263
59690,0.0
59691,0.0
59692,0.0
59693,0.001523
59694,0.001082
59695,0.0
59696,0.0
59697,0.103464
59698,0.20211
59699,0.01473
59700,0.00608
59701,0.018096
59702,0.0
59703,0.0
59704,0.0
59705,0.0
59706,0.0
59707,0.0
59708,0.003633
59709,0.0
59710,0.0
59711,0.0
59712,0.0
59713,0.0
59714,0.0
59715,0.0
59716,0.0
59717,0.0
59718,0.0
59719,0.0
59720,0.007948
59721,0.0
59722,0.0
59723,0.0
59724,0.000576
59725,0.003479
59726,0.0
59727,0.0
59728,0.0
59729,0.002227
59730,0.0
59731,0.060109
59732,1.0
59733,1.0
59734,1.0
59735,0.981261
59736,1.0
59737,0.854545
59738,0.452273
59739,0.978102
59740,0.623327
59741,0.376702
59742,0.0
59743,0.311594
59744,0.005133
59745,0.148
59746,0.0
59747,0.012089
59748,0.0
59749,0.069258
59750,0.142477
59752,0.001029
59753,0.279264
59754,0.005025
59755,0.001942
59756,0.012101
59757,0.087926
59758,0.010718
59759,0.0
59760,0.0
59761,0.0
59762,0.0
59763,0.0
59764,0.001812
59765,0.0
59766,0.002635
59767,0.007574
59768,0.00673
59769,0.023878
59770,0.000628
59771,0.0
59772,0.001319
59773,0.0
59774,0.0
59775,0.0
59776,0.0
59777,0.000268
59778,0.018396
59779,0.244951
59780,0.43605
59781,0.388189
59782,0.385423
59783,0.161473
59784,0.0
59785,0.0
59786,0.0
59787,0.000488
59788,0.039636
59789,0.0
59790,0.0
59791,0.0
59792,0.019822
59793,0.003227
59794,0.0
59795,0.000333
59796,0.000115
59797,0.0
59798,0.0
59799,0.0
59800,0.0
59801,0.0
59802,0.0
59803,0.010323
59804,0.0
59805,0.001251
59806,0.0
59807,0.002914
59808,0.0
59809,0.055694
59810,0.369054
59811,0.112811
59812,0.0
59813,0.0
59814,0.0
59815,0.101105
59816,0.014009
59817,0.164157
59818,0.0
59819,0.0
59820,0.0
59821,0.0
59822,0.0
59823,0.0
59824,0.0
59825,0.0
59826,0.0
59827,0.0
59828,0.0
59829,0.0
59830,0.0
59831,0.0
59832,0.00077
59833,0.0
59834,0.018207
59836,0.0
59837,0.0
59838,0.0
59839,0.0
59840,0.0
59841,0.007772
59842,0.0
59843,0.0
59844,0.0
59845,0.0
59846,0.0
59847,0.0
59848,0.0
59849,0.0
59854,0.0
59855,0.0
59856,0.0
59857,0.0
59858,0.0
59859,0.0
59860,0.0
59861,0.0
59862,0.0
59863,0.0
59864,0.0
59866,0.0
59867,0.0
59868,0.0
59869,0.0
59870,0.0
59871,0.0
59872,0.0
59873,0.0
59874,0.0
59875,0.0
59876,0.0
59877,0.003636
59878,0.0
59879,0.0
59880,0.0
59881,0.0
59882,0.0
59883,0.0
59884,0.0
59885,0.0
59886,0.0
59887,0.0
59888,0.0
59889,0.0
59890,0.0
59891,0.0
59897,0.0
59898,0.0
59899,0.0
59900,0.0
59901,0.0
59902,0.0
59903,0.0
60032,0.0
60033,0.0
60034,0.0
60035,0.0
60036,0.0
60037,0.0
60038,0.0
60039,0.0
60040,0.0
60041,0.0
60042,0.0
60043,0.0
60044,0.0
60045,0.0
60046,0.0
60047,0.0
60048,0.0
60049,0.0
60050,0.0
60051,0.0
60052,0.0
60053,0.0
60054,0.0
60055,0.0
60056,0.0
60357,0.0
60358,0.027027
60359,0.006533
60360,0.033356
60361,0.095248
60362,0.048865
60363,0.0
60364,0.0
60365,0.0
60366,0.0
60367,0.0
60368,0.0
60369,0.010753
60370,0.045113
60371,0.255814
60372,1.0
60373,0.165044
60374,0.0
60375,0.004776
60376,0.003318
60377,0.0
60378,0.0
60379,0.0
60380,0.004151
60381,0.010698
60382,0.003696
60383,0.011125
60384,0.031996
60385,0.018999
60386,0.000507
60387,0.000122
60388,0.0
60389,0.0
60390,0.000465
60391,0.0
60392,0.001868
60393,0.000154
60394,0.002856
60395,0.0
60396,0.0
60397,0.0
60398,0.0
60399,0.0
60400,0.003111
60401,0.0
60402,0.17862
60403,0.036322
60404,0.002972
60405,0.0
60406,0.0
60407,0.00033
60408,0.0
60409,0.0
60410,0.001063
60411,0.0
60412,0.0
60413,0.0
60414,0.002717
60415,0.130322
60416,1.0
60422,1.0
60423,0.980362
60424,0.4065
60425,0.545806
60426,0.179908
60427,0.658065
60428,0.013605
60429,0.0
60430,0.0
60431,0.0
60432,0.0
60433,0.010017
60434,0.44908
60435,0.0
60436,0.000875
60437,0.0
60438,0.0
60439,0.002577
60440,0.000256
60441,0.123673
60442,0.155806
60443,0.0
60444,0.0
60445,0.049125
60446,0.045035
60447,0.022195
60448,0.001564
60449,0.000367
60450,0.0
60451,0.003243
60452,0.0
60453,0.0
60454,0.0
60455,0.0
60456,0.0
60457,0.000163
60458,0.019139
60459,0.082219
60460,0.008312
60461,0.0
60462,0.0
60463,0.0
60464,0.004485
60465,0.370256
60466,0.078344
60467,0.0
60468,0.17207
60469,0.197819
60470,0.03968
60471,0.002031
60472,0.000153
60473,0.0
60474,0.0
60475,0.000105
60476,0.0
60477,0.0
60478,0.0
60479,0.0
60480,0.000132
60481,0.0
60482,0.0
60483,0.0
60484,0.0
60485,0.0
60486,0.0
60487,0.004537
60488,0.0
60489,0.000423
60490,0.0
60491,0.0
60492,0.036386
60493,0.608137
60494,0.492462
60495,0.048572
60496,0.0
60497,0.0
60498,0.0
60499,0.023399
60500,0.0
60501,0.044743
60502,0.0
60503,0.0
60504,0.0
60505,0.0
60506,0.0
60507,0.0
60508,0.0
60509,0.0
60510,0.0
60511,0.0
60512,0.0
60513,0.0
60514,0.0
60515,0.0
60516,0.0
60517,0.0
60518,0.0
60519,1.0
60520,0.0
60521,0.0
60522,0.0
60523,0.0
60524,0.0
60525,0.005777
60526,0.0
60527,0.0
60528,0.0
60529,0.0
60530,0.0
60531,0.0
60532,0.0
60533,0.0
60538,0.0
60539,0.0
60540,0.0
60541,0.0
60542,0.0
60543,0.0
60544,0.0
60545,0.0
60546,0.0
60547,0.0
60548,0.0
60549,0.0
60550,0.0
60552,0.0
60553,0.0
60554,0.0
60555,0.0
60556,0.0
60557,0.0
60558,0.0
60559,0.0
60560,0.0
60561,0.0
60562,0.0
60563,0.0
60564,0.0
60565,0.0
60566,0.0
60567,0.0
60568,0.0
60569,0.0
60570,0.0
60571,0.0
60572,0.0
60573,0.0
60574,0.0
60575,0.0
60579,0.0
60580,0.0
60581,0.0
60582,0.0
60583,0.0
60584,0.0
60585,0.0
60586,0.0
60715,0.0
60716,0.0
60717,0.0
60718,0.0
60719,0.0
60720,0.0
60721,0.0
60722,0.0
60723,0.0
60724,0.0
60725,0.0
60726,0.0
60727,0.0
60728,0.0
60729,0.0
60730,0.0
60731,0.0
60732,0.0
60733,0.0
60734,0.0
60735,0.0
60736,0.0
60737,0.0
60738,0.0
60739,0.0
60740,0.0
60741,0.0
61040,0.0
61041,0.019432
61042,0.004896
61043,0.0
61044,0.022164
61045,0.0
61046,0.0
61047,0.0
61048,0.0
61049,0.0
61050,0.0
61051,0.0
61052,0.034014
61053,0.066748
61054,0.068596
61055,0.007752
61056,0.709845
61057,0.181548
61058,0.00243
61059,0.058049
61060,0.012012
61061,0.0
61062,0.0
61063,0.0
61064,0.0
61065,0.000153
61066,0.012083
61067,0.00914
61068,0.06869
61069,0.001166
61070,0.007874
61071,0.791667
61072,0.107571
61073,0.869246
61074,0.030928
61075,0.017531
61076,0.209524
61077,0.000521
61078,0.0
61079,0.0
61080,0.0
61081,0.0
61082,0.0
61083,0.022459
61084,0.318271
61086,1.0
61087,0.210256
61088,0.001349
61089,0.001931
61090,0.002868
61091,0.0
61092,0.0
61093,0.0
61094,0.0
61095,0.002344
61096,0.001118
61097,0.0
61098,0.214996
61099,0.967877
61100,1.0
61102,1.0
61103,1.0
61104,1.0
61105,0.541604
61106,0.696537
61107,0.500847
61108,0.587352
61109,0.091633
61110,0.0
61111,0.367
61112,0.535499
61113,0.001527
61114,0.0
61115,0.0
61116,0.0
61117,0.005322
61118,0.000564
61119,0.003047
61120,0.0
61121,0.073588
61122,0.006555
61123,0.126026
61124,0.002401
61125,0.078001
61126,0.032333
61127,0.004012
61128,0.001545
61129,0.0
61130,0.695804
61131,0.044218
61132,0.054118
61133,0.0527
61134,0.008908
61135,0.011804
61136,0.0
61137,0.012749
61138,0.0
61139,0.000248
61140,0.02684
61141,0.00435
61142,0.001991
61143,0.034432
61144,0.014259
61145,0.0
61146,0.0
61147,0.0
61148,0.044264
61149,0.045
61150,0.045872
61151,0.027378
61152,0.155533
61153,0.320701
61154,0.024077
61155,0.0
61156,0.0
61157,0.0
61158,0.0
61159,0.0
61160,0.0
61161,0.0
61162,0.0
61163,0.000113
61164,0.000171
61165,0.0
61166,0.0
61167,0.0
61168,0.0
61169,0.016313
61170,0.0
61171,0.001729
61172,0.003382
61173,0.0
61174,0.003911
61175,0.008333
61176,0.055582
61177,0.825759
61178,0.535936
61179,0.106955
61180,0.095066
61181,0.246076
61182,0.009493
61183,0.41097
61184,0.1715
61185,0.001545
61186,0.0
61187,0.0
61188,0.0
61189,0.0
61190,0.0
61192,0.0
61193,0.0
61198,0.0
61199,0.0
61200,0.0
61201,0.0
61202,0.0
61203,0.0
61204,0.0
61205,0.0
61206,0.0
61207,0.0
61208,0.0
61209,0.0
61210,0.0
61211,0.0
61212,0.0
61213,0.0
61214,0.0
61215,0.0
61216,0.0
61217,0.0
61223,0.0
61224,0.0
61225,0.0
61226,0.0
61227,0.0
61228,0.0
61229,0.0
61230,0.0
61231,0.0
61232,0.0
61233,0.0
61234,0.0
61235,0.0
61236,0.0
61237,0.0
61238,0.0
61239,0.0
61240,0.0
61241,0.178245
61242,0.01715
61243,0.002405
61244,0.0
61245,0.0
61246,0.0
61247,0.0
61248,0.0
61249,0.0
61250,0.0
61251,0.0
61252,0.008269
61253,0.0
61254,0.0
61255,0.0
61256,0.013409
61257,0.0
61258,0.0
61259,0.0
61260,0.0
61261,0.0
61262,0.0
61263,0.0
61264,0.0
61265,0.0
61266,0.0
61267,0.0
61268,0.0
61399,0.0
61400,0.0
61401,0.0
61402,0.0
61403,0.0
61404,0.0
61405,0.0
61406,0.0
61407,0.0
61408,0.0
61409,0.0
61410,0.0
61411,0.0
61412,0.0
61413,0.0
61414,0.0
61415,0.0
61416,0.0
61417,0.0
61418,0.0
61419,0.0
61420,0.0
61421,0.0
61422,0.0
61423,0.0
61424,0.0
61425,0.0
61724,0.0
61725,0.011092
61726,0.006897
61727,0.010631
61728,0.003224
61729,0.0
61730,0.0
61731,0.0
61732,0.0
61733,0.0
61734,0.0
61735,0.003922
61736,0.05334
61737,0.18521
61738,0.265475
61739,0.0
61740,0.97619
61742,1.0
61743,0.081731
61744,0.000176
61745,0.0
61746,0.006012
61747,0.010801
61748,0.0
61749,9.9e-05
61750,0.001691
61751,0.001438
61752,0.000442
61753,0.0
61754,0.292873
61755,0.75703
61756,0.0
61757,0.0
61762,0.0
61763,0.0
61764,0.0
61765,0.0
61766,0.008412
61767,0.018519
61768,1.0
61770,0.745247
61771,0.429466
61772,0.00171
61773,0.000453
61774,0.006014
61775,0.0
61776,0.0
61777,0.0
61778,0.0
61779,0.001111
61780,0.005517
61781,0.000627
61782,0.357275
61783,1.0
61786,1.0
61787,1.0
61788,1.0
61789,0.529595
61790,0.694394
61791,0.458015
61792,0.0
61793,0.129693
61794,0.006879
61795,0.092733
61796,1.0
61797,0.829091
61798,0.055331
61799,0.001289
61800,0.005629
61801,0.0
61802,0.000331
61803,0.008465
61804,0.31746
61805,0.090701
61806,0.011632
61807,0.000258
61808,0.094722
61809,0.045802
61810,0.090668
61811,0.002231
61812,0.00471
61813,0.111909
61814,0.301927
61815,0.281872
61816,0.558965
61817,0.744292
61818,0.19859
61819,0.001908
61820,0.0
61821,0.0
61822,0.0
61823,0.0
61824,0.0
61825,0.0
61826,0.003956
61827,0.022063
61828,0.048578
61829,0.0
61830,0.0
61831,0.0
61832,0.022621
61833,0.594117
61834,0.415581
61835,0.15755
61836,0.00656
61837,0.000102
61838,0.0
61839,0.0
61840,0.0
61841,0.0
61842,0.000146
61843,0.0
61844,0.0
61845,0.0
61846,0.0
61847,0.0
61848,0.0
61849,0.0
61850,0.0
61851,0.00077
61852,0.002415
61853,0.015514
61854,0.0
61855,0.0
61856,0.010263
61857,0.0
61858,0.0
61859,0.00825
61860,0.087532
61861,0.672636
61862,0.441339
61863,0.760416
61864,0.478609
61865,0.392173
61866,0.470096
61867,0.277793
61868,0.164239
61869,0.134319
61870,0.0
61871,0.0
61872,0.0
61873,0.0
61874,0.0
61875,0.0
61876,0.0
61877,0.0
61883,0.0
61884,0.0
61885,0.017625
61886,0.02439
61887,0.002144
61888,0.0
61889,0.0
61890,0.0
61891,0.0
61892,0.0
61893,0.0
61894,0.0
61895,0.0
61896,0.112666
61897,0.0
61898,0.0
61899,0.0
61900,0.0
61901,0.0
61907,0.0
61908,0.0
61909,0.0
61910,0.0
61911,0.0
61912,0.0
61913,0.0
61914,0.0
61915,0.0
61916,0.0
61917,0.0
61918,0.0
61919,0.0
61920,0.0
61921,0.0
61922,0.0
61923,0.0
61924,0.001796
61925,0.535423
61926,0.49069
61927,0.416667
61928,0.381986
61929,0.077795
61930,0.0
61931,0.0
61932,0.0
61933,0.018036
61934,0.351515
61935,0.140897
61936,0.0
61937,0.0
61938,0.002193
61939,0.0
61940,0.0
61941,0.0
61942,0.0
61943,0.0
61944,0.0
61945,0.0
61946,0.0
61947,0.0
61948,0.0
61949,0.0
62082,0.0
62083,0.0
62084,0.0
62085,0.0
62086,0.0
62087,0.0
62088,0.0
62089,0.0
62090,0.0
62091,0.0
62092,0.0
62093,0.0
62094,0.0
62095,0.0
62096,0.0
62097,0.0
62098,0.0
62099,0.0
62100,0.0
62101,0.0
62102,0.0
62103,0.0
62104,0.0
62105,0.0
62106,0.0
62107,0.0
62108,0.0
62408,0.0
62409,0.000273
62410,0.001773
62411,0.01484
62412,0.013095
62413,0.0
62414,0.0
62415,0.0
62416,0.0
62417,0.0
62418,0.073974
62419,0.024057
62420,0.086562
62421,0.993103
62423,1.0
62424,0.9
62426,0.0
62427,0.035514
62428,0.007038
62429,0.014078
62430,0.215513
62431,0.000431
62432,0.001059
62433,0.011292
62434,0.006515
62435,0.000112
62436,0.006174
62437,0.0
62438,0.067869
62439,0.18734
62440,0.002458
62441,0.018444
62442,0.0
62449,0.0
62450,0.409091
62452,1.0
62453,0.882114
62454,0.003245
62455,0.0
62456,0.000527
62457,0.007641
62458,0.049689
62459,0.011532
62460,0.0
62461,0.0
62462,0.0
62463,0.0
62464,0.008621
62465,0.000709
62466,0.698985
62467,1.0
62474,1.0
62476,0.257143
62477,0.0
62478,0.03675
62479,0.339174
62480,1.0
62481,0.811594
62482,0.032106
62483,0.010501
62484,0.0
62485,0.0
62486,0.005559
62487,0.0
62488,0.089336
62489,0.078783
62490,0.010357
62491,0.026204
62492,0.734494
62493,0.769144
62494,0.20965
62495,0.013725
62496,0.017309
62497,0.02601
62498,0.164856
62499,0.919704
62500,0.969657
62501,0.93617
62502,0.706439
62503,0.006928
62504,0.001912
62505,0.0
62506,0.0
62507,0.0
62508,0.0
62509,0.0
62510,0.02734
62511,0.014086
62512,0.000497
62513,0.0
62514,0.0
62515,0.0
62516,0.0
62517,0.112073
62518,0.531409
62519,0.002261
62520,9.1e-05
62521,9.1e-05
62522,0.0
62523,9.3e-05
62524,0.0
62525,0.0
62526,0.000324
62527,0.000168
62528,0.00018
62529,0.0
62530,0.0
62531,0.001354
62532,0.0
62533,0.0
62534,0.0
62535,0.000597
62536,0.01679
62537,0.018597
62538,0.0
62539,0.003441
62540,0.009562
62541,0.002702
62542,0.014361
62543,0.150848
62544,0.096149
62545,0.480191
62546,0.568842
62547,0.587686
62548,0.55063
62549,0.205412
62550,0.0
62551,0.023318
62552,0.0
62553,0.013274
62554,0.0
62555,0.0
62556,0.0
62557,0.0
62558,0.0
62559,0.0
62560,0.0
62561,0.0
62563,0.0
62565,0.0
62567,0.0
62568,0.0
62569,0.0
62570,0.001447
62571,0.002934
62572,0.0
62573,0.0
62574,0.0
62575,0.0
62576,0.0
62577,0.0
62578,0.0
62579,0.0
62580,0.202248
62581,0.0
62582,0.0
62583,0.0
62584,0.0
62585,0.0
62586,0.0
62587,0.0
62588,0.0
62589,0.0
62590,0.0
62591,0.0
62592,0.0
62593,0.0
62594,0.0
62595,0.0
62596,0.0
62597,0.0
62598,0.0
62599,0.0
62600,0.0
62601,0.0
62602,0.0
62603,0.0
62604,0.0
62605,0.0
62606,0.18801
62607,0.526618
62608,0.467869
62609,0.727451
62610,0.763046
62611,0.834262
62612,0.789539
62613,0.534558
62614,0.0
62615,0.0
62616,0.0
62617,0.052646
62618,0.706749
62619,0.493012
62620,0.171123
62621,0.0
62622,0.0
62623,0.0
62624,0.0
62625,0.0
62626,0.0
62627,0.0
62628,0.0
62629,0.0
62630,0.0
62631,0.0
62632,0.0
62765,0.0
62766,0.0
62767,0.0
62768,0.0
62769,0.0
62770,0.0
62771,0.0
62772,0.0
62773,0.0
62774,0.0
62775,0.0
62776,0.0
62777,0.0
62778,0.0
62779,0.0
62780,0.0
62781,0.0
62782,0.0
62783,0.0
62784,0.0
62785,0.0
62786,0.0
62787,0.0
62788,0.0
62789,0.0
62790,0.0
62791,0.0
62792,0.0
63091,0.0
63092,0.0
63093,0.004044
63094,0.0
63095,0.004338
63096,0.000671
63097,0.010941
63098,0.0
63099,0.0
63100,0.0
63101,0.0
63102,0.019934
63103,0.095969
63104,0.03956
63105,1.0
63106,1.0
63107,1.0
63108,0.002377
63109,0.0
63110,0.271523
63111,0.018678
63112,0.003851
63113,0.040795
63114,0.005611
63115,0.0
63116,0.0
63117,0.002711
63118,0.020059
63119,0.0
63120,0.0
63121,0.0
63122,0.0
63123,0.0
63124,0.0
63125,0.0
63126,0.0
63127,0.0
63128,0.0
63130,0.0
63132,0.0
63133,1.0
63134,0.969178
63135,0.357208
63136,0.067468
63137,0.010892
63138,0.044869
63139,0.023826
63140,0.050474
63141,0.002762
63142,0.330357
63143,0.23301
63144,0.001965
63145,0.002411
63146,0.00019
63147,0.0
63148,0.0
63149,0.020997
63150,0.962406
63151,0.68
63160,0.0
63161,0.0
63162,0.091597
63163,1.0
63164,0.935484
63165,0.38997
63166,0.371945
63167,0.119953
63168,0.401502
63169,0.066677
63170,0.0
63171,0.0
63172,0.05983
63173,0.04159
63174,0.248261
63175,0.020672
63176,0.005387
63177,0.712625
63178,0.136933
63179,0.29182
63180,0.00906
63181,0.001003
63182,0.100465
63183,0.439308
63184,1.0
63185,1.0
63186,0.39759
63187,0.058206
63188,0.0
63189,0.0
63190,0.0
63191,0.0
63192,0.005628
63193,0.0
63194,0.01088
63195,0.10507
63196,0.13112
63197,0.009575
63198,0.0
63199,0.0
63200,0.0
63201,0.0
63202,0.055962
63203,0.053666
63204,0.0
63205,0.0
63206,0.0
63207,0.0
63208,0.0
63209,0.0
63210,0.0
63211,0.0
63212,0.0
63213,0.0
63214,0.021332
63215,0.021
63216,0.0
63217,0.01122
63218,0.0
63219,0.003839
63220,0.00444
63221,0.004062
63222,0.0
63223,0.006573
63224,0.065035
63225,0.060033
63226,0.062489
63227,0.080232
63228,0.015473
63229,0.323668
63230,0.375497
63231,0.386403
63232,0.69717
63233,0.455312
63234,0.442625
63235,0.008676
63236,0.0
63237,0.0
63238,0.0
63239,0.0
63240,0.0
63241,0.0
63242,0.0
63243,0.0
63244,0.0
63245,0.0
63246,0.0
63247,0.0
63248,0.0
63249,0.0
63251,0.0
63252,0.0
63253,0.0
63254,0.0
63255,0.0
63256,0.0
63257,0.0
63258,0.0
63259,0.0
63260,0.0
63261,0.0
63262,0.0
63263,0.0
63264,0.0
63265,0.0
63266,0.0
63267,0.0
63268,0.0
63269,0.0
63270,0.0
63271,0.0
63272,0.0
63273,0.0
63274,0.0
63275,0.0
63276,0.0
63277,0.0
63278,0.0
63279,0.0
63280,0.0
63281,0.0
63282,0.0
63283,0.0
63284,0.0
63285,0.0
63286,0.0
63287,0.0
63288,0.0
63289,0.0
63290,0.327515
63291,0.768502
63292,0.606651
63293,0.978054
63294,1.0
63295,0.98391
63296,0.693919
63297,0.609756
63298,0.081028
63299,0.0
63300,0.0
63301,0.0
63302,0.237362
63303,0.136535
63304,0.107345
63305,0.009926
63306,0.0
63307,0.0
63308,0.0
63309,0.0
63310,0.0
63311,0.0
63312,0.0
63313,0.0
63314,0.0
63331,0.0
63447,0.0
63448,0.0
63449,0.0
63450,0.0
63451,0.0
63452,0.0
63453,0.0
63454,0.0
63455,0.0
63456,0.0
63457,0.0
63458,0.0
63459,0.0
63460,0.0
63461,0.0
63462,0.0
63463,0.0
63464,0.0
63465,0.0
63466,0.0
63467,0.0
63468,0.0
63469,0.0
63470,0.0
63471,0.0
63472,0.0
63473,0.0
63474,0.0
63775,0.003711
63776,0.006233
63777,0.091999
63778,0.000306
63779,0.0
63780,0.011632
63781,0.031394
63782,0.0
63783,0.0
63784,0.0
63785,0.01108
63786,0.095928
63787,0.139379
63788,0.347826
63789,1.0
63790,1.0
63791,0.174782
63792,0.0
63793,0.0
63794,0.005427
63795,0.000794
63796,0.075952
63797,0.029331
63798,0.051996
63799,0.000206
63800,0.007198
63801,0.001025
63802,0.004493
63803,0.0027
63804,0.0
63805,0.0
63806,0.0
63807,0.0
63808,0.0
63809,0.0
63810,0.0
63811,0.0
63814,0.0
63815,0.071973
63816,0.994737
63817,1.0
63818,0.148001
63819,0.008865
63820,0.0
63821,0.02723
63822,0.088912
63823,0.08426
63824,0.934932
63825,1.0
63826,0.162651
63827,0.033996
63828,0.016181
63829,0.0
63830,0.000667
63831,0.000581
63832,0.013992
63833,0.436865
63834,1.0
63835,1.0
63844,0.0
63845,0.003251
63846,0.590814
63847,0.981567
63848,0.364173
63849,0.058555
63850,0.281476
63851,0.915541
63852,0.512346
63853,0.009863
63854,0.0
63855,0.033061
63856,0.836086
63857,0.606107
63858,0.389963
63859,0.300186
63860,0.008708
63861,0.132266
63862,0.043375
63863,0.268424
63864,0.016439
63865,0.0
63866,0.017601
63867,0.132485
63868,0.092138
63869,0.865034
63870,0.972868
63871,0.0
63872,0.095805
63873,0.03259
63874,0.0
63875,0.002635
63876,0.09281
63877,0.03743
63878,0.038377
63879,0.06793
63880,0.053103
63881,0.037971
63882,0.0
63883,0.0
63884,0.0
63885,0.0
63886,0.000251
63887,0.006047
63888,0.0
63889,0.0
63890,0.0
63891,0.0
63892,0.0
63893,9.9e-05
63894,0.0
63895,0.014699
63896,0.0
63897,0.01193
63898,0.0
63899,0.043071
63900,0.016152
63901,0.075329
63902,0.0
63903,0.057168
63904,0.009085
63905,0.0
63906,0.008936
63907,0.117152
63908,0.046718
63909,0.036021
63910,0.134577
63911,0.030435
63912,0.003194
63913,0.001781
63914,0.056911
63915,0.628384
63916,0.787884
63917,0.205498
63918,0.096588
63919,0.0
63920,0.0
63921,0.0
63922,0.0
63923,0.0
63924,0.0
63925,0.0
63926,0.0
63927,0.0
63928,0.0
63929,0.0
63930,0.090749
63931,0.0
63932,0.0
63933,0.0
63934,0.0
63935,0.0
63936,0.0
63937,0.0
63938,0.0
63939,0.0
63940,0.0
63941,0.0
63942,0.0
63943,0.0
63944,0.0
63945,0.0
63946,0.0
63947,0.0
63948,0.0
63949,0.0
63950,0.0
63951,0.0
63952,0.0
63953,0.0
63954,0.0
63955,0.0
63956,0.0
63957,0.0
63958,0.0
63959,0.0
63960,0.0
63961,0.0
63962,0.0
63963,0.0
63964,0.0
63965,0.001268
63966,0.0
63967,0.0
63968,0.0
63969,0.0
63970,0.0
63971,0.0
63972,0.0
63973,0.0
63974,0.271882
63975,1.0
63976,1.0
63977,1.0
63978,1.0
63979,0.914082
63980,0.469487
63981,0.496846
63982,0.249346
63983,0.0
63984,0.0
63985,0.0
63986,0.0
63987,0.0
63988,0.0
63989,0.0
63990,0.0
63991,0.0
63992,0.0
63993,0.0
63994,0.0
63995,0.0
63996,0.0
63997,0.0
64014,0.0
64015,0.0
64016,0.0
64131,0.0
64132,0.0
64133,0.0
64134,0.0
64135,0.0
64136,0.0
64137,0.002206
64138,0.185091
64139,0.0
64140,0.0
64141,0.0
64142,0.0
64143,0.0
64144,0.0
64145,0.0
64146,0.0
64147,0.0
64148,0.0
64149,0.0
64150,0.0
64151,0.0
64152,0.0
64153,0.0
64154,0.0
64155,0.0
64156,0.0
64157,0.0
64458,0.185185
64459,0.140857
64460,0.006768
64461,0.105405
64462,0.004908
64463,0.006572
64464,0.0
64465,0.0
64466,0.0
64467,0.0
64468,0.063021
64469,0.105869
64470,0.123835
64471,0.04359
64472,0.090909
64473,1.0
64474,1.0
64475,0.094872
64476,0.0
64477,0.0
64478,0.0
64479,0.0
64480,0.429672
64481,0.002512
64482,0.014255
64483,0.004707
64484,0.033647
64485,0.190277
64486,0.010757
64487,0.000167
64488,0.028702
64489,0.0
64490,0.0
64491,0.0
64492,0.0
64493,0.0
64494,0.01374
64495,0.0
64497,0.0
64498,0.0
64499,0.077001
64500,0.251799
64501,0.057437
64502,0.004531
64503,0.007197
64504,0.002424
64505,0.025126
64506,0.089234
64507,0.743393
64508,0.144705
64509,0.793556
64510,0.117021
64511,0.023256
64512,0.003178
64513,0.091164
64514,0.01571
64515,0.470092
64516,0.89723
64517,1.0
64518,0.937179
64519,0.953995
64520,1.0
64527,1.0
64528,0.254958
64529,0.28955
64530,0.765957
64531,1.0
64532,0.373657
64533,0.020946
64534,0.297959
64535,0.658635
64536,0.166498
64537,0.001485
64538,0.002159
64539,0.40122
64540,0.995025
64541,0.612125
64542,0.170244
64543,0.291745
64544,0.344692
64545,0.009281
64546,0.058793
64547,0.004633
64548,0.088163
64549,0.0
64550,0.0
64551,0.019902
64552,0.030615
64553,0.198866
64554,0.004484
64555,0.000363
64556,0.043863
64557,0.002436
64558,0.0
64559,0.0
64560,0.021914
64561,0.080539
64562,0.075015
64563,0.188047
64564,0.006402
64565,0.0
64566,0.0
64567,0.0
64568,0.0
64569,0.0
64570,0.0
64571,0.0
64572,0.0
64573,0.0
64574,0.0
64575,0.0
64576,0.0
64577,0.0
64578,0.0
64579,0.001248
64580,0.010704
64581,0.0007
64582,0.0
64583,0.0001
64584,0.0
64585,0.000352
64586,0.00016
64587,0.0001
64588,0.0
64589,0.0
64590,0.001315
64591,0.005176
64592,0.001312
64593,0.017068
64594,0.013947
64595,0.004966
64596,0.002356
64597,0.0
64598,0.046962
64599,0.606903
64600,0.708909
64601,0.442521
64602,0.048283
64603,0.0
64604,0.0
64605,0.0
64606,0.0
64607,0.0
64608,0.0
64609,0.0
64610,0.0
64611,0.0
64612,0.0
64613,0.0
64614,0.0
64615,0.0
64616,0.0
64617,0.0
64618,0.0
64619,0.0
64620,0.0
64621,0.0
64622,0.0
64623,0.0
64624,0.0
64625,0.0
64626,0.0
64627,0.0
64628,0.0
64629,0.0
64630,0.0
64631,0.0
64632,0.0
64633,0.0
64634,0.0
64635,0.0
64636,0.0
64637,0.0
64638,0.0
64639,0.0
64640,0.0
64641,0.0
64642,0.0
64643,0.0
64644,0.0
64645,0.0
64646,0.0
64647,0.0
64648,0.0
64649,0.0
64650,0.0
64651,0.0
64652,0.0
64653,0.0
64654,0.0
64655,0.002598
64656,0.0
64657,0.0
64658,0.0
64659,0.949364
64660,1.0
64661,1.0
64662,1.0
64663,0.741133
64664,0.046025
64665,0.0
64666,0.0
64667,0.0
64668,0.000233
64669,0.0
64670,0.0
64671,0.0
64672,0.0
64673,0.0
64674,0.0
64675,0.0
64676,0.0
64677,0.0
64678,0.0
64679,0.0
64680,0.0
64681,0.0
64697,0.0
64698,0.0
64699,0.0
64700,0.0
64701,0.0
64815,0.0
64816,0.0
64817,0.0
64818,0.0
64819,0.0
64820,0.0
64821,0.004593
64822,0.242053
64823,0.0
64824,0.0
64825,0.0
64826,0.0
64827,0.0
64828,0.0
64829,0.0
64830,0.0
64831,0.0
64832,0.0
64833,0.0
64834,0.0
64835,0.0
64836,0.0
64837,0.0
64838,0.0
64839,0.0
64840,0.0
65142,0.0
65143,0.512195
65144,0.717105
65145,0.02996
65146,0.097315
65147,0.082474
65148,0.0
65149,0.0
65150,0.0
65151,0.0
65152,0.237317
65153,0.023131
65154,0.114894
65155,0.147059
65156,0.210084
65157,0.17236
65159,0.0
65160,0.0
65161,0.0
65162,0.0
65163,0.0
65164,0.004899
65165,0.060087
65166,0.073766
65167,0.024523
65168,0.0
65169,0.0
65170,0.0
65171,0.003498
65172,0.008775
65173,0.002707
65174,0.0
65175,0.0
65176,0.020861
65177,0.015026
65178,0.045259
65179,0.0
65180,0.493377
65181,0.6423
65182,0.463301
65183,0.503475
65184,0.573571
65185,0.031587
65186,0.0
65187,0.082367
65188,0.0
65189,0.0
65190,0.0
65191,0.079082
65192,0.0
65193,0.052554
65194,0.0
65196,0.103943
65197,0.085586
65198,0.360015
65199,0.908204
65200,0.713499
65201,0.996875
65202,0.953125
65203,0.259962
65211,0.941176
65212,0.309498
65213,0.860697
65214,1.0
65215,1.0
65216,0.352265
65217,0.153571
65218,0.545082
65219,0.548916
65220,0.023176
65221,0.0
65222,0.072327
65223,0.722252
65224,0.794176
65225,0.786708
65226,0.225658
65227,0.39881
65228,0.940382
65229,0.251901
65230,0.139773
65231,0.00038
65232,0.451652
65233,0.0
65234,0.0
65235,0.033484
65236,0.206043
65237,0.049228
65238,0.0
65239,0.0
65240,0.000188
65241,0.0
65242,0.0
65243,0.001336
65244,0.0
65245,0.0
65246,0.0
65247,0.0
65248,0.0
65249,0.0
65250,0.0
65251,9.8e-05
65252,0.00027
65253,0.0
65254,0.0
65255,0.0
65256,0.0
65257,0.0
65258,0.0
65259,0.0
65260,0.0
65261,0.0
65262,0.0
65263,0.0
65264,0.0
65265,0.0
65266,0.0
65267,0.0
65268,0.0
65269,0.000341
65270,0.0
65271,0.000144
65272,8.9e-05
65273,0.073101
65274,0.005741
65275,0.0
65276,0.00057
65277,0.000958
65278,0.0
65279,0.0
65280,0.0
65281,0.0
65282,0.035768
65283,0.473319
65284,0.412734
65285,0.252907
65286,0.0
65287,0.0
65288,0.0
65289,0.0
65290,0.0
65291,0.0
65292,0.0
65293,0.00064
65294,0.000106
65295,0.0
65296,0.0
65297,0.0
65298,0.0
65299,0.0
65300,0.0
65301,0.0
65302,0.0
65303,0.0
65304,0.0
65306,0.0
65307,0.0
65308,0.0
65309,0.0
65310,0.002929
65311,0.0
65312,0.0
65313,0.0
65314,0.0
65315,0.0
65316,0.0
65317,0.0
65318,0.0
65319,0.0
65320,0.0
65321,0.0
65322,0.0
65323,0.0
65324,0.0
65325,0.0
65326,0.0
65327,0.0
65328,0.0
65329,0.0
65330,0.0
65331,0.0
65332,0.0
65333,0.0
65334,0.0
65335,0.0
65336,0.0
65337,0.0
65338,0.0
65339,0.0
65340,0.0
65341,0.0
65342,0.0
65343,0.943151
65344,1.0
65345,0.636111
65346,0.812158
65347,0.58279
65348,0.214768
65349,0.0
65350,0.0
65351,0.0
65352,0.0
65353,0.0
65354,0.0
65355,0.0
65356,0.0
65357,0.0
65358,0.0
65359,0.0
65360,0.0
65361,0.0
65362,0.0
65363,0.0
65364,0.0
65380,0.0
65381,0.0
65382,0.0
65383,0.0
65384,0.0
65498,0.0
65499,0.0
65500,0.0
65501,0.0
65502,0.0
65503,0.0
65504,0.0
65505,0.0
65506,0.0
65507,0.0
65508,0.0
65509,0.0
65510,0.0
65511,0.0
65512,0.0
65513,0.0
65514,0.0
65515,0.0
65516,0.0
65517,0.0
65518,0.0
65519,0.0
65520,0.0
65522,0.169014
65523,0.0
65826,0.0
65827,0.262673
65828,0.008065
65829,0.002609
65830,0.045783
65831,0.017544
65832,0.0
65833,0.0
65834,0.003308
65835,0.0
65836,0.063799
65837,0.082637
65838,0.20354
65839,0.0
65840,0.997619
65841,0.439815
65842,0.0
65843,0.0
65844,0.0
65845,0.0
65846,0.000773
65847,0.012593
65848,0.175052
65849,0.120073
65850,0.007805
65851,0.013314
65852,0.105912
65853,0.00782
65854,0.0
65855,0.000163
65856,0.041703
65857,0.000334
65858,0.071128
65859,0.379011
65860,0.794898
65861,0.735035
65862,0.075867
65863,0.210526
65864,0.921123
65865,0.896226
65866,0.188299
65867,0.328462
65868,0.004081
65869,0.0
65870,0.009467
65871,0.677076
65872,0.0
65873,0.010981
65874,0.0
65875,0.0
65876,0.000958
65877,0.002703
65880,0.784141
65881,0.092532
65882,0.955307
65883,1.0
65886,0.916814
65887,0.820414
65888,0.986072
65889,1.0
65895,0.975104
65896,0.416693
65897,0.741661
65898,0.992265
65899,1.0
65900,0.972286
65901,0.974684
65903,0.015625
65904,0.0
65905,0.0
65906,0.191083
65907,0.756846
65908,0.352331
65909,0.925878
65910,0.324692
65911,0.128333
65912,0.375401
65913,0.437392
65914,0.32063
65915,0.028947
65916,0.615012
65917,0.057277
65918,0.005011
65919,0.0
65920,0.012264
65921,0.0
65922,0.001961
65923,0.0
65924,0.00839
65925,0.0
65926,0.0
65927,0.0
65928,0.0
65929,0.0
65930,0.0
65931,0.0
65932,0.0
65933,0.000283
65934,0.000715
65935,0.005683
65936,0.000869
65937,0.0
65938,0.0
65939,0.0
65940,0.0
65941,0.0
65942,0.0
65943,0.0
65944,0.0
65945,0.0
65946,0.0
65947,0.0
65948,0.0
65949,0.0
65950,0.0
65951,0.0
65952,7.7e-05
65953,0.000102
65954,0.000264
65955,0.000229
65956,0.003499
65957,0.089011
65958,0.005213
65959,0.029608
65960,0.0
65961,0.0
65962,0.000107
65963,0.002682
65964,0.0
65965,0.0
65966,0.303047
65967,0.751964
65968,0.635251
65969,0.473449
65970,0.0
65971,0.0
65972,0.0
65973,0.0
65974,0.0
65975,0.0
65976,0.0
65977,0.0
65978,0.0
65979,0.0
65980,0.0
65981,0.0
65982,0.0
65983,0.0
65984,0.0
65985,0.0
65986,0.0
65987,0.0
65988,0.0
65989,0.0
65990,0.0
65991,0.0
65992,0.0
65993,0.0
65994,0.0
65995,0.0
65996,0.0
65997,0.0
65998,0.0
65999,0.01856
66000,0.0
66001,0.0
66002,0.0
66003,0.0
66004,0.0
66005,0.0
66006,0.0
66007,0.0
66008,0.0
66009,0.0
66010,0.0
66011,0.0
66012,0.0
66013,0.0
66014,0.0
66015,0.0
66016,0.0
66017,0.0
66018,0.0
66019,0.0
66020,0.0
66021,0.0
66022,0.0
66023,0.0
66024,0.0
66025,0.0
66026,0.107843
66027,1.0
66028,1.0
66029,0.978677
66030,0.58224
66031,0.715798
66032,0.243247
66033,0.0
66034,0.0
66035,0.0
66036,0.0
66037,0.0
66038,0.003058
66039,0.01098
66040,0.0
66041,0.0
66042,0.0
66043,0.0
66044,0.0
66045,0.0
66046,0.0
66047,0.0
66064,0.0
66065,0.0
66066,0.0
66067,0.0
66069,0.0
66070,0.0
66071,0.0
66072,0.0
66088,0.0
66089,0.0
66090,0.0
66179,0.0
66180,0.0
66181,0.0
66182,0.0
66183,0.0
66184,0.0
66185,0.0
66186,0.0
66187,0.0
66188,0.0
66189,0.0
66190,0.0
66191,0.0
66192,0.0
66193,0.0
66194,0.0
66195,0.0
66196,0.0
66197,0.0
66198,0.0
66199,0.0
66200,0.0
66201,0.0
66202,0.0
66203,0.0
66204,0.0
66205,0.045455
66206,0.064103
66509,0.814387
66510,0.138743
66511,0.160494
66512,0.039755
66513,0.005979
66514,0.041737
66515,0.0247
66516,0.0
66517,0.0
66518,0.141132
66519,0.025059
66520,0.0
66521,0.041691
66522,0.030303
66523,0.269307
66524,0.535211
66525,0.918699
66527,0.139311
66528,0.010819
66529,0.002996
66530,0.016672
66531,0.185212
66532,0.065408
66533,0.024413
66534,0.001736
66535,0.077402
66536,0.24532
66537,0.009506
66538,0.0
66539,0.008238
66540,0.233063
66541,0.579606
66542,0.530343
66543,0.903226
66544,0.393509
66545,0.065109
66546,0.003729
66547,0.916667
66548,0.678571
66549,0.834135
66550,0.285176
66551,0.260984
66552,0.087919
66553,0.0
66554,0.001353
66555,0.703435
66557,0.0
66558,0.0
66559,0.0
66560,0.094401
66561,0.144737
66564,0.661972
66565,0.242647
66566,0.991667
66567,1.0
66568,1.0
66569,0.265734
66570,1.0
66571,0.985088
66572,0.982405
66573,1.0
66574,1.0
66575,1.0
66577,1.0
66578,0.915033
66579,0.722433
66580,0.879641
66581,0.286263
66582,1.0
66583,1.0
66585,0.817927
66586,0.799718
66587,0.158301
66588,0.023453
66589,0.067088
66590,0.069636
66591,0.21889
66592,0.574468
66593,0.496963
66594,0.121163
66595,0.029431
66596,0.002947
66597,0.028019
66598,0.000622
66599,0.038845
66600,0.12387
66601,0.035074
66602,0.000207
66603,0.0
66604,0.019455
66605,0.151763
66606,0.000122
66607,0.0
66608,0.0
66609,0.0
66610,0.0
66612,0.0
66613,0.0
66614,0.0
66615,0.0
66616,0.0
66617,0.004006
66618,0.0
66619,0.015187
66620,0.006303
66621,0.0
66622,0.0
66623,0.0
66624,0.0
66625,0.0
66626,0.0
66627,0.0
66628,0.0
66629,0.0
66630,0.0
66631,0.0
66632,0.0
66633,0.0
66634,0.000149
66635,0.000255
66636,8.8e-05
66637,0.000568
66638,0.000551
66639,0.0
66640,0.001411
66641,0.00831
66642,0.021189
66643,0.000334
66644,0.00053
66645,0.0
66646,0.000657
66647,0.0
66648,0.0
66649,0.0
66650,0.269795
66651,0.413906
66652,0.716742
66653,0.183025
66654,0.0
66655,0.0
66656,0.0
66657,0.0
66658,0.0
66659,0.0
66660,0.082465
66661,0.0
66662,0.0
66663,0.0
66664,0.0
66665,0.0
66666,0.0
66667,0.0
66668,0.0
66669,0.0
66670,0.0
66671,0.0
66673,0.0
66674,0.0
66675,0.0
66676,0.0
66677,0.0
66678,0.0
66679,0.0
66680,0.0
66681,0.0
66682,0.0
66683,0.026065
66684,0.0
66685,0.0
66686,0.0
66687,0.0
66688,0.0
66689,0.0
66690,0.0
66691,0.0
66692,0.0
66693,0.0
66694,0.0
66695,0.0
66696,0.0
66697,0.0
66698,0.0
66699,0.0
66700,0.0
66701,0.000143
66702,0.000588
66703,0.000242
66704,0.021217
66705,0.0
66706,0.0
66707,0.0
66708,0.0
66709,0.0
66710,0.2709
66711,0.800439
66712,0.888463
66713,0.982229
66714,0.813859
66715,0.630327
66716,0.263158
66717,0.0
66718,0.001551
66719,0.000354
66720,0.0
66721,0.0
66722,0.0
66723,0.0
66724,0.0
66725,0.0
66726,0.0
66727,0.0
66728,0.0
66729,0.0
66730,0.0
66734,0.0
66735,0.125
66736,0.0
66751,0.0
66752,0.0
66753,0.0
66754,0.0
66755,0.0
66756,0.0
66757,0.0
66767,1.0
66768,0.502161
66769,0.0
66770,0.0
66771,0.0
66772,0.0
66773,0.0
66774,0.0
66858,0.0
66859,0.0
66863,0.0
66864,0.0
66865,0.000127
66866,0.0
66867,0.0
66868,0.0
66869,0.0
66870,0.0
66871,0.0
66872,0.0
66873,0.0
66874,0.0
66875,0.0
66876,0.0
66877,0.0
66878,0.0
66879,0.0
66880,0.0
66881,0.0
66882,0.0
66883,0.0
66884,0.0
66885,0.0
66886,0.0
66887,0.0
66888,0.0
67194,0.290323
67195,0.03214
67196,0.003722
67197,0.033805
67198,0.038077
67199,0.0
67200,0.0
67201,0.056914
67202,0.273627
67203,0.077459
67204,0.0488
67205,0.004046
67206,0.170697
67207,0.422701
67208,0.838668
67209,0.998369
67210,0.874723
67211,0.317954
67212,0.281301
67213,0.339986
67214,0.214137
67215,0.327147
67216,0.006822
67217,0.006564
67218,0.027467
67219,0.115087
67220,0.027062
67221,0.021016
67222,0.022711
67223,0.005771
67224,0.007546
67225,0.170633
67226,0.187099
67227,0.033509
67228,0.00024
67229,0.064663
67230,0.406441
67231,0.218868
67232,1.0
67233,0.643489
67234,0.300665
67235,0.850242
67236,0.454171
67237,0.003681
67238,0.004554
67239,0.035599
67242,0.0
67243,0.128834
67244,0.313296
67245,0.140909
67248,0.017699
67250,0.92278
67251,1.0
67253,0.0
67254,0.984786
67255,1.0
67258,1.0
67259,1.0
67260,1.0
67261,1.0
67262,0.963717
67263,0.881579
67264,1.0
67265,0.946195
67266,1.0
67267,0.642797
67268,0.507206
67269,0.166123
67270,0.079557
67271,0.357238
67272,0.680631
67273,0.520171
67274,0.071913
67275,0.745464
67276,0.812816
67277,0.19137
67278,0.1383
67279,0.021605
67280,0.017396
67281,0.008947
67282,0.012662
67283,0.068876
67284,0.003246
67285,0.014216
67286,0.058562
67287,0.0
67288,0.002827
67289,0.334389
67290,0.01159
67291,0.0
67292,0.0
67293,0.0
67294,0.0
67295,0.0
67296,0.0
67297,0.000486
67298,0.0
67299,0.0
67300,0.044578
67301,0.012124
67302,0.00017
67303,0.000105
67304,0.0
67305,0.000254
67306,0.0
67307,0.0
67308,0.0
67309,0.0
67310,0.0
67311,0.0
67312,0.0
67313,0.0
67314,0.0
67315,0.0
67316,0.0
67317,7.7e-05
67318,0.003902
67319,0.002964
67320,0.007443
67321,0.023598
67322,0.000146
67323,0.0
67324,0.000134
67325,0.000127
67326,0.0
67327,0.0
67328,0.0
67329,0.0
67330,0.000795
67331,0.0
67332,0.0
67333,0.0
67334,0.146879
67335,0.313856
67336,0.215833
67337,0.177759
67338,0.0
67339,0.0
67340,0.0
67341,0.0
67342,0.0
67343,0.0
67344,0.0
67345,0.0
67346,0.0
67347,0.0
67348,0.0
67349,0.0
67350,0.0
67351,0.0
67352,0.0
67353,0.0
67354,0.0
67355,0.0
67356,0.0
67357,0.0
67358,0.0
67359,0.0
67360,0.0
67361,0.0
67362,0.0
67363,0.0
67364,0.0
67365,0.0
67366,0.0
67367,0.0
67368,0.0
67369,0.0
67370,0.0
67371,0.0
67372,0.0
67373,0.0
67374,0.0
67375,0.0
67376,0.0
67377,0.0
67378,0.0
67379,0.0
67380,0.0
67381,0.0
67382,0.0
67383,0.0
67384,0.0
67385,0.0
67386,0.0
67387,0.0
67388,0.019316
67389,0.0
67390,0.0
67391,0.0
67392,0.0
67393,0.0
67394,0.008961
67395,0.032018
67396,0.028008
67397,0.016667
67398,0.0
67399,0.01212
67400,0.000289
67401,0.0
67402,0.0
67403,0.000797
67404,0.0
67405,0.0
67406,0.0
67407,0.002481
67408,0.0
67409,0.0
67410,0.0
67411,0.0
67412,0.0
67413,0.0
67417,0.0
67418,0.040675
67419,0.0
67420,0.0
67436,0.0
67437,0.0
67438,0.0
67439,0.0
67440,0.0
67441,0.0
67442,0.0
67450,0.58521
67451,0.315537
67452,0.115395
67453,0.0
67454,0.0
67455,0.0
67456,0.0
67457,0.0
67458,0.072582
67459,0.712803
67460,0.918841
67461,0.825257
67462,0.0
67463,0.0
67464,0.0
67538,0.0
67539,0.0
67540,0.0
67541,0.0
67542,0.0
67543,0.0
67544,0.0
67545,0.0
67546,0.0
67547,0.0
67548,0.0
67549,0.0
67550,0.0
67551,0.0
67552,0.0
67553,0.0
67554,0.0
67555,0.0
67556,0.0
67557,0.0
67558,0.0
67559,0.0
67560,0.0
67561,0.0
67562,0.0
67563,0.0
67564,0.0
67565,0.0
67566,0.0
67567,0.0
67568,0.0
67569,0.0
67876,0.0
67877,0.012583
67878,0.041916
67879,0.0
67880,0.016192
67881,0.034862
67882,0.043976
67883,0.0
67884,0.0
67885,0.094394
67886,0.131174
67887,0.101841
67888,0.100939
67889,0.000715
67890,0.0
67891,0.25
67892,1.0
67893,1.0
67894,0.254409
67895,0.342558
67896,0.187236
67897,0.198402
67898,0.70739
67899,0.534256
67900,0.002819
67901,0.00055
67902,0.006449
67903,0.020979
67904,0.004133
67905,0.009091
67906,0.002823
67907,0.020536
67908,0.096524
67909,0.002032
67910,0.005418
67911,0.008683
67912,0.0019
67913,0.004761
67914,0.1251
67915,0.469274
67916,0.571429
67917,0.985527
67918,0.995182
67919,1.0
67920,0.014327
67921,0.0
67922,0.031201
67923,0.576471
67924,1.0
67927,1.0
67928,1.0
67929,1.0
67932,0.0
67933,0.0
67934,1.0
67935,0.927954
67945,1.0
67946,0.956757
67947,0.893993
67948,0.875817
67949,0.988105
67950,0.994732
67951,0.063522
67952,0.0
67953,0.084932
67954,1.0
67955,0.3
67956,0.380084
67957,0.115859
67958,0.756213
67959,0.828006
67960,0.204406
67961,0.015847
67962,0.229327
67963,0.009112
67964,0.027319
67965,0.19659
67966,0.000613
67967,0.012634
67968,0.0
67969,0.035702
67970,0.0
67971,0.0
67972,0.0017
67973,0.0
67974,0.0
67975,0.0
67976,0.0
67977,0.0
67978,0.0
67979,0.0
67980,0.0
67981,0.000106
67982,0.0
67983,0.0
67984,0.0
67985,0.0
67986,0.000244
67987,0.000194
67988,0.0
67989,0.000594
67990,0.000155
67991,0.0
67992,0.0
67993,0.0
67994,0.0
67995,0.0
67996,0.0
67997,0.0
67998,0.0
67999,0.0
68000,0.0
68001,0.0
68002,7.5e-05
68003,0.001019
68004,0.027312
68005,0.0
68006,0.01365
68007,0.033576
68008,0.000916
68009,0.063471
68010,0.000109
68011,0.000106
68012,0.0
68013,0.0
68014,0.006254
68015,0.026338
68016,0.223017
68017,0.242764
68018,0.067706
68019,0.010552
68020,0.297258
68021,0.075669
68022,0.073297
68023,0.0
68024,0.0
68025,0.0
68026,0.0
68027,0.0
68028,0.0
68029,0.0
68030,0.0
68031,0.0
68032,0.0
68033,0.0
68034,0.0
68035,0.0
68036,0.0
68037,0.0
68038,0.0
68039,0.0
68040,0.0
68041,0.0
68042,0.0
68043,0.0
68044,0.0
68045,0.0
68046,0.0
68047,0.0
68048,0.0
68049,0.0
68050,0.0
68051,0.0
68052,0.0
68053,0.0
68054,0.0
68055,0.0
68056,0.0
68057,0.0
68058,0.0
68059,0.0
68060,0.0
68061,0.0
68062,0.0
68063,0.0
68064,0.0
68065,0.0
68066,0.0
68067,0.0
68068,0.0
68069,0.0
68070,0.0
68071,0.0
68072,0.0
68073,0.0
68074,0.0
68075,0.0
68076,0.0
68077,0.0
68078,0.0
68079,0.0
68080,0.0
68081,0.0
68082,0.0
68083,0.0
68084,0.0
68085,0.0
68086,0.0
68087,0.0
68088,0.0
68089,0.0
68090,0.0
68091,0.0
68092,0.0
68093,0.0
68094,0.0
68098,0.0
68099,0.0
68100,0.0
68101,0.403449
68102,0.766299
68103,0.0
68104,0.0
68109,0.533333
68121,0.0
68122,0.005684
68123,0.0
68124,0.0
68125,0.0
68126,0.0
68127,0.0
68129,0.0
68130,0.0
68131,1.0
68132,1.0
68133,0.824447
68134,0.110236
68135,0.0
68136,0.0
68137,0.0
68138,0.0
68139,0.0
68140,0.0
68141,0.0
68142,0.250926
68143,0.603606
68144,0.969262
68145,0.740477
68146,0.0
68147,0.0
68148,0.0
68219,0.0
68220,0.0
68221,0.0
68222,0.0
68223,0.0
68224,0.0
68225,0.0
68226,0.0
68227,0.0
68228,0.0
68229,0.0
68230,0.0
68231,0.0
68232,0.0
68233,0.0
68234,0.0
68235,0.0
68236,0.0
68237,0.791271
68240,0.0
68241,0.0
68243,0.0
68244,0.0
68245,0.0
68246,0.0
68247,0.0
68248,0.0
68249,0.0
68250,0.0
68251,0.0
68252,0.0
68253,0.0
68255,0.0
68560,0.0
68561,0.022344
68562,0.065303
68563,0.190945
68564,0.133808
68565,0.007757
68566,0.098567
68567,0.023983
68568,0.0
68569,0.0
68570,0.085114
68571,0.009464
68572,0.053177
68573,0.101918
68574,0.373469
68575,0.755102
68576,1.0
68577,1.0
68578,0.344655
68579,0.905363
68580,0.0
68581,0.025458
68582,0.252276
68583,0.414336
68584,0.090707
68585,0.356356
68586,1.0
68587,0.519041
68588,0.012948
68589,0.005913
68590,0.001927
68591,0.012696
68592,0.120265
68593,0.270088
68594,0.025273
68595,0.091361
68596,0.009815
68597,0.047404
68598,0.058935
68599,1.0
68600,1.0
68601,0.586643
68602,0.957672
68606,0.0
68607,0.184162
68608,1.0
68610,1.0
68611,1.0
68613,1.0
68614,0.811659
68615,1.0
68616,0.278689
68617,1.0
68618,0.166667
68619,0.98348
68620,0.860759
68621,1.0
68628,1.0
68629,0.978648
68630,0.807947
68631,1.0
68632,0.894495
68633,0.186842
68634,0.305146
68635,0.0
68636,0.05923
68638,0.862745
68639,0.94035
68640,0.681481
68641,0.005274
68642,0.519605
68643,0.108501
68644,0.047594
68645,0.100024
68646,0.057331
68647,0.105951
68648,0.020833
68649,0.004086
68650,0.002787
68651,0.0
68652,0.0
68653,0.054765
68654,0.0
68655,0.0
68656,0.000831
68657,0.166667
68658,0.065209
68659,0.000103
68660,0.0
68661,0.0
68662,0.001672
68663,0.004307
68664,0.0
68665,0.0
68666,0.0
68667,0.0
68668,0.0
68669,0.000801
68670,0.0
68671,0.000888
68672,0.0012
68673,0.0
68674,0.0
68675,0.0
68676,0.0
68677,0.0
68678,0.0
68679,0.0
68680,0.001933
68681,0.0
68682,0.0
68683,0.0
68684,0.0
68685,0.0
68686,0.0
68687,0.0
68688,0.00058
68689,0.000101
68690,0.027679
68691,0.112367
68692,0.002953
68693,0.067368
68694,0.009919
68695,0.001543
68696,0.0
68697,0.000112
68698,0.000837
68699,0.003777
68700,0.268646
68701,0.041179
68702,0.243326
68703,0.175521
68704,0.032462
68705,0.145303
68706,0.115677
68707,0.0
68708,0.0
68709,0.0
68710,0.0
68711,0.0
68712,0.0
68713,0.005162
68714,0.006345
68715,0.003355
68716,0.0
68717,0.0
68718,0.0
68719,0.0
68720,0.0
68721,0.0
68722,0.0
68723,0.0
68724,0.0
68725,0.0
68726,0.0
68727,0.0
68728,0.0
68729,0.0
68730,0.0
68731,0.0
68732,0.0
68733,0.0
68734,0.0
68735,0.0
68736,0.0
68737,0.0
68738,0.0
68739,0.0
68740,0.0
68741,0.0
68742,0.0
68743,0.0
68744,0.0
68745,0.0
68746,0.0
68747,0.0
68748,0.0
68749,0.0
68750,0.0
68751,0.0
68752,0.0
68753,0.0
68754,0.0
68755,0.0
68756,0.0
68757,0.0
68758,0.0
68759,0.0
68760,0.0
68761,0.0
68762,0.0
68763,0.0
68764,0.0
68765,0.0
68766,0.0
68767,0.0
68768,0.0
68769,0.0
68770,0.0
68771,0.0
68772,0.0
68773,0.0
68774,0.0
68775,0.0
68776,0.0
68777,0.0
68778,0.0
68779,0.0
68780,0.0
68781,0.0
68782,0.0
68783,0.0
68784,0.012591
68785,0.98198
68786,0.832059
68787,0.0
68788,0.0
68789,0.0
68790,0.0
68791,0.0
68792,0.000523
68793,0.110872
68794,0.002522
68796,0.0
68797,0.0
68798,0.0
68799,0.0
68804,0.0
68805,0.0
68806,0.0
68807,0.0
68808,0.0
68809,0.0
68810,0.0
68811,0.0
68812,0.0
68813,0.0
68814,0.808696
68815,0.489877
68816,0.280925
68817,0.14647
68818,0.0
68819,0.0
68820,0.0
68821,0.0
68822,0.0
68823,0.0
68824,0.0
68825,0.0
68826,0.122744
68827,0.879777
68828,0.872141
68829,0.041937
68830,0.0
68831,0.0
68832,0.0
68833,0.0
68898,0.0
68899,0.0
68900,0.0
68901,0.0
68902,0.0
68903,0.0
68904,0.0
68905,0.0
68906,0.0
68907,0.0
68908,0.0
68909,0.0
68910,0.0
68911,0.0
68912,0.0
68913,0.0
68914,0.0
68915,0.0
68916,0.0
68917,0.0
68918,0.0
68919,0.056468
68920,0.0
68922,0.0
68925,0.07874
68926,0.0
68927,0.0
68928,0.0
68929,0.0
68930,0.0
68931,0.0
68932,0.0
68933,0.0
68934,0.0
68935,0.0
68936,0.0
68937,0.0
69244,0.0
69245,0.00242
69246,0.0
69247,0.135758
69248,0.19435
69249,0.027302
69250,0.089954
69251,0.115776
69252,0.076356
69253,0.128045
69254,0.090909
69255,0.18099
69256,0.009091
69257,0.003053
69258,0.094972
69259,1.0
69260,1.0
69262,0.740219
69263,0.325994
69264,0.0
69265,0.0
69266,0.049438
69267,0.424242
69268,0.154551
69269,0.016588
69270,0.29488
69271,0.88189
69272,0.61014
69273,0.342491
69274,0.149433
69275,0.042446
69276,0.266828
69277,0.207966
69278,0.075057
69279,0.103262
69280,0.011468
69281,0.337479
69282,0.812544
69283,0.965438
69284,0.564706
69285,0.925792
69286,0.99569
69290,0.0
69291,0.064286
69292,0.113402
69293,1.0
69294,1.0
69295,0.921708
69296,0.091205
69297,0.549646
69298,0.986413
69299,0.598751
69300,0.081613
69301,1.0
69302,1.0
69303,1.0
69304,0.925311
69305,1.0
69306,1.0
69309,0.0
69312,1.0
69313,1.0
69314,1.0
69315,1.0
69316,0.720058
69317,0.375
69318,0.521224
69319,0.0
69320,0.111984
69322,0.975138
69323,0.383838
69324,0.07619
69325,0.001526
69326,0.190714
69327,0.312263
69328,0.030026
69329,0.043689
69330,0.058087
69331,0.005541
69332,0.006339
69333,0.003128
69334,0.0
69335,0.0
69336,0.0
69337,0.093049
69338,0.05103
69339,0.0
69340,0.0
69341,0.0
69342,0.0
69343,0.0
69344,0.0
69345,0.0
69346,0.002008
69347,0.0
69348,0.0
69349,0.0
69350,0.0
69351,0.0
69352,0.000118
69353,0.002025
69354,0.000552
69355,0.007199
69356,0.000165
69357,9.2e-05
69358,0.001047
69359,0.000193
69360,0.000842
69361,0.0
69362,0.0
69363,0.0
69364,7.6e-05
69365,0.000489
69366,0.009634
69367,0.000848
69368,0.000586
69369,0.001953
69370,0.001432
69371,0.000676
69372,0.000466
69373,0.000162
69374,0.060624
69375,0.025829
69376,0.02723
69377,0.243995
69378,0.03233
69379,8.5e-05
69380,0.0
69381,0.001054
69382,0.00154
69383,0.000813
69384,0.140432
69385,0.212374
69386,0.124251
69387,0.097787
69388,0.028912
69389,0.0
69390,0.0
69391,0.0
69392,0.0
69393,0.0
69394,0.0
69395,0.0
69396,0.0
69397,0.0
69398,0.0
69399,0.0
69400,0.0
69401,0.0
69402,0.0
69403,0.0
69404,0.0
69405,0.0
69406,0.0
69407,0.0
69408,0.0
69409,0.0
69410,0.0
69411,0.0
69412,0.0
69413,0.0
69414,0.0
69415,0.0
69416,0.0
69417,0.0
69418,0.0
69419,0.0
69420,0.0
69421,0.0
69422,0.0
69423,0.0
69424,0.0
69425,0.0
69426,0.0
69427,0.0
69428,0.0
69429,0.0
69430,0.0
69431,0.0
69432,0.0
69433,0.0
69434,0.0
69435,0.0
69436,0.0
69437,0.0
69438,0.0
69439,0.0
69440,0.0
69441,0.0
69442,0.0
69443,0.0
69444,0.0
69445,0.0
69446,0.0
69447,0.0
69448,0.0
69449,0.0
69450,0.0
69451,0.0
69452,0.0
69453,0.0
69454,0.0
69455,0.0
69456,0.0
69457,0.0
69458,0.0
69459,0.0
69460,0.0
69461,0.0
69462,0.0
69463,0.0
69464,0.0
69465,0.0
69466,0.0
69467,0.0
69468,0.040734
69469,0.708095
69470,0.378725
69471,0.0
69472,0.0
69473,0.0
69474,0.0
69475,0.0
69476,0.0
69477,0.104563
69478,0.094702
69479,0.161233
69480,0.196485
69481,0.085118
69482,0.352062
69483,0.557121
69484,0.584428
69485,0.68984
69486,0.363636
69487,0.067485
69488,0.0
69489,0.0
69490,0.0
69491,0.0
69492,0.0
69493,0.0
69494,0.0
69495,0.0
69496,0.0
69497,0.0
69498,0.289757
69499,0.779517
69500,0.928
69501,0.894879
69502,0.918919
69503,0.0
69505,0.0
69506,0.0
69507,0.0
69508,0.0
69509,0.0
69510,0.088235
69511,0.241852
69512,0.901345
69513,0.582729
69514,0.04678
69515,0.0
69516,0.0
69517,0.0
69518,0.0
69520,0.0
69521,0.0
69580,0.0
69581,0.0
69582,0.0
69583,0.0
69584,0.0
69585,0.0
69586,0.0
69587,0.0
69588,0.0
69589,0.0
69590,0.0
69591,0.0
69592,0.0
69593,0.0
69594,0.0
69595,0.0
69596,0.0
69597,0.0
69598,0.0
69599,0.0
69600,0.0
69601,0.0
69602,0.0
69603,0.0
69604,0.0
69609,0.109482
69610,0.000292
69611,0.0
69612,0.0
69613,0.0
69614,0.0
69615,0.0
69616,0.0
69617,0.0
69618,0.0
69619,0.0
69620,0.0
69621,0.0
69927,0.0
69928,0.0
69929,0.0
69930,0.030628
69931,0.092384
69932,0.05706
69933,0.016971
69934,0.041898
69935,0.031221
69936,0.08404
69937,0.143525
69938,0.230869
69939,0.099558
69940,1.0
69941,1.0
69945,1.0
69946,0.961538
69947,0.020413
69948,0.0
69949,0.007194
69950,0.0
69951,0.000264
69952,0.134479
69953,0.056921
69954,0.0
69955,0.134346
69956,0.370145
69957,0.984561
69958,0.933512
69959,0.115205
69960,0.0
69961,0.005122
69962,0.008886
69963,0.009807
69964,0.206883
69965,0.793664
69966,0.614576
69967,0.796954
69968,0.861004
69969,1.0
69970,1.0
69971,0.0
69972,0.0
69973,0.0
69974,0.0
69975,0.0
69976,0.0
69977,1.0
69978,1.0
69979,0.380607
69980,0.027746
69981,0.720246
69982,0.907873
69983,0.042406
69984,0.159177
69985,0.180659
69986,0.269006
69987,1.0
69988,1.0
69990,0.907285
69992,0.0
69996,1.0
69997,1.0
69998,0.0
69999,0.967213
70000,0.408526
70001,0.743083
70002,0.874699
70003,0.016534
70004,0.057194
70005,0.478144
70006,0.436075
70007,0.99389
70008,0.5125
70009,0.251208
70010,0.540723
70011,0.149299
70012,0.002956
70013,0.0
70014,0.067766
70015,0.014009
70016,0.006123
70017,0.004411
70018,0.0
70019,0.0
70020,0.0
70021,0.0
70022,0.076097
70023,0.0
70024,0.0
70025,0.0
70026,0.000199
70027,0.0
70028,0.0
70029,0.0
70030,0.0
70031,0.0
70032,0.0
70033,0.0
70034,0.0
70035,0.0
70036,0.0
70037,0.000515
70038,0.000145
70039,0.001609
70040,0.000959
70041,0.001438
70042,0.000649
70043,0.0
70044,0.0
70045,0.0
70046,0.0
70047,0.0
70048,8.8e-05
70049,0.000841
70050,0.002774
70051,0.000639
70052,0.001566
70053,0.0
70054,0.0
70055,0.004894
70056,0.00421
70057,0.000883
70058,0.000201
70059,0.00027
70060,0.001151
70061,0.160169
70062,0.053514
70063,0.000155
70064,0.000107
70065,0.010193
70066,0.00066
70067,0.000616
70068,0.13377
70069,0.107959
70070,0.074966
70072,0.0
70073,0.0
70074,0.0
70075,0.0
70076,0.0
70077,0.0
70078,0.0
70079,0.0
70080,0.0
70081,0.0
70082,0.0
70083,0.0
70084,0.000502
70085,0.000837
70086,0.0
70087,0.0
70088,0.0
70089,0.0
70090,0.0
70091,0.0
70092,0.0
70093,0.0
70094,0.0
70095,0.0
70096,0.0
70097,0.0
70098,0.0
70099,0.0
70100,0.0
70101,0.0
70102,0.0
70103,0.0
70104,0.0
70105,0.0
70106,0.0
70107,0.0
70108,0.0
70109,0.0
70110,0.0
70111,0.0
70112,0.172708
70113,0.384366
70114,0.024073
70115,0.0
70116,0.0
70117,0.0
70118,0.0
70119,0.0
70120,0.0
70121,0.0
70122,0.0
70123,0.0
70124,0.0
70125,0.0
70126,0.0
70127,0.0
70128,0.0
70129,0.0
70130,0.0
70131,0.0
70132,0.0
70133,0.0
70134,0.0
70135,0.0
70136,0.0
70137,0.0
70138,0.0
70139,0.0
70140,0.0
70141,0.0
70142,0.0
70143,0.0
70144,0.0
70145,0.0
70146,0.0
70147,0.0
70148,0.0
70149,0.0
70150,0.0
70151,0.0
70152,0.923807
70153,0.165147
70154,0.01419
70155,0.0
70156,0.0
70157,0.0
70158,0.0
70159,0.0
70160,0.0
70161,0.0
70162,0.0
70163,0.564132
70164,0.752594
70165,0.148956
70166,0.596504
70167,0.91059
70168,0.969353
70169,0.755853
70170,0.900442
70171,0.043759
70172,0.0
70173,0.0
70174,0.0
70175,0.0
70176,0.0
70177,0.0
70178,0.0
70179,0.0
70180,0.0
70181,0.0
70182,0.0
70183,0.724095
70184,0.981243
70185,0.911596
70186,0.277011
70187,0.0
70188,0.0
70189,0.0
70190,0.0
70191,0.0
70192,0.0
70193,0.0
70194,0.0
70195,0.119231
70196,0.983482
70197,0.978693
70198,0.374613
70199,0.0625
70200,0.0
70201,0.0
70202,0.0
70203,0.0
70204,0.0
70205,0.0
70263,0.0
70264,0.0
70265,0.0
70266,0.0
70267,0.0
70268,0.0
70269,0.0
70270,0.0
70271,0.0
70272,0.0
70273,0.0
70274,0.0
70275,0.0
70276,0.0
70277,0.0
70278,0.0
70279,0.345363
70280,0.0
70281,0.0
70282,0.0
70283,0.0
70284,0.0
70285,0.0
70286,0.0
70287,0.0
70288,0.137014
70289,0.993421
70293,0.0
70294,0.0
70295,0.0
70296,0.0
70297,0.0
70298,0.0
70299,0.0
70300,0.0
70301,0.0
70302,0.0
70303,0.0
70610,0.0
70611,0.0
70612,0.0
70613,0.001096
70614,0.024293
70615,0.037012
70616,0.02457
70617,0.081549
70618,0.033451
70619,0.001954
70620,0.06252
70621,0.069761
70622,0.220588
70624,0.617188
70625,1.0
70626,1.0
70627,1.0
70628,1.0
70629,1.0
70630,0.929825
70631,0.984875
70632,0.664899
70633,0.0
70634,0.0
70635,0.0
70636,0.278486
70637,0.02
70638,0.005237
70639,0.053049
70640,0.0
70641,0.115327
70642,0.650298
70643,0.157895
70644,0.035
70645,0.0
70646,0.008951
70647,0.0
70648,0.000223
70649,0.00856
70650,0.061785
70651,0.036929
70652,0.842105
70653,0.98783
70654,0.422535
70655,0.375828
70656,0.0
70657,0.0
70658,0.0
70659,0.0
70660,0.0
70661,0.0
70662,0.606844
70663,0.365366
70664,0.188139
70665,0.245885
70666,0.286484
70667,0.236945
70668,0.087091
70669,0.059645
70670,0.225
70671,1.0
70672,1.0
70674,0.809524
70677,0.0
70680,1.0
70681,0.0
70682,0.475634
70683,0.730539
70684,0.032746
70685,0.115758
70687,0.030733
70688,0.002181
70689,0.194161
70690,0.23125
70691,0.947246
70692,0.192423
70693,0.099785
70694,0.001569
70695,0.0
70696,0.001119
70697,0.592568
70698,0.395405
70699,0.006311
70700,0.058318
70701,0.0
70702,0.0
70703,0.0
70704,0.006965
70705,0.026542
70706,0.0
70707,0.001868
70708,0.000553
70709,0.00127
70710,0.000445
70711,0.028167
70712,0.000102
70713,0.0
70714,0.0
70715,0.000167
70716,0.0
70717,0.0
70718,0.0
70719,0.0
70720,0.0
70721,0.0
70722,0.002539
70723,0.0
70724,0.0
70725,0.0
70726,0.0
70727,0.0
70728,0.0
70729,0.0
70730,0.0
70731,0.001198
70732,0.000114
70733,0.000158
70734,0.00072
70735,0.000255
70736,0.019324
70737,0.064952
70738,0.015682
70739,0.012086
70740,0.001726
70741,0.000815
70742,0.000404
70743,0.000185
70744,0.0001
70745,8.8e-05
70746,0.0
70747,0.0
70748,0.059006
70749,0.153508
70750,0.007429
70751,0.008839
70752,0.004894
70753,0.006342
70754,0.0
70755,0.0
70756,0.0
70757,0.0
70758,0.0
70759,0.0
70760,0.0
70761,0.0
70762,0.0
70763,0.0
70764,0.0
70765,0.0
70766,0.0
70767,0.0
70768,0.0
70769,0.0
70770,0.0
70771,0.0
70772,0.0
70773,0.0
70774,0.0
70775,0.0
70776,0.0
70777,0.0
70778,0.0
70779,0.0
70780,0.0
70781,0.0
70782,0.0
70783,0.0
70784,0.0
70785,0.0
70786,0.0
70787,0.0
70788,0.0
70789,0.0
70790,0.0
70791,0.0
70792,0.0
70793,0.0
70794,0.0
70795,0.0
70796,0.341042
70797,0.145396
70798,0.0
70799,0.0
70800,0.0
70801,0.0
70802,0.0
70803,0.0
70804,0.0
70805,0.0
70806,0.0
70807,0.0
70808,0.0
70809,0.0
70810,0.0
70811,0.0
70812,0.0
70813,0.0
70814,0.0
70815,0.0
70816,0.0
70817,0.0
70818,0.0
70819,0.0
70820,0.0
70821,0.0
70822,0.0
70823,0.0
70824,0.0
70825,0.0
70826,0.0
70827,0.0
70828,0.0
70829,0.0
70830,0.0
70831,0.0
70832,0.0
70833,0.0
70834,0.0
70835,0.0
70836,0.819429
70837,0.904865
70838,0.587775
70839,0.571021
70840,0.634175
70841,0.124137
70842,0.0
70843,0.0
70844,0.0
70845,0.0
70846,0.0
70847,0.129663
70848,0.400621
70849,1.0
70851,0.484716
70852,0.931711
70853,0.890661
70854,0.511753
70855,0.037686
70856,0.0
70857,0.0
70858,0.0
70859,0.0
70860,0.0
70861,0.0
70862,0.0
70863,0.0
70864,0.0
70865,0.0
70866,0.009709
70867,0.909091
70868,0.743056
70869,0.981343
70870,0.60686
70871,0.0
70872,0.0
70873,0.0
70874,0.0
70875,0.0
70879,0.191011
70880,0.936603
70881,0.588496
70882,1.0
70883,0.0
70946,0.0
70947,0.0
70948,0.0
70949,0.0
70950,0.0
70951,0.0
70952,0.0
70953,0.0
70954,0.0
70955,0.0
70956,0.0
70957,0.0
70958,0.0
70959,0.0
70960,0.0
70961,0.0
70962,0.0
70963,0.386658
70964,0.0
70965,0.0
70966,0.0
70967,0.0
70968,0.0
70969,0.0
70970,0.0
70971,0.0
70972,0.776157
70973,1.0
70974,0.0
70975,0.0
70976,0.146166
70977,0.0
70978,0.0
70979,0.0
70980,0.0
70981,0.0
70982,0.0
70983,0.0
70984,0.0
70985,0.0
70986,0.0
71293,0.0
71294,0.0
71295,0.198464
71296,0.017745
71297,0.002752
71298,0.011256
71299,0.009732
71300,0.04065
71301,0.009734
71302,0.173186
71303,0.040781
71304,0.020932
71305,0.047071
71306,1.0
71307,0.222222
71308,0.789116
71309,1.0
71311,1.0
71312,1.0
71313,1.0
71314,1.0
71315,0.822898
71316,1.0
71317,0.678529
71318,0.0
71319,0.0
71320,0.017197
71321,0.095922
71322,0.140693
71323,0.000511
71324,0.0
71325,0.0
71326,0.035862
71327,0.135882
71328,0.681784
71329,0.562016
71330,0.971104
71331,0.304455
71332,0.087994
71333,0.0
71334,0.001054
71335,0.014943
71336,1.0
71337,0.0
71338,0.0
71339,0.007888
71340,0.374101
71341,0.735178
71342,0.886943
71343,0.03726
71344,0.0
71345,0.043077
71346,0.319672
71347,0.422874
71348,0.028702
71349,0.25888
71350,0.158333
71351,0.888192
71352,0.228014
71353,0.01581
71354,0.62426
71355,1.0
71358,0.846154
71359,0.0
71362,0.0
71363,0.963768
71364,1.0
71365,1.0
71366,0.936869
71367,0.880952
71368,0.0
71369,0.212317
71370,0.904762
71371,0.997803
71372,0.130539
71373,0.044539
71374,0.16019
71375,0.404377
71376,0.020546
71377,0.0
71378,0.0
71379,0.001534
71380,0.0
71381,0.036469
71382,0.124335
71383,0.113182
71384,0.0
71385,0.0
71386,0.175439
71387,0.0
71388,0.0
71389,0.0
71390,0.006743
71391,0.028455
71392,0.215385
71393,0.006071
71394,0.000216
71395,0.202985
71396,0.077757
71397,0.000709
71398,0.0
71399,0.000306
71400,0.0
71401,0.0
71402,0.00146
71403,0.0
71404,0.0
71405,0.000731
71406,0.0
71407,0.0
71408,0.0
71409,0.0
71410,0.0
71411,0.0
71412,0.0
71413,0.0
71414,0.0
71415,0.012826
71416,0.001379
71417,0.0
71418,0.0
71419,0.0
71420,0.006219
71421,0.0
71422,0.0
71423,0.00034
71424,8.2e-05
71425,0.0
71426,0.000288
71427,9.1e-05
71428,0.000189
71429,8.7e-05
71430,0.0
71431,0.000522
71432,0.002918
71433,0.02956
71434,0.036285
71435,0.124374
71436,0.03305
71437,0.00206
71438,0.0
71439,0.004722
71440,0.0
71441,0.0
71442,0.0
71443,0.0
71444,0.0
71445,0.0
71446,0.0
71447,0.0
71448,0.0
71449,0.0
71450,0.0
71451,0.0
71452,0.005786
71453,0.0
71454,0.0
71455,0.0
71456,0.0
71457,0.0
71458,0.0
71459,0.0
71460,0.0
71461,0.0
71462,0.0
71463,0.0
71464,0.0
71465,0.0
71466,0.0
71467,0.0
71468,0.0
71469,0.0
71470,0.0
71471,0.0
71472,0.0
71473,0.0
71474,0.0
71475,0.0
71476,0.0
71477,0.0
71478,0.0
71479,0.0
71480,0.003631
71481,0.0
71482,0.0
71483,0.0
71484,0.0
71485,0.0
71486,0.0
71487,0.0
71488,0.0
71489,0.0
71490,0.0
71491,0.0
71492,0.0
71493,0.0
71494,0.0
71495,0.0
71496,0.0
71497,0.0
71498,0.0
71499,0.024219
71500,0.866377
71501,0.0
71502,0.0
71503,0.0
71504,0.0
71506,0.0
71507,0.0
71508,0.0
71509,0.0
71510,0.0
71511,0.0
71512,0.0
71513,0.0
71514,0.0
71515,0.0
71516,0.0
71517,0.001799
71518,0.0
71519,0.0
71520,0.117123
71521,0.495545
71522,0.787281
71523,0.869889
71524,0.967499
71525,0.777888
71526,0.252187
71527,0.0
71528,0.0
71529,0.0
71530,0.0
71531,0.0
71532,0.0
71533,0.0
71534,0.0
71535,0.882775
71536,0.892171
71537,0.33321
71538,0.130765
71539,0.002896
71540,0.0
71541,0.0
71542,0.0
71543,0.0
71544,0.0
71545,0.0
71546,0.0
71547,0.0
71548,0.0
71549,0.0
71550,0.203166
71551,0.858537
71552,0.917373
71553,0.261851
71554,0.021228
71555,0.0
71556,0.0
71557,0.0
71558,0.0
71559,0.0
71564,1.0
71629,0.0
71630,0.0
71631,0.0
71632,0.0
71633,0.0
71634,0.0
71635,0.0
71636,0.0
71637,0.0
71638,0.0
71639,0.0
71640,0.0
71641,0.0
71643,0.0
71644,0.0
71645,0.0
71646,0.0
71647,0.0
71648,0.0
71649,0.0
71650,0.0
71651,0.0
71652,0.0
71653,0.0
71654,0.001103
71655,0.210832
71656,0.0
71657,1.0
71658,0.990305
71659,0.849003
71660,0.032427
71661,0.0
71662,0.0
71663,0.0
71664,0.0
71665,0.0
71666,0.0
71667,0.0
71669,0.0
71977,0.0
71978,0.024085
71979,0.134839
71980,0.121827
71981,0.000828
71982,0.02602
71983,0.001233
71984,0.018456
71985,0.045541
71986,0.083067
71987,0.039766
71988,0.265306
71989,0.020833
71990,0.771084
71991,0.294444
71992,0.714286
71993,1.0
71994,1.0
71995,1.0
71996,1.0
71997,0.761905
71998,0.613281
71999,1.0
72000,1.0
72001,0.694402
72002,0.015934
72003,0.005484
72004,0.540622
72005,0.16457
72006,0.034172
72007,0.134119
72008,0.035057
72009,0.00071
72010,0.0
72011,0.008258
72012,0.033069
72013,0.542325
72014,0.962839
72015,0.080336
72016,0.143001
72017,0.40919
72018,1.0
72019,0.495305
72020,1.0
72021,0.12069
72022,0.079011
72023,0.000478
72024,0.005098
72025,0.000544
72026,0.261477
72027,0.137712
72028,0.891892
72029,0.007576
72030,0.883444
72031,0.108115
72032,0.03292
72033,0.086184
72034,0.033173
72035,0.461631
72036,0.226841
72037,0.001631
72038,0.531687
72040,1.0
72042,1.0
72046,0.0
72047,0.272727
72048,1.0
72049,0.788849
72050,0.857143
72051,0.95858
72052,0.848485
72053,0.010713
72054,0.469484
72055,0.915082
72056,0.212186
72057,0.029853
72058,0.0
72059,0.0
72060,0.0
72061,0.0
72062,0.000411
72063,0.044163
72064,0.002773
72065,0.11885
72066,0.088491
72067,0.0
72068,0.0
72069,0.0
72070,1.0
72071,0.015625
72072,0.441176
72073,0.101238
72074,0.02691
72075,0.0
72078,0.019737
72079,0.083832
72080,0.001097
72081,0.0
72082,0.000977
72083,0.000133
72084,0.0
72085,0.001509
72086,0.001376
72087,0.001094
72088,0.002034
72089,0.0
72090,0.0
72091,0.0
72092,0.0
72093,0.0
72094,0.0
72095,0.0
72096,0.0
72097,0.0
72098,0.0
72099,0.030501
72100,0.032103
72101,0.001555
72102,0.00011
72103,0.024261
72104,0.007957
72105,0.034723
72106,0.0
72107,0.0
72108,0.0
72109,8.2e-05
72110,0.000623
72111,0.0
72112,7.4e-05
72113,0.000101
72114,0.005296
72115,0.005873
72116,0.056453
72117,0.11819
72118,0.069014
72119,0.034392
72120,0.012988
72121,0.004384
72122,0.0
72123,0.0
72124,0.0
72125,0.0
72126,0.0
72127,0.0
72128,0.0
72129,0.0
72130,0.0
72131,0.0
72132,0.0
72133,0.0
72134,0.001957
72135,0.0
72136,0.002122
72137,0.009107
72138,0.001727
72139,0.0
72140,0.0
72141,0.0
72142,0.0
72143,0.0
72144,0.0
72145,0.0
72146,0.0
72147,0.0
72148,0.0
72149,0.0
72150,0.0
72151,0.0
72152,0.0
72153,0.0
72154,0.0
72155,0.0
72156,0.0
72157,0.0
72158,0.0
72159,0.0
72160,0.0
72161,0.0
72162,0.0
72163,0.0
72164,0.0
72165,0.0
72166,0.0
72167,0.0
72168,0.0
72169,0.0
72170,0.0
72171,0.0
72172,0.0
72173,0.0
72174,0.0
72175,0.0
72176,0.0
72177,0.0
72178,0.0
72179,0.0
72180,0.0
72181,0.0
72182,0.0
72183,0.191904
72184,0.893864
72185,0.0
72186,0.0
72187,0.0
72188,0.0
72189,0.0
72190,0.0
72191,0.0
72192,0.0
72193,0.0
72194,0.0
72195,0.0
72196,0.0
72197,0.0
72198,0.0
72199,0.0
72200,0.0
72201,0.0
72202,0.0
72203,0.0
72204,0.0
72205,0.002336
72206,0.602862
72207,0.82141
72208,0.949236
72209,0.344831
72210,0.0
72211,0.0
72212,0.0
72213,0.0
72214,0.0
72215,0.0
72216,0.0
72217,0.0
72218,0.0
72219,0.769416
72220,0.762405
72221,0.811093
72222,0.480874
72223,0.150459
72224,0.0
72225,0.0
72226,0.0
72230,0.0
72231,0.0
72232,0.0
72233,0.0
72234,0.136667
72235,0.5125
72236,0.424658
72237,0.018349
72238,0.0
72249,0.0
72250,0.0
72313,0.0
72314,0.0
72315,0.0
72316,0.0
72317,0.0
72318,0.0
72319,0.0
72320,0.0
72321,0.0
72322,0.0
72323,0.0
72324,0.0
72325,0.0
72329,0.0
72330,0.0
72331,0.0
72332,0.0
72333,0.0
72334,0.0
72335,0.0
72336,0.0
72337,0.0
72338,0.005848
72339,0.623768
72340,0.510676
72341,0.961197
72342,0.568895
72343,0.08871
72344,0.0
72345,0.0
72346,0.0
72347,0.0
72348,0.0
72349,0.0
72350,0.0
72351,0.0
72660,0.0
72661,0.0
72662,0.0
72663,0.178693
72664,0.207558
72665,0.07585
72666,0.01929
72667,0.017032
72668,0.008889
72669,0.0
72670,0.049315
72671,0.147224
72672,0.159942
72673,0.16
72674,1.0
72675,0.290566
72676,0.280502
72677,1.0
72678,1.0
72679,1.0
72680,0.23876
72681,0.072125
72682,0.667257
72683,1.0
72684,0.0
72685,1.0
72686,0.325234
72687,0.012372
72688,8.6e-05
72689,0.000417
72690,0.008641
72691,0.053347
72692,0.020635
72693,0.0
72694,0.0
72695,0.016604
72696,0.002442
72697,0.034341
72698,0.472987
72699,0.032583
72700,0.051398
72701,0.811586
72702,0.731896
72703,0.980132
72705,0.034751
72706,0.030593
72707,0.0
72708,0.0
72709,0.0
72710,0.000509
72711,0.0
72712,0.021053
72713,0.003992
72714,0.146999
72715,0.068238
72716,0.001678
72717,0.002406
72718,0.017763
72719,0.583796
72720,0.282332
72721,0.014513
72722,0.803596
72723,1.0
72724,1.0
72731,0.884615
72732,0.837037
72733,1.0
72734,0.989011
72735,0.749767
72736,0.913548
72737,0.241843
72738,0.305503
72739,0.098475
72740,0.00389
72741,0.0
72742,0.001447
72743,0.018216
72744,0.04643
72745,0.042197
72746,0.003317
72747,0.0
72748,0.00235
72749,0.749129
72750,0.04835
72751,0.000209
72752,0.0
72753,0.046973
72754,0.004747
72755,0.0
72756,0.132911
72757,0.017704
72758,0.0
72759,0.0
72762,0.0
72763,0.02439
72764,0.059492
72765,0.0
72766,0.0
72767,0.002182
72768,0.000217
72769,0.0
72770,0.00069
72771,0.008988
72772,0.001128
72773,0.0
72774,0.0
72775,0.0
72776,0.0
72777,0.0
72778,0.0
72779,0.0
72780,0.0
72781,0.0
72782,0.0
72783,0.000291
72784,0.011011
72785,0.038582
72786,8.1e-05
72787,0.016769
72788,0.012452
72789,0.027013
72790,0.040931
72791,0.02612
72792,0.0
72793,0.0
72794,0.000164
72795,0.0
72796,0.0
72797,0.000244
72798,0.000632
72799,0.024983
72800,0.624558
72801,0.066336
72802,0.027227
72803,0.042073
72804,0.031493
72805,0.063689
72806,0.013658
72807,0.096617
72808,0.005289
72809,0.0
72810,0.0
72811,0.046495
72812,0.244381
72813,0.190464
72814,0.000515
72815,0.0
72816,0.002572
72817,0.0
72818,0.127859
72819,0.04354
72820,0.007973
72821,0.002971
72822,0.0
72823,0.0
72824,0.0
72825,0.0
72826,0.0
72827,0.0
72828,0.0
72829,0.0
72830,0.0
72831,0.0
72832,0.0
72833,0.0
72834,0.0
72835,0.0
72836,0.0
72837,0.0
72838,0.0
72839,0.0
72840,0.0
72841,0.0
72842,0.0
72843,0.0
72844,0.0
72845,0.0
72846,0.0
72847,0.0
72848,0.0
72849,0.0
72850,0.0
72851,0.248107
72852,0.0
72853,0.0
72854,0.0
72855,0.0
72856,0.0
72857,0.0
72858,0.0
72859,0.0
72860,0.0
72861,0.0
72862,0.0
72863,0.0
72864,0.0
72865,0.0
72866,0.0
72867,0.000593
72868,0.271352
72869,0.0
72870,0.0
72871,0.0
72872,0.0
72873,0.0
72874,0.0
72875,0.0
72876,0.0
72877,0.0
72878,0.0
72879,0.0
72880,0.0
72881,0.00017
72882,0.023048
72883,0.0
72884,0.002328
72885,0.0
72886,0.0
72887,0.0
72888,0.007194
72889,0.0
72890,0.601107
72891,0.632202
72892,0.935752
72893,0.207097
72894,0.0
72895,0.008909
72896,0.527467
72897,0.378756
72898,0.271845
72899,0.0
72900,0.0
72901,0.0
72902,0.0
72903,0.416667
72904,0.816042
72905,0.87019
72906,0.705121
72907,0.501105
72908,0.333333
72909,0.0
72915,0.0
72916,0.0
72917,0.0
72918,0.75976
72919,0.343854
72921,0.0
72922,0.0
72933,0.0
72934,0.0
72935,0.0
72936,0.0
72937,0.0
72996,0.0
72997,0.0
72998,0.0
72999,0.0
73000,0.0
73001,0.0
73002,0.0
73003,0.0
73004,0.0
73005,0.0
73006,0.0
73007,0.0
73008,0.0
73013,0.0
73014,0.0
73015,0.140728
73016,0.455862
73017,0.0
73018,0.0
73019,0.0
73020,0.0
73021,0.0
73022,0.0
73023,0.067934
73024,0.071336
73025,0.195441
73026,0.0
73027,0.0
73028,0.0
73029,0.0
73030,0.0
73031,0.0
73032,0.030457
73033,0.0
73034,0.0
73035,0.0
73343,0.0
73344,0.012611
73345,0.014902
73346,0.009658
73347,0.123922
73348,0.101089
73349,0.065041
73350,0.089764
73351,0.089965
73352,0.0
73353,0.027731
73354,0.172152
73355,0.246085
73356,0.611511
73357,1.0
73358,0.255814
73360,1.0
73361,1.0
73362,0.96477
73363,0.314577
73364,0.019746
73365,0.0
73366,0.170173
73367,1.0
73368,1.0
73369,1.0
73371,0.003787
73372,0.0
73373,0.001941
73374,0.000372
73375,0.531275
73376,0.243039
73377,0.0
73378,0.142991
73379,0.764164
73380,0.913793
73381,0.251962
73382,1.0
73383,0.365854
73384,0.122642
73385,1.0
73386,0.0
73387,0.454545
73388,0.0
73389,0.00819
73390,0.002579
73391,0.0
73392,0.0
73393,0.0
73394,0.00051
73395,0.0
73396,0.01677
73397,0.087552
73398,0.016153
73399,0.0014
73400,0.0007
73401,0.000256
73402,0.081343
73403,0.980759
73404,0.27
73405,0.0
73406,0.694257
73407,1.0
73408,1.0
73410,0.0
73414,1.0
73417,0.956897
73418,0.834225
73419,0.429204
73420,0.266254
73421,0.007297
73422,0.532798
73423,0.051618
73424,0.025603
73425,0.024396
73426,0.057587
73427,0.069873
73428,0.006666
73429,0.000893
73430,0.000467
73431,0.0
73432,0.009544
73433,0.928668
73434,0.28667
73435,0.005063
73436,0.0
73437,0.530612
73438,0.477941
73439,0.0
73440,0.100144
73441,0.164179
73449,0.014271
73450,0.0
73451,0.0
73452,0.0
73453,0.0
73454,0.003353
73455,0.000838
73456,0.0
73457,0.0
73458,0.0
73459,0.0
73460,0.0
73461,0.0
73462,0.0
73463,0.0
73464,0.0
73465,0.0
73466,0.0
73467,0.0
73468,0.0
73469,0.0
73470,0.0
73471,0.0
73472,0.0
73473,0.28538
73474,0.226395
73475,0.070612
73476,0.0
73477,0.0
73478,0.0
73479,0.0
73480,0.0
73481,0.000119
73482,0.018065
73483,0.023669
73484,0.026191
73485,0.0
73486,0.332371
73487,0.097104
73488,0.001491
73489,0.003185
73490,0.042351
73491,0.101204
73492,0.009813
73493,0.0
73494,0.002377
73495,0.031057
73496,0.227638
73497,0.35192
73498,0.295542
73499,0.008522
73500,0.008848
73501,0.0
73502,0.0
73503,0.0
73504,0.0
73505,0.0
73506,0.0
73507,0.0
73508,0.0
73509,0.0
73510,0.0
73511,0.0
73512,0.0
73513,0.0
73514,0.0
73515,0.0
73516,0.0
73517,0.0
73518,0.0
73519,0.0
73520,0.0
73521,0.0
73522,0.0
73523,0.0
73524,0.0
73525,0.0
73526,0.0
73527,0.0
73528,0.0
73529,0.0
73530,0.0
73531,0.0
73532,0.0
73533,0.0
73534,0.0
73535,0.0
73536,0.0
73537,0.0
73538,0.0
73539,0.0
73540,0.0
73541,0.0
73542,0.0
73543,0.0
73544,0.0
73545,0.0
73546,0.0
73547,0.0
73548,0.0
73549,0.0
73550,0.0
73551,0.0
73552,0.0
73553,0.0
73554,0.0
73555,0.0
73556,0.000167
73557,0.0
73558,0.0
73559,0.0
73560,0.0
73561,0.0
73562,0.0
73563,0.0
73564,0.010409
73565,0.06437
73566,0.0
73567,0.0
73568,0.004624
73569,0.004359
73570,0.002345
73571,0.001114
73572,0.0
73573,0.0
73574,0.045482
73575,0.264254
73576,0.303691
73577,0.03761
73578,0.0
73579,0.163934
73580,0.957082
73581,0.939633
73582,0.047333
73583,0.0
73584,0.0
73585,0.0
73586,0.0
73587,0.0
73588,0.217172
73589,0.502577
73590,0.451535
73591,0.524675
73592,0.157895
73593,0.0
73599,0.0
73600,0.0
73601,0.0
73602,0.0
73603,0.307692
73604,0.0
73605,0.0
73611,0.0
73612,0.0
73618,0.0
73619,0.0
73620,0.0
73621,0.0
73622,0.0
73623,0.0
73680,0.0
73681,0.0
73682,0.0
73683,0.0
73684,0.0
73685,0.0
73686,0.0
73687,0.0
73688,0.0
73689,0.0
73690,0.0
73691,0.0
73692,0.0
73698,0.0
73699,0.665512
73700,0.763118
73701,0.0
73702,0.0
73703,0.0
73704,0.0
73705,0.0
73706,0.0
73707,0.0
73708,0.027925
73709,0.0
73710,0.0
73711,0.0
73712,0.0
73713,0.0
73714,0.0
73715,0.0
73716,0.0
73717,0.0
73718,0.0
74027,0.013636
74028,0.04132
74029,0.016794
74030,0.054655
74031,0.020088
74032,0.057244
74033,0.041942
74034,0.216682
74035,0.147553
74036,0.089224
74037,0.198805
74038,0.064234
74039,0.257143
74040,0.873913
74041,1.0
74042,1.0
74043,1.0
74044,1.0
74045,1.0
74046,0.972145
74047,0.679371
74048,0.030744
74049,0.005284
74050,0.597418
74051,1.0
74052,0.8114
74053,0.03666
74054,0.146011
74055,0.0
74056,0.0
74057,0.202274
74058,0.0
74059,0.056346
74060,0.000388
74061,0.000435
74062,0.833851
74063,0.676115
74064,0.994016
74065,0.807768
74066,0.451233
74067,0.516382
74068,0.50173
74069,0.172768
74070,0.0
74071,0.330166
74072,0.154689
74073,0.0
74074,0.0
74075,0.0
74076,2.8e-05
74077,0.000188
74078,0.001275
74079,0.042001
74080,0.543767
74081,0.303206
74082,0.045157
74083,0.125678
74084,0.001688
74085,0.027755
74086,0.398469
74087,0.949538
74088,0.22836
74089,0.046963
74090,0.954545
74091,0.920792
74092,0.0
74093,0.9808
74094,0.5
74095,0.163934
74096,0.0
74098,0.0
74100,1.0
74101,0.066667
74102,0.007426
74103,0.018519
74104,1.0
74105,0.081726
74106,0.006007
74107,0.626556
74108,0.058254
74109,0.016694
74110,0.0
74111,0.002133
74112,0.0
74113,0.0
74114,0.0
74115,0.0
74116,0.088023
74117,0.996032
74118,0.0
74119,0.000355
74121,0.759551
74122,0.076389
74123,0.0
74124,0.293987
74125,0.942029
74126,0.0
74133,0.021739
74134,0.043689
74135,0.0
74136,0.0
74137,0.0
74138,0.000682
74139,0.004739
74140,0.0
74141,0.0
74142,0.0
74143,0.0
74144,0.061546
74145,0.018659
74146,0.0
74147,0.0
74148,0.0
74149,0.0
74150,0.0
74151,0.0
74152,0.0
74153,0.0
74154,0.0
74155,0.0
74156,0.000281
74157,0.259841
74158,0.497071
74159,0.020014
74160,0.0
74161,0.0
74162,9.6e-05
74163,0.0
74164,0.0
74165,0.0
74166,0.0
74167,0.0
74168,0.0
74169,0.004974
74170,0.539726
74171,0.159333
74172,0.000132
74173,0.00096
74174,0.004491
74175,0.022328
74176,0.007287
74177,0.020693
74178,0.0
74179,0.000737
74180,0.0
74181,0.174026
74182,0.188215
74183,0.172201
74184,0.377394
74185,0.0
74186,0.0
74187,0.0
74188,0.0
74189,0.0
74190,0.0
74191,0.0
74192,0.0
74193,0.0
74194,0.0
74195,0.0
74196,0.0
74197,0.0
74198,0.0
74199,0.0
74200,0.0
74201,0.0
74202,0.0
74203,0.0
74204,0.0
74205,0.0
74206,0.0
74207,0.0
74208,0.0
74209,0.0
74210,0.0
74211,0.0
74212,0.0
74213,0.0
74214,0.0
74215,0.0
74216,0.0
74217,0.0
74218,0.0
74219,0.0
74220,0.0
74221,0.0
74222,0.0
74223,0.0
74224,0.0
74225,0.0
74226,0.0
74227,0.0
74228,0.0
74229,0.0
74230,0.0
74231,0.0
74232,0.0
74233,0.0
74234,0.0
74235,0.0
74236,0.0
74237,0.0
74238,0.0
74239,0.0
74240,0.0
74241,0.0
74242,0.0
74243,0.0
74244,0.0
74245,0.0
74246,0.0
74247,0.043503
74248,0.007396
74249,0.0
74250,0.0
74251,0.0
74252,0.0
74253,0.0
74254,0.0
74255,0.0
74256,0.0
74257,0.0
74258,0.0
74259,0.0
74260,0.0
74261,0.0
74262,0.0
74263,0.187359
74264,0.591342
74265,0.861236
74266,0.0107
74267,0.0
74268,0.0
74269,0.0
74270,0.0
74271,0.0
74272,0.047343
74273,0.289409
74274,0.076293
74275,0.063251
74276,0.230769
74277,0.0
74282,0.0
74283,0.0
74284,0.0
74285,0.0
74288,0.0
74289,0.0
74302,0.0
74303,0.0
74304,0.0
74305,0.0
74306,0.0
74307,0.0
74308,0.0
74309,0.0
74310,0.0
74311,0.0
74363,0.0
74364,0.0
74365,0.0
74366,0.0
74367,0.0
74368,0.0
74369,0.0
74370,0.0
74371,0.0
74372,0.0
74373,0.0
74374,0.0
74376,0.0
74377,0.0
74381,0.0
74382,0.0
74383,0.035398
74384,0.6956
74385,0.144841
74386,0.0
74387,0.0
74388,0.0
74389,0.0
74390,0.0
74391,0.0
74392,0.0
74393,0.0
74394,0.0
74395,0.0
74397,0.0
74398,0.0
74399,0.0
74400,0.0
74401,0.0
74402,0.0
74711,0.018519
74712,0.068085
74713,0.020161
74714,0.06703
74715,0.049482
74716,0.022438
74717,0.080685
74718,0.256237
74719,0.122951
74720,0.0445
74721,0.177619
74722,0.091667
74723,0.377246
74724,0.0
74725,0.380952
74726,1.0
74727,1.0
74728,1.0
74729,1.0
74730,1.0
74731,0.874833
74732,0.93002
74733,0.915408
74734,0.675047
74735,0.511424
74736,0.013672
74737,0.020211
74738,0.000486
74739,0.0
74740,0.378229
74741,0.0
74742,0.0
74743,0.005194
74744,5.5e-05
74745,0.400277
74746,0.081021
74747,0.317079
74748,0.863881
74749,0.640421
74750,0.031096
74751,0.720062
74752,0.543339
74753,0.0
74754,0.0
74755,0.001114
74756,0.0
74757,0.187126
74758,0.000366
74759,0.0
74760,0.011249
74761,0.028531
74762,0.418329
74763,0.242012
74764,0.60786
74765,0.124927
74766,0.035907
74767,0.114709
74768,0.40865
74769,0.296794
74770,0.043846
74771,0.512453
74772,0.015783
74773,0.885417
74774,1.0
74775,0.991536
74776,1.0
74777,1.0
74778,1.0
74779,1.0
74781,0.090909
74783,0.959538
74784,0.953425
74785,0.635838
74786,0.002119
74787,0.0
74789,0.01049
74790,0.000165
74791,0.001202
74792,0.719101
74793,0.042617
74794,0.063492
74795,0.002928
74796,0.0
74797,0.0
74798,0.0
74799,0.0
74800,1.0
74801,1.0
74802,0.880309
74803,0.54799
74805,1.0
74810,1.0
74814,0.416667
74815,0.941176
74818,0.130435
74819,0.011628
74820,0.000142
74821,0.00027
74822,0.000342
74823,0.000111
74824,0.063707
74825,0.046892
74826,0.140509
74827,0.705707
74828,0.408185
74829,9.1e-05
74830,0.0
74831,0.0
74832,0.0
74833,0.0
74834,0.0
74835,0.0
74836,0.033655
74837,0.087491
74838,0.006167
74839,0.210069
74840,0.148893
74841,0.392186
74842,0.31232
74843,0.0
74844,0.0
74845,0.00053
74846,0.0
74847,0.0
74848,0.0001
74849,0.0
74850,0.0
74851,0.0
74852,0.0
74853,0.017497
74854,0.115325
74855,0.063986
74856,0.002509
74857,0.014005
74858,0.074487
74859,0.007275
74860,0.016269
74861,0.020744
74862,0.003245
74863,0.0
74864,0.0
74865,0.076122
74866,0.192633
74867,0.10114
74868,0.175746
74869,0.029851
74870,0.0
74871,0.0
74872,0.0
74873,0.0
74874,0.0
74875,0.0
74876,0.0
74877,0.0
74878,0.0
74879,0.0
74880,0.0
74881,0.0
74882,0.0
74883,0.0
74884,0.0
74885,0.0
74886,0.0
74887,0.0
74888,0.0
74889,0.0
74890,0.0
74891,0.0
74892,0.0
74893,0.0
74894,0.0
74895,0.0
74896,0.0
74897,0.0
74898,0.0
74899,0.0
74900,0.004395
74901,0.0
74902,0.0
74903,0.0
74904,0.0
74905,0.0
74906,0.0
74907,0.0
74908,0.0
74909,0.0
74910,0.0
74911,0.0
74912,0.0
74913,0.0
74914,0.0
74915,0.0
74916,0.0
74917,0.0
74918,0.0
74919,0.0
74920,0.0
74921,0.0
74922,0.0
74923,0.0
74924,0.0
74925,0.0
74926,0.0
74927,0.0
74928,0.0
74929,0.0
74930,0.0
74931,0.018737
74932,0.0
74933,0.0
74934,0.0
74935,0.0
74936,0.0
74937,0.0
74938,0.0
74939,0.0
74940,0.0
74941,0.0
74942,0.0
74943,0.0
74944,0.0
74945,0.0
74946,0.0
74947,0.0
74948,0.0
74949,0.286018
74950,0.249075
74951,0.0
74952,0.010985
74953,0.0
74954,0.0
74955,0.0
74956,0.007959
74957,0.045922
74958,0.012362
74959,0.074575
74960,0.502622
74961,0.047505
74962,0.0
74965,0.0
74966,0.0
74967,0.0
74968,0.0
74983,0.0
74984,0.0
74985,0.0
74986,0.0
74987,0.0
74988,0.0
74989,0.0
74990,0.0
74991,0.0
74992,0.0
74993,0.0
74994,0.0
74995,0.0
75046,0.0
75047,0.0
75048,0.0
75049,0.042341
75050,0.742861
75051,0.23122
75052,0.0
75053,0.0
75054,0.0
75055,0.0
75056,0.0
75057,0.0
75058,0.0
75059,0.0
75060,0.0
75061,0.0
75066,0.0
75067,0.0
75068,0.342743
75069,0.48917
75070,0.0
75071,0.026358
75072,0.103489
75073,0.004202
75074,0.0
75075,0.0
75076,0.0
75077,0.0
75078,0.0
75079,0.0
75080,0.0
75081,0.0
75082,0.0
75083,0.0
75084,0.0
75085,0.0
75086,0.0
75395,0.016311
75396,0.23414
75397,0.333333
75398,0.006849
75399,0.0
75400,0.0
75401,0.075446
75402,0.09609
75403,0.054806
75404,0.06367
75405,0.291787
75406,0.185206
75407,0.153654
75408,1.0
75409,1.0
75410,1.0
75411,1.0
75412,1.0
75413,0.693408
75414,0.286013
75415,0.319939
75416,0.0
75417,0.000781
75418,0.516056
75419,0.635094
75420,0.446795
75421,0.001197
75422,0.484983
75423,0.08804
75424,0.137441
75425,0.0
75426,0.0
75427,0.0
75428,0.000477
75429,0.554341
75430,0.006875
75431,0.093722
75432,0.910123
75433,0.385631
75434,0.055413
75435,0.213296
75436,0.458204
75437,0.124934
75438,0.0
75439,0.000189
75440,0.047619
75441,0.83052
75442,0.24581
75443,0.0
75444,0.820971
75445,0.585069
75446,0.113658
75447,0.218829
75448,0.158042
75449,0.0
75450,0.075495
75451,0.105232
75452,0.335645
75453,0.506385
75454,0.036722
75455,0.17199
75456,0.223684
75457,0.997268
75458,1.0
75459,1.0
75460,1.0
75461,1.0
75462,1.0
75463,0.848168
75464,1.0
75465,0.776042
75466,1.0
75467,1.0
75468,0.952381
75469,0.139394
75470,0.114286
75471,0.001772
75472,0.008625
75474,0.338161
75475,0.00735
75476,0.144451
75477,0.009774
75478,0.237685
75479,0.263171
75480,0.0
75481,0.0
75482,0.0
75483,0.0
75484,0.079863
75485,0.492925
75486,0.741935
75487,0.750654
75488,0.012195
75489,0.965293
75490,0.828794
75498,0.0
75499,0.2
75503,0.188308
75504,0.000461
75505,0.003092
75506,0.009332
75507,0.0
75508,0.0
75509,0.917695
75510,0.499737
75511,0.134635
75512,0.0
75513,0.0
75514,0.0
75515,0.0
75516,0.0
75517,0.0
75518,0.0
75519,0.002512
75520,0.190807
75521,0.173356
75522,0.050626
75523,0.928358
75524,0.851871
75525,0.475993
75526,0.14715
75527,0.002528
75528,0.0
75529,0.0
75530,0.0
75531,0.0
75532,0.0
75533,0.0
75534,0.0
75535,0.0
75536,0.0
75537,0.034934
75538,0.039592
75539,0.042431
75540,0.0
75541,0.028839
75542,0.003748
75543,0.001462
75544,0.039815
75545,0.104763
75546,0.0
75547,0.0
75548,0.0
75549,0.022644
75550,0.232593
75551,0.0
75552,0.0
75553,0.719944
75554,0.212803
75555,0.0
75556,0.0
75557,0.0
75558,0.0
75559,0.0
75560,0.0
75561,0.0
75562,0.0
75563,0.0
75564,0.0
75565,0.0
75566,0.0
75567,0.0
75568,0.0
75569,0.0
75570,0.0
75571,0.0
75572,0.0
75573,0.0
75574,0.0
75575,0.0
75576,0.0
75577,0.0
75578,0.0
75579,0.0
75580,0.0
75581,0.0
75582,0.0
75583,0.0
75584,0.02891
75585,0.005323
75586,0.0
75587,0.0
75588,0.0
75589,0.0
75590,0.0
75591,0.0
75592,0.0
75593,0.0
75594,0.0
75595,0.0
75596,0.0
75597,0.0
75598,0.0
75599,0.0
75600,0.0
75601,0.0
75602,0.0
75603,0.0
75604,0.0
75605,0.0
75606,0.0
75607,0.0
75608,0.0
75609,0.0
75610,0.0
75611,0.0
75612,0.0
75613,0.0
75614,0.121212
75615,0.0
75616,0.0
75617,0.0
75618,0.0
75619,0.0
75620,0.0
75621,0.0
75622,0.0
75623,0.0
75624,0.0
75625,0.0
75626,0.0
75627,0.0
75628,0.0
75629,0.0
75630,0.0
75631,0.0
75632,0.0
75633,0.0
75634,0.0
75635,0.0
75636,0.0
75637,0.0
75638,0.0
75639,0.0
75640,0.0
75641,0.0
75642,0.113469
75643,0.38234
75644,0.734218
75645,0.308571
75646,0.0
75647,0.0
75648,0.0
75649,0.0
75650,0.0
75651,0.0
75652,0.0
75665,0.0
75666,0.0
75668,0.0
75669,0.0
75670,0.0
75671,0.0
75672,0.0
75673,0.0
75674,0.0
75675,0.0
75676,0.0
75677,0.0
75678,0.0
75679,0.0
75680,0.0
75729,0.0
75730,0.0
75731,0.0
75732,0.0
75733,0.706886
75734,0.921497
75735,0.106768
75736,0.0
75737,0.0
75738,0.0
75739,0.0
75740,0.0
75741,0.0
75742,0.0
75743,0.0
75751,0.0
75752,0.085494
75753,0.475674
75754,0.030511
75755,0.095036
75756,0.0
75757,0.0
75758,0.0
75759,0.0
75760,0.0
75761,0.0
75762,0.0
75763,0.0
75764,0.0
75765,0.0
75766,0.0
75767,0.0
75768,0.0
75769,0.0
76079,0.02673
76080,0.129649
76081,0.379085
76082,0.156522
76085,0.270563
76086,0.211589
76087,0.114286
76088,0.256951
76089,0.088704
76090,0.105893
76091,0.2125
76092,0.5
76093,0.622807
76094,1.0
76097,0.478438
76098,0.003898
76099,0.273147
76100,0.525122
76101,0.148942
76102,0.664954
76103,0.886901
76104,0.308917
76105,0.004644
76106,0.00353
76107,0.167891
76108,0.293315
76109,0.122905
76110,0.0
76111,0.0
76112,0.0
76113,0.0
76114,0.030692
76115,0.018337
76116,0.232192
76117,0.085041
76118,0.0
76119,0.0
76120,0.0
76121,7.3e-05
76122,0.0
76123,0.0
76124,0.049947
76125,0.098981
76126,0.0
76127,0.384615
76128,0.802676
76129,0.405744
76130,0.692238
76131,0.696453
76132,0.333008
76133,0.007168
76134,0.241935
76135,0.026624
76136,0.434097
76137,0.327484
76138,0.007072
76139,0.041297
76140,0.587106
76141,1.0
76142,1.0
76143,1.0
76144,1.0
76145,1.0
76147,0.907591
76148,0.885267
76149,0.947368
76150,0.393721
76151,1.0
76152,0.0
76153,0.004866
76154,0.0
76155,0.93674
76156,3.7e-05
76157,0.0
76158,1.0
76159,0.005614
76160,0.00399
76161,0.000346
76162,0.036817
76163,0.686869
76164,0.067042
76165,0.000264
76166,0.0
76167,0.0
76168,0.0
76169,0.0
76170,0.974359
76171,0.997403
76172,0.615385
76173,0.839188
76174,0.932556
76184,0.478261
76185,1.0
76187,0.106667
76188,0.071965
76189,0.19883
76190,0.046512
76191,0.065871
76192,0.418671
76193,0.315789
76194,0.414583
76195,0.014593
76196,0.0
76197,0.0
76198,0.0
76199,0.0
76200,0.0
76201,0.0
76202,0.0
76203,0.008287
76204,0.064279
76205,0.00011
76206,0.067744
76207,0.156468
76208,0.510957
76209,0.667703
76210,0.823731
76211,0.038847
76212,0.0
76213,0.0
76214,0.0
76215,0.0
76216,0.0
76217,0.0
76218,0.0
76219,0.0
76220,0.0
76221,0.0
76222,0.0
76223,0.01005
76224,0.006744
76225,0.053916
76226,0.020816
76227,0.001985
76228,0.06178
76229,0.195105
76230,0.003569
76231,0.0
76232,0.0
76233,0.0
76234,0.0
76235,0.0
76236,0.0
76237,0.095986
76238,0.045094
76239,0.0
76240,0.0
76241,0.0
76242,0.0
76243,0.0
76244,0.0
76245,0.0
76246,0.0
76247,0.0
76248,0.0
76252,0.0
76253,0.0
76254,0.0
76255,0.0
76256,0.0
76257,0.0
76258,0.0
76259,0.0
76260,0.0
76261,0.0
76262,0.0
76263,0.0
76264,0.0
76265,0.0
76266,0.0
76267,0.001079
76268,0.0
76269,0.0
76270,0.0
76271,0.0
76272,0.0
76273,0.0
76274,0.0
76275,0.0
76276,0.0
76277,0.0
76278,0.0
76279,0.0
76280,0.0
76281,0.0
76282,0.0
76283,0.0
76284,0.0
76285,0.0
76286,0.0
76287,0.0
76288,0.0
76289,0.0
76290,0.0
76291,0.0
76292,0.0
76293,0.0
76294,0.0
76295,0.0
76296,0.0
76297,0.0
76298,0.007246
76299,0.05689
76300,0.000625
76301,0.0
76302,0.0
76303,0.0
76304,0.0
76305,0.0
76306,0.0
76307,0.0
76308,0.0
76309,0.0
76310,0.0
76311,0.0
76312,0.0
76313,0.0
76314,0.0
76315,0.0
76316,0.0
76317,0.0
76318,0.0
76319,0.0
76320,0.0
76321,0.0
76322,0.0
76323,0.0
76324,0.0
76325,0.0
76326,0.032302
76327,0.187926
76328,0.185577
76329,0.250789
76330,0.022805
76331,0.0
76332,0.0
76333,0.0
76334,0.0
76335,0.0
76336,0.0
76338,0.0
76339,0.0
76350,0.0
76351,0.0
76352,0.0
76353,0.0
76354,0.0
76357,0.0
76358,0.0
76359,0.0
76360,0.0
76361,0.0
76364,0.0
76412,0.0
76413,0.0
76418,0.127149
76419,0.0
76420,0.0
76421,0.0
76422,0.0
76423,0.0
76424,0.0
76425,0.0
76434,0.0
76435,0.0
76436,0.0
76437,0.108519
76438,0.0
76439,0.0
76440,0.0
76441,0.0
76442,0.0
76443,0.0
76445,0.0
76446,0.0
76447,0.0
76448,0.0
76449,0.0
76450,0.00473
76451,0.0
76452,0.0
76453,0.0
76762,0.0
76763,0.056367
76764,0.007899
76765,0.0
76766,0.0
76767,1.0
76768,0.725738
76769,0.020408
76770,0.265487
76771,0.281321
76772,0.090993
76773,0.076019
76774,0.144377
76775,0.29817
76776,0.100498
76777,0.522595
76778,1.0
76781,0.069691
76782,0.0
76783,0.480983
76784,0.902052
76785,0.301799
76786,0.681978
76787,0.618249
76788,0.050289
76789,0.00827
76790,0.0
76791,0.041432
76792,0.722362
76793,0.361459
76794,0.0
76795,0.0
76796,0.0
76797,0.076856
76798,0.86194
76799,0.432265
76800,0.102841
76801,0.0
76802,0.061959
76803,0.0
76804,0.0
76805,0.0
76806,0.0
76807,0.11998
76808,0.806115
76809,0.0
76810,0.0
76811,0.052632
76812,0.245012
76813,0.0
76814,1.0
76815,0.703493
76816,0.010224
76817,0.117535
76818,0.056613
76819,0.141153
76820,0.275945
76821,0.086466
76822,0.010304
76823,0.156473
76824,0.657765
76825,0.156522
76826,0.975339
76827,0.869048
76828,0.941176
76829,1.0
76831,0.0
76832,0.0
76833,0.0
76834,0.0
76835,0.102564
76836,0.003053
76837,0.0
76838,0.049217
76839,0.712588
76840,0.028475
76841,0.0
76842,0.639801
76843,0.096823
76844,0.000125
76845,0.412417
76846,1.0
76847,0.696147
76848,0.979079
76849,0.124881
76850,0.605274
76851,0.853911
76852,0.561611
76853,0.919463
76854,0.069114
76855,0.475921
76856,1.0
76857,1.0
76858,1.0
76868,0.117021
76869,0.865672
76870,0.0
76871,0.005371
76872,0.843879
76873,0.627834
76874,0.211039
76875,0.363921
76876,0.644934
76877,0.840025
76878,0.958926
76879,0.0
76880,0.011268
76881,0.056085
76882,0.0
76883,0.0
76884,0.0
76885,0.003028
76886,0.006156
76887,0.0
76888,0.0
76889,0.0
76890,8.2e-05
76891,0.0
76892,0.0
76893,0.016805
76894,0.012187
76895,0.000143
76896,0.0
76897,0.0
76898,0.0
76899,0.029403
76900,0.038413
76901,0.005526
76902,0.0
76903,0.0
76904,0.0
76905,0.0
76906,0.0
76907,0.016377
76908,0.013657
76909,0.002046
76910,0.0
76911,0.000935
76912,0.007789
76913,0.012356
76914,0.002089
76915,0.0
76916,0.000626
76917,0.007878
76918,0.002003
76919,0.00035
76920,0.0
76921,0.0
76922,0.0
76923,0.0
76924,0.0
76925,0.0
76926,0.0
76927,0.0
76928,0.0
76929,0.0
76930,0.0
76931,0.0
76932,0.0
76936,0.0
76937,0.0
76938,0.0
76939,0.0
76940,0.0
76941,0.0
76942,0.0
76943,0.0
76944,0.0
76945,0.0
76946,0.0
76947,0.0
76948,0.0
76949,0.0
76950,0.0
76951,0.0
76952,0.0
76953,0.0
76954,0.0
76955,0.0
76956,0.0
76957,0.0
76958,0.0
76959,0.0
76960,0.0
76961,0.0
76962,0.0
76963,0.0
76964,0.0
76965,0.0
76966,0.0
76967,0.0
76968,0.0
76969,0.0
76970,0.0
76971,0.0
76972,0.0
76973,0.0
76974,0.0
76975,0.0
76976,0.0
76977,0.0
76978,0.0
76979,0.0
76980,0.0
76981,0.0
76982,0.0
76983,0.0
76984,0.0
76985,0.0
76986,0.0
76987,0.0
76988,0.0
76989,0.0
76990,0.0
76991,0.0
76992,0.0
76993,0.0
76994,0.00024
76995,0.0
76996,0.0
76997,0.04159
76998,0.751916
76999,0.373247
77000,0.033996
77001,0.0
77002,0.0
77003,0.0
77004,0.0
77005,0.0
77006,0.0
77007,0.0
77008,0.0
77009,0.0
77010,0.0
77012,0.377119
77013,0.798708
77014,0.084132
77015,0.0
77016,0.0
77017,0.0
77018,0.0
77019,0.0
77022,0.0
77032,0.0
77034,0.0
77035,0.0
77036,0.0
77037,0.0
77041,0.0
77042,0.0
77043,0.0
77044,0.0
77045,0.0
77046,0.0
77047,0.0
77048,0.0
77097,0.0
77101,0.0
77102,0.0
77103,0.0
77104,0.0
77105,0.0
77106,0.0
77107,0.0
77108,0.0
77109,0.0
77114,0.0
77115,0.0
77118,0.0
77119,0.0
77120,0.0
77121,0.0
77122,0.0
77123,0.0
77124,0.0
77125,0.0
77126,0.0
77127,0.0
77128,0.0
77129,0.0
77130,0.0
77131,0.0
77132,0.0
77133,0.0
77134,0.0
77135,0.0
77136,0.0
77137,0.0
77446,0.0
77447,0.01723
77448,0.39604
77449,1.0
77451,1.0
77452,0.0
77453,0.21875
77454,0.284768
77455,0.103275
77456,0.305882
77457,0.322547
77458,0.409813
77459,0.343371
77460,0.227136
77461,0.066874
77462,0.0
77463,0.804348
77464,0.207234
77465,0.193332
77466,0.0
77467,0.999037
77468,0.399031
77469,0.0
77470,0.719365
77471,0.812794
77472,0.708246
77473,0.254197
77474,0.668444
77475,0.778571
77476,0.910604
77477,0.871416
77478,0.780136
77479,0.256857
77480,0.002283
77481,0.0
77482,0.825086
77483,0.619503
77484,0.024266
77485,0.00366
77486,0.005592
77487,0.001258
77488,0.008084
77489,0.003178
77490,0.0
77491,0.0
77492,0.0
77493,0.0
77494,0.001697
77495,0.0
77496,0.0
77497,0.323404
77498,0.986726
77499,0.867115
77500,0.216466
77501,0.0
77502,0.0
77503,0.002943
77504,0.108671
77505,0.029927
77506,0.144799
77507,0.089346
77508,0.05013
77509,0.068849
77510,0.993069
77511,1.0
77515,0.0
77516,0.0
77518,0.035294
77519,0.014706
77520,0.0
77521,0.0
77522,0.084356
77523,1.0
77524,0.0
77525,0.0
77526,0.012657
77527,0.239843
77528,0.006943
77529,0.162791
77531,0.385931
77532,0.001279
77533,0.908781
77534,0.803634
77535,0.87891
77536,0.666367
77537,0.128259
77538,0.547842
77539,1.0
77540,1.0
77541,1.0
77542,1.0
77552,0.807229
77553,0.72541
77554,0.105789
77555,0.0
77556,0.218024
77557,0.38866
77558,0.212449
77559,0.690831
77560,0.512518
77561,0.610694
77562,0.631923
77563,0.0
77564,1.0
77565,1.0
77566,1.0
77567,0.018675
77568,0.0
77569,0.000875
77570,0.016378
77571,0.002565
77572,0.036459
77573,0.00056
77574,0.025825
77575,0.023271
77576,0.076019
77577,0.222439
77578,0.184075
77579,0.149395
77580,0.00552
77581,0.0
77582,0.000102
77583,0.037069
77584,0.107323
77585,0.008363
77586,0.0
77587,0.0
77588,0.0
77589,0.0
77590,0.0
77591,0.017323
77592,0.036592
77593,0.055177
77594,0.003433
77595,0.000246
77596,0.032631
77597,0.003303
77598,0.003962
77599,0.0
77600,0.0
77601,0.034623
77602,0.037382
77603,0.027676
77604,0.008406
77605,0.0
77606,0.0
77607,0.0
77608,0.0
77609,0.0
77610,0.0
77611,0.0
77612,0.0
77613,0.0
77614,0.0
77615,0.0
77616,0.0
77617,0.0
77619,0.0
77620,0.0
77621,0.0
77622,0.0
77623,0.0
77624,0.0
77625,0.0
77626,0.0
77627,0.00034
77628,0.0
77629,0.0
77630,0.0
77631,0.0
77632,0.0
77633,0.0
77634,0.0
77635,0.0
77636,0.001462
77637,0.0
77638,0.0
77639,0.0
77640,0.0
77641,0.0
77642,0.0
77643,0.0
77644,0.0
77645,0.0
77646,0.0
77647,0.0
77648,0.0
77649,0.0
77650,0.0
77651,0.0
77652,0.0
77653,0.0
77654,0.0
77655,0.0
77656,0.0
77657,0.0
77658,0.0
77659,0.0
77660,0.0
77661,0.0
77662,0.0
77663,0.0
77664,0.0
77665,0.0
77666,0.0
77667,0.0
77668,0.0
77669,0.0
77670,0.0
77671,0.0
77672,0.0
77673,0.0
77674,0.0
77675,0.0
77676,0.0
77677,0.0
77678,0.0
77679,0.0
77680,0.0
77681,0.341055
77682,0.923714
77683,0.776415
77684,0.035956
77685,0.0
77686,0.0
77687,0.0
77688,0.0
77689,0.0
77690,0.0
77691,0.0
77692,0.0
77693,0.0
77694,0.0
77695,0.293499
77696,0.800528
77697,0.82767
77698,0.122568
77699,0.0
77700,0.0
77701,0.0
77702,0.0
77714,1.0
77715,0.020134
77716,0.0
77717,0.0
77718,0.0
77719,0.0
77720,0.0
77721,0.0
77723,0.0
77724,0.090909
77725,0.0
77726,0.0
77727,0.0
77728,0.0
77729,0.0
77730,0.0
77731,0.003082
77732,0.115607
77781,0.0
77785,0.0
77786,0.0
77787,0.0
77788,0.0
77789,0.0
77790,0.0
77791,0.0
77792,0.0
77793,0.0
77798,0.0
77799,0.0
77800,0.0
77801,0.0
77802,0.0
77803,0.0
77804,0.0
77807,0.0
77808,0.0
77809,0.0
77810,0.0
77811,0.0
77812,0.0
77813,0.0
77814,0.0
77815,0.0
77816,0.0
77817,0.0
77818,0.0
77819,0.0
77820,0.0
77821,0.0
78130,0.002028
78131,0.262499
78132,0.809289
78133,1.0
78135,0.357268
78136,0.310319
78137,0.174107
78138,0.006803
78139,0.201005
78140,0.214724
78141,0.213821
78142,0.360163
78143,0.253421
78144,0.237798
78145,0.26383
78146,1.0
78147,0.833866
78148,0.045718
78149,0.06988
78150,0.809779
78151,0.909563
78152,0.080322
78153,0.0
78154,0.40069
78155,0.565062
78156,0.418164
78157,0.614919
78158,0.541035
78159,1.0
78160,1.0
78161,1.0
78162,1.0
78163,0.90357
78164,0.0
78165,0.0
78166,0.0
78167,0.0
78168,0.501471
78169,0.000871
78170,0.152044
78171,0.769231
78172,0.097561
78173,0.000809
78174,0.0
78175,0.0
78176,0.0
78177,0.0
78178,0.0
78179,0.0
78180,0.0
78181,0.752784
78182,0.901015
78183,0.897469
78184,0.046654
78185,0.020716
78186,0.0
78187,0.0
78188,0.32605
78189,0.01834
78190,0.171727
78191,0.634935
78192,0.156845
78193,0.610863
78194,1.0
78195,1.0
78196,0.983553
78197,1.0
78199,0.0
78200,0.0
78202,0.952381
78205,0.007634
78206,0.002347
78207,0.0
78208,0.0
78209,0.0
78210,0.002265
78211,0.003945
78212,0.033898
78213,0.452381
78214,0.414966
78215,0.215708
78216,0.000355
78217,0.041895
78218,0.14187
78219,0.0
78220,0.000462
78221,0.000752
78222,0.873812
78223,1.0
78224,1.0
78225,1.0
78238,0.130246
78239,0.005467
78240,0.277385
78241,0.414062
78242,0.6477
78243,0.685115
78244,0.926569
78245,0.824083
78246,0.747977
78247,0.139312
78248,0.02407
78249,1.0
78250,1.0
78251,0.858012
78252,0.004868
78253,0.0
78254,0.0
78255,0.004643
78256,0.004929
78257,0.001626
78258,0.007572
78259,0.003087
78260,0.172345
78261,0.254932
78262,0.139598
78263,0.038593
78264,0.038949
78265,0.05013
78266,0.219185
78267,0.004398
78268,0.004331
78269,0.000176
78270,0.127151
78271,0.028447
78272,0.000132
78273,0.067465
78274,0.053959
78275,0.008504
78276,0.057473
78277,0.033613
78278,0.004113
78279,0.00304
78280,0.000702
78281,0.006064
78282,0.000923
78283,0.025526
78284,0.0458
78285,0.026131
78286,0.000996
78287,0.035246
78288,0.022619
78289,0.0
78290,0.0
78291,0.0
78292,0.0
78293,0.0
78294,0.0
78295,0.0
78296,0.0
78297,0.0
78298,0.0
78299,0.0
78300,0.0
78301,0.0
78302,0.0
78303,0.0
78304,0.0
78305,0.0
78306,0.0
78307,0.0
78308,0.0
78309,0.0
78310,0.0
78311,0.0
78312,0.0
78313,0.0
78314,0.0
78315,0.0
78316,0.0
78317,0.0
78318,0.0
78319,0.0
78320,0.0
78321,0.0
78322,0.0
78323,0.0
78324,0.0
78325,0.0
78326,0.0
78327,0.0
78328,0.0
78329,0.0
78330,0.0
78331,0.0
78332,0.0
78333,0.0
78334,0.0
78335,0.0
78336,0.0
78337,0.0
78338,0.0
78339,0.0
78340,0.0
78341,0.0
78342,0.0
78343,0.0
78344,0.0
78345,0.0
78346,0.0
78347,0.0
78348,0.0
78349,0.0
78350,0.0
78351,0.008357
78352,0.0
78353,0.0
78354,0.0
78355,0.0
78356,0.0
78357,0.0
78358,0.0
78359,0.0
78360,0.0
78361,0.0
78362,0.0
78363,0.0
78364,0.0
78365,0.171236
78366,0.821055
78367,0.238526
78368,0.0
78369,0.0
78370,0.0
78371,0.0
78372,0.0
78373,0.0
78374,0.0
78375,0.0
78376,0.0
78377,0.0
78378,0.0
78379,0.000745
78380,0.018919
78381,0.031447
78382,0.0
78383,0.0
78384,0.0
78385,0.0
78386,0.0
78397,1.0
78398,0.561876
78399,0.260908
78400,0.0
78401,0.0
78402,0.0
78403,0.0
78404,0.0
78405,0.0
78406,0.0
78407,0.0
78408,0.08547
78409,0.0
78410,0.0
78411,0.017384
78412,0.291912
78413,0.035488
78414,0.088268
78415,0.117382
78416,0.0
78465,0.0
78466,0.0
78467,0.0
78468,0.0
78469,0.0
78470,0.0
78471,0.0
78472,0.0
78473,0.0
78474,0.0
78475,0.0
78476,0.0
78477,0.0
78478,0.0
78481,0.0
78482,0.0
78483,0.0
78484,0.0
78485,0.0
78486,0.0
78487,0.0
78492,0.0
78493,0.0
78494,0.0
78495,0.0
78496,0.0
78497,0.0
78498,0.0
78499,0.0
78500,0.0
78501,0.0
78502,0.0
78503,0.0
78814,0.0
78815,0.307159
78816,0.554054
78818,1.0
78819,0.458554
78820,0.235
78821,0.193798
78822,0.133282
78823,0.028291
78824,0.099253
78825,0.0
78826,0.248553
78827,0.352259
78828,0.083246
78829,0.311278
78831,0.115942
78832,0.258389
78833,0.521739
78834,0.671267
78835,1.0
78836,0.721688
78837,0.332091
78838,0.495041
78839,0.647059
78840,0.641113
78841,0.0
78842,1.0
78843,1.0
78844,1.0
78845,1.0
78846,0.937107
78847,1.0
78848,0.0
78849,0.0
78852,0.967127
78853,0.189103
78854,0.550346
78855,0.786473
78856,0.512591
78857,0.003773
78858,0.0
78859,0.0
78860,0.0
78861,0.0
78862,0.0
78863,0.0
78864,0.003401
78865,1.0
78866,0.168421
78867,0.849741
78868,0.11308
78869,0.086244
78870,0.0
78871,0.0
78872,0.0
78873,0.0
78874,0.219098
78875,0.17791
78876,0.191667
78877,1.0
78878,1.0
78879,1.0
78880,1.0
78881,0.950331
78883,0.0
78884,1.0
78887,1.0
78888,1.0
78889,0.02381
78890,0.001361
78891,0.0
78892,0.0
78893,0.303708
78894,0.024765
78895,0.002008
78896,1.0
78897,0.416667
78898,0.457145
78899,0.012662
78900,0.017016
78901,0.0
78902,0.0
78903,0.0
78904,1.6e-05
78905,1.0
78906,1.0
78907,1.0
78908,1.0
78909,1.0
78919,1.0
78920,0.355932
78921,0.023179
78922,0.13644
78923,0.270367
78924,0.675393
78925,0.0
78926,0.03791
78927,0.661842
78928,0.954882
78929,0.912827
78930,0.94051
78931,0.705954
78932,0.104217
78934,1.0
78935,1.0
78936,0.0
78937,0.0
78938,0.0
78939,0.003512
78940,0.005289
78941,0.009571
78942,0.009067
78943,0.031186
78944,0.009721
78945,0.060335
78946,0.057401
78947,0.053425
78948,0.175692
78949,0.152921
78950,0.180946
78951,0.036112
78952,0.106781
78953,0.271507
78954,0.226121
78955,0.122089
78956,0.014448
78957,0.017029
78958,0.101258
78959,0.016911
78960,0.016371
78961,0.036932
78962,0.0299
78963,0.022558
78964,0.010527
78965,0.0
78966,0.007797
78967,0.006552
78968,0.005541
78969,0.004605
78970,0.005238
78971,0.006383
78972,0.0
78973,0.0
78974,0.0
78975,0.0
78976,0.0
78977,0.0
78978,0.0
78979,0.0
78980,0.0
78981,0.0
78982,0.0
78983,0.0
78984,0.0
78985,0.0
78986,0.0
78987,0.0
78988,0.0
78989,0.0
78990,0.0
78991,0.0
78992,0.0
78993,0.0
78994,0.0
78995,0.0
78996,0.0
78997,0.0
78998,0.0
78999,0.0
79000,0.0
79001,0.0
79002,0.0
79003,0.0
79004,0.0
79005,0.0
79006,0.0
79007,0.0
79008,0.0
79009,0.0
79010,0.0
79011,0.0
79012,0.0
79013,0.0
79014,0.0
79015,0.0
79016,0.0
79017,0.0
79018,0.0
79019,0.0
79020,0.0
79021,0.0
79022,0.0
79023,0.0
79024,0.0
79025,0.0
79026,0.0
79027,0.0
79028,0.0
79029,0.0
79030,0.0
79031,0.0
79033,0.0
79034,0.0
79035,0.0
79036,0.0
79037,0.0
79038,0.0
79039,0.0
79040,0.0
79041,0.0
79042,0.0
79043,0.0
79044,0.0
79045,0.0
79046,0.0
79047,0.0
79048,0.0
79049,0.002228
79050,0.00065
79051,0.0
79052,0.0
79053,0.0
79054,0.0
79055,0.0
79056,0.0
79057,0.0
79058,0.0
79059,0.0
79060,0.0
79061,0.0
79062,0.0
79063,0.0
79064,0.0
79065,0.0
79066,0.0
79067,0.0
79068,0.0
79069,0.0
79070,0.0
79081,0.915528
79082,0.29312
79083,0.0
79084,0.0
79085,0.0
79086,0.0
79087,0.0
79088,0.0
79089,0.014975
79090,0.448363
79091,0.001404
79092,0.65991
79093,0.693478
79094,0.396146
79095,0.808207
79096,0.962019
79097,0.869538
79098,0.543943
79099,0.254818
79100,0.0
79150,0.0
79151,0.0
79152,0.0
79153,0.0
79154,0.0
79155,0.0
79156,0.0
79157,0.0
79158,0.0
79159,0.0
79160,0.0
79161,0.0
79166,0.0
79167,0.0
79168,0.0
79169,0.0
79170,0.0
79171,0.0
79176,0.0
79177,0.0
79178,0.0
79179,0.0
79180,0.0
79181,0.0
79182,0.0
79183,0.038288
79184,0.0
79185,0.0
79186,0.0
79188,0.0
79189,0.0
79499,0.003655
79500,0.0
79503,0.606061
79504,0.229379
79505,0.276316
79506,0.343373
79507,0.323269
79508,0.266895
79509,0.0
79510,0.206924
79511,0.182856
79512,0.229444
79513,1.0
79514,0.486409
79515,0.517241
79516,0.298643
79517,0.251908
79518,0.776676
79519,0.893773
79520,0.465616
79521,0.50367
79522,0.223144
79523,0.326214
79524,0.918851
79525,0.165621
79526,0.800842
79527,1.0
79528,0.999744
79529,0.76573
79530,1.0
79532,0.0
79533,0.0
79537,0.0
79538,0.196479
79539,0.417128
79540,0.116331
79541,0.001114
79542,0.003149
79543,0.0
79544,0.0
79545,0.0
79546,0.0
79547,0.0
79548,0.051422
79549,0.720109
79550,1.0
79551,0.239986
79552,0.0
79553,0.20528
79554,0.054142
79555,0.001626
79556,0.0
79557,0.001285
79558,0.023497
79559,0.105735
79560,0.446009
79561,0.859361
79563,1.0
79564,0.935496
79566,1.0
79567,0.608696
79568,1.0
79569,1.0
79571,1.0
79572,1.0
79573,0.783333
79574,1.0
79575,0.025974
79576,0.0
79577,0.027634
79578,0.013393
79579,0.007202
79580,0.013761
79581,0.766827
79582,0.391473
79583,0.116012
79584,0.00091
79585,0.046886
79586,0.049733
79587,0.000336
79588,0.0
79590,1.0
79591,1.0
79592,1.0
79593,1.0
79601,0.0
79605,0.0
79606,0.0
79607,0.005564
79608,0.02694
79609,0.0
79610,0.0
79611,0.000828
79612,0.465401
79613,0.815219
79614,0.936864
79615,0.704951
79616,0.414528
79617,0.113586
79618,0.228223
79619,1.0
79620,0.996604
79621,0.287574
79622,0.0
79623,0.0
79624,0.0
79625,0.000198
79626,0.012025
79627,0.010378
79628,0.007414
79629,0.111206
79630,0.034481
79631,0.042705
79632,0.071489
79633,0.00572
79634,0.0
79635,0.006709
79636,0.161391
79637,0.216011
79638,0.035638
79639,0.012625
79640,0.005786
79641,0.032365
79642,0.017286
79643,0.006343
79644,0.118042
79645,0.007067
79646,0.069785
79647,0.069
79648,0.0734
79649,0.021703
79650,0.0
79651,0.001088
79652,0.0
79653,0.0
79654,0.0
79655,0.0
79656,0.0
79657,0.0
79658,0.0
79659,0.0
79660,0.0
79661,0.0
79662,0.0
79663,0.0
79664,0.0
79665,0.0
79666,0.0
79667,0.0
79668,0.0
79669,0.0
79670,0.0
79671,0.0
79672,0.0
79673,0.0
79674,0.0
79675,0.0
79676,0.0
79677,0.0
79678,0.0
79679,0.0
79680,0.0
79681,0.0
79682,0.0
79683,0.0
79684,0.0
79685,0.0
79686,0.0
79687,0.0
79688,0.0
79689,0.0
79690,0.0
79691,0.0
79692,0.0
79693,0.0
79694,0.0
79695,0.0
79696,0.0
79697,0.0
79698,0.0
79699,0.0
79700,0.0
79701,0.0
79702,0.0
79703,0.0
79704,0.0
79705,0.0
79706,0.0
79707,0.0
79708,0.0
79709,0.0
79710,0.0
79711,0.0
79712,0.0
79713,0.0
79714,0.0
79715,0.0
79718,0.0
79719,0.0
79720,0.0
79721,0.0
79722,0.0
79723,0.0
79724,0.0
79725,0.0
79726,0.0
79727,0.0
79728,0.0
79729,0.0
79730,0.0
79731,0.0
79732,0.0
79733,0.0
79734,0.0
79735,0.0
79736,0.0
79737,0.0
79738,0.0
79739,0.0
79740,0.0
79741,0.0
79742,0.0
79743,0.0
79744,0.0
79745,0.0
79746,0.0
79747,0.0
79748,0.0
79749,0.0
79750,0.0
79751,0.0
79752,0.0
79753,0.0
79754,0.0
79755,0.0
79756,0.0
79757,0.0
79764,0.20339
79765,0.768248
79766,0.000814
79767,0.0
79768,0.0
79769,0.0
79770,0.0
79771,0.0
79772,0.0
79773,0.842765
79774,0.956679
79775,0.0
79776,0.538037
79777,0.945839
79778,0.976101
79779,0.968685
79780,0.961003
79781,0.697566
79782,0.918312
79783,0.827068
79784,0.0
79835,0.0
79836,0.0
79837,0.0
79838,0.0
79839,0.0
79840,0.0
79841,0.0
79842,0.0
79843,0.0
79844,0.0
79845,0.0
79850,0.0
79851,0.0
79852,0.0
79853,0.0
79854,0.0
79855,0.0
79859,0.03782
79860,0.0
79861,0.0
79862,0.0
79863,0.0
79864,0.0
79865,0.0
79866,0.0
79867,0.0
79868,0.0
79869,0.0
79870,0.0
79872,0.0
79873,0.0
79874,0.0
79875,0.0
80183,0.0
80184,0.0
80185,0.0
80186,0.013158
80187,0.303514
80188,0.243289
80189,0.0
80190,0.176471
80191,0.751316
80192,0.423015
80193,0.088058
80194,0.0
80195,0.040817
80196,0.191149
80197,0.042517
80198,0.205128
80199,0.021854
80200,0.148036
80201,0.221683
80202,0.173701
80203,0.000277
80204,0.033557
80205,0.125598
80206,0.040409
80207,0.587043
80208,0.932699
80209,0.510728
80210,0.173621
80211,0.846154
80212,0.915362
80213,0.33245
80214,0.0
80215,0.813913
80216,0.959921
80217,0.000879
80218,0.0
80219,0.0
80220,0.0
80221,0.0
80222,0.016317
80223,0.008735
80224,0.002725
80225,0.013042
80226,0.0
80227,0.0
80228,0.0
80229,0.0
80230,0.0
80231,0.023411
80232,0.0
80233,0.0
80234,0.003672
80235,0.076108
80236,0.0
80237,0.0
80238,0.022277
80239,0.001848
80240,0.046662
80241,0.45095
80242,0.353641
80243,0.120089
80244,0.234579
80245,0.379758
80246,0.856594
80247,0.493438
80248,0.972603
80249,1.0
80250,0.980741
80251,1.0
80252,0.714286
80253,0.901235
80254,0.195531
80255,0.56701
80257,1.0
80259,1.0
80260,0.165004
80261,0.271311
80262,0.052632
80263,0.0
80264,0.003236
80265,1.0
80266,0.75
80267,0.0
80268,0.009718
80269,0.00308
80270,0.011015
80271,0.067797
80272,1.0
80273,1.0
80274,1.0
80275,1.0
80276,1.0
80277,1.0
80278,1.0
80279,0.94824
80285,0.0
80288,0.65416
80289,0.011551
80290,0.013269
80291,0.00023
80292,0.0
80293,0.0
80294,0.0
80295,0.000481
80296,0.019253
80297,0.494025
80298,0.783319
80299,0.739532
80300,0.850557
80301,0.0
80302,0.001093
80303,0.36
80304,0.529412
80306,0.0
80307,0.000916
80308,0.007979
80309,0.001715
80310,0.0
80311,0.00693
80312,0.001562
80313,0.087708
80314,0.234656
80315,0.024378
80316,0.111693
80317,0.065606
80318,0.017815
80319,0.032711
80320,0.017496
80321,0.087024
80322,0.011101
80323,0.044355
80324,0.365874
80325,0.001729
80326,0.001648
80327,0.002901
80328,0.257908
80329,0.007905
80330,0.01486
80331,0.051472
80332,0.043151
80333,0.040416
80334,0.006287
80335,0.012074
80336,0.004954
80337,0.0
80338,0.0
80339,0.001123
80340,0.001775
80341,0.0
80342,0.0
80343,0.0
80344,0.0
80345,0.0
80346,0.0
80347,0.0
80348,0.0
80349,0.0
80350,0.0
80351,0.0
80352,0.0
80353,0.0
80354,0.0
80355,0.0
80356,0.0
80357,0.0
80358,0.0
80359,0.0
80360,0.0
80361,0.0
80362,0.0
80363,0.0
80364,0.0
80365,0.0
80366,0.0
80367,0.0
80368,0.0
80369,0.0
80370,0.0
80371,0.0
80372,0.0
80373,0.0
80374,0.0
80375,0.0
80376,0.0
80377,0.0
80378,0.0
80379,0.0
80380,0.0
80381,0.0
80382,0.0
80383,0.0
80384,0.0
80385,0.0
80386,0.0
80387,0.0
80388,0.0
80389,0.0
80390,0.0
80391,0.0
80392,0.0
80393,0.0
80394,0.0
80395,0.0
80396,0.0
80397,0.0
80402,0.0
80403,0.0
80404,0.001808
80405,0.0
80406,0.0
80407,0.0
80408,0.0
80409,0.0
80410,0.0
80411,0.0
80412,0.0
80413,0.0
80414,0.0
80415,0.0
80416,0.0
80417,0.0
80418,0.0
80419,0.0
80420,0.0
80421,0.0
80422,0.0
80423,0.0
80424,0.0
80425,0.0
80426,0.0
80427,0.0
80428,0.0
80429,0.0
80430,0.0
80431,0.0
80432,0.0
80433,0.0
80434,0.0
80435,0.0
80436,0.0
80438,0.0
80439,0.0
80440,0.0
80441,0.0
80449,0.0
80450,0.0
80451,0.0
80452,0.0
80453,0.0
80454,0.0
80455,0.0
80456,0.050475
80457,0.782783
80458,0.138728
80459,0.0
80460,0.285714
80461,0.276792
80462,0.125
80463,0.17474
80464,0.136439
80465,0.59587
80466,0.980417
80467,0.821975
80468,0.744444
80517,0.0
80518,0.0
80519,0.0
80520,0.0
80521,0.0
80522,0.0
80523,0.0
80524,0.0
80525,0.0
80526,0.0
80527,0.0
80528,0.0
80529,0.0
80534,0.0
80535,0.0
80536,0.0
80537,0.0
80538,0.0
80539,0.0
80540,0.013942
80541,0.059701
80542,0.503167
80543,0.226233
80544,0.0
80545,0.0
80546,0.0
80547,0.0
80548,0.0
80549,0.0
80550,0.0
80551,0.0
80552,0.0
80553,0.0
80554,0.0
80556,0.0
80558,0.0
80867,0.003373
80868,0.0
80869,0.0
80870,0.0
80871,1.0
80872,0.924731
80873,0.0
80874,0.815789
80875,0.301994
80876,0.30411
80877,0.189944
80878,0.0
80879,0.0
80880,0.068768
80881,0.021602
80882,0.147748
80883,0.0
80884,0.009607
80885,0.010998
80886,0.061031
80887,0.240596
80888,0.060846
80889,0.033493
80890,0.161465
80891,0.094907
80892,0.271587
80893,0.612141
80894,0.045905
80895,0.894085
80896,0.0
80897,0.01027
80898,0.953955
80899,0.95515
80900,0.898616
80901,0.82057
80903,0.0
80904,0.0
80905,0.0
80906,0.0
80907,0.0
80908,3.2e-05
80909,0.0
80910,0.0
80911,0.002811
80912,0.0
80913,0.0
80914,0.987876
80915,1.0
80916,0.0
80917,0.0
80918,0.0
80919,0.0
80920,0.0
80921,0.0
80922,0.0
80923,0.330341
80924,1.0
80925,0.533578
80926,0.141593
80927,0.104054
80928,0.024567
80929,0.036083
80930,0.493573
80931,0.556912
80932,0.0
80933,0.054455
80934,0.57554
80935,0.958603
80936,0.961062
80937,0.834906
80938,0.336646
80939,0.685776
80940,0.507246
80941,0.119048
80943,0.213483
80944,0.001789
80945,0.000783
80946,0.0
80947,0.002865
80948,0.000432
80949,0.0
80951,0.078913
80952,0.0
80953,0.000193
80954,2.2e-05
80955,0.001891
80956,0.013158
80957,0.0
80958,0.634941
80959,0.200324
80960,0.16
80961,0.9942
80962,1.0
80963,0.0
80966,0.0
80972,0.842105
80973,0.0
80974,0.0
80975,0.043265
80976,0.0
80977,0.000178
80978,0.0
80979,0.0
80980,0.47769
80981,0.95389
80982,0.848876
80983,0.804048
80984,0.932036
80985,0.540658
80986,0.0
80987,0.616667
80990,0.0
80991,0.0
80992,0.001349
80993,9.7e-05
80994,0.003106
80995,0.008321
80996,0.085584
80997,0.12383
80998,0.262364
80999,0.001349
81000,0.001782
81001,0.017162
81002,0.038306
81003,0.062665
81004,0.184786
81005,0.071392
81006,0.065057
81007,0.138906
81008,0.462957
81009,0.0
81010,0.005604
81011,0.005486
81012,0.018946
81013,0.004416
81014,0.007147
81015,0.315146
81016,0.153262
81017,0.12222
81018,0.011235
81019,0.0
81020,0.0
81021,0.0
81022,0.004901
81023,0.019
81024,0.002361
81025,0.0
81026,0.0
81027,0.0
81028,0.0
81029,0.0
81030,0.0
81031,0.000855
81032,0.058177
81033,0.035772
81034,0.0
81035,0.0
81036,0.0
81037,0.0
81038,0.0
81039,0.0
81040,0.0
81041,0.0
81042,0.0
81043,0.0
81044,0.0
81045,0.0
81046,0.0
81047,0.0
81048,0.0
81049,0.0
81050,0.0
81051,0.0
81052,0.0
81053,0.0
81054,0.0
81055,0.0
81058,0.0
81059,0.0
81060,0.0
81061,0.0
81062,0.0
81063,0.0
81064,0.0
81065,0.0
81066,0.0
81067,0.0
81068,0.0
81069,0.0
81070,0.0
81071,0.0
81072,0.0
81073,0.0
81074,0.0
81075,0.0
81076,0.0
81077,0.0
81078,0.0
81079,0.0
81080,0.0
81081,0.0
81082,0.0
81085,0.0
81086,0.080645
81087,0.004851
81088,0.0
81089,0.0
81090,0.0
81092,0.0
81093,0.0
81094,0.0
81095,0.0
81096,0.0
81097,0.0
81098,0.0
81099,0.0
81100,0.0
81101,0.0
81102,0.0
81103,0.0
81104,0.0
81105,0.0
81106,0.0
81107,0.0
81108,0.0
81109,0.0
81110,0.0
81111,0.0
81112,0.0
81113,0.0
81114,0.0
81115,0.0
81116,0.0
81117,0.0
81118,0.0
81119,0.0
81120,0.0
81121,0.0
81122,0.0
81123,0.0
81124,0.0
81132,0.0
81133,0.0
81134,0.0
81135,0.0
81136,0.0
81137,0.0
81138,0.0
81139,0.0
81140,0.0
81141,0.0
81142,0.0
81143,0.0
81144,0.0
81145,0.0
81146,0.0
81147,0.0
81148,0.0
81149,0.0
81150,0.297278
81151,0.256506
81200,0.0
81201,0.0
81202,0.0
81203,0.0
81204,0.0
81205,0.0
81206,0.0
81207,0.0
81208,0.0
81209,0.0
81210,0.0
81211,0.0
81212,0.0
81213,0.0
81214,0.0
81217,0.0
81218,0.0
81219,0.0
81220,0.0
81221,0.002488
81222,0.0
81223,0.0
81224,0.0
81225,0.311927
81226,0.691358
81228,0.0
81229,0.0
81230,0.0
81231,0.0
81232,0.0
81233,0.0
81234,0.0
81235,0.0
81236,0.0
81237,0.0
81238,0.0
81241,0.0
81550,1.0
81551,0.006586
81552,0.0
81553,0.0
81555,0.892308
81556,0.571429
81557,1.0
81558,0.184211
81559,0.410526
81560,0.759124
81561,0.01533
81562,0.028294
81564,0.015266
81565,0.062638
81566,0.032598
81567,0.004325
81568,0.0
81569,0.025374
81570,0.092968
81571,0.470054
81572,0.165318
81573,0.531955
81574,0.292434
81575,0.272381
81576,0.410927
81577,0.34157
81578,0.075236
81579,0.009713
81580,0.0
81581,0.0091
81582,0.910682
81583,1.0
81584,0.618076
81586,0.0
81587,0.0
81588,0.0
81589,0.0
81591,0.0
81592,0.0
81593,0.003716
81595,0.277778
81596,1.0
81598,0.995291
81599,0.525703
81600,0.0
81601,0.0
81602,0.0
81603,0.0
81604,0.0
81605,0.0
81606,0.0
81607,0.076305
81608,0.437163
81609,1.0
81610,0.220023
81611,0.358967
81612,0.391347
81613,0.14148
81614,0.131354
81615,0.207976
81616,0.033094
81617,0.059598
81618,0.090379
81619,0.124434
81620,0.241597
81621,0.453237
81622,0.580233
81623,0.564276
81624,0.039601
81625,0.01242
81626,0.077311
81627,0.000651
81628,0.00655
81629,0.012712
81630,0.0
81631,0.000261
81635,0.00551
81636,0.001793
81637,0.003658
81638,0.003727
81639,0.003367
81640,0.0
81641,0.0
81642,0.012498
81643,0.004468
81644,0.003788
81645,0.455553
81646,1.0
81648,0.0
81657,0.047264
81658,0.0
81659,0.036955
81660,0.0
81661,0.006431
81662,0.0
81663,0.0
81664,0.056708
81665,1.0
81666,0.96207
81667,0.029852
81668,0.632268
81669,0.315
81670,0.0
81671,0.076805
81672,1.0
81673,1.0
81674,0.993308
81675,0.005249
81676,0.0
81677,0.0
81678,0.070072
81679,0.193391
81680,0.057259
81681,0.169456
81682,0.121809
81683,0.023382
81684,0.0
81685,0.0
81686,0.022897
81687,0.07276
81688,0.050358
81689,0.142814
81690,0.143197
81691,0.437573
81692,0.11367
81693,0.006919
81694,0.022595
81695,0.000304
81696,0.0
81697,0.002212
81698,0.0
81699,0.0
81700,0.072203
81701,0.052757
81702,0.039718
81703,0.0
81704,0.0
81705,0.0
81706,0.0
81707,0.002875
81708,0.013167
81709,0.0
81710,0.0
81711,0.0
81712,0.0
81713,0.0
81714,0.060259
81715,0.141338
81716,0.056982
81717,0.115724
81718,0.0
81719,0.0
81720,0.0
81721,0.0
81722,0.0
81723,0.0
81724,0.0
81725,0.0
81726,0.0
81727,0.0
81728,0.0
81729,0.0
81730,0.0
81731,0.0
81732,0.0
81733,0.0
81734,0.0
81735,0.0
81736,0.0
81737,0.0
81738,0.0
81739,0.0
81740,0.0
81741,0.0
81742,0.0
81743,0.0
81744,0.0
81745,0.0
81746,0.0
81747,0.0
81748,0.0
81749,0.0
81750,0.0
81751,0.0
81752,0.0
81753,0.0
81754,0.0
81755,0.0
81756,0.0
81757,0.0
81758,0.0
81759,0.0
81760,0.0
81761,0.000309
81762,0.0
81763,0.0
81764,0.0
81765,0.0
81766,0.0
81767,0.0
81768,0.0
81769,0.0
81770,0.055096
81771,0.006399
81772,0.0
81777,0.0
81778,0.0
81779,0.0
81780,0.0
81781,0.0
81782,0.0
81783,0.0
81784,0.0
81785,0.0
81786,0.0
81787,0.0
81788,0.0
81789,0.0
81790,0.0
81791,0.0
81792,0.0
81793,0.0
81794,0.0
81795,0.0
81796,0.0
81797,0.0
81798,0.0
81799,0.0
81800,0.0
81801,0.0
81802,0.0
81803,0.0
81805,0.0
81806,0.0
81807,0.0
81808,0.0
81816,0.0
81817,0.0
81818,0.0
81819,0.086123
81820,0.281481
81821,0.185554
81822,0.200617
81823,0.0
81824,0.0
81825,0.0
81826,0.0
81827,0.0
81828,0.0
81829,0.0
81830,0.0
81831,0.0
81832,0.0
81833,0.0
81834,0.0
81835,0.0
81884,0.0
81885,0.0
81886,0.0
81887,0.0
81888,0.0
81889,0.0
81890,0.0
81891,0.0
81892,0.0
81893,0.0
81894,0.0
81895,0.0
81896,0.0
81897,0.0
81898,0.0
81899,0.0
81900,0.0
81901,0.0
81902,0.0
81903,0.0
81904,0.0
81905,0.0
81906,0.0
81907,0.0
81908,0.0
81909,0.0
81910,0.0
81913,0.0
81914,0.0
81915,0.0
81916,0.0
81917,0.0
81918,0.0
81919,0.0
81920,0.769332
81921,0.0
81922,0.0
81924,0.0
81925,0.0
82234,0.030769
82235,0.0
82236,0.0
82237,0.0
82239,0.547619
82240,0.862745
82241,0.657895
82242,0.570388
82243,0.38653
82244,0.47656
82245,0.268376
82246,0.066563
82247,0.034425
82248,0.179338
82249,0.177885
82250,0.102319
82251,0.0125
82252,0.0
82253,0.082742
82254,0.307581
82255,0.242972
82256,0.690098
82257,0.349631
82258,0.395656
82259,0.677337
82260,0.195853
82261,0.208317
82262,0.091924
82263,0.224589
82264,0.22915
82265,0.004258
82266,0.139303
82267,0.0
82270,0.0
82271,0.0
82272,0.0
82276,0.013057
82277,0.0
82279,0.0
82280,1.0
82281,0.091013
82282,0.656208
82283,0.186543
82284,0.0
82285,0.0
82286,0.022234
82287,0.002791
82288,0.045361
82289,0.0
82290,0.0
82291,0.011299
82292,0.063755
82293,0.229864
82294,0.699956
82295,0.253397
82296,0.867207
82297,0.535193
82298,0.005637
82299,0.045064
82300,0.000386
82301,0.000142
82302,0.0
82303,0.0
82304,0.068178
82305,0.059056
82306,0.051243
82307,0.069353
82308,0.0
82309,0.0
82310,0.00079
82311,0.005562
82312,0.028902
82313,0.007692
82314,0.0
82315,1.0
82316,1.0
82319,0.000514
82320,0.012794
82321,0.000143
82322,0.001367
82323,0.0
82324,0.0
82325,0.011502
82326,0.090493
82327,0.49692
82328,0.01049
82329,0.438873
82330,1.0
82331,1.0
82332,1.0
82333,0.0
82334,0.0
82342,0.467766
82343,0.0
82344,0.007823
82345,0.155497
82346,0.0
82347,0.0
82348,0.666592
82349,0.757412
82350,0.943086
82351,0.548359
82352,0.87288
82353,0.39781
82354,0.117126
82355,0.1136
82356,1.0
82357,1.0
82358,0.982519
82359,0.006662
82360,0.0
82361,0.0
82362,0.052088
82363,0.212473
82364,0.207481
82365,0.012487
82366,0.003819
82367,0.0
82368,0.0
82369,0.004319
82370,0.003622
82371,0.015016
82372,0.183917
82373,0.127764
82374,0.017342
82375,0.026468
82376,0.038949
82377,0.199709
82378,0.456547
82379,0.66075
82380,0.260866
82381,0.207538
82382,0.0
82383,0.0
82384,0.019882
82385,0.011963
82386,0.042794
82387,0.0
82388,0.002055
82389,0.160815
82390,0.248983
82391,0.112604
82392,0.117696
82393,0.008725
82394,0.002493
82395,0.002212
82396,0.0
82397,0.0
82398,0.0
82399,0.0
82400,0.0
82401,0.030657
82402,0.023355
82403,0.0
82404,0.0
82405,0.0
82406,0.0
82407,0.0
82408,0.0
82409,0.0
82410,0.0
82411,0.0
82412,0.0
82413,0.0
82414,0.0
82415,0.0
82416,0.0
82417,0.0
82418,0.0
82419,0.0
82420,0.0
82421,0.0
82422,0.0
82423,0.0
82424,0.0
82425,0.0
82426,0.0
82427,0.0
82428,0.0
82429,0.0
82430,0.0
82431,0.0
82432,0.0
82433,0.0
82434,0.0
82435,0.0
82436,0.0
82437,0.0
82438,0.0
82439,0.0
82440,0.0
82441,0.0
82442,0.0
82443,0.0
82444,0.0
82445,0.0
82446,0.0
82447,0.0
82448,0.0
82449,0.0
82450,0.0
82451,0.0
82452,0.0
82453,0.0
82454,0.0
82455,0.0
82461,0.0
82462,0.0
82463,0.0
82464,0.0
82465,0.0
82466,0.0
82467,0.0
82468,0.0
82469,0.0
82470,0.0
82471,0.0
82472,0.0
82473,0.0
82474,0.0
82475,0.0
82476,0.0
82477,0.0
82478,0.0
82479,0.0
82480,0.0
82481,0.0
82482,0.0
82483,0.0
82484,0.0
82485,0.0
82486,0.0
82487,0.0
82488,0.0
82489,0.0
82490,0.0
82491,0.0
82492,0.0
82500,0.0
82501,0.185897
82502,0.21398
82503,0.535303
82504,0.545727
82505,0.508349
82506,0.070588
82507,0.0
82508,0.0
82509,0.0
82510,0.0
82511,0.0
82512,0.0
82513,0.0
82514,0.0
82515,0.0
82516,0.0
82517,0.0
82518,0.0
82519,0.0
82523,0.0
82524,0.0
82525,0.0
82565,0.0
82566,0.0
82567,0.0
82568,0.0
82569,0.0
82570,0.0
82571,0.0
82576,0.0
82577,0.0
82578,0.0
82579,0.0
82580,0.0
82581,0.0
82582,0.0
82583,0.0
82584,0.0
82585,0.0
82589,0.0
82590,0.0
82591,0.0
82592,0.0
82595,0.0
82598,0.0
82599,0.0
82600,0.0
82601,0.0
82602,0.0
82603,0.0
82604,0.0
82605,0.0
82609,0.0
82610,0.0
82611,0.0
82616,1.0
82918,0.021164
82919,0.0
82920,0.0
82922,1.0
82923,0.318841
82924,0.909091
82925,1.0
82926,0.941748
82927,0.345263
82928,0.786008
82929,0.648943
82930,0.187273
82931,0.000427
82932,0.010245
82933,0.167181
82934,0.20567
82935,0.051509
82936,0.0
82937,0.043188
82938,0.216684
82939,0.013575
82940,0.838965
82941,0.85339
82942,0.683384
82943,0.4421
82944,0.119824
82945,0.077267
82946,0.010801
82947,0.409993
82948,0.004811
82949,0.011775
82950,0.075789
82951,0.0
82952,0.0
82953,0.0
82954,0.0
82955,0.000792
82956,0.0
82957,0.0
82958,0.0
82959,0.003713
82960,0.002938
82963,0.0
82964,0.067186
82965,0.118876
82966,0.803033
82967,0.559839
82968,0.0
82969,0.0
82970,0.0
82971,0.0
82972,0.126644
82973,0.0
82974,0.0
82975,0.807346
82976,0.838714
82977,0.063162
82978,0.0
82979,0.293503
82980,0.006709
82981,0.323114
82982,0.001519
82983,0.0
82984,0.001162
82985,0.0
82986,0.000264
82987,0.000527
82988,0.0
82989,0.0
82990,0.0
82991,0.0
82992,0.023421
82993,0.02872
82994,0.009677
82995,0.0
82999,0.0
83000,1.0
83001,0.999509
83002,0.010962
83003,0.001357
83004,0.001226
83005,0.000282
83006,0.0
83007,0.0
83008,0.0
83009,0.295091
83010,1.0
83011,0.244253
83012,0.027902
83013,0.030905
83014,1.0
83016,1.0
83017,0.210526
83026,1.0
83027,0.003323
83028,0.0
83029,0.000934
83030,0.0
83031,0.0
83032,0.007499
83033,0.382668
83034,0.680723
83035,0.620949
83036,0.923314
83037,0.704078
83038,0.159143
83039,0.072337
83040,0.113928
83041,0.557186
83042,0.243064
83043,0.018799
83044,0.006478
83045,0.0
83046,0.087803
83047,0.38583
83048,0.391868
83049,0.014461
83050,0.01856
83051,0.0
83052,0.004508
83053,0.0009
83054,0.000916
83055,0.0
83056,0.001223
83057,0.044571
83058,0.047208
83059,0.023937
83060,0.141687
83061,0.447394
83062,0.941883
83063,0.522729
83064,0.389886
83065,0.676923
83066,0.006987
83067,0.0
83068,0.017454
83069,0.005257
83070,0.019124
83071,0.005259
83072,0.060054
83073,0.046064
83074,0.095301
83075,0.256709
83076,0.071944
83077,0.004182
83078,0.002232
83079,0.007806
83080,0.001438
83081,0.0
83082,0.0
83083,0.0
83084,0.0
83085,0.009027
83086,0.099467
83087,0.0
83088,0.0
83089,0.0
83090,0.0
83091,0.0
83092,0.0
83093,0.0
83094,0.0
83095,0.0
83096,0.0
83097,0.0
83098,0.0
83099,0.0
83100,0.0
83101,0.0
83102,0.0
83103,0.0
83104,0.0
83105,0.0
83106,0.0
83107,0.0
83108,0.0
83109,0.0
83110,0.0
83111,0.0
83112,0.0
83113,0.0
83114,0.0
83115,0.0
83116,0.0
83117,0.0
83118,0.0
83119,0.0
83120,0.0
83121,0.0
83122,0.0
83123,0.0
83124,0.0
83125,0.0
83126,0.0
83127,0.0
83128,0.0
83129,0.0
83130,0.0
83131,0.0
83132,0.0
83133,0.0
83134,0.0
83135,0.0
83136,0.0
83137,0.0
83138,0.0
83139,0.0
83145,0.0
83146,0.0
83147,0.0
83148,0.0
83149,0.0
83150,0.0
83151,0.0
83152,0.0
83153,0.0
83154,0.0
83155,0.0
83156,0.0
83157,0.0
83158,0.0
83159,0.0
83160,0.0
83161,0.0
83162,0.0
83163,0.0
83164,0.0
83165,0.0
83166,0.0
83167,0.0
83168,0.0
83169,0.0
83170,0.0
83171,0.0
83172,0.0
83173,0.0
83174,0.0
83175,0.0
83176,0.0
83184,0.047847
83185,0.68997
83186,0.465248
83187,0.364493
83188,0.652204
83189,0.473822
83190,0.04038
83191,0.0
83192,0.0
83193,0.0
83194,0.0
83195,0.0
83196,0.0
83197,0.0
83198,0.0
83199,0.0
83200,0.0
83201,0.0
83202,0.0
83206,0.0
83207,0.0
83208,0.0
83209,0.0
83239,0.0
83240,0.0
83241,0.0
83242,0.0
83243,0.0
83244,0.0
83245,0.0
83247,0.0
83248,0.0
83249,0.0
83250,0.0
83251,0.0
83252,0.0
83253,0.0
83254,0.0
83255,0.0
83259,0.0
83260,0.0
83261,0.0
83262,0.0
83263,0.0
83264,0.0
83265,0.0
83266,0.0
83267,0.0
83268,0.0
83274,0.0
83275,0.0
83276,0.0
83277,0.0
83281,0.0
83282,0.0
83283,0.0
83284,0.0
83285,0.0
83286,0.0
83287,0.0
83288,0.0
83289,0.0
83290,0.0
83291,0.0
83295,0.0
83300,1.0
83301,1.0
83602,0.0
83603,0.0
83604,0.0
83606,1.0
83607,1.0
83609,0.571429
83610,0.148541
83611,0.264111
83612,0.103333
83613,0.055222
83614,0.0
83615,0.005712
83616,0.040198
83617,0.277154
83618,0.1145
83619,0.386162
83620,0.07701
83621,0.0
83622,0.0
83623,0.218577
83624,0.859175
83625,0.422059
83626,0.43745
83627,0.595509
83628,0.050251
83629,0.0
83630,0.093707
83631,0.220327
83632,0.0
83633,0.168885
83634,0.539143
83635,0.0
83637,0.0
83638,0.0
83639,0.0
83640,0.000196
83641,3e-06
83642,0.0
83643,0.000428
83644,0.0
83646,0.0
83647,0.0
83648,0.008986
83649,0.045977
83650,0.992041
83651,1.0
83652,0.0
83653,0.0
83654,0.0
83655,0.010713
83656,0.38948
83657,0.078829
83658,0.00148
83659,0.89615
83660,0.91602
83661,0.568639
83662,0.051304
83663,0.274541
83664,0.040912
83665,0.079002
83666,0.315918
83667,0.622903
83668,0.854925
83669,0.0
83670,0.0
83671,0.0
83672,0.0
83673,0.0025
83674,0.0
83675,0.010294
83676,0.015529
83681,0.0
83683,0.0
83684,0.353891
83685,0.401804
83686,0.004644
83687,0.010821
83688,0.003066
83689,0.002572
83690,0.0
83691,0.0
83692,0.001923
83693,0.001141
83694,0.000339
83695,1.0
83696,0.102521
83697,0.073171
83698,0.0
83700,0.333333
83705,0.0
83706,0.0
83707,0.0
83711,0.018534
83712,0.0
83713,0.0
83714,0.0
83715,0.071869
83716,0.266674
83717,0.1707
83718,0.02968
83719,0.079422
83720,0.912803
83721,0.462828
83722,0.279094
83723,0.0
83724,0.005474
83725,0.067795
83726,0.0
83727,0.001842
83728,0.001171
83729,0.0
83730,0.13506
83731,0.472771
83732,0.294241
83733,0.05102
83734,0.0
83735,0.0
83736,0.002916
83737,0.00176
83738,0.008534
83739,0.0
83740,0.010679
83741,0.077203
83742,0.198115
83743,0.004577
83744,0.002027
83745,0.066748
83746,0.859876
83747,0.99068
83748,0.843524
83749,0.92267
83750,0.454118
83751,0.0
83752,0.0
83753,0.013674
83754,0.02797
83755,0.028917
83756,0.026179
83757,0.007871
83758,0.064791
83759,0.057453
83760,0.002778
83761,0.031622
83762,0.0
83763,0.004181
83764,0.0
83765,0.0
83766,0.0
83767,0.0
83768,0.002539
83769,0.010424
83770,0.0
83771,0.02946
83772,0.0
83773,0.0
83774,0.0
83775,0.0
83776,0.0
83777,0.0
83778,0.0
83779,0.0
83780,0.0
83781,0.0
83782,0.0
83783,0.0
83784,0.0
83785,0.0
83786,0.0
83787,0.0
83788,0.0
83789,0.0
83790,0.0
83791,0.0
83792,0.0
83793,0.0
83794,0.0
83795,0.0
83796,0.0
83797,0.0
83798,0.0
83799,0.0
83800,0.0
83801,0.0
83802,0.0
83803,0.0
83804,0.0
83805,0.0
83806,0.0
83807,0.0
83808,0.0
83809,0.0
83810,0.0
83811,0.0
83812,0.0
83813,0.0
83814,0.0
83815,0.0
83816,0.0
83817,0.0
83818,0.0
83819,0.0
83820,0.0
83821,0.0
83822,0.0
83823,0.0
83824,0.0
83829,0.0
83830,0.0
83831,0.0
83832,0.0
83833,0.0
83834,0.0
83835,0.0
83836,0.0
83837,0.0
83838,0.0
83839,0.0
83840,0.0
83841,0.0
83842,0.0
83843,0.0
83844,0.0
83845,0.0
83846,0.0
83847,0.0
83848,0.0
83849,0.0
83850,0.0
83851,0.0
83852,0.0
83853,0.0
83854,0.0
83855,0.0
83856,0.0
83857,0.0
83858,0.0
83859,0.0
83860,0.0
83867,0.002639
83868,0.52439
83869,0.091922
83870,0.450526
83871,0.517312
83872,0.77887
83873,0.000879
83874,0.0
83875,0.0
83876,0.0
83877,0.0
83878,0.0
83879,0.0
83880,0.0
83881,0.0
83882,0.0
83883,0.0
83884,0.0
83885,0.0
83889,0.0
83890,0.0
83891,0.0
83892,0.0
83893,0.0
83921,0.0
83922,0.0
83923,0.0
83924,0.0
83925,0.0
83926,0.0
83927,0.0
83928,0.0
83929,0.0
83931,0.0
83932,0.0
83933,0.0
83934,0.0
83935,0.0
83936,0.0
83937,0.0
83938,0.0
83939,0.0
83944,0.0
83945,0.0
83946,0.0
83947,0.0
83948,0.0
83949,0.0
83950,0.0
83951,0.0
83952,0.0
83958,0.0
83959,0.0
83960,0.0
83961,0.0
83966,0.0
83967,0.0
83968,0.0
83969,0.0
83970,0.0
83971,0.0
83972,0.0
83973,0.0
83974,0.0
83975,0.0
83976,0.0
83977,0.0
83978,0.0
83979,0.0
83980,0.0
83981,0.0
83985,0.789474
84285,0.0
84286,0.033333
84287,0.002183
84288,0.0
84290,0.555556
84291,1.0
84294,0.162706
84295,0.413793
84296,0.113555
84297,0.016704
84298,0.007802
84299,0.001303
84300,0.392857
84301,0.31272
84302,0.274082
84303,0.304307
84304,0.560811
84305,0.008065
84306,0.0
84307,0.157522
84308,0.897585
84309,0.810879
84310,0.695089
84311,0.063205
84312,0.010003
84313,0.0
84314,0.186896
84315,0.383417
84316,0.00205
84317,0.406957
84318,0.589577
84319,0.0
84320,0.0
84321,0.0
84323,0.0
84324,0.01127
84325,0.001121
84326,0.0
84327,0.000421
84328,0.0
84329,0.0
84330,0.0
84331,0.090226
84332,1.0
84333,0.705389
84334,1.0
84335,1.0
84337,0.0
84338,0.045155
84339,0.000576
84340,0.061575
84341,0.401368
84342,0.001124
84343,0.724164
84344,0.938081
84345,0.835459
84346,0.467624
84347,0.518045
84348,0.58884
84349,0.73198
84350,0.492864
84351,0.288108
84352,0.486712
84353,0.795158
84354,0.34176
84355,0.156328
84356,0.025123
84357,0.009174
84358,0.053244
84359,0.725527
84360,0.772751
84361,0.0
84362,0.0
84365,0.0
84366,0.0
84367,1.0
84368,0.956734
84369,0.152348
84370,0.0
84371,0.031353
84372,0.008604
84373,0.0
84374,0.030568
84375,0.006042
84376,0.001104
84377,0.213095
84378,0.185093
84379,1.0
84381,1.0
84382,0.008505
84383,0.0
84384,0.0
84385,0.0
84389,0.011665
84390,0.000747
84391,0.0
84392,0.401152
84393,0.117071
84394,0.0
84395,0.0
84396,0.0
84397,0.0
84398,0.000733
84399,0.164783
84400,0.548628
84401,0.086844
84402,0.0
84403,0.0
84404,0.00273
84405,0.059053
84406,0.003367
84407,0.0
84408,0.014385
84409,0.147131
84410,0.060558
84411,0.004548
84412,0.022227
84413,0.00356
84414,0.006691
84415,0.439052
84416,0.091167
84417,0.0
84418,0.001876
84419,0.0
84420,0.013058
84421,0.042466
84422,0.027467
84423,0.0
84424,0.003043
84425,0.020941
84426,0.210054
84427,0.133487
84428,0.02155
84429,0.029587
84430,0.806686
84431,0.877303
84432,0.890367
84433,0.945884
84434,0.698843
84435,0.054826
84436,0.0
84437,0.0
84438,0.003477
84439,0.002345
84440,0.002946
84441,0.041022
84442,0.026102
84443,0.002154
84444,0.0
84445,0.0
84446,0.0
84447,0.0
84448,0.0
84449,0.0
84450,0.0
84451,0.007633
84452,0.013727
84453,0.019423
84454,0.049692
84455,0.116869
84456,0.065461
84457,0.05602
84458,0.0
84459,0.0
84460,0.0
84461,0.0
84462,0.0
84463,0.0
84464,0.0
84465,0.0
84466,0.0
84467,0.0
84468,0.0
84469,0.0
84470,0.0
84471,0.0
84472,0.0
84473,0.0
84474,0.0
84475,0.0
84476,0.0
84477,0.0
84478,0.0
84479,0.0
84480,0.0
84481,0.0
84482,0.0
84483,0.0
84484,0.0
84485,0.0
84486,0.0
84487,0.0
84488,0.0
84489,0.0
84490,0.0
84491,0.0
84492,0.0
84493,0.0
84494,0.0
84495,0.0
84496,0.0
84497,0.0
84498,0.0
84499,0.0
84500,0.0
84501,0.0
84502,0.0
84503,0.0
84504,0.0
84505,0.0
84506,0.0
84507,0.0
84508,0.0
84509,0.0
84510,0.0
84511,0.0
84512,0.0
84513,0.0
84514,0.0
84515,0.0
84516,0.0
84517,0.0
84518,0.0
84519,0.0
84520,0.0
84521,0.0
84522,0.0
84523,0.0
84524,0.0
84525,0.0
84526,0.119205
84527,0.201096
84528,0.0
84529,0.0
84530,0.0
84531,0.0
84532,0.0
84533,0.0
84534,0.0
84535,0.0
84536,0.0
84537,0.0
84538,0.0
84539,0.0
84540,0.0
84541,0.0
84542,0.0
84543,0.0
84551,0.0
84552,0.0
84553,0.0
84554,0.077621
84555,0.63676
84556,0.273723
84557,0.034694
84558,0.0
84560,0.0
84561,0.0
84562,0.0
84563,0.0
84564,0.0
84565,0.0
84566,0.0
84567,0.0
84568,0.0
84569,0.0
84573,0.0
84574,0.0
84575,0.0
84576,0.0
84577,0.0
84578,0.0
84604,0.0
84605,0.0
84606,0.0
84607,0.0
84608,0.0
84609,0.0
84610,0.0
84611,0.0
84612,0.0
84613,0.0
84614,0.0
84615,0.0
84616,0.0
84617,0.0
84618,0.0
84619,0.0
84620,0.0
84621,0.0
84622,0.0
84623,0.0
84624,0.0
84627,0.0
84628,0.0
84629,0.0
84630,0.0
84631,0.0
84632,0.0
84633,0.0
84634,0.0
84635,0.0
84636,0.0
84637,0.0
84641,0.0
84642,0.0
84643,0.0
84644,0.0
84645,0.0
84651,0.0
84652,0.0
84653,0.0
84654,0.0
84655,0.0
84656,0.0
84657,0.0
84658,0.0
84659,0.0
84662,0.0
84663,0.0
84664,0.0
84665,0.0
84668,0.0
84669,0.0
84969,0.0
84970,0.0
84972,0.0
84973,0.0
84974,0.0
84978,0.0
84979,0.081287
84980,0.04188
84981,0.009078
84982,0.095127
84983,0.307588
84984,0.736773
84985,0.646144
84986,0.732014
84987,0.999294
84988,0.722871
84989,0.244019
84990,0.397333
84991,0.899448
84992,0.962803
84993,0.814333
84994,0.343789
84995,0.211548
84996,0.350778
84997,0.0
84998,0.074286
84999,0.113274
85000,0.006955
85001,0.057891
85002,0.00355
85003,0.0
85004,0.0
85005,0.0
85008,0.0
85009,0.11007
85010,0.382668
85011,0.0
85012,0.0
85013,0.0
85014,0.0
85015,0.02507
85016,1.0
85017,0.820829
85018,1.0
85020,0.0
85021,0.001291
85022,0.747915
85023,0.77494
85024,0.135586
85025,0.176338
85026,0.012535
85027,0.0
85028,0.866005
85029,0.923781
85030,0.927264
85031,0.930138
85032,1.0
85033,0.975007
85034,0.688352
85035,0.920801
85036,0.280603
85037,0.44897
85038,0.547244
85039,0.76672
85040,0.864367
85041,0.670183
85042,0.907728
85043,0.952987
85044,0.926825
85045,0.758529
85050,1.0
85051,0.761331
85052,0.804986
85053,0.412078
85054,0.0
85055,0.002016
85056,0.0
85057,0.000977
85058,0.001678
85059,0.011497
85060,0.008423
85061,0.174859
85062,1.0
85063,0.873134
85064,0.043478
85065,1.0
85066,0.305189
85067,0.0
85073,0.0
85074,0.0
85075,0.0
85076,0.0
85077,0.0
85078,0.0
85079,0.0
85080,0.0
85081,0.0
85082,0.0
85083,0.0
85084,0.125748
85085,0.39544
85086,0.198974
85087,0.0
85088,0.0
85089,0.0
85090,0.0
85091,0.0
85092,0.063619
85093,0.356255
85094,0.244358
85095,0.023894
85096,0.015425
85097,0.005447
85098,9.2e-05
85099,0.168789
85100,0.022047
85101,0.0
85102,0.0
85103,0.0
85104,0.0
85105,0.02148
85106,0.078249
85107,0.17342
85108,0.026027
85109,0.031871
85110,0.095365
85111,0.346374
85112,0.004241
85113,0.012985
85114,0.763477
85115,0.800518
85116,0.902486
85117,0.910756
85118,0.764706
85119,0.101519
85120,0.0
85121,0.0
85122,0.001679
85123,0.0
85124,0.009511
85125,0.025915
85126,0.0
85127,0.0
85128,0.0
85129,0.0
85130,0.0
85131,0.0
85132,0.0
85133,0.0
85134,0.0
85135,0.004077
85136,0.002994
85137,0.015921
85138,0.003911
85139,0.682483
85140,0.264617
85141,0.249062
85142,0.0
85143,0.0
85144,0.0
85145,0.0
85146,0.0
85147,0.0
85148,0.0
85149,0.0
85150,0.0
85151,0.0
85152,0.0
85153,0.0
85154,0.0
85155,0.0
85156,0.0
85157,0.0
85158,0.0
85159,0.0
85160,0.0
85161,0.0
85162,0.0
85163,0.0
85164,0.0
85165,0.0
85166,0.0
85167,0.0
85168,0.0
85169,0.0
85170,0.0
85171,0.0
85172,0.0
85173,0.0
85174,0.0
85175,0.0
85176,0.0
85177,0.0
85178,0.0
85179,0.0
85180,0.0
85181,0.0
85182,0.0
85183,0.0
85184,0.0
85185,0.0
85186,0.0
85187,0.0
85188,0.0
85189,0.0
85190,0.0
85191,0.0
85192,0.0
85193,0.0
85194,0.0
85195,0.0
85196,0.0
85197,0.0
85198,0.0
85199,0.0
85200,0.0
85201,0.0
85202,0.0
85203,0.0
85204,0.0
85205,0.0
85206,0.647748
85207,0.123911
85208,0.0
85209,0.0
85210,0.0
85211,0.0
85212,0.0
85213,0.0
85214,0.0
85215,0.0
85216,0.0
85217,0.0
85218,0.0
85219,0.0
85220,0.0
85221,0.0
85222,0.0
85223,0.0
85224,0.0
85225,0.0
85226,0.0
85227,0.0
85236,0.0
85237,0.056452
85238,0.284797
85239,0.27611
85240,0.464849
85241,0.180638
85242,0.0
85243,0.0
85244,0.0
85245,0.0
85246,0.0
85247,0.0
85248,0.0
85249,0.0
85250,0.0
85251,0.0
85252,0.0
85253,0.0
85254,0.0
85256,0.0
85257,0.0
85258,0.0
85259,0.0
85260,0.0
85261,0.0
85262,0.0
85263,0.0
85288,0.0
85289,0.0
85290,0.0
85291,0.0
85292,0.0
85293,0.0
85294,0.0
85295,0.0
85296,0.0
85297,0.0
85298,0.0
85299,0.0
85300,0.0
85301,0.0
85302,0.0
85303,0.0
85304,0.0
85305,0.0
85306,0.0
85307,0.0
85308,0.0
85309,0.0
85310,0.0
85311,0.0
85312,0.0
85313,0.0
85314,0.0
85315,0.0
85316,0.0
85317,0.0
85318,0.0
85319,0.0
85320,0.0
85321,0.0
85322,0.0
85323,0.0
85324,0.0
85325,0.0
85326,0.0
85327,0.0
85328,0.0
85329,0.0
85330,0.0
85331,0.0
85332,0.0
85336,0.0
85337,0.0
85338,0.0
85339,0.0
85340,0.0
85341,0.0
85342,0.0
85344,0.0
85345,0.0
85346,0.0
85347,0.0
85348,0.0
85349,0.506787
85350,0.999378
85351,0.0
85352,0.0
85353,0.0
85653,0.0
85654,0.003498
85655,0.013818
85656,0.019157
85657,0.025424
85659,1.0
85660,1.0
85662,0.182861
85663,0.060491
85664,0.151549
85665,0.461538
85666,0.165512
85667,0.057627
85668,0.23464
85669,0.281744
85670,0.682776
85671,1.0
85672,0.905024
85673,0.657601
85674,0.749256
85675,0.991019
85676,1.0
85677,0.858704
85679,0.98125
85680,0.575099
85681,0.266733
85682,0.33213
85683,0.0
85684,0.0
85685,0.017798
85686,0.003556
85687,0.0
85688,0.0
85690,0.0
85691,0.0
85692,0.0
85693,0.0
85694,0.093142
85695,0.0
85696,0.0
85697,0.0
85698,0.202614
85699,1.0
85701,0.0
85703,0.0
85704,0.0
85705,0.050329
85706,0.714081
85707,0.619527
85708,0.19938
85709,0.001727
85710,0.0
85711,0.0
85712,0.166111
85713,0.17974
85714,0.512977
85715,0.965418
85716,0.999377
85717,0.957902
85718,0.92914
85719,0.959394
85720,0.513508
85721,0.061238
85722,0.124842
85723,0.530053
85724,0.67411
85725,0.647529
85726,0.721247
85727,0.870882
85728,0.818757
85729,0.778962
85730,0.058065
85731,0.0
85733,0.000131
85734,0.274783
85735,0.586179
85736,0.441675
85737,0.05042
85738,0.0
85739,0.0
85740,0.0
85741,0.0
85742,0.001253
85743,0.001332
85744,0.002342
85745,0.084946
85746,1.0
85747,1.0
85748,0.587963
85750,0.993506
85751,0.045045
85755,0.0
85756,0.0
85759,0.019331
85760,0.0
85761,0.0
85762,0.0
85763,0.0
85764,0.0
85765,0.0
85766,0.0
85767,0.0
85768,0.0
85769,0.043541
85770,0.073555
85771,0.0
85772,0.0
85773,0.0
85774,0.0
85775,0.0
85776,0.032551
85777,0.36
85778,0.10477
85779,0.001508
85780,0.057105
85781,0.122853
85782,0.022035
85783,0.09128
85784,0.0
85785,0.0
85786,0.002378
85787,0.006665
85788,0.0
85789,0.051423
85790,0.179024
85791,0.045767
85792,0.011843
85793,0.052562
85794,0.001326
85795,0.0187
85796,0.030388
85797,0.099274
85798,0.798417
85799,0.947139
85800,0.886214
85801,0.925754
85802,0.838643
85803,0.02557
85804,0.0
85805,0.0
85806,0.003515
85807,0.0
85808,0.012012
85809,0.069376
85810,0.186735
85811,0.087109
85812,0.014699
85813,0.00093
85814,0.0
85815,0.0
85816,0.0
85817,0.001154
85818,0.001062
85819,0.0
85820,0.0
85821,0.0
85822,0.0
85823,0.488126
85824,0.342667
85825,0.0
85826,0.0
85827,0.0
85828,0.0
85829,0.0
85830,0.0
85831,0.0
85832,0.0
85833,0.0
85834,0.0
85835,0.0
85836,0.0
85837,0.0
85838,0.0
85839,0.0
85840,0.0
85841,0.0
85842,0.0
85843,0.0
85844,0.0
85845,0.0
85846,0.0
85847,0.0
85848,0.0
85849,0.0
85850,0.0
85851,0.0
85852,0.0
85853,0.0
85854,0.0
85855,0.0
85856,0.0
85857,0.0
85858,0.0
85859,0.0
85860,0.0
85861,0.0
85862,0.0
85863,0.0
85864,0.0
85865,0.0
85866,0.0
85867,0.0
85868,0.0
85869,0.0
85870,0.0
85871,0.0
85872,0.0
85873,0.0
85874,0.0
85875,0.0
85876,0.0
85877,0.0
85878,0.0
85879,0.0
85880,0.0
85881,0.0
85882,0.0
85883,0.0
85884,0.0
85885,0.0
85886,0.0
85887,0.0
85888,0.0
85889,0.0
85890,0.280213
85892,0.0
85893,0.0
85894,0.0
85895,0.0
85896,0.0
85897,0.0
85898,0.0
85899,0.0
85900,0.0
85901,0.0
85902,0.0
85903,0.0
85904,0.0
85905,0.0
85906,0.0
85907,0.0
85908,0.0
85909,0.0
85910,0.0
85911,0.0
85920,0.011682
85921,0.110482
85922,0.260059
85923,0.584192
85924,0.135962
85925,0.213311
85926,0.096618
85927,0.0
85928,0.0
85929,0.0
85930,0.0
85931,0.0
85932,0.0
85933,0.0
85934,0.0
85935,0.0
85936,0.0
85937,0.0
85938,0.0
85939,0.0
85940,0.0
85941,0.0
85942,0.0
85943,0.0
85944,0.0
85945,0.0
85946,0.0
85947,0.0
85973,0.0
85974,0.0
85975,0.0
85976,0.0
85977,0.0
85978,0.0
85979,0.0
85980,0.0
85981,0.0
85982,0.0
85983,0.0
85984,0.0
85985,0.0
85986,0.0
85987,0.0
85988,0.0
85989,0.0
85990,0.0
85991,0.0
85992,0.0
85993,0.0
85994,0.0
85995,0.0
85996,0.0
85997,0.0
85998,0.0
85999,0.0
86000,0.0
86001,0.0
86002,0.0
86003,0.0
86004,0.0
86005,0.0
86006,0.0
86007,0.0
86008,0.0
86009,0.0
86010,0.0
86011,0.0
86012,0.0
86013,0.0
86014,0.0
86019,0.0
86020,0.0
86021,0.0
86022,0.0
86023,0.0
86024,0.0
86025,0.0
86026,0.0
86027,0.0
86028,0.0
86029,0.0
86030,0.0
86031,0.0
86032,0.0
86033,0.222222
86034,0.0
86337,0.0
86338,0.0
86339,0.005579
86340,0.003378
86341,1.0
86343,1.0
86344,0.913462
86345,0.2
86346,0.555556
86347,0.418605
86348,0.689373
86349,0.87234
86350,0.091153
86351,0.289617
86352,0.131135
86353,0.035889
86354,0.280312
86355,0.684685
86356,0.759868
86357,0.147295
86358,0.980519
86359,1.0
86360,1.0
86361,0.772222
86362,0.912632
86363,0.0
86364,0.003271
86365,0.422129
86366,0.289796
86367,0.0
86368,1.0
86376,0.393103
86377,0.53352
86378,0.346282
86379,0.0
86380,0.0
86381,0.0
86382,0.010724
86383,0.693467
86384,0.870909
86387,0.0
86389,0.412788
86390,0.970279
86391,0.581087
86392,0.017505
86393,0.001712
86394,0.0
86395,0.007027
86396,5.7e-05
86397,0.306539
86398,0.894338
86399,0.93659
86400,0.939737
86401,0.933682
86402,0.954334
86403,0.901548
86404,0.258065
86405,0.094865
86406,0.054245
86407,0.0
86408,0.426886
86409,0.874785
86410,0.928905
86411,0.71825
86412,0.740131
86413,0.194125
86414,0.459399
86415,0.666419
86416,0.059472
86417,0.034766
86418,0.098845
86419,0.001368
86420,0.051064
86421,0.0
86422,0.0
86423,0.0
86424,0.0
86425,0.0
86426,0.001325
86427,0.001567
86428,0.000317
86429,0.001913
86430,0.618399
86431,1.0
86432,1.0
86437,0.0
86438,0.0
86439,0.0
86440,0.0
86441,0.0
86443,0.0
86444,0.0
86445,0.0
86446,0.0
86447,0.0
86448,0.0
86449,0.0
86450,0.0
86451,0.0
86452,0.0
86453,0.041795
86454,0.009135
86455,0.0
86456,0.0
86457,0.04785
86458,0.0
86459,0.0
86460,0.147086
86461,0.029687
86462,0.0
86463,0.042998
86464,0.233006
86465,0.465035
86466,0.101484
86467,0.01665
86468,0.0
86469,0.0
86470,0.0
86471,0.002743
86472,0.04156
86473,0.112344
86474,0.15906
86475,0.0
86476,0.045803
86477,0.075412
86478,0.121355
86479,0.06605
86480,0.079959
86481,0.177514
86482,0.905281
86483,0.962051
86484,0.891907
86485,0.958894
86486,0.454818
86487,0.0
86488,0.0
86489,0.00054
86490,0.394349
86491,0.124409
86492,0.008926
86493,0.280765
86494,0.431811
86495,0.530624
86496,0.430003
86497,0.268099
86498,0.19896
86499,0.0
86500,0.0
86501,0.0
86502,0.0
86503,0.0
86504,0.0
86505,0.0
86506,0.0
86507,0.070901
86508,0.129677
86509,0.0
86510,0.0
86511,0.0
86512,0.0
86513,0.0
86514,0.0
86515,0.0
86516,0.0
86517,0.0
86518,0.0
86519,0.0
86520,0.0
86521,0.0
86522,0.0
86523,0.0
86524,0.0
86525,0.0
86526,0.0
86527,0.0
86528,0.0
86529,0.0
86530,0.0
86531,0.0
86532,0.0
86533,0.0
86534,0.0
86535,0.0
86536,0.0
86537,0.0
86538,0.0
86539,0.0
86540,0.0
86541,0.0
86542,0.0
86543,0.0
86544,0.0
86545,0.0
86546,0.0
86547,0.0
86548,0.0
86549,0.0
86550,0.0
86551,0.0
86552,0.0
86553,0.0
86554,0.0
86555,0.0
86556,0.0
86557,0.0
86558,0.0
86559,0.0
86560,0.0
86561,0.0
86562,0.0
86563,0.0
86564,0.0
86565,0.0
86566,0.0
86567,0.0
86568,0.0
86569,0.0
86570,0.0
86571,0.0
86572,0.0
86573,0.0
86575,0.0
86576,0.0
86577,0.0
86578,0.0
86579,0.0
86580,0.0
86581,0.0
86582,0.0
86583,0.0
86584,0.0
86585,0.0
86586,0.0
86587,0.0
86588,0.0
86589,0.0
86590,0.0
86591,0.0
86592,0.0
86593,0.0
86594,0.0
86595,0.0
86603,0.0
86604,0.0
86605,0.0
86606,0.133094
86607,0.145329
86608,0.48501
86609,0.149314
86610,0.060023
86611,0.0
86612,0.0
86613,0.0
86614,0.0
86615,0.0
86616,0.0
86617,0.0
86618,0.0
86619,0.0
86620,0.0
86621,0.0
86622,0.0
86623,0.0
86624,0.0
86625,0.0
86626,0.0
86627,0.0
86628,0.0
86629,0.0
86630,0.0
86631,0.0
86657,0.0
86659,0.0
86660,0.0
86661,0.0
86662,0.0
86663,0.0
86664,0.0
86665,0.0
86666,0.0
86667,0.0
86668,0.0
86669,0.0
86670,0.0
86671,0.0
86672,0.118959
86673,0.064417
86674,0.0
86675,0.0
86676,0.0
86677,0.0
86678,0.0
86679,0.0
86680,0.0
86681,0.0
86682,0.0
86683,0.0
86684,0.0
86685,0.0
86686,0.0
86687,0.0
86688,0.0
86689,0.0
86690,0.0
86691,0.0
86692,0.0
86693,0.0
86694,0.0
86695,0.0
86696,0.0
86697,0.0
86704,0.0
86705,0.0
86706,0.0
86707,0.0
86708,0.0
86709,0.0
86710,0.0
86711,0.0
86713,0.0
86714,0.0
86715,0.0
86716,0.0
86717,0.0
87020,0.0
87021,0.0
87022,0.0
87023,0.001541
87024,0.288889
87025,1.0
87026,1.0
87028,1.0
87029,0.945455
87030,0.416667
87031,0.060606
87032,0.318414
87033,0.762376
87034,0.136882
87035,0.123261
87036,0.545674
87037,0.091819
87038,0.515289
87039,0.999159
87040,0.436764
87041,0.683588
87042,0.130435
87043,0.647887
87044,0.478125
87045,0.568421
87046,0.996894
87047,0.566547
87048,0.120118
87049,0.636757
87050,0.006299
87051,0.0
87052,1.0
87053,1.0
87058,0.0
87059,0.979167
87060,0.736872
87061,0.867336
87062,0.875349
87063,0.0
87064,0.0
87065,0.0
87066,0.0
87067,0.831452
87068,0.709182
87069,0.0
87070,0.0
87071,0.0
87073,1.0
87075,0.0
87077,0.0
87078,0.0
87079,0.0
87080,0.0
87081,0.0
87082,0.800931
87083,0.708357
87084,0.907075
87085,0.914255
87086,0.93289
87087,0.863019
87088,0.40947
87089,0.0
87090,0.0
87091,0.051001
87092,0.301076
87093,0.471177
87094,0.687299
87095,0.553207
87096,0.159338
87097,0.0
87098,0.006659
87099,0.566003
87100,0.942236
87101,0.001541
87102,0.0
87103,0.0
87104,0.0
87105,0.295714
87106,0.111235
87107,0.070254
87108,0.010021
87109,0.0
87110,0.686747
87111,0.007531
87112,0.014647
87113,0.001537
87114,0.596386
87115,0.897674
87116,0.327652
87120,0.0
87121,0.0
87122,0.001786
87123,0.0
87127,0.0
87128,0.0
87129,0.0
87130,0.0
87131,0.0
87132,0.0
87133,0.0
87134,0.0
87135,0.0
87136,0.002833
87137,0.711468
87138,0.512909
87139,0.388161
87140,0.058677
87141,0.014532
87142,0.0
87143,0.001134
87144,0.194466
87145,0.000728
87146,0.0
87147,0.080244
87148,0.213828
87149,0.536676
87150,0.193682
87151,0.042982
87152,0.0
87153,0.0
87154,0.000585
87155,0.00496
87156,0.038399
87157,0.286103
87158,0.026297
87159,0.0
87160,0.081169
87161,0.072021
87162,0.009348
87163,0.038598
87164,0.118805
87165,0.310301
87166,0.62087
87167,0.971774
87168,0.938728
87169,0.961571
87170,0.0
87171,0.0
87172,0.0
87173,0.002663
87174,0.0
87175,0.139948
87176,0.519309
87177,0.26776
87178,0.400315
87179,0.286777
87180,0.309191
87181,0.244624
87182,0.241229
87183,0.10078
87184,0.008939
87185,0.0
87186,0.0
87187,0.0
87188,0.0
87189,0.0
87190,0.0
87191,0.0
87192,0.0
87193,0.0
87194,0.0
87195,0.0
87196,0.0
87197,0.0
87198,0.0
87199,0.0
87200,0.0
87201,0.0
87202,0.0
87203,0.0
87204,0.0
87205,0.0
87206,0.0
87207,0.0
87208,0.0
87209,0.0
87210,0.0
87211,0.0
87212,0.0
87213,0.0
87214,0.0
87215,0.0
87216,0.0
87217,0.0
87218,0.0
87219,0.0
87220,0.0
87221,0.0
87222,0.0
87223,0.0
87224,0.0
87225,0.0
87226,0.0
87227,0.0
87228,0.0
87229,0.0
87230,0.0
87231,0.0
87232,0.0
87233,0.0
87234,0.0
87235,0.0
87236,0.0
87237,0.0
87238,0.0
87239,0.0
87240,0.0
87241,0.0
87242,0.0
87243,0.0
87244,0.0
87245,0.0
87246,0.0
87247,0.0
87248,0.0
87249,0.0
87250,0.0
87251,0.0
87252,0.0
87253,0.0
87254,0.0
87255,0.0
87256,0.0
87257,0.0
87258,0.0
87259,0.0
87260,0.0
87261,0.0
87262,0.0
87263,0.0
87264,0.0
87265,0.0
87266,0.0
87267,0.0
87268,0.0
87269,0.0
87270,0.0
87271,0.0
87272,0.0
87273,0.0
87274,0.0
87275,0.0
87276,0.0
87277,0.0
87278,0.0
87279,0.0
87287,0.0
87288,0.0
87289,0.104205
87290,0.73913
87291,0.143133
87292,0.173152
87293,0.2733
87294,0.130386
87295,0.0
87296,0.0
87297,0.0
87298,0.0
87299,0.0
87300,0.0
87301,0.0
87302,0.0
87303,0.0
87304,0.0
87306,0.0
87307,0.0
87308,0.0
87309,0.0
87310,0.0
87311,0.0
87312,0.0
87313,0.0
87314,0.0
87315,0.0
87316,0.0
87342,0.0
87343,0.0
87344,0.0
87345,0.0
87346,0.0
87347,0.0
87348,0.0
87349,0.0
87350,0.0
87351,0.0
87352,0.0
87353,0.0
87354,0.0
87355,0.0
87356,0.545722
87357,0.467897
87358,0.0
87359,0.0
87360,0.0
87361,0.0
87362,0.0
87363,0.0
87364,0.0
87365,0.0
87366,0.0
87367,0.0
87368,0.0
87369,0.0
87370,0.0
87371,0.0
87372,0.0
87373,0.0
87374,0.0
87375,0.0
87376,0.0
87377,0.0
87378,0.0
87379,0.0
87380,0.0
87381,0.0
87383,0.0
87388,0.0
87389,0.0
87390,0.0
87391,0.0
87392,0.0
87393,0.0
87394,0.0
87395,0.0
87397,0.0
87398,0.0
87399,0.0
87703,0.0
87704,0.0
87705,0.0
87706,0.0
87707,0.0
87708,0.0
87709,0.906977
87710,1.0
87711,1.0
87714,0.307692
87715,0.072368
87716,0.265509
87717,0.149068
87718,0.022876
87719,0.0
87720,0.063204
87721,0.069065
87722,0.032071
87723,0.78744
87724,0.016816
87725,0.109551
87726,0.140047
87727,0.62316
87728,0.308746
87729,0.067092
87730,0.161885
87731,0.001606
87732,0.015924
87734,0.278341
87735,0.07438
87736,1.0
87742,1.0
87743,1.0
87744,0.753487
87745,0.949477
87746,0.427792
87747,0.0
87748,0.0
87749,0.008791
87750,0.01812
87751,0.177459
87752,0.002927
87753,0.0
87754,0.0
87755,0.0
87757,1.0
87758,0.0
87759,0.0
87760,0.0
87762,0.0
87763,0.0
87764,0.0
87765,0.001796
87766,0.511361
87767,0.498258
87768,0.0
87769,0.0
87770,0.834579
87771,0.88526
87772,0.469127
87773,0.715061
87774,0.541668
87775,0.0
87776,0.014009
87777,0.042655
87778,0.214304
87779,0.215312
87780,0.311016
87781,0.1498
87782,0.648232
87783,0.877003
87784,0.898586
87785,0.572727
87786,0.111049
87787,0.001288
87788,0.001827
87789,0.045624
87790,0.230464
87791,0.05901
87792,0.073043
87793,1.0
87794,1.0
87795,1.0
87796,1.0
87797,1.0
87798,1.0
87799,1.0
87800,0.967949
87804,0.0
87805,0.0
87806,0.0
87807,0.0
87808,0.001178
87811,0.0
87812,0.0
87813,0.0
87814,0.0
87815,0.0
87816,0.0
87817,0.0
87818,0.0
87819,0.0
87820,0.059241
87821,0.847819
87822,0.846629
87823,0.74649
87824,0.475846
87825,0.110565
87826,0.004394
87827,0.076023
87828,0.003079
87829,0.0
87830,0.0
87831,0.001206
87832,0.30267
87833,0.45983
87834,0.261027
87835,0.104034
87836,0.047915
87837,0.075491
87838,0.033802
87839,0.017021
87840,0.048866
87841,0.192514
87842,0.167486
87843,0.006893
87844,0.0
87845,0.043604
87846,0.137331
87847,0.026882
87848,0.153111
87849,0.13335
87850,0.300291
87851,0.731313
87852,0.817319
87853,0.787296
87854,0.012829
87855,0.0
87856,0.058364
87857,0.357005
87858,0.852632
87859,0.788007
87860,0.165537
87861,0.088869
87862,0.27301
87863,0.033516
87864,0.232389
87865,0.134839
87866,0.091844
87867,0.022037
87868,0.0
87869,0.0
87870,0.0
87871,0.0
87872,0.0
87873,0.0
87874,0.0
87875,0.0
87876,0.0
87877,0.0
87878,0.0
87879,0.0
87880,0.0
87881,0.0
87882,0.0
87883,0.0
87884,0.0
87885,0.0
87886,0.0
87887,0.0
87888,0.0
87889,0.0
87890,0.0
87891,0.0
87892,0.0
87893,0.0
87894,0.0
87895,0.0
87896,0.0
87897,0.0
87898,0.0
87899,0.0
87900,0.0
87901,0.0
87902,0.0
87903,0.0
87904,0.0
87905,0.0
87906,0.0
87907,0.0
87908,0.0
87909,0.0
87910,0.0
87911,0.0
87912,0.0
87913,0.0
87914,0.0
87915,0.0
87916,0.0
87917,0.0
87918,0.0
87919,0.0
87920,0.0
87921,0.0
87922,0.0
87923,0.0
87924,0.0
87925,0.0
87926,0.0
87927,0.0
87928,0.0
87929,0.0
87930,0.0
87931,0.0
87932,0.0
87933,0.0
87934,0.0
87935,0.0
87936,0.0
87937,0.0
87938,0.0
87939,0.0
87940,0.0
87941,0.0
87942,0.0
87943,0.0
87944,0.0
87945,0.0
87946,0.0
87947,0.0
87948,0.0
87949,0.0
87950,0.0
87951,0.0
87952,0.0
87953,0.0
87954,0.0
87955,0.0
87956,0.0
87957,0.0
87958,0.0
87959,0.0
87960,0.0
87961,0.0
87962,0.0
87963,0.0
87972,0.0
87973,0.389432
87974,0.456534
87975,0.028169
87976,0.0
87977,0.271825
87978,0.042705
87979,1.0
87983,0.0
87984,0.0
87985,0.0
87986,0.0
87987,0.0
87989,0.0
87990,0.0
87991,0.0
87992,0.0
87993,0.0
87994,0.0
87995,0.0
87996,0.0
87997,0.0
87998,0.0
87999,0.0
88000,0.0
88025,0.0
88026,0.0
88027,0.0
88028,0.0
88029,0.0
88030,0.0
88031,0.0
88032,0.0
88033,0.0
88034,0.0
88035,0.0
88036,0.0
88038,0.0
88039,0.0
88040,0.146887
88041,0.17284
88042,0.0
88043,0.0
88044,0.0
88045,0.0
88046,0.0
88047,0.0
88048,0.0
88049,0.0
88050,0.0
88051,0.0
88052,0.0
88053,0.0
88054,0.0
88055,0.0
88056,0.0
88057,0.0
88058,0.0
88059,0.0
88063,0.0
88064,0.0
88065,0.0
88066,0.0
88072,0.0
88073,0.0
88074,0.0
88075,0.0
88076,0.0
88077,0.0
88078,0.0
88079,0.0
88080,0.0
88085,0.0
88090,0.0
88386,0.0
88387,0.0
88388,0.0
88389,0.0
88390,0.003628
88391,0.018223
88392,0.512821
88393,0.894737
88394,1.0
88395,0.976744
88397,0.242105
88398,0.008032
88399,0.09375
88400,0.347826
88401,0.14186
88402,0.018868
88403,0.0
88404,0.034188
88405,0.0
88406,0.003935
88407,0.240444
88408,0.145631
88409,0.009931
88410,0.326492
88411,0.722528
88412,0.408767
88413,0.336598
88414,0.002985
88415,0.006192
88416,0.158833
88417,0.160197
88418,0.135021
88419,1.0
88420,1.0
88424,0.0
88426,0.977904
88427,0.694586
88428,0.601205
88429,0.815327
88430,0.619718
88431,0.0
88432,0.162172
88433,0.0
88434,0.0
88435,0.389283
88436,0.468382
88437,0.076923
88438,0.079341
88439,0.572584
88440,0.990331
88441,0.955508
88442,1.0
88443,0.0
88444,0.0
88445,0.0
88446,0.0
88447,0.0
88448,0.0
88449,0.0
88450,0.0
88451,0.051586
88452,0.0
88453,0.0
88454,0.0
88455,0.0
88456,0.0
88457,0.779955
88458,0.607263
88459,0.499738
88460,0.060856
88461,0.000927
88462,0.00071
88463,0.03715
88464,0.0
88465,0.004219
88466,0.219655
88467,0.76875
88468,0.39371
88469,0.130294
88470,0.015489
88471,0.038873
88472,0.000598
88473,0.057011
88474,0.491545
88475,0.061665
88476,0.571184
88477,0.827273
88478,1.0
88479,1.0
88480,1.0
88481,1.0
88482,1.0
88483,1.0
88484,0.50237
88485,0.0
88488,0.0
88489,0.0
88490,0.0
88491,0.0
88492,0.0
88493,1.0
88495,0.0
88496,0.0
88497,0.0
88498,0.0
88499,0.0
88500,0.0
88501,0.0
88502,0.0
88503,0.0
88504,0.399142
88505,0.917158
88506,0.873786
88507,0.775458
88508,0.883198
88509,0.675668
88510,0.054656
88511,0.014519
88512,0.0
88513,0.0
88514,0.0
88515,0.0
88516,0.525521
88517,0.406423
88518,0.434934
88519,0.392029
88520,0.101967
88521,0.102058
88522,0.061362
88523,0.003385
88524,0.191761
88525,0.368657
88526,0.457963
88527,0.002669
88528,0.0
88529,0.199899
88530,0.112382
88531,0.144485
88532,0.096823
88533,0.262248
88534,0.232045
88535,0.069507
88536,0.228087
88537,0.454054
88538,0.007126
88539,0.009478
88540,0.0936
88541,0.235444
88542,0.846127
88543,0.682161
88544,0.103633
88545,0.329516
88546,0.001311
88547,0.0
88548,0.0
88549,0.0
88550,0.0
88551,0.0
88552,0.0
88553,0.0
88554,0.0
88555,0.0
88556,0.0
88557,0.0
88558,0.0
88559,0.0
88560,0.0
88561,0.0
88562,0.0
88563,0.0
88564,0.0
88565,0.0
88566,0.0
88567,0.0
88568,0.0
88569,0.0
88570,0.0
88571,0.0
88572,0.0
88573,0.0
88574,0.0
88575,0.0
88576,0.0
88577,0.0
88578,0.000318
88579,0.000674
88580,0.0
88581,0.0
88582,0.0
88583,0.0
88584,0.0
88585,0.0
88586,0.0
88587,0.0
88588,0.0
88589,0.0
88590,0.0
88591,0.0
88592,0.0
88593,0.0
88594,0.0
88595,0.0
88596,0.0
88597,0.0
88598,0.0
88599,0.0
88600,0.0
88601,0.0
88602,0.0
88603,0.0
88604,0.0
88605,0.0
88606,0.0
88607,0.0
88608,0.0
88609,0.0
88610,0.0
88611,0.0
88612,0.0
88613,0.0
88614,0.0
88616,0.0
88617,0.0
88618,0.0
88619,0.0
88620,0.0
88621,0.0
88622,0.0
88623,0.0
88624,0.0
88625,0.0
88626,0.0
88627,0.0
88628,0.0
88629,0.0
88630,0.0
88631,0.0
88632,0.0
88633,0.0
88634,0.0
88635,0.0
88636,0.0
88637,0.0
88638,0.0
88639,0.0
88640,0.0
88641,0.0
88642,0.0
88644,0.0
88645,0.0
88646,0.0
88647,0.0
88656,0.0
88657,0.111597
88658,0.422183
88659,0.117742
88660,0.0
88661,0.0
88662,0.0
88663,0.0
88664,0.0
88667,0.0
88668,0.0
88669,0.0
88670,0.0
88671,0.0
88672,0.0
88673,0.0
88674,0.0
88675,0.0
88676,0.0
88677,0.0
88678,0.0
88679,0.0
88680,0.0
88681,0.0
88682,0.0
88683,0.0
88684,0.0
88708,0.0
88709,0.0
88710,0.0
88711,0.0
88712,0.0
88713,0.0
88714,0.0
88715,0.0
88716,0.0
88717,0.0
88718,0.0
88719,0.0
88720,0.0
88721,0.0
88722,0.0
88723,0.0
88724,0.0
88725,0.0
88726,0.0
88727,0.0
88728,0.0
88729,0.0
88730,0.0
88731,0.0
88732,0.0
88733,0.0
88734,0.0
88735,0.0
88736,0.0
88737,0.0
88738,0.0
88739,0.0
88740,0.0
88741,0.0
88742,0.0
88747,0.0
88748,0.0
88749,0.0
88750,0.0
88754,0.0
88755,0.0
88756,0.0
88757,0.0
88758,0.0
88759,0.0
88760,0.0
88761,0.0
88762,0.0
88763,0.0
89069,0.0
89070,0.0
89071,0.0
89072,0.0
89073,0.0
89075,0.082645
89076,0.737589
89077,0.028847
89078,0.866667
89079,0.823529
89080,0.583333
89081,0.010551
89082,0.097643
89083,0.021277
89084,0.248663
89085,0.163593
89086,0.064777
89087,0.18894
89088,0.002065
89089,0.218777
89090,0.251265
89091,0.150764
89092,0.201704
89093,0.675573
89094,0.22651
89095,0.126541
89096,0.471254
89097,0.087676
89098,0.004382
89099,0.0
89100,0.828814
89101,0.0
89102,0.279693
89104,1.0
89105,1.0
89107,0.0
89108,0.0
89109,0.0
89110,0.188144
89111,0.443478
89112,0.0
89113,0.792657
89114,0.821267
89115,0.826016
89116,0.380788
89117,0.0
89118,0.940249
89119,0.844183
89120,0.702192
89122,0.0
89123,0.0
89124,1.0
89125,0.991252
89126,0.833333
89127,0.5
89128,0.007957
89129,0.00148
89130,0.0
89131,0.0
89132,0.0
89133,0.0
89134,0.0
89135,0.095407
89136,0.012683
89137,0.0
89138,0.0
89139,0.0
89140,0.0
89141,0.801107
89142,0.323649
89143,0.412673
89144,0.107713
89145,0.089008
89146,0.095556
89147,0.000295
89148,0.001261
89149,0.154925
89150,0.161085
89151,0.144377
89152,0.093043
89153,0.220977
89154,0.014922
89155,0.000772
89156,0.079076
89157,0.041515
89158,0.045804
89159,0.007965
89160,0.077086
89161,0.134479
89162,1.0
89163,1.0
89164,1.0
89165,1.0
89166,1.0
89167,0.731651
89168,0.0
89172,0.0
89173,0.0
89174,0.0
89175,0.0
89176,0.043618
89177,0.057057
89180,0.0
89181,0.0
89182,0.0
89183,0.0
89184,0.0
89185,0.0
89186,0.0
89187,0.0
89188,0.334509
89189,0.82224
89190,0.228731
89191,0.542849
89192,0.203872
89193,0.174595
89194,0.027559
89195,0.23386
89196,0.0
89197,0.0
89198,0.0
89199,0.0
89200,0.095803
89201,0.328652
89202,0.067551
89203,0.27614
89204,0.154418
89205,0.071518
89206,0.080825
89207,0.000619
89208,0.183085
89209,0.120235
89210,0.0
89211,0.000817
89212,0.0
89213,0.246277
89214,0.144846
89215,0.126649
89216,0.053783
89217,0.18243
89218,0.217742
89219,0.458396
89220,0.01962
89221,0.159767
89222,0.048759
89223,0.010513
89224,0.0
89225,0.033668
89226,0.030992
89227,0.030819
89228,0.141786
89229,0.428772
89230,0.0
89231,0.0
89232,0.0
89233,0.0
89234,0.0
89235,0.0
89236,0.0
89237,0.0
89238,0.0
89239,0.0
89240,0.0
89241,0.0
89242,0.0
89243,0.0
89244,0.0
89245,0.0
89246,0.0
89247,0.0
89248,0.0
89249,0.0
89250,0.0
89251,0.002777
89252,0.0
89253,0.0
89254,0.0
89255,0.0
89256,0.0
89257,0.0
89258,0.0
89259,0.0
89260,0.0
89261,0.0
89262,0.0
89263,0.0
89264,0.0
89265,0.0
89266,0.0
89267,0.0
89268,0.0
89269,0.0
89270,0.0
89271,0.0
89272,0.0
89273,0.0
89274,0.0
89275,0.0
89276,0.0
89277,0.0
89278,0.0
89279,0.0
89280,0.0
89281,0.0
89282,0.0
89283,0.0
89284,0.0
89285,0.0
89286,0.0
89287,0.0
89288,0.0
89289,0.0
89290,0.0
89291,0.0
89292,0.0
89293,0.0
89294,0.0
89295,0.0
89296,0.0
89297,0.0
89298,0.0
89299,0.0
89300,0.0
89301,0.0
89302,0.0
89303,0.0
89304,0.0
89305,0.0
89306,0.0
89307,0.0
89308,0.0
89309,0.0
89310,0.0
89311,0.0
89312,0.0
89313,0.0
89314,0.0
89315,0.0
89316,0.0
89317,0.0
89318,0.0
89319,0.0
89320,0.0
89321,0.0
89322,0.0
89323,0.0
89326,0.0
89328,0.0
89329,0.0
89330,0.0
89341,0.0
89342,0.196078
89343,0.0
89344,0.0
89345,0.0
89346,0.0
89347,0.0
89348,0.0
89350,0.0
89351,0.0
89352,0.0
89353,0.0
89354,0.0
89355,0.0
89356,0.0
89357,0.0
89358,0.0
89359,0.0
89360,0.0
89361,0.0
89362,0.0
89363,0.0
89364,0.0
89365,0.0
89366,0.0
89367,0.0
89368,0.0
89392,0.0
89393,0.0
89394,0.0
89395,0.0
89396,0.0
89397,0.0
89398,0.0
89399,0.0
89400,0.0
89401,0.0
89402,0.0
89403,0.0
89404,0.0
89405,0.0
89406,0.0
89407,0.0
89408,0.0
89409,0.0
89410,0.0
89411,0.0
89412,0.0
89413,0.0
89414,0.0
89415,0.0
89416,0.0
89417,0.0
89418,0.0
89419,0.0
89420,0.049798
89421,0.0
89422,0.0
89423,0.0
89424,0.0
89425,0.0
89426,0.0
89432,0.0
89433,0.0
89437,0.0
89438,0.0
89439,0.0
89440,0.0
89441,0.0
89442,0.0
89443,0.0
89444,0.0
89445,0.0
89447,0.0
89753,0.0
89754,0.0
89755,0.0
89756,0.0
89757,0.0
89758,0.0
89759,0.076923
89760,0.737143
89761,0.46875
89762,0.565217
89763,0.130258
89764,0.233844
89765,0.066123
89766,0.398773
89767,0.012605
89768,0.0
89769,0.0
89770,0.02907
89771,0.1392
89772,0.0
89773,0.017871
89774,0.442067
89775,0.644128
89776,0.042254
89777,1.0
89778,1.0
89779,1.0
89780,0.989684
89781,0.555556
89782,0.002034
89783,0.440035
89784,0.262574
89785,0.09009
89786,0.95098
89793,0.0
89794,0.0
89795,0.657096
89796,0.57795
89797,0.934953
89798,0.878193
89799,1.0
89800,0.981712
89801,0.709331
89802,0.484998
89803,0.578602
89804,0.221634
89805,0.895508
89806,0.367723
89807,0.0
89808,0.380178
89809,0.93169
89810,1.0
89811,0.285714
89812,0.0
89813,0.0
89814,0.0
89815,0.0
89816,0.067426
89817,0.280375
89818,0.002008
89819,0.011641
89820,0.016476
89821,0.0
89822,0.0
89823,0.0
89824,0.0
89825,0.154728
89826,0.124289
89827,0.379712
89828,0.980473
89829,0.989697
89830,0.879353
89831,0.136872
89832,0.048973
89833,0.139477
89834,0.651579
89835,0.670481
89836,0.250694
89837,0.765476
89838,0.084854
89839,0.028632
89840,0.032548
89841,0.198374
89842,0.146103
89843,0.032606
89844,0.02712
89845,0.002894
89846,1.0
89847,0.064286
89848,0.118499
89849,0.868193
89850,1.0
89851,0.429553
89852,0.0
89855,0.0
89856,0.015257
89857,0.0
89858,0.0
89859,0.023004
89860,0.960526
89861,0.041358
89862,0.0
89865,0.0
89866,0.0
89867,0.0
89868,0.0
89869,0.0
89870,0.00139
89871,0.071244
89872,0.007835
89873,0.0
89874,0.0
89875,0.0
89876,0.0
89877,0.013571
89878,0.231427
89879,0.074955
89880,0.0
89881,0.0
89882,0.0
89883,0.068897
89884,0.161164
89885,0.124751
89886,0.01153
89887,0.064376
89888,0.237153
89889,0.123222
89890,0.105342
89891,0.035773
89892,0.132853
89893,0.0
89894,0.017808
89895,0.051282
89896,0.245281
89897,0.123256
89898,0.120488
89899,0.040707
89900,0.041371
89901,0.274416
89902,0.682058
89903,0.122102
89904,0.066075
89905,0.118594
89906,0.002124
89907,0.013362
89908,0.111158
89909,0.0
89910,0.0
89911,0.0
89912,0.0
89913,0.0
89914,0.0
89915,0.0
89916,0.0
89917,0.0
89918,0.0
89919,0.0
89920,0.0
89921,0.0
89922,0.0
89923,0.0
89924,0.0
89925,0.0
89926,0.0
89927,0.0
89928,0.0
89929,0.0
89930,0.0
89931,0.007488
89932,0.0
89933,0.0
89934,0.001358
89935,0.023109
89936,0.0
89937,0.0
89938,0.000446
89939,0.0
89940,0.0
89941,0.0
89942,0.0
89943,0.0
89944,0.0
89945,0.0
89946,0.0
89947,0.0
89948,0.0
89949,0.0
89950,0.0
89951,0.0
89953,0.0
89954,0.0
89955,0.0
89956,0.0
89957,0.0
89958,0.0
89959,0.0
89960,0.0
89961,0.0
89962,0.0
89963,0.0
89964,0.0
89965,0.0
89966,0.0
89967,0.0
89968,0.0
89969,0.0
89970,0.0
89971,0.0
89972,0.0
89973,0.0
89974,0.0
89975,0.0
89976,0.0
89977,0.0
89978,0.0
89979,0.0
89980,0.0
89981,0.0
89982,0.0
89983,0.0
89984,0.0
89985,0.0
89986,0.0
89987,0.0
89988,0.0
89989,0.0
89990,0.0
89991,0.0
89992,0.0
89993,0.0
89994,0.0
89996,0.0
89997,0.0
89999,0.0
90000,0.0
90001,0.001144
90002,0.0
90003,0.0
90004,0.0
90005,0.0
90006,0.0
90007,0.0
90012,0.0
90013,0.0
90014,0.0
90026,0.0
90027,0.0
90028,0.0
90029,0.0
90030,0.0
90031,0.0
90032,0.0
90033,0.0
90034,0.0
90035,0.0
90036,0.0
90037,0.0
90038,0.0
90039,0.0
90042,0.0
90043,0.0
90045,0.0
90046,0.0
90047,0.0
90048,0.0
90049,0.0
90050,0.0
90051,0.0
90052,0.0
90074,0.0
90075,0.0
90076,0.0
90077,0.0
90078,0.0
90079,0.0
90080,0.0
90081,0.0
90082,0.0
90083,0.0
90084,0.0
90085,0.0
90086,0.0
90087,0.0
90088,0.0
90089,0.0
90090,0.0
90091,0.0
90092,0.0
90093,0.0
90094,0.0
90095,0.0
90096,0.0
90097,0.0
90098,0.0
90099,0.0
90100,0.0
90101,0.0
90102,0.0
90103,0.0
90104,0.120146
90105,0.175036
90106,0.304483
90107,0.0
90108,0.0
90109,0.0
90110,0.0
90115,0.0
90116,0.0
90122,0.0
90123,0.0
90124,0.0
90125,0.0
90126,0.131148
90127,0.291339
90437,0.00141
90438,0.001003
90439,0.000536
90440,0.0
90441,0.0
90442,0.0
90443,0.019272
90444,0.41704
90445,0.818935
90446,0.779456
90447,0.05327
90448,0.193021
90449,0.043192
90450,0.095775
90451,0.34127
90452,0.083176
90453,0.056685
90454,0.090949
90455,0.015722
90456,0.004702
90457,0.002868
90458,0.068124
90459,0.705462
90460,0.55083
90461,1.0
90462,1.0
90463,1.0
90464,1.0
90465,1.0
90466,1.0
90467,1.0
90468,1.0
90469,1.0
90470,1.0
90477,0.0
90478,0.802507
90479,0.981061
90480,1.0
90481,0.210526
90482,0.773132
90483,0.956577
90484,0.993457
90485,0.833042
90486,0.533827
90487,0.0
90488,0.010152
90489,0.0
90490,0.0
90492,1.0
90493,1.0
90494,1.0
90495,0.0
90496,0.0
90497,0.0
90498,0.0
90499,0.035868
90500,0.917647
90501,0.952518
90502,0.798013
90503,0.069933
90505,0.002992
90506,0.006342
90507,0.000166
90508,0.000514
90509,0.0
90510,0.0
90511,0.035789
90512,0.893396
90513,0.949945
90514,0.777385
90515,0.003403
90516,0.146992
90517,0.200049
90518,0.360261
90519,0.512237
90520,0.121174
90521,0.619803
90522,0.284807
90523,0.125722
90524,0.057381
90525,0.161918
90526,0.121269
90527,0.008592
90528,0.055366
90529,0.007371
90530,0.170507
90531,0.965957
90532,0.038366
90533,0.09215
90534,0.679775
90535,1.0
90536,0.0
90539,0.0
90540,0.003198
90541,0.012207
90542,0.0
90543,0.01617
90544,0.661939
90545,0.051246
90546,0.0
90547,0.0
90551,1.0
90552,0.0
90553,0.0
90554,0.123027
90555,0.858575
90556,0.543926
90557,0.0
90558,0.0
90559,0.039526
90560,0.306238
90561,0.288482
90562,0.329146
90563,0.028361
90564,0.0
90565,0.021932
90566,0.143418
90567,0.161259
90568,0.15679
90569,0.363482
90570,0.394097
90571,0.089541
90572,0.023738
90573,0.103021
90574,0.053505
90575,0.062262
90576,0.000855
90577,0.074707
90578,0.135925
90579,0.161759
90580,0.221244
90581,0.014788
90582,0.009371
90583,0.051168
90584,0.13964
90585,0.07205
90586,0.016266
90587,0.005242
90588,0.005645
90589,0.0
90590,0.0
90591,0.022813
90592,0.256088
90593,0.0
90594,0.0
90595,0.0
90596,0.0
90597,0.0
90598,0.0
90599,0.0
90600,0.0
90601,0.0
90602,0.0
90603,0.0
90604,0.0
90605,0.0
90606,0.0
90607,0.0
90608,0.0
90609,0.0
90610,0.0
90611,0.0
90612,0.0
90613,0.0
90614,0.0
90615,0.0
90616,0.0
90617,0.0
90618,0.0
90619,0.0
90620,0.0
90621,0.0
90622,0.0
90623,0.0
90624,0.000346
90625,0.0
90626,0.0
90627,0.0
90628,0.0
90629,0.0
90630,0.0
90631,0.0
90632,0.0
90633,0.0
90634,0.0
90635,0.0
90636,0.0
90637,0.0
90638,0.0
90639,0.0
90640,0.0
90641,0.0
90642,0.0
90643,0.0
90644,0.0
90645,0.0
90646,0.0
90647,0.0
90648,0.0
90649,0.0
90650,0.0
90651,0.0
90652,0.0
90653,0.0
90654,0.0
90655,0.0
90656,0.0
90657,0.0
90658,0.0
90659,0.0
90660,0.0
90661,0.0
90662,0.0
90663,0.0
90664,0.0
90665,0.0
90666,0.0
90667,0.0
90668,0.0
90669,0.0
90670,0.0
90671,0.0
90672,0.0
90673,0.0
90674,0.0
90675,0.0
90676,0.0
90677,0.0
90678,0.0
90679,0.0
90680,0.0
90681,0.0
90682,0.0
90683,0.0
90684,0.0
90685,0.0
90686,0.0
90687,0.0
90688,0.0
90689,0.0
90690,0.0
90691,0.0
90692,0.0
90695,0.0
90696,0.0
90697,0.0
90710,0.0
90711,0.0
90712,0.0
90713,0.0
90714,0.0
90715,0.0
90716,0.0
90717,0.0
90718,0.0
90719,0.0
90720,0.0
90721,0.0
90722,0.0
90723,0.0
90726,0.0
90727,0.0
90728,0.068452
90729,0.0
90731,0.0
90732,0.0
90733,0.0
90734,0.0
90735,0.0
90736,0.0
90758,0.0
90759,0.0
90760,0.0
90761,0.0
90762,0.0
90763,0.0
90764,0.0
90765,0.0
90766,0.0
90767,0.0
90768,0.0
90769,0.0
90770,0.0
90771,0.0
90772,0.0
90773,0.0
90774,0.0
90775,0.0
90776,0.0
90777,0.0
90778,0.0
90779,0.0
90780,0.0
90781,0.0
90782,0.0
90783,0.0
90784,0.0
90785,0.0
90786,0.0
90787,0.0
90788,0.0
90789,0.0
90790,0.237841
90791,0.0
90792,0.0
90796,0.0
90797,0.0
90798,0.0
90799,0.0
90800,0.0
90805,0.0
90806,0.0
90807,0.0
90809,0.0
91121,0.0
91122,0.0
91123,0.028481
91124,0.0
91125,0.000427
91126,0.0
91127,0.343137
91128,0.455224
91129,0.951807
91130,0.797938
91131,0.151111
91132,0.163498
91133,0.076875
91134,0.073394
91135,0.396973
91136,0.0
91137,0.000333
91138,0.027052
91139,0.011968
91140,0.001801
91141,0.102792
91142,0.214919
91143,0.94855
91144,1.0
91145,1.0
91146,1.0
91147,1.0
91148,1.0
91149,1.0
91150,1.0
91151,1.0
91152,1.0
91153,1.0
91154,1.0
91157,1.0
91161,0.371212
91162,0.686047
91163,0.714286
91164,0.0
91165,0.0
91166,0.7032
91167,0.990872
91168,0.933995
91169,0.949591
91170,0.658322
91171,0.481426
91172,0.072974
91173,0.011416
91174,0.0
91175,0.0
91177,1.0
91178,0.0
91179,0.0
91180,0.0
91181,0.0
91182,0.00169
91183,0.82439
91184,0.912318
91185,0.939402
91186,0.0
91187,1.0
91188,1.0
91189,0.577664
91190,0.0
91191,0.0
91192,0.00019
91193,0.0006
91194,0.000246
91195,0.018733
91196,0.042807
91197,0.158505
91198,0.087165
91199,0.054943
91200,0.326088
91201,0.432706
91202,0.537547
91203,0.633902
91204,0.343262
91205,0.004244
91206,0.474927
91207,0.558246
91208,0.454939
91209,0.326335
91210,0.029087
91211,0.003678
91212,0.002857
91213,0.077029
91214,0.092035
91215,0.812798
91216,0.12394
91217,0.003321
91218,0.523471
91219,0.104912
91220,0.0
91223,0.021118
91224,0.111636
91225,0.106363
91226,0.104628
91227,0.511561
91228,0.881961
91229,0.630967
91230,0.0
91231,0.0
91232,1.0
91234,1.0
91235,1.0
91237,0.0
91238,0.0
91239,0.262637
91240,0.423748
91241,0.0
91242,0.0
91243,0.631934
91244,0.813626
91245,0.50119
91246,0.140028
91247,0.0
91248,0.0
91249,0.024626
91250,0.104641
91251,0.127432
91252,0.0
91253,0.022339
91254,0.142393
91255,0.093103
91256,0.057695
91257,0.074492
91258,0.01604
91259,0.03199
91260,0.007184
91261,0.0
91262,0.123628
91263,0.059903
91264,0.05652
91265,0.099744
91266,0.041049
91267,0.029383
91268,0.042744
91269,0.22051
91270,0.08939
91271,0.115448
91272,0.0
91273,0.02339
91274,0.03303
91275,0.026713
91276,0.155837
91277,0.0
91278,0.0
91279,0.0
91280,0.0
91281,0.0
91282,0.0
91283,0.0
91284,0.0
91285,0.0
91286,0.0
91287,0.0
91288,0.0
91289,0.0
91290,0.0
91291,0.0
91292,0.0
91293,0.0
91294,0.0
91295,0.0
91296,0.0
91297,0.0
91298,0.0
91299,0.0
91300,0.0
91301,0.0
91302,0.0
91303,0.0
91304,0.0
91305,0.0
91306,0.0
91307,0.004389
91308,0.0
91309,0.0
91310,0.0
91311,0.0
91312,0.0
91313,0.0
91314,0.0
91315,0.0
91316,0.0
91317,0.0
91318,0.0
91319,0.0
91320,0.0
91321,0.0
91322,0.0
91323,0.0
91324,0.0
91325,0.0
91326,0.0
91327,0.0
91328,0.0
91329,0.0
91330,0.0
91331,0.0
91332,0.0
91333,0.0
91334,0.0
91335,0.0
91336,0.0
91337,0.0
91338,0.0
91339,0.0
91340,0.0
91341,0.0
91342,0.0
91343,0.0
91344,0.0
91345,0.0
91346,0.0
91347,0.0
91348,0.0
91349,0.0
91350,0.0
91351,0.0
91352,0.0
91353,0.0
91354,0.0
91355,0.0
91356,0.0
91357,0.0
91358,0.0
91359,0.0
91360,0.0
91361,0.0
91363,0.0
91364,0.0
91365,0.0
91366,0.0
91367,0.0
91368,0.0
91369,0.0
91370,0.0
91371,0.0
91372,0.0
91373,0.0
91374,0.0
91375,0.0
91376,0.0
91377,0.0
91378,0.0
91380,0.0
91394,0.0
91395,0.0
91396,0.0
91398,0.0
91400,0.0
91401,0.0
91402,0.0
91403,0.0
91404,0.0
91405,0.0
91406,0.0
91407,0.0
91408,0.0
91409,0.0
91410,0.0
91411,0.0
91412,0.0
91413,0.0
91416,0.0
91418,0.0
91420,0.0
91440,0.0
91441,0.0
91442,0.0
91443,0.0
91444,0.0
91445,0.0
91446,0.0
91447,0.0
91448,0.0
91449,0.0
91450,0.0
91451,0.0
91452,0.0
91453,0.0
91454,0.0
91455,0.0
91456,0.0
91457,0.0
91458,0.0
91459,0.0
91460,0.0
91461,0.0
91462,0.0
91463,0.0
91464,0.0
91465,0.0
91466,0.0
91467,0.0
91468,0.0
91469,0.0
91470,0.0
91471,0.0
91472,0.0
91473,0.0
91474,0.104467
91475,0.092929
91476,0.0
91482,0.027328
91483,0.0
91485,0.0
91486,0.0
91488,0.0
91497,0.0
91806,0.0
91807,0.009275
91808,0.0
91809,0.0
91810,0.0
91811,0.0
91812,0.009756
91813,0.889474
91814,0.89779
91815,0.371125
91816,0.11996
91817,0.022349
91818,0.013791
91819,0.051452
91820,0.0
91821,0.003395
91822,0.046526
91823,0.001841
91824,0.0
91825,0.564336
91826,0.495378
91827,0.987727
91828,1.0
91829,1.0
91830,1.0
91831,1.0
91832,1.0
91833,1.0
91834,1.0
91835,1.0
91836,1.0
91837,1.0
91838,1.0
91839,1.0
91840,1.0
91847,0.0
91848,0.0
91849,0.025134
91850,0.818313
91851,0.99747
91852,1.0
91853,0.997824
91854,0.952429
91855,0.726776
91856,0.167683
91857,0.503824
91858,0.0
91859,0.0
91860,0.36116
91861,1.0
91863,0.0
91864,0.0
91865,0.0
91866,0.028522
91867,0.223508
91868,0.199712
91869,0.081548
91870,0.074914
91871,1.0
91872,0.0
91873,0.0
91874,0.0
91875,0.0
91876,0.0
91877,0.0
91878,0.0
91879,0.0
91880,0.129658
91881,0.732226
91882,0.001234
91883,0.13482
91884,0.644244
91885,0.396933
91886,0.407835
91887,0.395182
91888,0.0
91889,0.079212
91890,0.936315
91891,0.428857
91892,0.283424
91893,0.373744
91894,0.012195
91895,0.052193
91896,0.017962
91897,0.033709
91898,0.027895
91899,1.0
91900,0.057044
91901,0.009236
91902,0.033346
91903,0.0
91904,0.0
91906,0.0
91907,0.033557
91908,0.495726
91909,0.786153
91910,0.442696
91911,0.895036
91912,0.873655
91913,0.899731
91914,0.0
91915,0.0
91916,0.0
91917,0.0
91919,0.686715
91920,0.124045
91921,0.0
91922,0.0
91923,0.0
91924,0.0
91925,0.0
91926,0.008299
91927,0.831143
91928,0.0
91929,0.059478
91930,0.181926
91931,0.315323
91932,0.121781
91933,0.0
91934,0.002208
91935,0.019589
91936,0.003131
91937,0.0
91938,0.000985
91939,0.018704
91940,0.0
91941,0.01006
91942,0.136995
91943,0.031584
91944,0.006062
91945,0.0
91946,0.042671
91947,0.019457
91948,0.016891
91949,0.004688
91950,0.0
91951,0.003435
91952,0.028974
91953,0.054438
91954,0.449359
91955,0.324847
91956,0.488226
91957,0.086962
91958,0.163348
91959,0.239077
91960,0.195294
91961,0.0
91962,0.0
91963,0.0
91964,0.0
91965,0.0
91966,0.0
91967,0.0
91968,0.0
91969,0.0
91970,0.0
91971,0.0
91972,0.0
91973,0.0
91974,0.0
91975,0.0
91976,0.0
91977,0.0
91978,0.0
91979,0.0
91980,0.0
91981,0.0
91982,0.0
91983,0.0
91984,0.0
91985,0.0
91986,0.0
91987,0.0
91988,0.0
91989,0.0
91990,0.0
91991,0.0
91992,0.0
91993,0.0
91994,0.0
91995,0.0
91996,0.0
91997,0.0
91998,0.0
91999,0.0
92000,0.0
92001,0.0
92002,0.0
92003,0.0
92005,0.0
92006,0.0
92007,0.0
92008,0.0
92009,0.0
92010,0.0
92011,0.0
92012,0.0
92013,0.0
92014,0.0
92015,0.0
92016,0.0
92017,0.0
92018,0.0
92019,0.0
92020,0.0
92021,0.0
92022,0.0
92023,0.0
92024,0.0
92025,0.0
92026,0.0
92027,0.0
92028,0.0
92029,0.0
92030,0.0
92031,0.0
92032,0.0
92033,0.0
92034,0.0
92035,0.0
92036,0.0
92037,0.0
92038,0.0
92039,0.0
92040,0.0
92041,0.0
92042,0.0
92043,0.00723
92044,0.0
92045,0.0
92046,0.0
92047,0.0
92048,0.0
92049,0.0
92050,0.0
92051,0.0
92052,0.0
92053,0.0
92054,0.0
92055,0.0
92056,0.0
92057,0.0
92058,0.0
92059,0.0
92060,0.0
92061,0.0
92062,0.0
92063,0.0
92064,0.0
92066,0.0
92078,0.0
92079,0.0
92080,0.0
92081,0.0
92082,0.0
92083,0.0
92084,0.0
92085,0.0
92086,0.0
92087,0.0
92088,0.0
92089,0.0
92091,0.0
92092,0.0
92093,0.0
92094,0.0
92095,0.0
92096,0.0
92097,0.0
92124,0.0
92125,0.0
92126,0.0
92127,0.0
92129,0.0
92130,0.0
92131,0.0
92132,0.0
92133,0.0
92134,0.0
92135,0.0
92136,0.0
92137,0.0
92138,0.0
92139,0.0
92140,0.0
92141,0.0
92142,0.0
92143,0.0
92144,0.0
92145,0.0
92146,0.0
92147,0.0
92148,0.0
92149,0.0
92150,0.0
92151,0.0
92152,0.0
92153,0.0
92154,0.0
92155,0.0
92156,0.0
92157,0.0
92158,0.0
92159,0.170606
92160,0.137427
92166,0.473227
92168,0.0
92169,0.0
92170,0.0
92171,0.0
92172,0.0
92178,0.0
92179,0.0
92180,0.0
92181,0.0
92491,0.028372
92492,0.0
92493,0.0
92494,0.001099
92495,0.0
92496,0.484848
92497,0.01087
92498,0.567568
92499,0.306154
92500,0.018779
92501,0.0
92502,0.0
92503,0.0
92504,0.0
92505,0.013518
92506,0.0831
92507,0.031159
92508,0.0
92509,0.395274
92510,0.362434
92511,1.0
92512,1.0
92513,1.0
92514,1.0
92515,1.0
92516,1.0
92517,1.0
92518,1.0
92519,1.0
92520,1.0
92521,1.0
92526,0.846225
92531,0.0
92532,0.0
92533,0.854428
92534,1.0
92535,0.908212
92536,0.867715
92537,0.678379
92538,0.428413
92539,0.37717
92540,0.360397
92541,0.960231
92542,0.831197
92543,0.029523
92544,0.584871
92545,0.887923
92546,0.0
92547,0.0
92548,0.0
92549,0.0
92550,0.014908
92551,0.059961
92552,0.020958
92553,0.0
92554,0.017908
92555,0.011364
92556,0.5
92557,0.0
92558,0.0
92559,0.0
92560,0.0
92561,0.167305
92562,0.0
92563,0.0
92564,0.145363
92565,0.265814
92566,1.0
92567,1.0
92568,1.0
92569,1.0
92570,0.4752
92571,0.061214
92572,0.0
92573,0.0
92574,0.819095
92575,0.587085
92576,0.016117
92577,0.254527
92578,0.019875
92579,0.069137
92580,0.016973
92581,0.011107
92582,0.014706
92583,0.610526
92584,0.006137
92585,0.0
92586,0.00013
92587,0.0
92588,0.0
92590,0.0
92591,0.017279
92592,0.422756
92593,0.706492
92594,0.960059
92595,0.981061
92596,0.944245
92597,0.761538
92598,0.0
92599,0.0
92600,0.0
92601,0.0
92602,0.0
92603,0.756849
92604,0.139992
92605,0.0
92606,0.0
92607,0.0
92608,0.0
92609,0.0
92610,0.0
92611,0.0
92612,0.0
92613,0.0
92614,0.0
92615,0.419774
92616,0.001023
92617,0.195764
92618,0.241553
92619,0.074666
92620,0.027224
92621,0.070794
92622,0.009881
92623,0.002131
92624,0.008425
92625,0.040761
92626,0.026768
92627,0.118519
92628,0.0
92629,0.039465
92630,0.016714
92631,0.00286
92632,0.00187
92633,0.0
92634,0.0
92635,0.0
92636,0.005999
92637,0.02192
92638,0.132384
92639,0.146448
92640,0.451459
92641,0.118341
92642,0.0
92643,0.0
92644,0.0
92645,0.0
92646,0.0
92647,0.0
92648,0.0
92649,0.0
92650,0.0
92651,0.0
92652,0.0
92653,0.0
92654,0.0
92655,0.0
92656,0.0
92657,0.0
92658,0.0
92659,0.0
92660,0.0
92661,0.0
92662,0.0
92663,0.0
92664,0.0
92665,0.0
92666,0.0
92667,0.0
92668,0.0
92669,0.0
92670,0.0
92671,0.0
92672,0.0
92673,0.0
92674,0.0
92675,0.002664
92676,0.0
92677,0.0
92678,0.0
92679,0.0
92680,0.0
92681,0.0
92682,0.0
92683,0.0
92684,0.0
92685,0.0
92686,0.0
92687,0.0
92688,0.0
92689,0.0
92690,0.0
92691,0.0
92692,0.0
92693,0.0
92694,0.0
92695,0.0
92696,0.0
92697,0.0
92698,0.0
92699,0.0
92700,0.0
92701,0.0
92702,0.0
92703,0.0
92704,0.0
92705,0.0
92706,0.0
92707,0.0
92708,0.0
92709,0.0
92710,0.0
92711,0.0
92712,0.0
92713,0.0
92714,0.0
92715,0.0
92716,0.0
92717,0.0
92718,0.0
92719,0.0
92720,0.0
92721,0.0
92722,0.0
92723,0.0
92724,0.0
92725,0.0
92726,0.0
92727,0.0
92728,0.0
92730,0.0
92731,0.0
92732,0.0
92733,0.0
92734,0.0
92735,0.0
92736,0.0
92737,0.0
92738,0.0
92739,0.0
92740,0.0
92742,0.0
92743,0.0
92744,0.0
92745,0.0
92746,0.0
92747,0.0
92748,0.0
92749,0.0
92750,0.0
92751,0.0
92762,0.0
92763,0.0
92764,0.0
92765,0.0
92766,0.0
92767,0.0
92768,0.0
92769,0.0
92770,0.0
92771,0.0
92772,0.0
92773,0.0
92774,0.0
92775,0.0
92776,0.0
92777,0.0
92778,0.0
92779,0.0
92780,0.0
92781,0.0
92808,0.0
92809,0.0
92810,0.0
92811,0.0
92812,0.0
92813,0.0
92814,0.021789
92815,0.553624
92816,0.318637
92817,0.0
92818,0.0
92819,0.0
92820,0.0
92821,0.0
92822,0.0
92823,0.0
92824,0.0
92825,0.0
92826,0.0
92827,0.0
92828,0.0
92829,0.0
92830,0.0
92831,0.0
92832,0.0
92833,0.0
92834,0.0
92835,0.0
92836,0.0
92837,0.0
92838,0.0
92839,0.0
92840,0.0
92841,0.0
92842,0.0
92843,0.0
92844,0.0
92848,0.0
92849,0.0
92850,0.0
92852,0.0
92853,0.0
92854,0.0
92860,0.0
92861,0.0
92862,0.0
92863,0.0
93175,0.002869
93176,0.0
93177,0.0
93178,0.000564
93179,0.013557
93180,0.084034
93183,0.005208
93184,0.022065
93185,0.0
93186,0.007088
93187,0.0
93188,0.003058
93189,0.001725
93190,0.045686
93191,0.074326
93192,0.026107
93193,0.879828
93194,0.071429
93196,1.0
93197,1.0
93198,1.0
93199,1.0
93200,1.0
93210,0.0
93215,0.0
93216,0.0
93217,0.975849
93218,0.620265
93219,0.20904
93220,0.349447
93221,0.336882
93222,0.216809
93223,0.177174
93224,0.489444
93225,0.565385
93226,0.733059
93227,0.26561
93228,0.0
93229,0.0
93230,0.0
93231,0.0
93232,0.0
93233,0.0
93234,0.070655
93235,0.227259
93236,0.0
93237,0.0
93238,0.0
93239,0.0
93240,0.0
93241,0.0
93242,0.0
93243,0.0
93244,0.0
93245,0.729618
93246,0.961374
93247,0.945263
93248,0.0
93249,0.108358
93250,1.0
93251,1.0
93253,1.0
93254,1.0
93255,1.0
93256,1.0
93257,1.0
93258,1.0
93259,1.0
93260,0.0
93261,0.061915
93262,0.003732
93263,0.033556
93264,0.000332
93265,0.002681
93266,0.085177
93268,0.364444
93269,0.00039
93270,0.026262
93271,0.134516
93272,0.0
93273,0.0
93274,0.0
93275,0.0
93276,0.430211
93277,0.969358
93278,1.0
93279,0.576336
93280,0.734234
93281,0.0
93282,0.461813
93283,0.0
93284,0.0
93285,0.0
93286,0.0
93287,0.0
93290,0.0
93291,0.0
93292,0.0
93293,0.073095
93294,0.007694
93295,0.0
93296,0.0
93297,0.176746
93298,0.249601
93299,0.013825
93300,0.001068
93301,0.52349
93302,0.121979
93303,0.0
93304,0.0
93305,0.003914
93306,0.005146
93307,0.003719
93308,0.003655
93309,0.000273
93310,0.0
93311,0.024455
93312,0.010862
93313,0.00497
93314,0.0
93315,0.0038
93316,0.008105
93317,0.0109
93318,0.0
93319,0.0
93320,0.0
93321,0.005792
93322,0.013561
93323,0.002624
93324,0.286428
93325,0.295564
93326,0.0
93327,0.0
93328,0.04288
93329,0.0
93330,0.0
93331,0.0
93332,0.0
93333,0.0
93334,0.0
93335,0.0
93336,0.0
93337,0.0
93338,0.0
93339,0.0
93340,0.0
93341,0.0
93342,0.0
93343,0.0
93344,0.0
93345,0.0
93346,0.002163
93347,0.022158
93348,0.0
93349,0.0
93350,0.0
93351,0.0
93352,0.0
93353,0.0
93354,0.0
93355,0.0
93356,0.0
93357,0.0
93358,0.0
93359,0.0
93360,0.0
93361,0.0
93362,0.0
93363,0.0
93364,0.0
93365,0.0
93366,0.0
93367,0.0
93368,0.0
93369,0.0
93370,0.0
93371,0.0
93372,0.0
93373,0.0
93374,0.0
93375,0.0
93376,0.0
93377,0.0
93378,0.0
93379,0.0
93380,0.0
93381,0.0
93382,0.0
93383,0.0
93384,0.0
93385,0.0
93386,0.0
93387,0.0
93388,0.0
93389,0.0
93390,0.0
93391,0.0
93392,0.0
93393,0.0
93394,0.0
93395,0.0
93396,0.0
93397,0.0
93398,0.0
93399,0.0
93400,0.0
93401,0.0
93402,0.0
93403,0.0
93404,0.0
93405,0.0
93406,0.0
93407,0.0
93408,0.0
93409,0.0
93410,0.0
93411,0.0
93415,0.0
93416,0.0
93417,0.0
93418,0.0
93419,0.0
93420,0.0
93421,0.0
93422,0.0
93423,0.0
93424,0.0
93425,0.0
93426,0.0
93427,0.0
93428,0.0
93429,0.0
93430,0.0
93431,0.0
93432,0.0
93433,0.0
93434,0.0
93435,0.0
93446,0.0
93447,0.0
93448,0.0
93449,0.0
93450,0.0
93451,0.0
93452,0.0
93453,0.0
93454,0.0
93455,0.0
93456,0.0
93457,0.0
93458,0.0
93459,0.0
93460,0.0
93461,0.0
93462,0.0
93463,0.0
93464,0.0
93465,0.0
93466,0.0
93493,0.0
93494,0.0
93495,0.0
93496,0.0
93497,0.0
93498,0.070505
93499,0.974177
93500,0.531819
93501,0.07821
93502,0.0
93503,0.0
93504,0.0
93505,0.0
93506,0.0
93507,0.0
93508,0.0
93509,0.0
93510,0.0
93511,0.0
93512,0.0
93513,0.0
93514,0.0
93515,0.0
93516,0.0
93517,0.0
93518,0.0
93519,0.0
93520,0.0
93521,0.0
93522,0.0
93523,0.0
93524,0.0
93525,0.0
93526,0.0
93527,0.0
93528,0.065945
93529,0.925784
93530,0.0
93532,0.0
93533,0.0
93534,0.0
93536,0.0
93543,0.0
93544,0.0
93545,0.0
93546,0.0
93859,0.0
93860,0.0
93861,0.002872
93862,0.005515
93863,0.005936
93864,0.053744
93865,0.0
93867,0.237569
93868,0.341818
93869,0.060555
93870,0.0
93871,0.0
93872,0.0
93873,0.008501
93874,0.103811
93875,0.120751
93876,0.089655
93877,0.35709
93878,0.39734
93879,0.335253
93880,0.552551
93881,1.0
93882,1.0
93883,1.0
93884,1.0
93891,1.0
93892,1.0
93893,1.0
93897,1.0
93898,0.918412
93899,0.99596
93900,0.122673
93901,0.562349
93902,0.41167
93903,0.490226
93904,0.434407
93905,0.342602
93906,0.488356
93907,0.279935
93908,0.363437
93909,0.479245
93910,0.531811
93911,0.053541
93912,0.0
93913,0.0
93914,0.0
93915,0.0
93916,0.0
93917,0.0
93918,0.017192
93919,0.090064
93920,0.0
93921,0.0
93922,0.0
93923,0.0
93924,0.0
93925,0.0
93926,0.0
93927,0.0
93928,0.0
93929,0.525633
93930,0.970194
93931,0.837672
93932,0.047477
93933,0.157147
93934,1.0
93936,1.0
93937,1.0
93938,1.0
93939,1.0
93940,1.0
93941,1.0
93942,1.0
93943,1.0
93947,0.0
93948,0.0
93949,0.0
93950,0.429907
93951,0.068323
93952,0.0
93953,0.000333
93954,0.013948
93955,0.312241
93956,0.0
93957,0.0
93958,0.0
93959,0.0
93960,0.569248
93961,0.945327
93962,1.0
93963,1.0
93964,0.0
93965,0.0
93966,0.70227
93967,0.270732
93968,0.0
93970,0.0
93971,0.34375
93972,0.003045
93973,0.0
93974,0.0
93975,0.0
93976,0.0
93977,0.407298
93978,0.54292
93979,0.0
93980,0.126297
93981,0.492443
93982,0.0
93983,0.063863
93984,0.025478
93985,0.033731
93986,0.0
93987,0.0
93988,0.0
93989,0.0
93990,0.0
93991,0.002268
93992,0.043225
93993,0.054118
93994,0.0
93995,0.001886
93996,0.032092
93997,0.022558
93998,0.005566
93999,0.004393
94000,0.022105
94001,0.042137
94002,0.0
94003,0.0
94004,0.0
94005,0.0
94006,0.0
94007,0.0
94008,0.018191
94009,0.0
94010,0.030354
94011,0.045511
94012,0.569111
94013,0.004218
94014,0.0
94015,0.0
94016,0.0
94017,0.0
94018,0.0
94019,0.0
94020,0.0
94021,0.0
94022,0.0
94023,0.0
94024,0.0
94025,0.101679
94026,0.020167
94027,0.009324
94028,0.004925
94029,0.0
94030,0.0
94031,0.003692
94032,0.019123
94033,0.0
94034,0.0
94035,0.0
94036,0.0
94037,0.0
94038,0.0
94039,0.0
94040,0.004023
94041,0.0
94042,0.0
94043,0.0
94044,0.0
94045,0.0
94046,0.0
94047,0.0
94048,0.0
94049,0.0
94050,0.0
94051,0.002004
94052,0.018079
94053,0.0
94054,0.0
94055,0.0
94056,0.0
94057,0.0
94058,0.0
94059,0.0
94060,0.0
94061,0.0
94062,0.0
94063,0.0
94064,0.0
94065,0.0
94066,0.0
94067,0.0
94068,0.0
94069,0.0
94070,0.0
94071,0.0
94072,0.0
94073,0.0
94074,0.0
94075,0.0
94076,0.0
94077,0.0
94078,0.0
94079,0.0
94080,0.0
94081,0.0
94082,0.0
94083,0.0
94084,0.0
94085,0.0
94086,0.0
94087,0.0
94088,0.0
94089,0.0
94090,0.0
94091,0.0
94092,0.0
94093,0.0
94094,0.0
94095,0.0
94100,0.0
94101,0.0
94102,0.0
94103,0.0
94104,0.0
94105,0.0
94106,0.0
94107,0.0
94108,0.0
94109,0.0
94110,0.0
94111,0.0
94112,0.0
94113,0.0
94114,0.0
94115,0.0
94116,0.0
94117,0.0
94118,0.0
94119,0.0
94130,0.0
94131,0.0
94132,0.0
94133,0.0
94134,0.0
94135,0.0
94136,0.0
94137,0.0
94138,0.0
94139,0.0
94140,0.0
94141,0.0
94142,0.0
94143,0.0
94144,0.0
94145,0.0
94146,0.0
94147,0.0
94148,0.0
94149,0.0
94150,0.0
94171,0.0
94172,0.0
94176,0.0
94177,0.0
94178,0.0
94179,0.0
94180,0.001217
94181,0.711376
94182,0.405815
94183,0.80847
94184,0.693
94185,0.14925
94186,0.0
94187,0.0
94188,0.0
94189,0.0
94190,0.0
94191,0.0
94192,0.0
94193,0.0
94194,0.0
94195,0.0
94196,0.0
94197,0.0
94198,0.0
94199,0.0
94200,0.0
94201,0.0
94202,0.0
94203,0.0
94204,0.0
94205,0.0
94207,0.0
94208,0.0
94209,0.0
94211,0.0
94212,0.396424
94213,0.944811
94214,0.0
94217,0.0
94218,0.0
94227,0.0
94543,0.0
94544,0.0
94545,0.010971
94546,0.092936
94547,0.0
94548,0.0
94549,0.0
94550,0.035639
94551,0.227202
94552,0.262327
94553,0.00268
94554,0.0
94555,0.0
94556,0.0
94557,0.0
94558,0.0
94559,0.036823
94560,0.129834
94561,0.124934
94562,0.004537
94563,0.064403
94564,0.018957
94565,1.0
94566,1.0
94567,1.0
94568,1.0
94569,1.0
94573,1.0
94574,1.0
94575,1.0
94576,1.0
94577,1.0
94582,0.969671
94583,0.7604
94584,0.427847
94585,0.50384
94586,0.443874
94587,0.400627
94588,0.41807
94589,0.051267
94590,0.38342
94591,0.298742
94592,0.536784
94593,0.459418
94594,0.325289
94595,0.000683
94596,0.0
94597,0.0
94598,0.0
94599,0.0
94600,0.0
94601,0.0
94602,0.0
94603,0.0
94604,0.0
94605,0.0
94606,0.0
94607,0.0
94608,0.0
94609,0.0
94610,0.0
94611,0.019174
94612,0.022233
94613,0.460576
94614,0.161411
94615,0.068055
94616,0.031526
94617,1.0
94618,1.0
94619,1.0
94620,1.0
94621,1.0
94622,1.0
94623,1.0
94625,1.0
94626,1.0
94631,0.003173
94632,0.0
94633,0.0
94634,1.0
94635,0.210505
94636,0.0
94637,1e-05
94638,0.0
94639,0.0
94640,0.0
94641,0.0
94642,0.018644
94643,0.0
94644,0.659298
94645,0.97429
94646,1.0
94647,0.997123
94649,0.516129
94650,0.811619
94651,0.819048
94652,0.0
94653,0.0
94654,0.753579
94655,0.906245
94656,0.808117
94657,0.300699
94658,0.265182
94659,0.0
94660,0.0
94661,0.0
94662,0.354255
94663,0.893368
94664,0.388426
94665,0.334733
94666,0.0
94667,0.0
94668,0.0
94669,0.0
94670,0.0
94671,0.0
94672,0.077074
94673,0.344742
94674,0.0
94675,0.001575
94676,0.094554
94677,0.115113
94678,0.126331
94679,0.041053
94680,0.00019
94681,0.023434
94682,0.083689
94683,0.155808
94684,0.075063
94685,0.022651
94686,0.005425
94687,0.001692
94688,0.004215
94689,0.0
94690,0.0
94691,0.0
94692,0.016346
94693,0.035025
94694,0.116469
94695,0.042786
94696,0.055204
94697,0.0
94698,0.0
94699,0.0
94700,0.0
94701,0.0
94702,0.0
94703,0.0
94704,0.0
94705,0.001162
94706,0.0
94707,0.0
94708,0.000103
94709,0.445794
94710,1.0
94711,0.005936
94712,0.0
94713,0.0
94714,0.0
94715,0.0
94716,0.004127
94717,0.067524
94718,0.000691
94719,0.015758
94720,0.028314
94721,0.004793
94722,0.006469
94723,0.0
94724,0.0
94725,0.006524
94726,0.0
94727,0.0
94728,0.0
94729,0.0
94730,0.001464
94731,0.000522
94732,0.0
94733,0.0
94734,0.0
94735,0.0
94736,0.0
94737,0.037906
94738,0.033284
94739,0.0
94740,0.0
94741,0.0
94742,0.0
94743,0.0
94744,0.0
94745,0.0
94746,0.0
94747,0.0
94748,0.0
94749,0.0
94750,0.0
94751,0.0
94752,0.0
94753,0.0
94754,0.0
94755,0.0
94756,0.0
94757,0.0
94758,0.0
94759,0.0
94760,0.0
94761,0.0
94762,0.0
94763,0.0
94764,0.0
94765,0.0
94766,0.0
94767,0.0
94768,0.0
94769,0.0
94770,0.0
94771,0.0
94772,0.0
94773,0.0
94774,0.0
94775,0.0
94776,0.0
94777,0.0
94778,0.0
94779,0.0
94784,0.0
94785,0.0
94786,0.0
94787,0.0
94788,0.0
94789,0.0
94790,0.0
94791,0.0
94792,0.0
94793,0.0
94794,0.0
94795,0.0
94796,0.0
94797,0.0
94798,0.0
94799,0.0
94800,0.0
94801,0.0
94802,0.0
94803,0.0
94814,0.0
94815,0.0
94816,0.0
94817,0.0
94818,0.0
94819,0.0
94820,0.0
94821,0.0
94822,0.0
94823,0.0
94824,0.0
94825,0.0
94826,0.0
94827,0.0
94828,0.0
94829,0.0
94830,0.0
94831,0.0
94832,0.0
94833,0.0
94834,0.0
94835,0.0
94836,0.0
94853,0.0
94854,0.0
94855,0.0
94856,0.0
94857,0.0
94858,0.0
94859,0.0
94860,0.0
94861,0.0
94862,0.0
94863,0.0
94864,0.112281
94865,0.520531
94866,0.828477
94867,0.853214
94869,0.00018
94870,0.0
94871,0.0
94872,0.0
94873,0.0
94874,0.0
94875,0.0
94876,0.0
94877,0.0
94878,0.0
94879,0.0
94880,0.0
94881,0.0
94882,0.0
94883,0.0
94884,0.0
94885,0.0
94886,0.0
94887,0.0
94888,0.0
94889,0.0
94890,0.0
94891,0.0
94892,0.0
94893,0.0
94894,0.0
94895,0.0
94896,0.983878
94897,0.822993
94905,0.0
94910,0.0
95227,0.0
95228,0.0
95229,0.008596
95230,0.021295
95231,0.013498
95232,0.036408
95233,0.413953
95234,0.214286
95235,0.473684
95236,0.099138
95237,0.000259
95238,0.0
95239,0.0
95240,0.0
95241,0.06401
95242,0.000788
95243,0.000818
95244,0.032801
95245,0.863436
95246,0.392794
95247,0.213103
95248,0.041973
95249,0.262834
95250,0.605622
95251,0.729705
95252,1.0
95253,1.0
95254,1.0
95257,1.0
95258,1.0
95259,1.0
95260,1.0
95261,0.909644
95262,0.0
95265,0.0
95266,0.115865
95267,0.255991
95268,0.180136
95269,0.539957
95270,0.300643
95271,0.242628
95272,0.149103
95273,0.026221
95274,0.0
95275,0.266854
95276,0.859797
95277,0.426036
95278,0.616263
95279,0.488404
95280,0.157887
95281,0.89695
95282,0.299009
95283,0.0
95284,0.00133
95285,0.0
95286,0.0
95287,0.0
95288,0.0
95289,0.0
95290,0.0
95291,0.0
95292,0.0
95293,0.0
95294,0.0
95295,0.015689
95296,0.150914
95297,0.299021
95298,0.228761
95299,0.036536
95300,0.038146
95301,1.0
95302,1.0
95303,1.0
95304,1.0
95305,1.0
95306,1.0
95307,1.0
95310,1.0
95311,1.0
95312,1.0
95315,0.0
95316,0.0
95317,0.5
95318,0.02439
95319,0.101611
95320,9e-06
95321,1.7e-05
95322,0.021878
95323,0.0
95324,0.135098
95325,0.210809
95326,0.095635
95327,0.130511
95328,0.995692
95329,0.926856
95330,0.944104
95331,0.999177
95332,0.999652
95333,0.359532
95334,0.716023
95337,0.0
95338,0.0
95339,0.97728
95340,0.923513
95341,0.92835
95342,0.926613
95343,0.0
95344,0.000666
95345,1.0
95346,1.0
95347,0.0
95348,0.813665
95349,0.0
95350,0.0
95351,0.120097
95352,0.138422
95353,0.012761
95354,0.056213
95355,0.570289
95356,0.898978
95357,0.428164
95358,0.0
95359,0.035044
95360,0.0
95361,0.089616
95362,0.054293
95363,0.183272
95364,0.050127
95365,0.006
95366,0.449146
95367,0.92998
95368,0.167142
95369,0.02677
95370,0.002684
95371,0.0
95372,0.003949
95373,0.0
95374,0.004054
95375,0.00032
95376,0.0
95377,0.0
95378,0.0
95379,0.004261
95380,0.0
95381,0.0
95382,0.0
95383,0.0
95384,0.0
95385,0.0
95386,0.0
95387,0.0
95388,0.0
95389,0.0
95390,0.0
95391,0.0
95392,0.0
95393,0.0
95394,0.084185
95395,0.075852
95396,0.0
95397,0.0
95398,0.0
95399,0.0
95400,0.0
95401,0.0
95403,0.0
95404,0.0
95405,0.0
95406,0.0
95407,0.0
95408,0.0
95409,0.0
95410,0.0
95411,0.0
95412,0.0
95413,0.0
95414,0.0
95415,0.000497
95416,0.0
95417,0.0
95418,0.0
95419,0.0
95420,0.0
95421,0.0
95422,0.008917
95423,0.020973
95424,0.123226
95425,0.0
95426,0.0
95427,0.0
95428,0.0
95429,0.0
95430,0.0
95431,0.0
95432,0.0
95433,0.0
95434,0.0
95435,0.0
95436,0.0
95437,0.0
95438,0.0
95439,0.0
95440,0.0
95441,0.0
95442,0.0
95443,0.0
95444,0.0
95445,0.0
95446,0.0
95447,0.0
95448,0.0
95449,0.0
95450,0.0
95451,0.0
95452,0.0
95453,0.0
95454,0.0
95455,0.0
95456,0.0
95457,0.0
95458,0.0
95459,0.0
95460,0.0
95461,0.0
95462,0.0
95463,0.0
95464,0.0
95466,0.0
95467,0.0
95468,0.0
95469,0.0
95470,0.0
95471,0.0
95472,0.0
95473,0.0
95474,0.0
95475,0.0
95476,0.0
95477,0.0
95478,0.0
95479,0.0
95480,0.0
95481,0.0
95482,0.0
95483,0.0
95484,0.0
95485,0.0
95486,0.0
95498,0.0
95499,0.0
95500,0.0
95501,0.0
95502,0.0
95503,0.0
95504,0.0
95505,0.391982
95506,0.0
95507,0.0
95508,0.0
95509,0.0
95510,0.0
95511,0.0
95512,0.0
95513,0.0
95514,0.0
95515,0.0
95516,0.0
95517,0.0
95518,0.0
95519,0.0
95520,0.0
95536,0.0
95537,0.0
95538,0.0
95539,0.0
95540,0.0
95541,0.0
95542,0.0
95543,0.0
95544,0.0
95545,0.0
95546,0.0
95547,0.0
95548,0.412401
95549,0.642113
95550,0.835021
95551,0.884176
95552,0.959571
95553,0.121207
95554,0.0
95555,0.0
95556,0.0
95557,0.0
95558,0.0
95559,0.0
95560,0.0
95561,0.0
95562,0.0
95563,0.0
95564,0.0
95565,0.0
95567,0.0
95569,0.0
95570,0.0
95571,0.0
95572,0.0
95573,0.0
95575,0.0
95576,0.0
95577,0.0
95578,0.0
95579,0.0
95580,0.589855
95581,0.0
95911,0.0
95912,0.0
95913,0.0
95914,0.009086
95915,0.116623
95916,0.391423
95917,0.792683
95918,0.753623
95919,0.979167
95920,0.01344
95921,0.0
95922,0.009859
95923,0.000617
95924,0.0
95925,0.0
95926,0.046845
95927,0.016276
95928,0.095118
95929,0.568896
95930,0.259916
95931,0.775681
95932,0.121266
95933,0.349398
95934,0.787372
95935,0.753918
95936,0.986207
95938,1.0
95939,1.0
95941,1.0
95942,1.0
95943,1.0
95944,1.0
95945,0.827731
95946,0.153846
95949,0.0
95950,0.447203
95951,0.608038
95952,0.850674
95953,0.169629
95954,0.162008
95955,0.214785
95956,0.448157
95957,0.169629
95958,0.0
95959,0.793911
95960,0.890165
95961,0.416619
95962,0.685691
95963,1.0
95964,1.0
95965,0.545288
95966,0.002485
95967,0.008315
95968,0.000384
95969,0.0
95970,0.0
95971,0.0
95972,0.0
95973,0.0
95974,0.0
95975,0.0
95976,0.0
95977,0.0
95978,0.0
95979,0.0
95980,0.056447
95981,0.311526
95982,0.216261
95983,0.029359
95984,0.075796
95985,1.0
95986,1.0
95987,1.0
95988,1.0
95989,1.0
95990,1.0
95991,1.0
95994,1.0
95995,1.0
95996,1.0
95999,0.050184
96000,0.0
96001,0.029308
96002,0.098016
96003,0.339618
96004,0.058761
96005,3.4e-05
96006,4.9e-05
96007,0.0
96008,0.0
96009,0.264468
96010,0.051845
96011,0.275674
96012,0.641729
96013,0.473496
96014,0.464499
96015,0.793861
96016,0.636013
96017,0.0
96018,0.075598
96019,0.0
96020,0.263591
96021,0.036919
96022,0.298647
96023,0.294838
96024,0.95856
96025,0.987154
96026,0.98824
96027,0.912395
96028,0.964385
96029,0.644434
96030,0.0
96031,0.0
96032,0.564742
96033,0.493368
96034,0.0
96035,0.020863
96036,0.340273
96037,0.0
96038,0.0
96039,0.315387
96040,0.507174
96041,0.277049
96042,0.0
96043,0.0
96044,0.002712
96045,0.093989
96046,0.441707
96047,0.416181
96048,0.043318
96049,0.027573
96050,0.059679
96051,0.415437
96052,0.046193
96053,0.0
96054,0.032477
96055,0.010179
96056,0.009476
96057,0.0
96058,0.000863
96059,0.000435
96060,0.0
96061,0.0
96062,0.0
96063,0.003585
96064,0.0
96065,0.0
96066,0.0
96067,0.0
96068,0.0
96069,0.0
96070,0.0
96071,0.0
96072,0.0
96073,0.0
96074,0.0
96075,0.0
96076,0.0
96077,0.0
96078,0.0
96079,0.0
96080,0.0
96081,0.0
96082,0.0
96083,0.0
96084,0.0
96085,0.0
96086,0.0
96087,0.0
96088,0.0
96089,0.0
96090,0.0
96091,0.0
96092,0.0
96093,0.0
96094,0.0
96095,0.0
96096,0.0
96097,0.0
96098,0.0
96099,0.0
96100,0.0
96101,0.0
96102,0.0
96103,0.0
96104,0.0
96105,0.0
96106,0.0
96107,0.0
96108,0.021595
96109,0.0
96110,0.0
96111,0.0
96112,0.0
96113,0.0
96114,0.0
96115,0.0
96116,0.0
96117,0.0
96118,0.0
96119,0.0
96120,0.0
96121,0.0
96122,0.0
96123,0.0
96124,0.0
96125,0.0
96126,0.0
96127,0.0
96128,0.0
96129,0.0
96130,0.0
96131,0.0
96132,0.0
96133,0.0
96134,0.0
96135,0.0
96136,0.0
96137,0.0
96138,0.0
96139,0.0
96140,0.0
96141,0.0
96142,0.0
96143,0.0
96144,0.0
96145,0.0
96146,0.0
96147,0.0
96148,0.0
96149,0.0
96150,0.0
96151,0.0
96152,0.0
96153,0.0
96154,0.0
96155,0.0
96156,0.0
96157,0.0
96158,0.0
96159,0.0
96160,0.0
96161,0.0
96162,0.0
96163,0.0
96164,0.0
96165,0.0
96166,0.0
96167,0.0
96168,0.0
96169,0.0
96182,0.0
96183,0.0
96184,0.0
96185,0.0
96186,0.0
96187,0.0
96188,0.0
96189,0.0
96190,0.0
96191,0.0
96192,0.0
96193,0.0
96194,0.0
96195,0.0
96196,0.0
96197,0.0
96198,0.0
96199,0.0
96200,0.0
96201,0.0
96202,0.0
96203,0.0
96204,0.0
96219,0.0
96220,0.0
96221,0.0
96222,0.0
96223,0.0
96224,0.0
96225,0.0
96226,0.0
96227,0.0
96228,0.0
96229,0.0
96230,0.0
96231,0.0
96232,0.512271
96233,0.501694
96234,0.700354
96235,0.7686
96236,0.861887
96237,0.118381
96238,0.0
96239,0.0
96240,0.0
96241,0.0
96242,0.0
96243,0.0
96244,0.0
96245,0.0
96246,0.0
96247,0.0
96248,0.0
96249,0.0
96250,0.0
96251,0.0
96252,0.0
96253,0.0
96254,0.0
96255,0.0
96256,0.0
96257,0.0
96258,0.0
96259,0.0
96260,0.0
96261,0.0
96262,0.0
96263,0.0
96264,0.0
96265,0.0
96272,0.0
96594,0.0
96595,0.0
96596,0.0
96597,0.0
96598,0.045391
96599,0.033799
96600,0.009404
96601,0.451923
96602,0.730769
96603,0.920152
96604,0.041217
96605,0.0
96606,0.0
96607,0.0
96608,0.0
96609,0.0
96610,0.002377
96611,0.009726
96612,0.007221
96613,0.010646
96615,0.607843
96616,0.429098
96617,0.927152
96618,0.909988
96619,0.932166
96620,0.916973
96621,0.931507
96622,1.0
96623,1.0
96624,1.0
96625,1.0
96627,1.0
96628,1.0
96629,1.0
96632,0.0
96633,0.297018
96634,0.53441
96635,0.638447
96636,0.429377
96637,0.193003
96638,0.008234
96639,0.180068
96640,0.550147
96641,0.544656
96642,0.062373
96643,0.926102
96644,0.564361
96645,0.47045
96646,0.743039
96647,1.0
96649,0.115011
96650,0.00237
96651,0.000339
96652,0.0
96653,0.0
96654,0.0
96655,0.0
96656,0.0
96657,0.0
96658,0.0
96659,0.0
96660,0.011113
96661,0.098213
96662,0.222779
96663,0.159981
96664,0.0
96665,0.186365
96666,0.253749
96667,0.0
96668,0.327509
96669,1.0
96670,1.0
96671,1.0
96673,1.0
96674,1.0
96675,1.0
96683,0.114047
96684,0.002297
96685,0.011473
96686,0.010095
96687,0.188245
96688,2.5e-05
96689,3.4e-05
96690,0.555195
96691,0.334548
96692,0.0
96693,0.192068
96694,0.0
96695,0.252132
96696,0.438688
96697,0.30601
96698,0.187966
96699,0.372584
96700,0.449943
96701,0.0
96702,0.28688
96703,0.421493
96704,0.478949
96705,0.00137
96706,0.09543
96707,0.247589
96708,0.543237
96709,0.641495
96710,0.662732
96711,0.883838
96712,0.307223
96713,0.034819
96714,0.0
96715,0.089417
96716,0.265939
96717,0.43752
96718,0.255114
96719,0.028357
96720,0.302567
96721,0.107988
96722,0.005346
96723,0.203968
96724,0.32261
96725,0.167577
96726,0.021524
96727,0.0
96728,0.008605
96729,0.042501
96730,0.014569
96731,0.102735
96732,0.051188
96733,0.007914
96734,0.241492
96735,0.669063
96736,0.047865
96737,0.156048
96738,0.048882
96739,0.03297
96740,0.00135
96741,0.0
96742,0.0
96743,0.0
96744,0.0
96745,0.0
96746,0.0
96747,0.0
96748,0.0
96749,0.0
96750,0.0
96751,0.0
96752,0.0
96753,0.0
96754,0.0
96755,0.0
96756,0.0
96757,0.0
96758,0.0
96759,0.0
96760,0.0
96761,0.0
96762,0.0
96763,0.0
96764,0.0
96765,0.0
96766,0.0
96767,0.0
96768,0.0
96769,0.0
96770,0.0
96771,0.0
96772,0.0
96773,0.0
96774,0.0
96775,0.0
96776,0.0
96777,0.0
96778,0.0
96779,0.0
96780,0.0
96781,0.0
96782,0.0
96783,0.0
96784,0.0
96785,0.0
96786,0.0
96787,0.0
96788,0.0
96789,0.0
96790,0.0
96791,0.0
96792,0.0
96793,0.0
96795,0.0
96796,0.0
96797,0.0
96798,0.0
96799,0.0
96800,0.0
96801,0.0
96802,0.0
96803,0.0
96804,0.0
96805,0.0
96806,0.0
96807,0.0
96808,0.0
96809,0.0
96810,0.0
96811,0.0
96812,0.0
96813,0.0
96814,0.0
96815,0.0
96816,0.0
96817,0.0
96818,0.0
96819,0.0
96820,0.0
96821,0.0
96822,0.0
96823,0.0
96824,0.0
96825,0.0
96826,0.0
96827,0.0
96828,0.0
96829,0.0
96830,0.0
96831,0.0
96832,0.0
96833,0.0
96834,0.0
96835,0.0
96836,0.0
96837,0.0
96838,0.0
96839,0.0
96840,0.0
96841,0.0
96842,0.0
96843,0.0
96844,0.0
96845,0.0
96846,0.0
96847,0.0
96848,0.0
96849,0.0
96850,0.0
96851,0.0
96852,0.0
96853,0.0
96866,0.0
96867,0.0
96868,0.0
96869,0.0
96870,0.0
96871,0.0
96872,0.0
96873,0.0
96874,0.0
96875,0.0
96876,0.0
96877,0.0
96878,0.0
96879,0.0
96880,0.0
96881,0.0
96882,0.0
96883,0.0
96884,0.0
96885,0.0
96886,0.0
96887,0.0
96888,0.0
96902,0.0
96903,0.0
96904,0.0
96905,0.0
96906,0.0
96907,0.0
96908,0.0
96909,0.0
96910,0.0
96911,0.0
96912,0.0
96913,0.0
96914,0.0
96915,0.0
96916,0.0
96917,0.001252
96918,0.275927
96919,0.574992
96920,0.072023
96921,0.0
96922,0.0
96923,0.0
96924,0.0
96925,0.0
96926,0.0
96927,0.0
96928,0.0
96929,0.0
96932,0.0
96933,0.0
96934,0.0
96935,0.0
96936,0.0
96937,0.0
96938,0.0
96939,0.0
96940,0.0
96941,0.0
96942,0.0
96943,0.0
96944,0.0
96945,0.0
96946,0.0
96948,0.0
96949,0.0
96950,0.0
96951,0.0
96955,0.0
97278,0.0
97279,0.0
97280,0.0
97281,0.0
97282,0.112982
97283,0.0
97284,0.0
97287,0.054152
97288,0.009053
97289,0.0
97290,0.0
97291,0.0
97292,0.0
97293,0.0
97294,0.009712
97295,0.214724
97296,0.262548
97297,0.543568
97298,0.802773
97299,0.86015
97300,0.288136
97301,0.220404
97302,0.776847
97303,0.99424
97304,0.873729
97305,0.798792
97306,0.968872
97307,1.0
97308,1.0
97309,1.0
97312,1.0
97316,0.385642
97317,0.544516
97318,0.065597
97319,0.64212
97320,0.195328
97321,0.0
97322,0.163509
97323,0.201445
97324,0.67328
97325,0.942679
97326,0.133364
97327,0.90944
97328,0.492029
97329,0.390846
97330,0.771053
97331,1.0
97332,1.0
97333,0.0
97334,0.0
97335,0.0
97336,0.003441
97337,0.0
97338,0.0
97339,0.0
97340,0.0
97341,0.001026
97342,0.0
97343,0.0
97344,0.0
97345,0.18606
97346,0.330555
97347,0.211949
97348,0.692099
97349,0.614043
97350,0.448567
97351,0.021703
97352,0.628053
97353,1.0
97354,1.0
97355,1.0
97356,1.0
97357,1.0
97358,1.0
97359,1.0
97365,0.0
97366,0.0
97367,0.247059
97368,0.025747
97369,0.0
97370,0.231437
97371,0.009585
97372,3.1e-05
97373,0.000373
97374,0.424453
97375,0.134264
97376,0.0
97377,0.17613
97378,0.0
97379,0.153229
97380,0.467933
97381,0.373708
97382,0.402689
97383,0.322239
97384,0.24889
97385,0.0
97386,0.35461
97387,0.314983
97388,0.471429
97389,0.2519
97390,0.312796
97391,0.138194
97392,0.171536
97393,0.48807
97394,0.494868
97395,0.614815
97396,0.59823
97397,0.565046
97398,0.0
97399,0.353675
97400,0.003404
97401,0.218246
97402,0.461897
97403,0.305687
97404,0.129669
97405,0.013976
97406,0.0
97407,0.154853
97408,0.371612
97409,0.133205
97410,0.038051
97411,0.005894
97412,0.069835
97413,0.049563
97414,0.0
97415,0.176258
97416,0.233554
97417,0.143954
97418,0.245224
97419,0.050954
97420,0.005689
97421,0.0
97422,0.0
97423,0.00944
97424,0.000105
97425,0.0
97426,0.0
97427,0.0
97428,0.0
97429,0.0
97430,0.0
97431,0.0
97432,0.0
97433,0.0
97434,0.0
97435,0.0
97436,0.0
97437,0.0
97438,0.0
97439,0.0
97440,0.0
97441,0.0
97442,0.0
97443,0.0
97444,0.0
97445,0.0
97446,0.0
97447,0.0
97448,0.0
97449,0.0
97450,0.0
97451,0.0
97452,0.0
97453,0.0
97455,0.017863
97456,0.0
97457,0.0
97458,0.0
97459,0.0
97460,0.0
97461,0.001783
97462,0.0
97463,0.0
97464,0.0
97465,0.0
97466,0.0
97467,0.0
97468,0.0
97469,0.0
97470,0.0
97471,0.0
97472,0.0
97473,0.0
97474,0.0
97475,0.0
97476,0.0
97478,0.0
97479,0.0
97480,0.0
97481,0.0
97482,0.0
97483,0.0
97484,0.0
97485,0.0
97486,0.0
97487,0.0
97488,0.0
97489,0.0
97490,0.0
97491,0.0
97492,0.0
97493,0.0
97494,0.0
97495,0.0
97496,0.0
97497,0.0
97498,0.0
97499,0.0
97500,0.0
97501,0.0
97502,0.0
97503,0.0
97504,0.0
97505,0.0
97506,0.0
97507,0.0
97508,0.0
97509,0.0
97510,0.0
97511,0.0
97512,0.0
97513,0.0
97514,0.0
97515,0.0
97516,0.0
97517,0.0
97518,0.0
97519,0.0
97520,0.0
97521,0.00197
97522,0.0
97523,0.0
97524,0.0
97525,0.0
97526,0.0
97527,0.0
97528,0.0
97529,0.0
97530,0.0
97531,0.0
97532,0.0
97533,0.0
97534,0.0
97535,0.0
97536,0.0
97537,0.0
97549,0.0
97550,0.0
97551,0.0
97552,0.0
97553,0.0
97554,0.0
97555,0.0
97556,0.0
97557,0.0
97558,0.0
97559,0.0
97560,0.0
97561,0.0
97562,0.0
97563,0.0
97564,0.0
97565,0.0
97566,0.0
97567,0.0
97568,0.0
97569,0.0
97570,0.0
97571,0.0
97585,0.0
97586,0.0
97587,0.0
97588,0.0
97589,0.0
97590,0.0
97591,0.0
97592,0.0
97593,0.0
97594,0.0
97595,0.0
97596,0.0
97597,0.0
97598,0.0
97599,0.0
97600,0.0
97601,0.0
97602,0.0
97603,0.0
97604,0.0
97605,0.0
97606,0.0
97607,0.0
97608,0.0
97609,0.0
97610,0.0
97611,0.0
97612,0.0
97613,0.0
97617,0.0
97618,0.0
97619,0.0
97620,0.0
97621,0.0
97622,0.0
97623,0.0
97624,0.0
97625,0.0
97626,0.0
97627,0.0
97628,0.0
97962,0.0
97963,0.0
97964,0.0
97965,0.0
97966,0.005714
97967,0.0
97968,0.366255
97969,0.0
97971,0.000383
97972,0.008691
97973,0.0
97974,0.0
97975,0.0
97976,0.0
97977,0.0
97978,0.005517
97979,0.038429
97980,0.099846
97981,0.202586
97982,0.649123
97983,0.720126
97984,0.58643
97985,0.194962
97986,0.212648
97987,0.909783
97988,0.838974
97989,0.940039
97990,0.829146
97991,1.0
97998,0.0
97999,0.450377
98000,0.442714
98001,0.511753
98002,0.309276
98003,0.364316
98004,0.224966
98005,0.152348
98006,0.438978
98007,0.920903
98008,0.375858
98009,0.89806
98010,0.611846
98011,0.967897
98012,1.0
98013,1.0
98014,1.0
98015,1.0
98016,0.030534
98017,0.0
98018,0.0
98019,0.0
98020,0.0
98021,0.0
98022,0.0
98023,0.0
98024,0.00181
98025,0.0
98026,0.009106
98027,0.031494
98028,0.0
98029,0.010567
98030,0.264677
98031,0.412978
98032,0.084063
98033,0.397056
98034,0.097776
98035,0.131766
98036,0.05001
98037,1.0
98038,1.0
98040,1.0
98041,1.0
98042,1.0
98043,1.0
98049,0.0
98050,0.0
98051,0.0
98052,0.0
98053,0.05273
98054,0.047188
98055,0.0
98056,3e-06
98057,0.006102
98058,0.363925
98059,0.220695
98060,0.123375
98061,0.378039
98062,0.298082
98063,0.363843
98064,0.451194
98065,0.080478
98066,0.734694
98067,0.221796
98068,0.234467
98069,0.087456
98070,0.349135
98071,0.08342
98072,0.327912
98073,0.427563
98074,0.425836
98075,0.517431
98076,0.423115
98077,0.519181
98078,0.413289
98079,0.451777
98080,0.0
98081,0.0
98082,0.0
98083,0.313465
98084,0.332571
98085,0.351751
98086,0.273512
98087,0.226449
98088,0.011881
98089,0.0
98090,0.0
98091,0.001063
98092,0.099032
98093,0.233887
98094,0.129429
98095,0.074836
98096,0.194534
98097,0.094838
98098,0.092045
98099,0.175511
98100,0.442373
98101,0.05976
98102,0.006416
98103,0.019493
98104,0.010332
98105,0.028457
98106,0.0
98107,0.0
98108,0.003319
98109,0.0
98110,0.000917
98111,0.0
98112,0.0
98113,0.0
98114,0.0
98115,0.0
98116,0.0
98117,0.0
98118,0.0
98119,0.0
98120,0.0
98121,0.0
98122,0.0
98123,0.0
98124,0.0
98125,0.0
98126,0.0
98127,0.0
98128,0.0
98129,0.0
98130,0.0
98131,0.0
98132,0.0
98133,0.0
98134,0.0
98135,0.0
98136,0.0
98137,0.0
98139,0.0
98140,0.0
98141,0.0
98142,0.0
98143,0.0
98144,0.0
98145,0.0
98146,0.0
98147,0.0
98148,0.0
98149,0.0
98150,0.0
98151,0.0
98152,0.0
98153,0.0
98154,0.0
98155,0.0
98156,0.0
98157,0.0
98158,0.0
98159,0.0
98160,0.0
98161,0.0
98162,0.0
98163,0.0
98164,0.0
98165,0.0
98166,0.0
98167,0.0
98168,0.0
98169,0.0
98170,0.0
98171,0.0
98172,0.0
98173,0.0
98174,0.0
98175,0.0
98176,0.0
98177,0.0
98178,0.0
98179,0.0
98180,0.0
98181,0.0
98182,0.0
98183,0.0
98184,0.0
98185,0.0
98186,0.0
98187,0.0
98188,0.0
98189,0.0
98190,0.0
98191,0.0
98192,0.0
98193,0.0
98194,0.0
98195,0.0
98196,0.0
98197,0.0
98198,0.0
98202,0.0
98204,0.0
98205,0.0
98206,0.025316
98207,0.0
98208,0.0
98209,0.0
98210,0.0
98211,0.0
98212,0.0
98213,0.0
98214,0.0
98215,0.0
98216,0.0
98218,0.0
98219,0.0
98220,0.0
98232,0.0
98233,0.0
98234,0.0
98235,0.0
98236,0.0
98237,0.0
98238,0.0
98239,0.0
98240,0.0
98241,0.0
98242,0.0
98243,0.0
98244,0.0
98245,0.0
98246,0.0
98247,0.0
98248,0.0
98249,0.0
98250,0.0
98251,0.0
98252,0.0
98253,0.0
98254,0.0
98255,0.0
98256,0.0
98257,0.0
98268,0.0
98270,0.0
98271,0.0
98272,0.0
98273,0.0
98274,0.0
98275,0.0
98276,0.0
98277,0.0
98278,0.0
98279,0.0
98280,0.0
98281,0.0
98282,0.0
98283,0.0
98285,0.0
98286,0.0
98287,0.0
98288,0.0
98289,0.0
98290,0.0
98291,0.0
98292,0.0
98293,0.0
98294,0.0
98295,0.0
98296,0.0
98297,0.0
98302,0.0
98303,0.0
98304,0.0
98305,0.0
98306,0.0
98307,0.0
98308,0.0
98309,0.0
98310,0.0
98311,0.0
98312,0.0
98313,0.0
98319,0.0
98320,0.0
98321,0.0
98322,0.0
98646,0.0
98647,0.0
98648,0.0
98649,0.0
98650,0.002477
98651,0.115414
98652,0.280322
98653,0.131004
98654,1.0
98655,0.24186
98656,0.093845
98657,0.00279
98658,0.0
98659,0.0
98660,0.0
98661,0.0
98662,0.0
98663,0.005288
98664,0.119452
98665,0.090693
98666,0.065664
98667,0.357398
98668,0.629814
98669,0.219059
98670,0.434078
98671,0.370937
98672,0.644444
98673,0.485616
98674,0.270161
98675,1.0
98676,1.0
98679,1.0
98680,0.694352
98681,0.543457
98682,0.504595
98683,0.459979
98684,0.469946
98685,0.515669
98686,0.268977
98687,0.334935
98688,0.411654
98689,0.326987
98690,0.706185
98691,0.959784
98692,0.884624
98693,0.787284
98694,0.943364
98695,0.997403
98696,1.0
98697,1.0
98698,1.0
98699,1.0
98700,0.310676
98701,0.111248
98702,0.0
98703,0.0
98704,0.0
98705,0.0
98706,0.026652
98707,0.028458
98708,0.0
98709,0.0
98710,0.006499
98711,0.0
98712,0.00089
98713,0.494077
98714,0.754516
98715,0.965306
98716,0.393872
98717,0.560695
98718,0.680902
98719,0.783852
98720,0.89073
98721,0.970342
98722,1.0
98724,0.538779
98725,0.0
98726,0.820033
98727,1.0
98728,1.0
98731,0.0
98732,0.0
98733,0.0
98735,1.0
98736,0.073956
98737,0.023941
98738,0.0
98739,0.0
98740,0.0
98741,0.0
98742,0.43908
98743,0.196457
98744,0.344865
98745,0.503113
98746,0.302857
98747,0.481363
98748,0.566873
98749,0.024372
98750,0.363136
98751,0.136221
98752,0.036396
98753,0.115942
98754,0.316518
98755,0.509295
98756,0.367454
98757,0.477209
98758,0.448163
98759,0.365029
98760,0.47651
98761,0.490565
98762,0.318363
98763,0.833333
98764,0.518228
98765,0.33442
98766,0.0
98767,0.296654
98768,0.230764
98769,0.443034
98770,0.452008
98771,0.43903
98772,0.119988
98773,0.220293
98774,0.14332
98775,0.001103
98776,0.009183
98777,0.10977
98778,0.059105
98779,0.304048
98780,0.139915
98781,0.0
98782,0.04584
98783,0.116346
98784,0.131343
98785,0.049442
98786,0.003771
98787,0.007217
98788,0.020926
98789,0.000224
98790,0.0
98791,0.016999
98792,0.0
98793,0.0
98794,0.0
98795,0.002301
98796,0.0
98797,0.0
98798,0.0
98799,0.0
98800,0.0
98801,0.0
98802,0.0
98803,0.0
98804,0.0
98805,0.0
98806,0.0
98807,0.0
98808,0.0
98809,0.0
98810,0.0
98811,0.0
98812,0.0
98813,0.0
98814,0.0
98815,0.000111
98816,0.0
98817,0.0
98818,0.0
98819,0.0
98820,0.0
98821,0.0
98822,0.0
98823,0.0
98824,0.0
98825,0.0
98826,0.0
98827,0.0
98828,0.0
98829,0.0
98830,0.0
98831,0.0
98832,0.0
98833,0.0
98834,0.0
98835,0.0
98836,0.0
98837,0.0
98838,0.0
98839,0.0
98840,0.0
98841,0.0
98842,0.0
98843,0.0
98844,0.0
98845,0.0
98846,0.0
98847,0.0
98848,0.0
98849,0.0
98850,0.0
98851,0.0
98852,0.0
98853,0.0
98854,0.0
98855,0.0
98856,0.0
98857,0.0
98858,0.0
98859,0.0
98860,0.0
98861,0.0
98862,0.0
98863,0.0
98864,0.0
98865,0.0
98866,0.0
98867,0.0
98868,0.0
98869,0.0
98870,0.0
98871,0.0
98872,0.0
98873,0.0
98874,0.0
98875,0.0
98876,0.0
98877,0.0
98878,0.0
98879,0.0
98880,0.0
98881,0.0
98882,0.0
98886,0.0
98887,0.0
98888,0.0
98889,0.0
98890,0.0
98891,0.0
98892,0.0
98893,0.0
98894,0.0
98895,0.0
98896,0.0
98897,0.0
98898,0.0
98899,0.0
98900,0.0
98902,0.0
98903,0.0
98904,0.0
98905,0.0
98907,0.0
98916,0.0
98918,0.0
98919,0.0
98920,0.0
98921,0.0
98922,0.0
98923,0.0
98924,0.0
98925,0.0
98926,0.0
98927,0.0
98928,0.0
98929,0.0
98930,0.0
98931,0.0
98932,0.0
98933,0.0
98934,0.0
98935,0.0
98936,0.0
98937,0.0
98939,0.0
98940,0.0
98941,0.0
98942,0.0
98943,0.0
98944,0.0
98947,0.0
98948,0.0
98951,0.0
98953,1.0
98954,0.0
98955,0.0
98956,0.0
98957,0.0
98958,0.0
98959,0.0
98960,0.0
98961,0.0
98962,0.0
98963,0.0
98964,0.0
98965,0.0
98966,0.0
98970,0.0
98971,0.0
98972,0.0
98973,0.0
98974,0.0
98975,0.0
98976,0.0
98977,0.0
98978,0.0
98979,0.0
98980,0.0
98986,0.0
98987,0.0
98988,0.0
98989,0.0
98990,0.0
98991,0.0
98992,0.0
98993,0.0
98994,0.0
98995,0.0
98996,0.0
98997,0.0
99002,0.0
99003,0.0
99005,0.0
99006,0.0
99008,0.686247
99330,0.0
99331,0.0
99332,0.0
99333,0.004364
99334,0.503347
99335,0.740931
99336,0.078982
99337,0.068182
99338,0.845494
99339,0.263781
99340,0.108255
99341,0.0
99342,0.0
99343,0.0
99344,0.0
99345,0.0
99346,0.0
99347,0.014019
99348,0.077475
99349,0.043796
99350,0.048655
99351,0.635523
99352,0.872
99353,0.852535
99354,0.705094
99355,0.287124
99356,0.031098
99357,0.366068
99358,0.157088
99359,1.0
99360,1.0
99361,1.0
99363,1.0
99364,0.814239
99365,0.506191
99366,0.490817
99367,0.458962
99368,0.514565
99369,0.461492
99370,0.0
99371,0.304339
99372,0.469529
99373,0.632666
99374,1.0
99375,0.921636
99376,0.898167
99377,0.998657
99378,0.998082
99379,1.0
99380,1.0
99381,1.0
99382,1.0
99383,1.0
99385,0.210287
99386,0.0
99387,0.0
99388,0.0
99389,0.0
99390,0.415989
99391,0.005406
99392,0.0
99393,0.0
99394,0.005739
99395,0.0
99396,1.0
99397,1.0
99398,0.965217
99399,0.679493
99400,0.929982
99401,0.978513
99402,0.909334
99403,0.939322
99404,0.838936
99405,0.986622
99406,1.0
99409,0.0
99410,0.740791
99411,0.902551
99412,0.811393
99413,0.649485
99414,0.614414
99416,0.067429
99417,0.0
99418,0.0
99420,0.0
99421,0.001401
99422,0.0
99423,0.0
99424,0.0
99425,0.017405
99426,0.207852
99427,0.260183
99428,0.266656
99429,0.129397
99430,0.001779
99431,0.674371
99432,0.321186
99433,0.443383
99434,0.547139
99435,0.225449
99436,0.0
99437,0.103967
99438,0.455303
99439,0.286075
99440,0.396682
99441,0.470897
99442,0.506921
99443,0.474516
99444,0.430919
99445,0.091354
99446,0.271556
99447,0.564885
99448,0.507446
99449,0.277913
99450,0.007273
99451,0.043581
99452,0.142429
99453,0.422556
99454,0.403945
99455,0.119084
99456,0.0
99457,0.066231
99458,0.057478
99459,0.006248
99460,0.055062
99461,0.073549
99462,0.188732
99463,0.260039
99464,0.019857
99465,0.003238
99466,0.007591
99467,0.321929
99468,0.318719
99469,0.074872
99470,0.005937
99471,0.0
99472,0.0
99473,0.007878
99474,0.0
99475,0.002155
99476,0.0
99477,0.0
99478,0.0
99479,0.0
99480,0.0
99481,0.000564
99482,0.0
99483,0.0
99484,0.0
99485,0.0
99486,0.0
99487,0.0
99488,0.0
99489,0.0
99490,0.0
99491,0.0
99492,0.0
99493,0.0
99494,0.0
99495,0.0
99496,0.0
99497,0.0
99498,0.0
99499,0.002424
99503,0.0
99504,0.0
99505,0.0
99506,0.0
99507,0.006695
99508,0.0
99509,0.0
99510,0.0
99511,0.0
99512,0.0
99513,0.0
99514,0.004464
99515,0.0
99516,0.0
99517,0.0
99518,0.0
99519,0.0
99520,0.0
99521,0.0
99522,0.0
99523,0.0
99524,0.0
99525,0.0
99526,0.0
99527,0.0
99528,0.0
99529,0.0
99530,0.0
99531,0.0
99532,0.0
99536,0.0
99537,0.0
99538,0.0
99539,0.0
99540,0.0
99541,0.0
99542,0.0
99543,0.0
99544,0.0
99545,0.0
99546,0.0
99547,0.0
99548,0.0
99549,0.0
99550,0.0
99551,0.0
99552,0.0
99553,0.0
99554,0.0
99555,0.0
99556,0.0
99557,0.0
99558,0.0
99559,0.0
99560,0.0
99561,0.0
99562,0.0
99563,0.0
99564,0.0
99565,0.0
99566,0.0
99567,0.0
99568,0.0
99569,0.0
99570,0.0
99571,0.0
99572,0.0
99573,0.0
99574,0.0
99575,0.0
99576,0.0
99577,0.0
99578,0.0
99579,0.0
99580,0.0
99581,0.0
99582,0.0
99583,0.0
99584,0.0
99585,0.0
99586,0.0
99587,0.0
99588,0.0
99589,0.0
99593,0.0
99599,0.0
99600,0.0
99601,0.0
99602,0.0
99604,0.0
99606,0.0
99607,0.0
99608,0.0
99609,0.0
99610,0.0
99611,0.0
99612,0.0
99613,0.0
99614,0.0
99615,0.0
99616,0.0
99617,0.0
99618,0.0
99619,0.0
99620,0.0
99621,0.0
99622,0.0
99623,0.0
99624,0.0
99625,0.0
99626,0.0
99627,0.0
99628,0.0
99629,0.25641
99630,0.0
99631,0.0
99632,0.0
99633,0.0
99634,0.0
99635,0.0
99636,0.0
99637,0.952096
99638,0.310345
99639,0.0
99640,0.773304
99641,0.754741
99642,0.0
99643,0.0
99644,0.0
99645,0.0
99646,0.0
99647,0.0
99648,0.0
99649,0.0
99654,0.0
99655,0.0
99656,0.0
99657,0.0
99658,0.0
99659,0.0
99660,0.0
99661,0.0
99662,0.0
99663,0.0
99664,0.0
99670,0.0
99671,0.0
99672,0.0
99673,0.0
99674,0.0
99675,0.0
99676,0.0
99677,0.0
99678,0.0
99679,0.0
99680,0.0
99681,0.0
99682,0.0
99686,0.0
99687,0.0
99688,0.0
99689,0.0
99690,0.0
99691,0.048
99692,0.5
100014,0.0
100015,0.0
100016,0.0
100017,0.007002
100018,0.205547
100019,0.741216
100020,0.0
100021,0.0
100022,0.0
100023,0.37433
100024,0.009395
100025,0.0
100026,0.0
100027,0.0
100028,0.0
100029,0.0
100030,0.0
100031,0.0
100032,0.0
100033,0.06348
100034,0.273893
100035,0.50436
100036,0.546348
100037,0.214286
100038,0.339526
100039,0.432456
100040,0.600773
100041,0.257051
100042,0.065604
100043,1.0
100044,1.0
100047,1.0
100048,0.755399
100049,0.514998
100050,0.488973
100051,0.45829
100052,0.404762
100053,0.134659
100054,0.172558
100055,0.471696
100056,0.601371
100057,0.977823
100058,1.0
100059,0.930138
100060,0.916462
100061,0.952727
100062,1.0
100063,1.0
100064,1.0
100067,1.0
100068,0.285628
100069,0.130146
100070,0.0
100071,0.000498
100072,0.0
100073,0.0
100074,0.0
100075,0.0
100076,0.0
100077,0.071992
100078,0.005071
100080,1.0
100081,0.991062
100082,0.989061
100083,0.580148
100084,0.989554
100085,1.0
100086,0.502911
100087,0.0
100093,0.773698
100094,0.894615
100095,0.851672
100096,0.498225
100097,0.506884
100098,0.62987
100100,0.005955
100101,0.00277
100102,0.0
100103,0.089286
100104,0.001946
100105,0.004822
100106,0.0
100107,0.0
100108,0.0
100109,5.4e-05
100110,0.022774
100111,0.257555
100112,0.099176
100113,0.063909
100114,0.455492
100115,0.801442
100116,0.553441
100117,1.0
100118,0.930688
100119,0.403955
100120,0.0
100121,0.359238
100122,0.248794
100123,0.0
100124,0.65726
100125,0.536575
100126,0.326102
100127,0.146727
100128,0.109094
100129,0.194989
100130,0.240981
100131,0.454845
100132,0.56814
100133,0.425996
100134,0.170316
100135,0.0
100136,0.297087
100137,0.486054
100138,0.452788
100139,0.072025
100140,0.0
100141,0.000855
100142,0.098217
100143,0.321455
100144,0.120832
100145,0.074932
100146,0.172105
100147,0.207322
100148,0.0
100149,0.004371
100150,0.013897
100151,0.230006
100152,0.021149
100153,0.007449
100154,0.0
100155,0.0
100156,0.022043
100157,0.01778
100158,0.01746
100159,0.010987
100160,0.0
100161,0.0
100162,0.0
100163,0.0
100164,0.0
100165,0.0
100166,0.0
100167,0.0
100168,0.0
100169,0.0
100170,0.002839
100171,0.0
100172,0.0
100173,0.0
100174,0.0
100175,0.0
100176,0.0
100177,0.0
100178,0.0
100179,0.0
100180,0.0
100181,0.0
100182,0.0
100183,0.0
100187,0.001096
100188,0.0
100189,0.0
100190,0.0
100191,0.0
100192,0.003266
100193,0.000469
100194,0.000447
100195,0.0
100196,0.0
100197,0.0
100198,0.0
100199,0.0
100200,0.0
100201,0.0
100202,0.0
100203,0.0
100204,0.0
100205,0.0
100206,0.0
100207,0.0
100208,0.0
100210,0.0
100211,0.0
100212,0.0
100213,0.0
100214,0.0
100215,0.0
100216,0.0
100220,0.0
100221,0.0
100222,0.0
100223,0.0
100224,0.0
100225,0.0
100226,0.0
100227,0.0
100228,0.0
100229,0.0
100230,0.0
100231,0.0
100232,0.0
100233,0.000425
100234,0.0
100235,0.0
100236,0.0
100237,0.0
100238,0.0
100239,0.0
100240,0.0
100241,0.0
100242,0.0
100243,0.0
100244,0.0
100245,0.0
100246,0.0
100247,0.0
100248,0.0
100249,0.0
100250,0.0
100251,0.0
100252,0.0
100253,0.0
100254,0.0
100255,0.0
100256,0.0
100257,0.0
100258,0.0
100259,0.0
100260,0.0
100261,0.0
100262,0.0
100263,0.0
100264,0.0
100265,0.0
100266,0.0
100267,0.0
100268,0.0
100269,0.0
100270,0.0
100271,0.0
100272,0.0
100277,0.0
100281,1.0
100282,1.0
100285,0.0
100286,0.0
100287,0.0
100288,0.0
100289,0.0
100290,0.0
100291,0.0
100292,0.0
100293,0.0
100294,0.0
100295,0.0
100296,0.0
100297,0.0
100298,0.0
100299,0.0
100300,0.0
100301,0.0
100302,0.0
100303,0.0
100304,0.0
100305,0.0
100306,0.0
100307,0.0
100308,0.0
100309,0.0
100310,0.0
100311,0.0
100312,0.0
100313,0.0
100314,0.0
100315,0.0
100316,0.0
100317,0.0
100318,0.0
100319,0.0
100320,0.0
100321,1.0
100322,0.0
100323,0.0
100324,0.04065
100325,0.0
100326,0.0
100327,0.0
100338,0.0
100339,0.0
100340,0.0
100341,0.0
100342,0.0
100343,0.0
100344,0.0
100345,0.0
100346,0.0
100355,0.0
100356,0.0
100357,0.0
100358,0.008305
100359,0.0
100360,0.0
100361,0.0
100362,0.0
100363,0.0
100364,0.0
100365,0.0
100366,0.0
100369,0.0
100372,0.0
100373,0.0
100374,0.0
100375,0.0
100376,0.0
100698,0.0
100699,0.0
100700,0.0
100701,0.0
100702,0.0
100703,0.282364
100704,0.0
100705,0.001572
100706,0.0
100707,0.723727
100708,0.0
100709,0.0
100710,0.0
100711,0.0
100712,0.0
100713,0.0
100714,0.0
100715,0.0
100716,0.009868
100717,0.163934
100718,0.255459
100719,0.202322
100720,0.225709
100721,0.211765
100722,0.410654
100723,0.855563
100724,0.965668
100725,0.98141
100726,0.891026
100730,1.0
100731,1.0
100732,0.679293
100733,0.537659
100734,0.470244
100735,0.409127
100736,0.30203
100738,1.0
100739,0.70114
100740,0.845667
100741,0.998973
100742,0.998972
100743,0.992531
100744,0.916599
100745,1.0
100746,1.0
100747,1.0
100748,1.0
100749,1.0
100750,1.0
100751,1.0
100752,0.214205
100753,0.000279
100754,0.406527
100755,0.112923
100756,0.959332
100757,0.0
100758,0.0
100759,0.299338
100760,0.247874
100761,0.585316
100762,0.975514
100763,1.0
100764,1.0
100765,1.0
100766,0.996306
100767,0.969973
100768,1.0
100769,1.0
100770,0.904411
100771,0.009132
100776,1.0
100777,0.873549
100778,0.834357
100779,0.897299
100780,0.505046
100781,0.974074
100782,0.630909
100784,0.0
100785,0.0
100787,0.306048
100788,0.0
100789,0.0
100790,0.0
100791,0.0
100792,0.0
100793,0.0
100794,0.001577
100795,0.030353
100796,0.142421
100797,0.193043
100798,0.238484
100799,0.716961
100800,0.768126
100801,0.80646
100802,0.998015
100803,1.0
100804,0.0
100805,0.0
100806,0.0
100807,0.0
100808,0.203279
100809,0.741784
100810,0.054814
100811,0.448506
100812,0.478664
100813,0.0
100814,0.74139
100815,0.885488
100816,0.962635
100817,0.97607
100818,0.774572
100819,0.0
100820,0.0
100821,0.000301
100822,0.0
100823,0.0
100824,0.0
100825,0.102596
100826,0.971049
100827,0.943396
100828,0.042105
100829,0.091082
100830,0.220409
100831,0.093989
100832,0.000164
100833,0.016338
100834,0.027847
100835,0.046535
100836,0.0
100837,0.0
100838,0.0
100839,0.0
100840,0.024973
100841,0.0
100842,0.0
100843,0.0
100844,0.0
100845,0.0
100846,0.0
100847,0.0
100848,0.0
100849,0.0
100850,0.0
100851,0.0
100852,0.0
100853,0.0
100854,0.0
100855,0.0
100856,0.0
100857,0.0
100858,0.0
100859,0.0
100860,0.0
100861,0.0
100862,0.0
100863,0.001606
100864,0.0
100865,0.0
100866,0.0
100867,0.00166
100868,0.0
100871,0.069631
100872,0.0
100873,0.0
100874,0.0
100875,0.0
100876,0.0
100877,0.0
100878,0.000515
100879,0.0
100880,0.0
100881,0.0
100882,0.0
100883,0.0
100884,0.0
100885,0.0
100886,0.0
100887,0.0
100888,0.0
100889,0.0
100890,0.0
100891,0.0
100892,0.0
100894,0.0
100895,0.0
100896,0.0
100897,0.0
100898,0.0
100899,0.0
100900,0.0
100901,0.0
100902,0.0
100903,0.0
100904,0.0
100905,0.0
100906,0.0
100907,0.0
100908,0.0
100909,0.0
100910,0.0
100911,0.0
100912,0.0
100913,0.0
100914,0.0
100915,0.0
100916,0.0
100917,0.002687
100918,0.0
100919,0.0
100920,0.0
100921,0.0
100922,0.0
100923,0.0
100924,0.0
100925,0.0
100926,0.0
100927,0.0
100928,0.0
100929,0.0
100930,0.0
100934,0.0
100935,0.0
100936,0.0
100937,0.0
100938,0.0
100939,0.0
100940,0.0
100941,0.0
100942,0.0
100943,0.0
100944,0.0
100945,0.0
100946,0.0
100947,0.0
100948,0.0
100949,0.0
100950,0.0
100951,0.0
100952,0.0
100953,0.0
100954,0.0
100955,0.0
100956,0.0
100957,0.0
100964,0.0
100969,0.0
100970,0.0
100971,0.0
100972,0.0
100973,0.0
100974,0.0
100975,0.0
100976,0.0
100977,0.0
100978,0.0
100979,0.0
100980,0.0
100981,0.0
100982,0.0
100983,0.0
100984,0.0
100985,0.0
100986,0.0
100987,0.0
100988,0.0
100989,0.0
100990,0.0
100991,0.0
100992,0.0
100993,0.0
100994,0.0
100995,0.0
100996,0.0
100997,0.0
100998,0.0
100999,0.0
101000,0.0
101001,0.0
101002,0.0
101003,0.0
101004,0.0
101005,0.0
101007,0.0
101008,0.0
101009,0.0
101010,0.0
101011,0.0
101012,0.0
101022,0.0
101023,0.0
101024,0.0
101025,0.0
101026,0.0
101027,0.0
101028,0.0
101038,0.0
101039,0.0
101040,0.0
101041,0.265972
101042,0.830239
101043,0.0
101045,0.0
101046,0.0
101047,0.0
101048,0.003263
101049,0.0
101056,0.0
101057,0.0
101058,0.980324
101059,0.0
101060,0.0
101383,0.0
101384,0.0
101385,0.0
101386,0.0
101387,0.025
101388,0.004366
101389,0.0
101390,0.001295
101391,0.17
101392,0.01165
101393,0.0
101394,0.0
101395,0.0
101396,0.0
101397,0.0
101398,0.0
101399,0.0
101400,0.007288
101401,0.169355
101402,0.086211
101403,0.242667
101404,0.216049
101405,0.234416
101406,0.103139
101407,0.0
101408,0.789869
101409,0.754799
101410,0.0
101412,0.361502
101413,0.000661
101414,0.051059
101415,0.470159
101416,0.718522
101417,0.525499
101418,0.496912
101419,0.454771
101422,1.0
101423,0.999538
101424,0.951613
101425,0.968675
101426,1.0
101427,1.0
101428,1.0
101429,1.0
101430,1.0
101431,1.0
101432,1.0
101433,1.0
101434,1.0
101435,0.999148
101436,0.089987
101437,0.0
101438,0.239234
101439,0.843253
101440,0.606714
101441,0.0
101442,0.0
101443,0.18797
101444,0.570833
101445,1.0
101446,0.984081
101447,0.762876
101448,0.990323
101449,0.826797
101450,0.99385
101451,1.0
101452,1.0
101453,0.97147
101454,1.0
101455,1.0
101458,1.0
101459,1.0
101460,1.0
101461,0.955994
101462,0.860121
101463,0.897461
101464,0.812777
101465,0.589701
101466,0.003901
101468,0.0
101469,0.0
101470,0.319217
101471,0.160448
101472,0.117214
101473,0.0
101474,0.0
101475,1.4e-05
101476,0.0
101477,0.0
101478,0.162821
101479,0.281911
101480,0.914062
101481,0.0
101482,0.57971
101483,0.320807
101484,0.438148
101485,0.724109
101486,0.918461
101487,1.0
101488,0.0
101489,0.0
101491,0.0
101492,0.0
101493,0.027663
101494,0.820775
101495,0.957167
101496,0.766141
101497,1.0
101498,1.0
101499,0.998596
101500,0.96606
101501,0.947911
101502,0.629672
101503,0.007304
101504,0.0
101505,0.572693
101506,0.357734
101507,0.014154
101508,0.0
101509,0.014833
101510,0.877632
101512,0.896552
101513,0.085638
101514,0.065845
101515,0.005612
101516,0.040407
101517,0.061915
101518,0.001544
101519,0.001215
101520,0.0
101521,0.0
101522,0.0
101523,0.0
101524,0.0
101525,0.0
101526,0.0
101527,0.0
101528,0.0
101529,0.0
101530,0.0
101531,0.0
101532,0.0
101533,0.0
101534,0.0
101535,0.0
101536,0.0
101537,0.0
101538,0.0
101539,0.0
101540,0.0
101541,0.0
101542,0.0
101543,0.0
101544,0.0
101545,0.0
101546,0.0
101547,0.0
101548,0.0
101549,0.0
101550,0.0
101551,0.0
101552,0.0
101553,0.0
101554,0.0
101555,0.0
101556,0.0
101557,0.0
101558,0.0
101559,0.0
101560,0.0
101561,0.0
101562,0.0
101563,0.0
101564,0.0
101565,0.0
101566,0.0
101567,0.0
101568,0.0
101569,0.0
101570,0.0
101571,0.0
101572,0.0
101573,0.0
101574,0.0
101575,0.0
101576,0.0
101577,0.0
101578,0.0
101579,0.0
101580,0.0
101581,0.0
101582,0.0
101583,0.0
101584,0.0
101585,0.0
101586,0.0
101587,0.0
101588,0.0
101589,0.0
101590,0.0
101591,0.0
101592,0.0
101593,0.0
101594,0.0
101601,0.0
101602,0.002737
101603,0.0
101604,0.0
101605,0.0
101606,0.0
101607,0.0
101608,0.0
101609,0.0
101610,0.0
101611,0.0
101612,0.0
101613,0.0
101614,0.0
101619,0.0
101620,0.0
101621,0.0
101622,0.0
101623,0.0
101624,0.0
101625,0.0
101626,0.0
101627,0.0
101628,0.0
101629,0.0
101630,0.0
101631,0.0
101632,0.0
101633,0.0
101634,0.0
101635,0.0
101636,0.0
101637,0.0
101638,0.0
101639,0.0
101640,0.0
101641,0.0
101644,0.0
101645,0.0
101646,0.0
101647,0.0
101648,0.0
101652,0.0
101653,0.0
101654,0.0
101657,0.0
101660,0.0
101661,0.0
101662,0.0
101663,0.0
101664,0.0
101665,0.0
101666,0.0
101667,0.0
101668,0.0
101669,0.0
101670,0.0
101671,0.0
101672,0.0
101673,0.0
101674,0.0
101675,0.0
101676,0.0
101677,0.0
101678,0.0
101679,0.0
101680,0.0
101681,0.0
101682,0.0
101683,0.0
101684,0.0
101685,0.0
101686,0.0
101687,0.0
101688,0.0
101689,0.0
101691,0.0
101692,0.0
101693,0.0
101694,0.0
101695,0.0
101696,0.0
101706,0.0
101707,0.0
101708,0.0
101709,0.0
101710,0.0
101711,0.0
101712,0.0
101718,0.0
101719,0.0
101720,0.0
101721,0.0
101722,0.0
101723,0.0
101724,0.0
101725,0.0
101726,0.0
101727,0.0
101728,0.0
101729,0.0
101730,0.0
101731,0.0
101732,0.0
101733,0.0
101734,0.0
101740,0.0
101741,0.0
101742,0.549637
101743,0.0
101744,0.0
102070,1.0
102071,1.0
102072,0.324361
102073,0.002552
102074,0.07883
102075,0.001515
102076,0.008696
102077,0.001546
102078,0.0
102079,0.0
102080,0.0
102081,0.0
102082,0.0
102083,0.307371
102084,0.004311
102085,0.18648
102086,0.017094
102087,0.140998
102088,0.06044
102089,0.287647
102090,0.003918
102091,0.024528
102092,0.921569
102093,0.407537
102096,0.0
102097,0.012459
102098,0.026227
102099,0.976944
102100,0.776607
102101,0.478482
102102,0.535714
102103,0.571968
102104,0.2
102105,0.0
102106,0.999771
102107,0.997931
102108,0.761802
102109,1.0
102110,0.999876
102111,0.993221
102112,1.0
102113,1.0
102114,1.0
102115,1.0
102116,1.0
102117,1.0
102118,1.0
102119,0.688345
102120,0.801457
102121,0.265092
102122,0.689508
102123,0.967391
102124,0.583333
102125,0.8171
102126,0.479758
102127,0.166667
102128,1.0
102129,1.0
102130,1.0
102131,0.687906
102132,0.058289
102133,0.208336
102134,0.999313
102135,0.988341
102136,0.996925
102137,1.0
102138,0.958987
102139,0.936561
102140,1.0
102142,1.0
102143,1.0
102144,1.0
102145,0.999896
102146,1.0
102147,0.783497
102148,0.458181
102149,0.088358
102150,0.11774
102151,0.04902
102152,0.018465
102153,0.0
102155,0.670213
102156,0.119578
102157,0.0
102158,0.0
102159,0.003174
102160,0.009589
102161,0.0
102162,1.0
102163,1.0
102167,1.0
102168,0.004831
102169,1.0
102170,1.0
102172,1.0
102173,0.093145
102174,1.0
102175,0.069701
102176,0.189349
102177,0.743848
102178,0.897529
102179,0.762799
102180,0.0
102181,0.850693
102182,1.0
102183,1.0
102184,0.983355
102185,0.611254
102186,0.068606
102187,0.004484
102188,0.344858
102189,0.556423
102190,0.988176
102191,0.190985
102192,0.077888
102193,0.0
102194,0.847052
102195,1.0
102196,0.0
102197,0.000638
102198,0.154276
102199,0.0475
102200,0.0
102201,0.135408
102202,0.192509
102203,0.0
102204,0.001551
102205,0.021162
102206,0.0
102207,0.0
102208,0.0
102209,0.0
102210,0.0
102211,0.0
102212,0.0
102213,0.0
102214,0.0
102215,0.0
102216,0.0
102217,0.0
102218,0.0
102219,0.0
102220,0.0
102221,0.0
102222,0.0
102223,0.0
102224,0.0
102225,0.0
102226,0.0
102227,0.0
102228,0.0
102229,0.0
102230,0.0
102231,0.0
102232,0.0
102233,0.002455
102234,0.0
102235,0.0
102236,0.0
102237,0.0
102238,0.0
102239,0.0
102240,0.0
102241,0.0
102242,0.0
102243,0.0
102244,0.0
102245,0.0
102246,0.0
102247,0.0
102248,0.0
102249,0.0
102250,0.0
102251,0.0
102252,0.0
102253,0.0
102254,0.0
102255,0.0
102256,0.0
102257,0.0
102258,0.0
102259,0.0
102260,0.0
102261,0.0
102262,0.0
102263,0.0
102264,0.0
102265,0.0
102266,0.0
102267,0.0
102268,0.0
102269,0.0
102270,0.0
102271,0.0
102272,0.0
102273,0.0
102274,0.0
102275,0.0
102276,0.0
102277,0.0
102278,0.0
102285,0.0
102286,0.0
102287,0.0
102288,0.0
102289,0.0
102290,0.0
102291,0.0
102292,0.0
102293,0.0
102294,0.0
102295,0.0
102296,0.0
102297,0.0
102302,0.0
102303,0.0
102304,0.0
102305,0.0
102306,0.0
102307,0.0
102308,0.0
102309,0.0
102310,0.0
102312,0.0
102313,0.0
102314,0.0
102315,0.0
102316,0.0
102317,0.0
102318,0.0
102322,0.0
102323,0.0
102324,0.0
102325,0.0
102326,1.0
102327,1.0
102330,0.0
102331,0.0
102332,0.0
102337,0.0
102338,0.0
102344,0.0
102345,0.0
102346,0.0
102347,0.0
102348,0.0
102349,0.0
102350,0.0
102351,0.0
102352,0.0
102353,0.0
102354,0.0
102355,0.0
102356,0.0
102357,0.0
102358,0.0
102359,0.0
102360,0.0
102361,0.0
102362,0.0
102363,0.0
102364,0.0
102365,0.0
102366,0.0
102367,0.0
102368,0.0
102369,0.0
102370,0.0
102371,0.0
102372,0.0
102373,0.0
102374,0.0
102376,0.0
102377,0.0
102378,0.0
102379,0.0
102380,0.0
102385,0.0
102390,0.0
102392,0.0
102393,0.0
102394,0.0
102395,0.0
102396,0.0
102402,0.0
102403,0.0
102404,0.0
102405,0.0
102406,0.0
102407,0.0
102410,0.0
102411,0.0
102412,0.0
102413,0.0
102414,0.0
102415,0.0
102416,0.0
102419,0.0
102424,0.0
102425,0.0
102426,0.0
102427,0.0
102428,0.0
102751,0.0
102753,1.0
102754,1.0
102756,0.709646
102757,0.03797
102758,0.0
102759,0.011303
102760,0.0
102761,0.000705
102762,0.0
102763,0.0
102764,0.0
102765,0.0
102766,0.0
102767,0.0
102768,0.007238
102769,0.003968
102770,0.144673
102771,0.458716
102772,0.375148
102773,0.724409
102774,0.75
102775,0.34471
102776,0.525853
102777,0.190476
102778,1.0
102779,0.99868
102780,0.058343
102781,0.045773
102782,0.853734
102783,1.0
102784,0.661877
102785,0.585751
102786,0.531496
102787,0.608314
102788,0.114321
102789,0.993424
102790,1.0
102791,0.860542
102792,0.914122
102793,1.0
102794,0.927586
102795,0.985154
102796,0.869671
102797,1.0
102798,1.0
102799,1.0
102802,1.0
102803,0.095905
102804,0.793466
102805,0.558329
102806,0.840396
102807,0.863868
102808,0.30102
102809,0.492189
102810,0.962122
102811,1.0
102812,1.0
102813,0.999311
102814,1.0
102815,0.0
102816,0.47839
102817,0.542169
102818,1.0
102819,0.990374
102820,1.0
102821,0.996085
102822,0.945216
102823,0.87986
102824,1.0
102826,1.0
102827,1.0
102828,1.0
102829,1.0
102830,0.948169
102831,0.767562
102832,0.000142
102833,0.005236
102834,0.523309
102835,0.796616
102836,0.090307
102837,0.000492
102840,0.068966
102841,0.010806
102842,0.0
102843,0.213349
102844,1.0
102853,1.0
102854,1.0
102855,1.0
102856,1.0
102857,0.062189
102858,0.415808
102859,0.208462
102860,0.096582
102861,0.612506
102862,0.964719
102863,0.963127
102864,0.673395
102865,0.878788
102866,0.957725
102867,0.669865
102868,0.639894
102869,0.376881
102870,0.062649
102871,0.0
102872,0.501764
102873,0.550272
102874,0.141791
102875,0.550416
102876,0.25673
102877,0.028791
102878,0.086381
102879,1.0
102880,0.995562
102881,0.004121
102882,0.0
102883,0.063074
102884,0.038952
102885,0.186529
102886,0.796615
102887,0.13609
102888,0.0
102889,0.0
102890,0.0
102891,0.0
102892,0.0
102893,0.0
102894,0.0
102895,0.0
102896,0.0
102897,0.0
102898,0.0
102899,0.0
102900,0.0
102901,0.0
102902,0.0
102903,0.0
102904,0.0
102905,0.0
102906,0.0
102907,0.0
102908,0.0
102909,0.0
102910,0.0
102911,0.0
102912,0.0
102913,0.0
102914,0.0
102915,0.0
102916,0.0
102917,0.0
102918,0.0
102919,0.0
102920,0.0
102921,0.0
102922,0.0
102923,0.0
102924,0.0
102925,0.0
102926,0.0
102927,0.0
102928,0.0
102929,0.0
102930,0.0
102931,0.0
102932,0.0
102933,0.0
102934,0.0
102935,0.0
102936,0.0
102937,0.0
102938,0.0
102939,0.0
102940,0.0
102941,0.0
102942,0.0
102943,0.0
102944,0.0
102945,0.0
102946,0.0
102947,0.0
102948,0.0
102949,0.0
102950,0.0
102951,0.0
102952,0.0
102953,0.0
102954,0.0
102955,0.0
102956,0.0
102957,0.0
102958,0.0
102959,0.0
102960,0.0
102961,0.0
102962,0.0
102963,0.0
102966,0.0
102967,0.0
102968,0.0
102969,0.0
102970,0.0
102971,0.0
102972,0.0
102973,0.0
102974,0.0
102975,0.0
102976,0.0
102977,0.0
102978,0.0
102979,0.0
102980,0.0
102981,0.0
102982,0.0
102983,0.0
102984,0.0
102985,0.0
102986,0.0
102987,0.0
102988,0.0
102989,0.0
102990,0.0
102991,0.0
102992,0.0
102995,0.0
102998,0.0
102999,0.0
103000,0.0
103001,0.0
103006,0.0
103007,0.0
103008,0.0
103009,0.0
103010,1.0
103011,0.71134
103012,0.0
103013,0.0
103014,0.0
103015,0.0
103016,0.0
103017,0.0
103018,0.0
103019,0.0
103020,0.0
103021,0.0
103022,0.0
103023,0.0
103024,0.0
103025,0.0
103030,0.0
103031,0.0
103033,0.0
103034,0.0
103035,0.0
103036,0.0
103037,0.0
103038,0.0
103039,0.0
103040,0.0
103041,0.0
103042,0.0
103043,0.0
103044,0.0
103045,0.0
103046,0.0
103047,0.0
103049,0.0
103050,0.0
103051,0.0
103052,0.0
103053,0.0
103054,0.0
103055,0.0
103056,0.0
103057,0.0
103058,0.0
103059,0.0
103060,0.0
103061,0.0
103062,0.0
103063,0.0
103064,0.0
103065,0.0
103066,0.0
103067,0.0
103068,0.0
103070,0.0
103072,0.0
103073,0.0
103077,0.0
103078,0.0
103079,0.0
103080,0.0
103085,0.0
103086,0.0
103087,0.0
103088,0.0
103089,0.0
103090,0.0
103091,0.0
103092,0.0
103093,0.0
103094,0.0
103095,0.0
103096,0.0
103097,0.0
103098,0.0
103099,0.0
103100,0.0
103101,0.0
103103,0.0
103107,0.0
103108,0.0
103109,0.0
103110,0.0
103111,0.641213
103112,0.0
103440,0.267857
103441,0.027391
103442,0.157209
103443,0.156184
103444,0.001453
103445,0.003987
103446,0.0
103448,0.0
103449,0.0
103450,0.0
103451,0.0
103452,0.0
103453,0.674142
103454,0.502111
103455,0.192982
103456,0.52537
103457,0.443662
103458,0.323887
103459,0.786337
103460,0.94697
103461,0.742222
103462,0.25431
103463,0.784648
103464,0.713178
103465,1.0
103466,1.0
103467,1.0
103468,0.848018
103469,0.997089
103470,0.541531
103471,1.0
103472,0.991133
103473,1.0
103474,0.934877
103475,0.827104
103476,0.985294
103477,0.939444
103478,0.90474
103479,0.996542
103480,0.991249
103481,1.0
103482,1.0
103488,0.0
103489,0.0
103490,0.750763
103491,0.273292
103492,0.272325
103493,1.0
103494,1.0
103495,0.955795
103496,0.878097
103497,1.0
103499,0.0
103500,0.0
103501,0.127513
103502,0.715522
103503,0.987749
103504,0.996003
103505,1.0
103506,0.898982
103507,0.857404
103508,0.889736
103511,1.0
103512,1.0
103513,1.0
103514,0.999693
103515,0.840587
103516,0.143164
103517,0.090028
103518,0.003347
103519,0.145689
103520,0.455893
103521,0.76451
103522,0.007663
103523,0.0
103524,0.0
103525,0.0
103526,0.0
103527,0.18237
103528,0.811947
103529,1.0
103539,0.988372
103540,0.321125
103541,0.152664
103542,0.077924
103543,0.810256
103544,0.907155
103545,0.0
103546,0.072917
103547,0.876788
103548,0.972604
103549,0.31982
103550,0.052411
103551,0.056011
103552,0.061073
103553,0.0
103554,0.0
103555,0.083847
103556,0.005025
103557,0.084561
103558,0.580714
103559,0.847642
103560,1.0
103561,0.742113
103562,0.073862
103563,1.0
103564,1.0
103565,0.304095
103566,0.219664
103567,0.0387
103568,0.009504
103569,0.001961
103570,0.146985
103571,0.022645
103572,0.0
103573,0.00469
103574,0.0
103575,0.0
103576,0.0
103577,0.0
103578,0.0
103579,0.0
103580,0.0
103581,0.0
103582,0.0
103583,0.0
103584,0.0
103585,0.0
103586,0.0
103587,0.0
103588,0.0
103589,0.0
103590,0.0
103591,0.0
103592,0.0
103593,0.0
103594,0.0
103595,0.0
103596,0.0
103597,0.0
103598,0.0
103599,0.0
103600,0.0
103601,0.0
103602,0.0
103603,0.001229
103604,0.0
103605,0.0
103606,0.0
103607,0.0
103608,0.0
103609,0.0
103610,0.0
103611,0.0
103612,0.0
103613,0.0
103614,0.0
103615,0.0
103616,0.0
103617,0.049589
103618,0.000705
103619,0.0
103620,0.0
103621,0.0
103622,0.0
103623,0.0
103624,0.0
103625,0.0
103626,0.0
103627,0.0
103628,0.0
103629,0.0
103630,0.0
103631,0.0
103632,0.0
103633,0.0
103634,0.0
103635,0.0
103636,0.0
103637,0.0
103638,0.0
103639,0.0
103640,0.0
103641,0.0
103642,0.0
103643,0.0
103644,0.0
103645,0.0
103646,0.0
103647,0.0
103648,0.0
103649,0.0
103650,0.0
103651,0.0
103652,0.0
103653,0.0
103654,0.0
103655,0.0
103656,0.0
103657,0.0
103658,0.0
103659,0.0
103660,0.0
103661,0.0
103662,0.0
103663,0.0
103664,0.0
103665,0.0
103666,0.0
103667,0.0
103668,0.0
103669,0.0
103670,0.0
103671,0.0
103672,0.0
103673,0.0
103677,0.0
103680,0.0
103681,0.0
103682,0.0
103683,0.0
103684,0.0
103685,0.0
103686,0.0
103690,0.0
103691,0.0
103692,0.0
103693,0.0
103695,0.0
103697,0.0
103698,0.0
103699,0.0
103700,0.0
103701,0.0
103702,0.0
103703,0.0
103704,0.0
103705,0.0
103706,0.0
103707,0.0
103708,0.0
103709,0.0
103710,0.0
103712,0.0
103713,0.0
103714,0.0
103715,0.0
103716,0.0
103717,0.0
103718,0.0
103719,0.0
103720,0.0
103721,0.0
103722,0.0
103723,0.0
103724,0.0
103725,0.0
103726,0.0
103727,0.0
103728,0.0
103729,0.0
103730,0.0
103731,0.0
103733,0.0
103734,0.0
103735,0.0
103736,0.0
103737,0.0
103738,0.0
103739,0.0
103740,0.0
103741,0.0
103742,0.0
103743,0.0
103744,0.0
103745,0.0
103746,0.0
103747,0.0
103748,0.0
103749,0.0
103750,0.0
103751,0.0
103752,0.0
103756,0.0
103762,0.0
103763,0.0
103764,0.0
103765,0.0
103766,0.0
103767,0.0
103768,0.0
103769,0.0
103770,0.0
103771,0.0
103772,0.0
103773,0.0
103774,0.0
103775,0.0
103776,0.0
103777,0.0
103778,0.0
103779,0.0
103780,0.0
103781,0.0
103782,0.0
103783,0.0
103784,0.0
103785,0.0
103787,0.0
103789,0.0
103790,0.0
103791,0.0
103792,0.0
103793,0.0
103794,0.0
103795,0.0
103796,0.0
104121,0.0
104125,0.0
104126,0.0
104127,0.054477
104128,0.005825
104129,0.0
104130,0.0
104131,0.0
104132,0.0
104133,0.0
104134,0.0
104135,0.0
104136,0.02027
104137,0.301847
104138,0.059807
104139,0.134993
104140,0.058243
104141,0.189213
104142,0.545593
104143,0.14532
104144,0.196481
104145,0.619621
104146,0.852606
104147,0.716841
104148,0.925535
104149,1.0
104150,1.0
104151,1.0
104152,1.0
104153,0.999528
104154,0.892442
104155,0.996583
104156,1.0
104157,0.970195
104158,0.099139
104159,0.731855
104160,0.91315
104161,0.954311
104162,0.984431
104163,1.0
104164,1.0
104165,1.0
104167,1.0
104168,1.0
104171,0.0
104172,0.0
104173,0.0
104174,0.942602
104175,0.353448
104176,0.252501
104177,0.0
104178,0.992006
104179,0.994123
104180,1.0
104181,0.997245
104182,0.998545
104183,0.933758
104184,0.0
104185,0.992248
104186,0.0
104187,0.970778
104188,0.995738
104189,1.0
104190,0.097351
104191,0.858827
104192,0.854786
104195,1.0
104196,1.0
104197,1.0
104198,1.0
104199,0.973192
104200,0.575054
104201,0.266889
104202,0.542902
104203,0.580261
104204,0.147603
104205,0.136529
104206,0.0
104208,0.345583
104209,0.039474
104210,0.010192
104211,0.010811
104212,1.0
104213,0.0
104214,0.0
104215,0.0
104216,0.0
104217,0.000728
104218,0.0
104219,0.0
104220,0.0
104221,0.0
104222,4.6e-05
104223,0.235589
104224,0.045628
104225,4e-06
104226,0.037131
104227,0.323025
104228,0.929215
104229,0.770894
104230,0.068733
104231,0.712372
104232,1.0
104233,0.802351
104234,0.0
104235,0.050403
104236,0.0
104237,0.132648
104238,0.096374
104239,0.101077
104240,0.034595
104241,0.197204
104242,0.885304
104243,0.966316
104245,0.443058
104246,0.453566
104247,0.709166
104248,0.904082
104249,0.519729
104250,0.365605
104251,0.254588
104252,0.349694
104253,0.10151
104254,0.000207
104255,0.000241
104256,0.002411
104257,0.0
104258,0.0
104259,0.0
104260,0.0
104261,0.0
104262,0.0
104263,0.0
104264,0.0
104265,0.0
104266,0.0
104267,0.0
104268,0.0
104269,0.0
104270,0.0
104271,0.0
104272,0.0
104273,0.0
104274,0.0
104275,0.0
104276,0.0
104277,0.0
104278,0.0
104279,0.0
104280,0.0
104281,0.0
104282,0.0
104283,0.0
104284,0.0
104285,0.0
104286,0.0
104287,0.0
104288,0.0
104289,0.0
104290,0.0
104291,0.0
104292,0.0
104293,0.0
104294,0.0
104295,0.0
104296,0.0
104297,0.0
104298,0.0
104299,0.0
104300,0.032273
104301,0.009476
104302,0.0
104303,0.0
104304,0.0
104305,0.0
104306,0.0
104307,0.0
104308,0.0
104309,0.0
104310,0.0
104311,0.0
104312,0.0
104313,0.0
104314,0.0
104315,0.0
104316,0.0
104317,0.0
104318,0.0
104319,0.0
104320,0.0
104321,0.0
104322,0.0
104323,0.0
104324,0.0
104325,0.0
104326,0.0
104327,0.0
104328,0.0
104329,0.0
104330,0.0
104331,0.0
104332,0.0
104333,0.0
104334,0.0
104335,0.0
104336,0.0
104337,0.0
104338,0.0
104339,0.0
104340,0.0
104341,0.0
104342,0.0
104343,0.0
104344,0.0
104345,0.0
104346,0.0
104347,0.0
104348,0.0
104349,0.0
104350,0.0
104351,0.0
104352,0.0
104353,0.0
104354,0.0
104355,0.0
104356,0.0
104357,0.0
104362,0.0
104363,0.0
104364,0.0
104365,0.0
104367,0.0
104368,0.0
104369,0.0
104370,0.0
104371,0.0
104373,0.0
104374,0.0
104375,0.0
104376,0.0
104377,0.0
104378,0.0
104379,0.0
104380,0.0
104382,0.0
104383,0.0
104384,0.0
104385,0.0
104386,0.0
104387,0.0
104388,0.0
104389,0.0
104390,0.0
104391,0.0
104392,0.0
104393,0.0
104394,0.0
104396,0.0
104397,0.0
104398,0.0
104399,0.0
104400,0.0
104401,0.0
104402,0.0
104403,0.0
104404,0.0
104405,0.0
104406,0.0
104407,0.0
104408,0.0
104409,0.0
104410,0.0
104411,0.0
104412,0.0
104413,0.0
104414,0.0
104415,0.0
104416,0.0
104417,0.0
104418,0.0
104419,0.0
104420,0.0
104421,0.0
104422,0.0
104423,0.0
104424,0.0
104425,0.0
104426,0.0
104427,0.0
104428,0.0
104429,0.0
104430,0.0
104431,0.0
104432,0.0
104433,0.0
104434,0.0
104435,0.0
104436,0.0
104437,0.0
104439,0.0
104440,0.0
104446,0.0
104447,0.0
104448,0.0
104449,0.0
104450,0.0
104451,0.0
104452,0.0
104453,0.0
104454,0.06199
104455,0.705254
104456,0.0
104457,0.0
104458,0.0
104459,0.0
104460,0.0
104461,0.0
104462,0.0
104463,0.0
104464,0.0
104465,0.0
104466,0.0
104467,0.0
104468,0.0
104469,0.0
104470,0.0
104471,0.0
104472,0.0
104473,0.0
104474,0.0
104475,0.0
104476,0.0
104477,0.0
104478,0.0
104479,0.0
104809,0.037665
104810,0.005902
104811,0.139879
104812,0.091238
104813,0.0
104814,0.0
104815,0.0
104820,0.217587
104821,0.460194
104822,0.265363
104823,0.198614
104824,0.0875
104825,0.10604
104826,0.151247
104828,0.438596
104829,0.0
104831,0.467083
104832,0.318045
104833,0.975406
104834,1.0
104835,1.0
104836,1.0
104837,0.914707
104838,0.930316
104839,0.999314
104840,0.985537
104841,0.869455
104842,0.414871
104843,0.923455
104844,0.995075
104846,0.939431
104847,1.0
104848,1.0
104849,0.998528
104850,1.0
104851,1.0
104852,1.0
104855,0.0
104856,0.0
104857,0.0
104858,0.997486
104859,0.015527
104860,0.342337
104861,0.781296
104862,0.804165
104863,1.0
104864,0.994047
104865,1.0
104866,1.0
104867,0.0
104868,0.939136
104869,0.0
104870,0.8
104871,1.0
104872,0.310057
104873,0.0
104874,0.143853
104875,0.88216
104876,0.910678
104877,1.0
104879,0.999849
104880,0.999682
104881,1.0
104882,1.0
104883,0.962598
104884,0.833409
104885,0.667805
104886,0.001399
104887,0.173129
104888,0.275921
104889,0.292812
104890,0.067736
104891,0.0
104892,0.071429
104893,0.017321
104894,0.1669
104896,0.0
104897,0.0
104898,0.0
104899,0.0
104900,0.0
104901,0.0
104902,0.0
104903,0.0
104904,0.0
104905,0.0
104906,0.145136
104907,0.341915
104908,0.435983
104909,2.8e-05
104910,0.053523
104911,0.582746
104912,0.124736
104913,0.582284
104914,0.571787
104915,0.328279
104916,0.911719
104917,0.790426
104918,0.0
104919,0.023223
104920,0.086151
104921,0.102742
104922,0.032738
104923,0.224719
104924,0.348214
104925,0.892905
104926,0.112126
104927,0.976777
104928,1.0
104929,0.0
104930,0.157609
104931,0.245035
104932,0.112918
104933,0.124759
104934,0.254389
104935,0.788274
104936,0.421197
104937,0.172014
104938,0.000655
104939,0.0
104940,0.0
104941,0.0
104942,0.003214
104943,0.0
104944,0.0
104945,0.0
104946,0.0
104947,0.045549
104948,0.198351
104949,0.092983
104950,0.0
104951,0.0
104952,0.0
104953,0.0
104954,0.0
104955,0.0
104956,0.0
104957,0.0
104958,0.0
104959,0.0
104960,0.0
104961,0.0
104962,0.0
104963,0.0
104964,0.0
104965,0.0
104966,0.0
104967,0.0
104968,0.0
104969,0.0
104970,0.0
104971,0.0
104972,0.0
104973,0.0
104974,0.0
104975,0.0
104976,0.0
104977,0.0
104978,0.0
104979,0.0
104980,0.0
104981,0.0
104982,0.0
104983,0.0
104984,0.0
104985,0.0
104986,0.0
104987,0.0
104988,0.0
104989,0.0
104990,0.0
104991,0.0
104992,0.0
104993,0.0
104994,0.0
104995,0.0
104996,0.0
104997,0.0
104998,0.0
104999,0.0
105000,0.0
105001,0.0
105002,0.0
105003,0.0
105004,0.0
105006,0.0
105007,0.0
105008,0.0
105009,0.0
105010,0.0
105011,0.0
105012,0.0
105013,0.0
105014,0.0
105015,0.0
105016,0.0
105017,0.0
105018,0.0
105019,0.0
105020,0.0
105021,0.0
105022,0.0
105023,0.0
105024,0.0
105025,0.0
105026,0.0
105027,0.0
105028,0.0
105029,0.0
105030,0.0
105031,0.0
105032,0.0
105033,0.0
105034,0.0
105035,0.0
105036,0.0
105037,0.0
105038,0.0
105039,0.0
105040,0.0
105041,0.0
105042,0.0
105045,0.0
105046,0.0
105047,0.0
105048,0.0
105049,0.0
105050,0.0
105051,0.0
105052,0.0
105053,0.0
105054,0.0
105055,0.0
105056,0.0
105060,0.0
105061,0.0
105062,0.0
105063,0.0
105064,0.0
105065,0.0
105066,0.0
105067,0.0
105068,0.0
105069,0.0
105070,0.0
105071,0.0
105072,0.0
105073,0.0
105074,0.0
105075,0.0
105076,0.0
105077,0.0
105078,0.0
105080,0.0
105081,0.0
105082,0.0
105083,0.0
105084,0.0
105085,0.0
105086,0.0
105087,0.0
105088,0.0
105089,0.0
105090,0.0
105091,0.0
105092,0.0
105093,0.0
105094,0.0
105095,0.0
105096,0.0
105097,0.0
105098,0.0
105099,0.0
105100,0.0
105101,0.0
105102,0.0
105103,0.0
105104,0.0
105105,0.0
105106,0.0
105107,0.0
105108,0.0
105109,0.0
105110,0.0
105111,0.0
105112,0.0
105113,0.0
105114,0.0
105115,0.0
105116,0.0
105117,0.0
105118,0.0
105119,0.0
105120,0.0
105121,0.0
105122,0.0
105128,0.0
105130,0.0
105131,0.0
105133,0.0
105134,0.0
105135,0.0
105136,0.0
105137,0.0
105138,0.0
105139,0.082353
105140,0.0
105141,0.0
105142,0.0
105143,0.0
105144,0.0
105145,0.0
105146,0.0
105147,0.0
105148,0.0
105149,0.0
105150,0.0
105151,0.0
105152,0.0
105153,0.0
105154,0.0
105155,0.0
105156,0.0
105157,0.0
105158,0.0
105159,0.0
105160,0.0
105161,0.0
105162,0.0
105164,0.0
105493,0.0
105494,0.0
105495,0.0
105496,0.010055
105497,0.0
105498,0.0
105499,0.0
105502,0.0
105503,0.0
105504,0.0
105505,0.002481
105506,0.18323
105507,0.163043
105508,0.142098
105509,0.130247
105510,0.45431
105511,0.995918
105512,0.979167
105513,0.952632
105514,0.673271
105515,0.697968
105516,0.111531
105517,0.989866
105518,1.0
105519,1.0
105520,0.850929
105521,0.0
105522,0.00995
105523,0.251752
105524,0.979932
105525,0.957495
105526,0.999434
105527,1.0
105528,1.0
105529,0.999158
105530,1.0
105531,1.0
105532,1.0
105533,1.0
105534,1.0
105535,1.0
105536,1.0
105537,1.0
105538,1.0
105539,0.879827
105540,0.0
105541,1.0
105542,0.872125
105543,0.0
105544,0.02381
105545,0.998817
105547,1.0
105548,1.0
105549,1.0
105550,0.0
105551,0.0
105552,0.0
105553,0.0
105554,0.494171
105555,0.975606
105556,0.343233
105557,0.043742
105558,0.0
105559,0.887901
105560,0.950398
105561,0.998415
105562,1.0
105563,0.971857
105564,0.916136
105565,0.992527
105566,0.939113
105567,0.812641
105568,0.001784
105569,0.126318
105570,0.041224
105571,0.41769
105572,0.031343
105573,0.048724
105574,0.296303
105576,0.333333
105577,0.099245
105579,0.0
105580,0.0
105581,0.0
105582,0.0
105583,0.0
105584,0.0
105585,0.0
105586,0.0
105587,0.0
105588,0.0
105589,0.000604
105590,0.000182
105591,0.054293
105592,0.577012
105593,0.008518
105594,0.238436
105595,0.016385
105596,1.0
105597,0.023576
105598,0.149635
105599,0.030336
105600,0.620976
105601,0.497946
105602,0.180532
105603,0.020505
105604,0.052433
105605,0.013882
105606,0.040261
105607,0.009914
105608,0.004717
105609,0.0403
105610,0.060135
105611,0.857143
105612,0.166667
105613,0.003874
105614,0.139998
105615,0.069717
105616,0.079166
105617,0.749196
105618,0.721225
105619,0.943284
105620,0.613795
105621,0.103345
105623,0.0
105624,0.0
105625,0.0
105626,0.001826
105627,0.400086
105628,0.325978
105629,0.062611
105630,0.0
105631,0.020784
105632,0.140172
105633,0.124493
105634,0.099582
105635,0.0
105636,0.0
105637,0.0
105638,0.0
105639,0.0
105640,0.0
105641,0.0
105642,0.0
105643,0.0
105644,0.0
105645,0.0
105646,0.0
105647,0.0
105648,0.0
105649,0.0
105650,0.0
105651,0.0
105652,0.0
105653,0.0
105654,0.0
105655,0.0
105656,0.0
105657,0.0
105658,0.0
105659,0.0
105660,0.0
105661,0.0
105662,0.0
105663,0.0
105664,0.0
105665,0.0
105666,0.0
105667,0.0
105668,0.0
105669,0.0
105670,0.0
105671,0.0
105672,0.0
105673,0.0
105674,0.0
105675,0.0
105676,0.0
105677,0.0
105678,0.0
105679,0.0
105680,0.0
105681,0.0
105682,0.0
105683,0.0
105684,0.0
105685,0.0
105686,0.018577
105687,0.0
105688,0.0
105689,0.0
105690,0.0
105691,0.0
105692,0.0
105693,0.0
105694,0.0
105695,0.0
105696,0.0
105697,0.0
105698,0.0
105699,0.0
105700,0.0
105701,0.0
105702,0.0
105703,0.0
105704,0.0
105705,0.0
105706,0.0
105707,0.0
105708,0.0
105709,0.0
105710,0.0
105711,0.0
105712,0.0
105713,0.0
105714,0.0
105715,0.0
105716,0.0
105717,0.0
105718,0.0
105719,0.0
105720,0.0
105721,0.0
105722,0.0
105723,0.0
105724,0.0
105725,0.0
105726,0.0
105727,0.0
105730,0.0
105731,0.0
105732,0.0
105733,0.0
105734,0.0
105735,0.0
105736,0.0
105737,0.0
105738,0.0
105739,0.0
105740,0.0
105741,0.0
105744,0.0
105745,0.0
105746,0.0
105747,0.0
105748,0.0
105749,0.0
105750,0.0
105751,0.0
105752,0.0
105753,0.0
105754,0.0
105755,0.0
105756,0.0
105757,0.0
105758,0.0
105762,0.0
105765,0.0
105766,0.0
105767,0.0
105768,0.0
105769,0.0
105770,0.0
105771,0.0
105772,0.0
105773,0.0
105774,0.0
105775,0.0
105776,0.0
105777,0.0
105778,0.0
105779,0.0
105780,0.0
105781,0.0
105782,0.0
105783,0.0
105784,0.0
105785,0.0
105786,0.0
105787,0.0
105788,0.0
105789,0.0
105790,0.0
105791,0.0
105792,0.0
105793,0.0
105794,0.0
105795,0.0
105796,0.0
105797,0.0
105798,0.0
105799,0.0
105800,0.0
105801,0.0
105802,0.0
105803,0.0
105804,0.0
105805,0.0
105806,0.0
105811,0.0
105812,0.0
105813,0.0
105814,0.0
105815,0.0
105817,0.0
105818,0.0
105819,0.0
105820,0.0
105821,0.0
105822,0.0
105823,0.0
105824,0.0
105825,0.0
105826,0.0
105827,0.0
105828,0.0
105829,0.0
105830,0.0
105831,0.0
105832,0.0
105833,0.0
105834,0.0
105835,0.0
105836,0.0
105837,0.0
105838,0.0
105839,0.0
105840,0.0
105841,0.0
105842,0.0
105843,0.0
105844,0.0
105845,0.0
105846,0.0
106173,1.0
106175,0.0
106177,0.0
106178,0.0
106179,0.0
106180,0.0
106181,0.0
106182,0.0
106185,0.0
106186,0.0
106187,0.0
106188,0.000807
106189,0.094084
106190,0.038695
106191,0.141609
106192,0.427397
106193,0.607419
106194,0.360544
106195,0.758491
106196,0.838942
106197,0.461538
106198,0.396436
106199,0.101418
106200,0.563863
106201,1.0
106202,1.0
106203,0.998332
106204,0.855412
106205,0.0
106206,0.0
106207,0.019838
106208,0.857941
106209,1.0
106210,0.999815
106211,1.0
106212,1.0
106213,1.0
106214,1.0
106216,1.0
106219,1.0
106220,1.0
106221,1.0
106222,0.666667
106223,0.227273
106224,0.844906
106225,1.0
106226,0.95208
106227,0.657851
106228,0.626577
106229,1.0
106230,1.0
106231,1.0
106232,0.909465
106234,0.0
106235,0.0
106236,0.202414
106237,0.454545
106238,0.962805
106239,0.99824
106240,0.924313
106241,0.531019
106242,0.0
106243,0.827665
106244,0.97088
106245,0.999701
106246,0.809816
106247,0.897454
106248,0.886343
106249,0.898022
106250,0.831536
106251,0.002114
106252,0.001372
106253,0.76326
106254,0.343119
106255,0.620587
106256,0.459352
106257,0.039005
106258,0.535418
106259,0.0
106260,0.306991
106261,0.490716
106262,1.0
106263,0.0
106264,0.0
106265,0.0
106266,0.0
106267,0.0
106268,0.0
106269,0.0
106270,0.0
106271,0.0
106272,0.0
106273,0.000778
106274,0.055346
106275,0.199808
106276,0.642485
106277,0.256532
106278,0.002664
106279,0.000836
106280,0.0
106281,0.010101
106282,0.792861
106283,0.746266
106284,0.145902
106285,0.176537
106286,0.366737
106287,0.06355
106288,0.003532
106289,0.003927
106290,0.054972
106291,0.002707
106292,0.015507
106293,0.016182
106294,0.044384
106295,0.844444
106296,0.371559
106297,0.023062
106298,0.287979
106299,0.143205
106300,0.055846
106301,0.0
106302,0.972603
106303,0.222222
106304,0.871158
106305,0.578723
106306,0.105864
106307,0.005094
106308,0.0
106309,0.0
106310,0.185666
106311,0.353782
106312,0.344809
106313,0.080384
106314,0.072664
106315,0.125753
106316,0.029978
106317,0.000973
106318,0.068875
106319,0.0
106320,0.0
106321,0.0
106322,0.0
106323,0.0
106324,0.0
106325,0.004246
106329,0.0
106330,0.0
106331,0.0
106332,0.0
106333,0.0
106334,0.0
106335,0.0
106336,0.0
106337,0.0
106338,0.0
106339,0.0
106340,0.0
106341,0.0
106342,0.0
106343,0.0
106344,0.0
106345,0.0
106346,0.0
106347,0.0
106348,0.0
106349,0.0
106350,0.0
106351,0.0
106352,0.0
106353,0.0
106354,0.0
106355,0.0
106356,0.0
106357,0.0
106358,0.0
106359,0.0
106360,0.0
106361,0.0
106362,0.0
106363,0.0
106364,0.0
106365,0.0
106366,0.0
106367,0.0
106368,0.0
106369,0.0
106370,0.0
106371,0.0
106372,0.0
106373,0.0
106374,0.0
106375,0.0
106376,0.0
106377,0.0
106378,0.0
106379,0.0
106380,0.0
106381,0.0
106382,0.0
106383,0.0
106384,0.0
106385,0.0
106386,0.0
106387,0.0
106388,0.0
106389,0.0
106390,0.0
106391,0.0
106392,0.0
106393,0.0
106394,0.0
106395,0.0
106396,0.0
106397,0.0
106398,0.0
106399,0.0
106400,0.0
106401,0.0
106402,0.0
106403,0.0
106404,0.0
106405,0.0
106406,0.0
106407,0.0
106408,0.0
106409,0.0
106410,0.0
106411,0.0
106414,0.0
106415,0.0
106416,0.0
106417,0.0
106418,0.0
106419,0.0
106420,0.0
106421,0.0
106422,0.0
106423,0.0
106424,0.0
106425,0.0
106430,0.0
106431,0.0
106432,0.0
106433,0.0
106434,0.0
106435,0.0
106436,0.0
106437,0.0
106438,0.0
106439,0.0
106440,0.0
106441,0.0
106442,0.0
106443,0.0
106445,0.0
106446,0.0
106447,0.0
106449,0.0
106450,0.0
106451,0.0
106452,0.0
106453,0.0
106454,0.0
106455,0.0
106456,0.0
106457,0.0
106458,0.0
106459,0.0
106460,0.0
106461,0.0
106462,0.0
106463,0.0
106464,0.0
106465,0.0
106466,0.0
106467,0.0
106468,0.0
106469,0.0
106470,0.0
106471,0.0
106472,0.0
106473,0.0
106474,0.0
106475,0.0
106476,0.0
106477,0.0
106478,0.0
106479,0.0
106480,0.0
106481,0.0
106482,0.0
106483,0.0
106484,0.0
106485,0.0
106486,0.0
106487,0.0
106488,0.0
106489,0.0
106490,0.0
106495,0.0
106497,0.0
106498,0.0
106501,0.0
106502,0.0
106503,0.0
106504,0.0
106505,0.0
106506,0.0
106507,0.0
106508,0.0
106509,0.016245
106510,0.0
106511,0.0
106514,0.0
106515,0.0
106516,0.0
106517,0.0
106518,0.0
106519,0.0
106520,0.0
106521,0.0
106522,0.0
106523,0.0
106524,0.0
106525,0.0
106526,0.0
106527,0.0
106528,0.0
106529,0.0
106530,0.0
106858,1.0
106862,0.0
106863,0.0
106864,0.0
106865,0.0
106866,0.0
106868,0.0
106869,0.0
106870,0.0
106871,0.0
106872,0.001775
106873,0.010522
106874,0.104052
106875,0.025814
106876,0.042012
106877,0.489771
106878,0.510288
106879,0.25
106880,0.792661
106881,0.425287
106882,0.893628
106883,0.393412
106884,0.458333
106885,1.0
106886,1.0
106887,1.0
106888,0.985647
106889,0.353842
106890,0.026526
106891,0.123439
106892,0.999334
106893,0.968936
106894,1.0
106895,0.998882
106896,0.987912
106897,0.967476
106898,0.990766
106899,0.0
106900,0.320204
106901,0.809524
106902,0.058824
106903,1.0
106904,1.0
106905,1.0
106906,1.0
106907,0.155172
106908,1.0
106909,0.999505
106910,1.0
106911,0.862079
106912,0.0
106913,0.0
106914,0.80014
106915,0.988324
106916,1.0
106917,0.006417
106918,0.179396
106919,0.0
106920,0.383663
106921,0.052943
106922,0.968677
106923,1.0
106924,0.967735
106925,0.863481
106926,0.332533
106927,0.794728
106928,0.989795
106929,1.0
106930,1.0
106931,0.812056
106932,0.888039
106933,0.903715
106934,0.513845
106935,0.008186
106936,0.001229
106937,0.001776
106938,0.002277
106939,0.07424
106940,0.063683
106941,0.046315
106942,0.243626
106943,0.18003
106944,0.049663
106945,0.688648
106946,0.915344
106947,0.0
106948,0.0
106949,0.0
106950,0.0
106951,0.0
106952,0.0
106953,0.0
106954,0.026774
106955,0.0
106956,0.0
106957,0.020611
106958,0.665338
106959,0.907848
106960,0.864369
106961,0.873472
106962,0.453769
106963,0.005882
106964,0.002765
106965,0.023068
106966,0.670368
106967,0.431667
106968,0.234654
106969,0.208425
106970,0.1058
106971,0.055672
106972,0.047209
106973,0.109056
106974,0.005611
106975,0.014035
106976,0.04211
106977,0.004692
106978,0.0
106979,0.490411
106980,0.143029
106981,0.019915
106982,0.060771
106983,0.132684
106984,0.062419
106985,0.0
106988,0.614433
106989,0.319853
106990,0.002101
106991,0.0
106992,0.0
106993,0.0
106994,0.0
106995,0.244316
106996,0.493203
106997,0.103597
106998,0.075963
106999,0.118338
107000,0.345108
107001,0.034349
107002,0.066443
107003,0.0
107004,0.0
107005,0.0
107006,0.0
107007,0.0
107008,0.0
107009,0.0
107010,0.0
107011,0.0
107012,0.0
107013,0.0
107014,0.0
107015,0.0
107016,0.0
107017,0.0
107018,0.0
107019,0.0
107020,0.0
107021,0.0
107022,0.0
107023,0.0
107024,0.0
107025,0.0
107026,0.0
107027,0.0
107028,0.0
107029,0.0
107030,0.0
107031,0.0
107032,0.0
107033,0.0
107034,0.0
107035,0.0
107036,0.0
107037,0.0
107038,0.0
107039,0.0
107040,0.0
107041,0.0
107042,0.0
107044,0.0
107045,0.0
107046,0.0
107047,0.0
107048,0.0
107049,0.0
107050,0.0
107051,0.0
107052,0.0
107053,0.0
107054,0.0
107055,0.0
107056,0.0
107057,0.0
107058,0.0
107059,0.0
107060,0.0
107061,0.0
107062,0.0
107063,0.0
107064,0.0
107065,0.0
107066,0.0
107067,0.0
107068,0.0
107069,0.0
107070,0.0
107071,0.0
107072,0.0
107073,0.0
107074,0.0
107075,0.0
107076,0.0
107077,0.0
107078,0.0
107079,0.0
107080,0.0
107081,0.0
107082,0.0
107083,0.0
107084,0.0
107085,0.0
107086,0.0
107087,0.0
107088,0.0
107089,0.0
107090,0.0
107091,0.0
107092,0.055293
107093,0.0
107094,0.0
107095,0.0
107098,0.0
107099,0.0
107100,0.0
107101,0.0
107102,0.0
107103,0.0
107104,0.0
107105,0.0
107106,0.0
107107,0.0
107108,0.0
107109,0.0
107110,0.0
107111,0.0
107115,0.0
107116,0.0
107117,0.0
107118,0.0
107119,0.0
107120,0.0
107121,0.0
107122,0.0
107123,0.0
107124,0.0
107125,0.0
107126,0.0
107127,0.0
107128,0.0
107129,0.0
107130,0.0
107131,0.0
107134,0.0
107135,0.0
107136,0.0
107137,0.0
107138,0.0
107139,0.0
107140,0.0
107141,0.0
107142,0.0
107143,0.0
107144,0.0
107145,0.0
107146,0.0
107147,0.0
107148,0.0
107149,0.0
107150,0.0
107151,0.0
107152,0.0
107153,0.0
107154,0.0
107155,0.0
107156,0.0
107157,0.0
107158,0.0
107159,0.0
107160,0.0
107161,0.0
107162,0.0
107163,0.0
107164,0.0
107165,0.0
107166,0.0
107167,0.0
107168,0.0
107169,0.0
107170,0.0
107171,0.0
107172,0.0
107173,0.0
107174,0.0
107179,0.0
107180,0.0
107181,0.0
107182,0.0
107183,0.0
107185,0.0
107186,0.0
107187,0.0
107189,0.0
107190,0.012942
107191,0.0
107192,0.0
107193,0.0
107194,0.0
107195,0.0
107196,0.0
107198,0.057257
107199,0.0
107200,0.0
107201,0.006061
107202,0.744856
107203,0.761589
107204,0.0
107205,0.0
107206,0.0
107207,0.0
107208,0.0
107213,0.0
107214,0.0
107542,1.0
107545,0.0
107546,0.0
107547,0.0
107548,0.0
107549,0.0
107550,0.0
107553,0.0
107554,0.0
107555,0.0
107556,0.0
107557,0.008441
107558,0.074519
107559,0.229584
107560,0.053467
107561,0.194062
107562,0.368778
107563,1.0
107564,0.0
107565,0.826446
107566,0.818182
107567,0.003623
107568,0.363703
107569,1.0
107570,1.0
107571,1.0
107572,1.0
107573,0.545958
107574,0.682794
107575,0.916907
107576,1.0
107577,0.903386
107578,0.997983
107579,0.997283
107580,0.99322
107581,1.0
107582,1.0
107583,0.0
107585,0.0
107586,0.99486
107587,1.0
107588,0.375117
107589,0.367347
107590,1.0
107591,0.956386
107592,1.0
107593,1.0
107594,0.882429
107595,1.0
107596,1.0
107597,0.897009
107598,0.830877
107599,0.0
107600,1.0
107601,0.0
107602,0.686586
107603,0.009574
107604,0.335634
107605,0.0
107606,1.0
107607,1.0
107608,1.0
107609,0.905307
107610,0.876049
107611,0.87966
107612,0.932292
107613,0.959717
107614,0.898372
107615,0.814623
107616,0.896705
107617,0.784562
107618,0.470475
107619,0.089229
107620,0.012838
107621,0.158833
107622,0.000726
107623,0.000606
107624,0.49863
107625,0.451029
107626,0.136364
107627,0.046512
107628,0.638996
107629,0.30133
107630,0.211731
107631,0.044254
107632,0.018277
107633,0.0
107634,0.0
107635,0.0
107636,0.0
107637,0.153956
107638,0.884442
107639,0.782581
107640,0.225592
107641,0.0425
107642,0.117405
107643,0.664013
107644,0.833286
107645,0.658986
107646,0.674036
107647,0.9028
107648,0.798216
107649,0.737626
107650,0.868929
107651,0.888313
107652,0.344713
107653,0.363225
107654,0.16813
107655,0.07923
107656,0.048058
107657,0.097844
107658,0.071056
107659,0.036329
107660,0.010309
107661,0.032201
107662,0.000653
107663,0.117021
107664,0.177612
107665,0.034391
107666,0.356643
107667,0.18977
107668,0.104072
107672,0.586207
107673,0.430279
107674,0.275457
107675,0.0
107676,0.0
107677,0.0
107678,0.0
107679,0.0
107680,0.026338
107681,0.006925
107682,0.053397
107683,0.044203
107684,0.188422
107685,0.121012
107686,0.13473
107687,0.0
107688,0.0
107689,0.0
107690,0.0
107691,0.0
107692,0.0
107693,0.0
107694,0.0
107695,0.0
107696,0.0
107697,0.0
107698,0.0
107699,0.0
107700,0.0
107701,0.0
107702,0.0
107703,0.0
107704,0.0
107705,0.0
107706,0.0
107707,0.0
107708,0.0
107709,0.0
107710,0.0
107711,0.0
107712,0.0
107713,0.0
107714,0.0
107715,0.0
107716,0.0
107717,0.0
107718,0.0
107719,0.0
107720,0.0
107721,0.0
107722,0.0
107723,0.0
107724,0.0
107725,0.0
107728,0.0
107729,0.0
107730,0.0
107731,0.0
107732,0.0
107733,0.0
107734,0.0
107735,0.0
107736,0.0
107737,0.0
107738,0.0
107739,0.0
107740,0.0
107741,0.0
107742,0.0
107746,0.0
107747,0.0
107748,0.0
107749,0.0
107750,0.0
107751,0.0
107752,0.0
107753,0.0
107754,0.0
107755,0.0
107756,0.0
107757,0.0
107758,0.0
107759,0.0
107760,0.0
107761,0.0
107762,0.0
107763,0.0
107764,0.0
107765,0.0
107766,0.0
107767,0.0
107768,0.0
107769,0.0
107770,0.0
107771,0.0
107772,0.0
107773,0.0
107774,0.0
107775,0.092214
107776,0.450019
107777,0.0
107778,0.0
107779,0.0
107782,0.0
107783,0.0
107784,0.0
107785,0.0
107786,0.0
107787,0.0
107788,0.0
107789,0.0
107790,0.0
107791,0.0
107792,0.0
107793,0.0
107794,0.0
107795,0.0
107797,0.0
107799,0.0
107800,0.0
107801,0.0
107802,0.0
107803,0.0
107804,0.0
107805,0.0
107806,0.0
107807,0.0
107808,0.0
107809,0.0
107810,0.0
107811,0.0
107812,0.0
107813,0.0
107814,0.0
107815,0.0
107816,0.0
107817,0.0
107818,0.0
107819,0.0
107820,0.0
107821,0.0
107822,0.0
107823,0.0
107824,0.0
107825,0.0
107826,0.0
107827,0.0
107828,0.0
107829,0.0
107830,0.0
107831,0.0
107832,0.0
107833,0.0
107834,0.0
107835,0.0
107836,0.0
107837,0.0
107838,0.0
107839,0.0
107840,0.0
107841,0.0
107842,0.0
107843,0.0
107844,0.0
107845,0.0
107846,0.0
107847,0.0
107848,0.0
107849,0.0
107850,0.0
107851,0.0
107852,0.0
107853,0.0
107854,0.0
107855,0.0
107856,0.0
107857,0.0
107858,0.0
107860,0.0
107861,0.0
107863,0.0
107864,0.0
107865,0.0
107866,0.0
107867,0.0
107868,0.0
107869,0.0
107872,0.0
107873,0.0
107874,0.0
107875,0.028986
107876,0.276018
107877,0.0
107878,0.0
107879,0.0
107880,0.0
107881,0.0
107882,0.0
107883,0.0
107886,1.0
107887,0.0
107888,0.0
107889,0.0
107890,0.0
107891,0.0
107892,0.0
107897,0.0
108227,1.0
108228,0.0
108229,0.0
108230,0.0
108232,0.292373
108233,0.0
108234,0.0
108236,0.0
108237,0.0
108238,0.0
108239,0.0
108240,0.024079
108241,0.008864
108242,0.147271
108243,0.10148
108244,0.100251
108245,0.134615
108246,0.557298
108247,0.982829
108248,1.0
108249,1.0
108250,0.0
108251,0.33213
108252,1.0
108253,1.0
108255,1.0
108256,0.999689
108257,0.048057
108258,0.993694
108259,1.0
108260,1.0
108261,0.979872
108262,1.0
108270,0.963125
108271,1.0
108273,0.0
108274,0.893805
108275,0.860776
108276,0.963164
108277,1.0
108278,1.0
108279,1.0
108280,1.0
108281,1.0
108282,0.709646
108283,1.0
108284,1.0
108285,0.088571
108286,0.0
108287,0.0
108288,0.199757
108289,0.013761
108290,0.964475
108291,1.0
108292,1.0
108293,0.85923
108294,0.876405
108295,0.876335
108296,0.85377
108297,0.919531
108298,0.926043
108299,0.883721
108300,0.60669
108301,0.713302
108302,0.887363
108303,0.60713
108304,0.149279
108305,0.355089
108306,0.131058
108307,0.021989
108308,0.074377
108309,0.235008
108310,0.0773
108311,0.025034
108312,0.110482
108313,1.0
108314,0.020138
108315,4e-06
108316,0.122897
108317,0.017929
108318,0.164016
108319,0.732507
108320,0.587662
108321,0.79641
108322,0.853274
108323,0.866674
108324,0.881486
108325,0.488523
108326,0.325868
108327,0.638481
108328,0.907258
108329,0.039463
108330,0.004418
108331,0.919987
108332,0.709602
108333,0.9883
108334,0.945582
108335,0.90757
108336,0.775348
108337,0.574209
108338,0.130459
108339,0.077263
108340,0.131516
108341,0.021193
108342,0.122901
108343,0.022113
108344,0.172789
108345,0.062189
108346,0.066391
108347,0.0125
108348,0.054226
108349,0.002558
108350,0.0
108352,1.0
108356,0.249196
108357,0.232123
108358,0.268497
108359,0.0
108360,0.0
108361,0.0
108362,0.0
108363,0.0
108364,0.0
108365,0.0
108366,0.0
108367,0.0
108368,0.0
108369,0.0
108370,0.0
108371,0.0
108372,0.0
108373,0.001585
108374,0.0
108375,0.0
108376,0.0
108377,0.0
108378,0.0
108379,0.0
108380,0.0
108381,0.0
108382,0.0
108383,0.0
108384,0.0
108385,0.0
108386,0.0
108387,0.0
108388,0.0
108389,0.0
108390,0.0
108391,0.0
108392,0.0
108393,0.0
108394,0.0
108395,0.0
108396,0.0
108397,0.0
108398,0.0
108399,0.0
108400,0.0
108401,0.0
108402,0.0
108403,0.0
108404,0.0
108405,0.0
108406,0.0
108407,0.0
108408,0.0
108409,0.0
108410,0.0
108411,0.0
108412,0.0
108413,0.0
108414,0.0
108415,0.0
108416,0.0
108417,0.0
108418,0.0
108419,0.0
108420,0.0
108421,0.0
108422,0.0
108423,0.0
108424,0.0
108425,0.0
108426,0.0
108430,0.0
108431,0.0
108432,0.0
108433,0.0
108434,0.0
108435,0.0
108436,0.0
108437,0.0
108438,0.0
108439,0.0
108440,0.0
108441,0.0
108442,0.0
108443,0.0
108444,0.0
108445,0.0
108446,0.0
108447,0.0
108448,0.0
108449,0.0
108450,0.0
108451,0.0
108452,0.0
108453,0.0
108454,0.0
108455,0.0
108456,0.0
108457,0.0
108458,0.0
108459,0.0
108460,0.0
108461,0.0
108462,0.0
108463,0.0
108464,0.0
108465,0.0
108466,0.0
108467,0.0
108468,0.0
108469,0.0
108470,0.0
108471,0.0
108472,0.0
108473,0.0
108474,0.0
108475,0.0
108476,0.0
108479,0.0
108480,0.0
108481,0.0
108483,0.0
108484,0.0
108485,0.0
108486,0.0
108487,0.0
108488,0.0
108489,0.0
108490,0.0
108491,0.0
108492,0.0
108493,0.0
108494,0.0
108495,0.0
108496,0.0
108497,0.0
108498,0.0
108499,0.0
108500,0.0
108501,0.0
108502,0.0
108503,0.0
108504,0.0
108505,0.0
108506,0.0
108507,0.0
108508,0.0
108509,0.0
108510,0.0
108511,0.0
108512,0.0
108513,0.0
108514,0.0
108515,0.0
108516,0.0
108517,0.0
108518,0.0
108519,0.0
108520,0.0
108521,0.0
108522,0.0
108523,0.0
108524,0.0
108525,0.0
108526,0.0
108527,0.0
108528,0.0
108529,0.0
108530,0.0
108531,0.0
108532,0.0
108533,0.0
108534,0.0
108535,0.0
108536,0.0
108537,0.0
108538,0.0
108539,0.0
108540,0.0
108541,0.0
108542,0.0
108545,0.0
108547,0.0
108548,0.0
108549,0.0
108550,0.0
108551,0.035556
108552,0.0
108553,0.0
108555,0.0
108556,0.0
108557,0.0
108558,0.0
108559,0.015474
108560,0.20362
108561,0.0
108562,0.062992
108563,0.0
108564,0.0
108565,0.0
108566,0.0
108570,0.0
108571,0.0
108572,0.0
108573,0.0
108574,0.0
108575,0.0
108576,0.0
108577,0.0
108578,0.0
108914,0.0
108915,0.0
108916,0.004419
108917,0.0
108918,0.0
108920,0.0
108921,0.0
108922,0.0
108923,0.0
108924,0.0
108925,0.12859
108926,0.324405
108927,0.153624
108928,0.390222
108929,0.055024
108930,0.339936
108931,0.935714
108932,0.96162
108933,0.666667
108934,1.0
108935,0.843546
108936,1.0
108937,0.793103
108939,1.0
108940,0.333333
108941,0.911182
108942,1.0
108960,0.991866
108961,1.0
108962,1.0
108963,0.917204
108964,0.936791
108965,0.618011
108966,1.0
108967,1.0
108968,1.0
108969,0.309278
108970,0.385375
108971,0.229008
108972,0.081395
108973,0.0
108974,0.067797
108976,0.880233
108977,0.891071
108978,0.883379
108979,0.896243
108980,0.862445
108981,0.866971
108982,0.905569
108983,0.87689
108984,0.859126
108985,0.877882
108986,0.655559
108987,0.12982
108988,0.434211
108989,0.567333
108990,0.486467
108991,0.757039
108992,0.344258
108993,0.00156
108994,0.204611
108995,0.115328
108996,0.004242
108997,0.456561
108998,0.011407
108999,0.120115
109000,0.095445
109001,0.013343
109002,0.05549
109003,0.367851
109004,0.805863
109005,0.542831
109006,0.57
109007,0.81389
109008,0.734714
109009,0.527775
109010,0.276247
109011,0.633148
109012,0.805175
109013,0.455093
109014,0.576791
109015,1.0
109016,1.0
109017,0.800535
109018,0.941227
109019,0.919239
109020,0.650707
109021,0.182307
109022,0.021753
109023,0.004481
109024,0.321569
109025,0.991549
109026,0.578947
109027,0.107855
109028,0.389163
109029,0.017989
109030,0.008276
109031,0.159278
109032,0.014781
109033,0.0
109034,0.016871
109035,0.0
109036,0.619355
109037,0.722039
109038,1.0
109040,0.48295
109041,0.336182
109042,0.0
109043,0.0
109044,0.0
109045,0.0
109046,0.0
109047,0.0
109048,0.0
109049,0.0
109050,0.0
109051,0.000409
109052,0.0
109053,0.0
109054,0.0
109055,0.0
109056,0.0
109057,0.0
109058,0.0
109059,0.0
109060,0.0
109061,0.0
109062,0.0
109063,0.0
109064,0.0
109065,0.0
109066,0.0
109067,0.0
109068,0.0
109069,0.0
109070,0.0
109071,0.000953
109072,0.0
109073,0.0
109074,0.0
109075,0.0
109076,0.0
109077,0.0
109078,0.0
109079,0.0
109080,0.0
109081,0.0
109082,0.0
109083,0.0
109084,0.0
109085,0.0
109086,0.0
109087,0.0
109088,0.0
109089,0.0
109090,0.0
109091,0.0
109092,0.0
109093,0.0
109094,0.0
109095,0.0
109096,0.0
109097,0.0
109098,0.0
109099,0.0
109100,0.0
109101,0.0
109103,0.0
109104,0.0
109105,0.0
109106,0.0
109107,0.0
109108,0.0
109109,0.0
109110,0.0
109111,0.0
109114,0.0
109115,0.0
109116,0.0
109117,0.0
109118,0.0
109119,0.0
109120,0.0
109121,0.0
109122,0.0
109123,0.0
109124,0.0
109125,0.0
109126,0.0
109127,0.0
109128,0.0
109129,0.0
109130,0.0
109131,0.0
109132,0.0
109133,0.0
109134,0.0
109135,0.0
109136,0.0
109137,0.0
109138,0.0
109139,0.0
109140,0.0
109141,0.0
109142,0.0
109143,0.0
109144,0.0
109145,0.0
109146,0.0
109147,0.0
109148,0.0
109149,0.0
109150,0.0
109151,0.0
109152,0.0
109153,0.0
109154,0.0
109155,0.0
109156,0.0
109157,0.0
109158,0.0
109162,0.0
109163,0.0
109164,0.0
109168,0.0
109169,0.0
109170,0.0
109171,0.0
109172,0.0
109173,0.0
109174,0.0
109175,0.0
109176,0.0
109177,0.0
109178,0.0
109179,0.0
109180,0.0
109181,0.0
109183,0.0
109184,0.0
109185,0.0
109186,0.0
109187,0.0
109188,0.0
109189,0.0
109190,0.0
109191,0.0
109192,0.0
109193,0.0
109194,0.0
109195,0.0
109196,0.0
109197,0.0
109198,0.0
109199,0.0
109200,0.0
109201,0.0
109202,0.0
109203,0.0
109206,0.0
109207,0.0
109208,0.0
109209,0.0
109210,0.0
109211,0.0
109212,0.0
109213,0.0
109214,0.0
109215,0.0
109216,0.0
109217,0.0
109218,0.137931
109219,0.083333
109220,0.0
109221,0.0
109222,0.0
109223,0.0
109224,0.0
109225,0.0
109226,0.0
109227,0.0
109229,0.0
109230,0.0
109232,0.0
109233,0.0
109234,0.0
109235,0.0
109236,0.0
109237,0.0
109238,0.0
109239,0.0
109240,0.0
109241,0.0
109242,0.0
109243,0.0
109244,0.208499
109245,0.0
109246,0.0
109247,0.0
109248,0.0
109249,0.0
109250,0.0
109255,0.0
109256,0.0
109257,0.0
109258,0.0
109259,0.0
109260,0.0
109261,0.0
109262,0.0
109598,0.0
109599,0.0
109600,0.0
109601,0.0
109602,0.0
109604,0.0
109605,0.0
109606,0.0
109607,0.0
109608,0.0
109609,0.098036
109610,0.024201
109611,0.200501
109612,0.584459
109613,0.28337
109614,0.665615
109615,0.998175
109616,0.727273
109617,0.0
109618,1.0
109619,0.755137
109620,0.151418
109621,0.889126
109622,0.775862
109623,0.5
109644,1.0
109645,1.0
109647,0.035119
109648,0.542573
109649,1.0
109650,1.0
109651,0.982409
109652,1.0
109653,0.0
109654,0.0
109655,0.330645
109656,0.310992
109657,0.044177
109658,0.075
109660,0.928453
109661,0.88696
109662,0.907925
109663,0.873224
109664,0.898157
109665,0.900233
109666,0.963352
109667,0.912417
109668,0.876736
109669,0.858759
109670,0.163223
109671,0.017048
109672,0.158013
109673,0.153884
109674,0.13205
109675,0.356665
109676,0.310365
109677,0.043111
109678,0.064561
109679,0.131207
109680,0.008187
109681,0.490991
109682,0.25795
109683,0.460407
109684,0.512835
109685,0.697592
109686,0.498201
109687,0.072129
109688,0.222348
109689,0.378464
109690,0.83219
109691,0.055312
109692,0.029918
109693,0.589688
109694,0.704662
109695,0.877829
109696,0.869569
109697,0.45973
109698,0.749835
109699,0.999016
109700,0.997436
109701,0.094085
109702,0.894881
109703,0.924042
109704,0.909639
109705,0.626677
109706,0.000265
109707,0.0
109708,0.135201
109709,0.304185
109710,0.354244
109711,0.0
109713,0.011399
109714,0.001216
109715,0.451847
109716,0.547529
109717,0.0
109718,0.003622
109719,0.416553
109720,0.329243
109721,0.305221
109724,0.585875
109725,0.179141
109726,0.003788
109727,0.0
109728,0.0
109729,0.0
109730,0.0
109731,0.0
109732,0.0
109733,0.000117
109734,0.0
109735,0.0
109736,0.0
109737,0.0
109738,0.0
109739,0.0
109740,0.0
109741,0.0
109742,0.0
109743,0.0
109744,0.0
109745,0.0
109746,0.0
109747,0.0
109748,0.0
109749,0.0
109750,0.0
109751,0.0
109752,0.0
109753,0.0
109754,0.0
109755,0.0
109756,0.0
109757,0.0
109758,0.0
109759,0.002394
109760,0.0
109761,0.0
109762,0.010441
109763,0.0
109764,0.0
109765,0.0
109766,0.0
109767,0.0
109768,0.0
109769,0.0
109770,0.0
109771,0.0
109772,0.0
109773,0.0
109774,0.0
109775,0.0
109776,0.0
109777,0.092409
109778,0.0
109779,0.0
109780,0.0
109783,0.0
109784,0.0
109785,0.0
109786,0.0
109787,0.0
109788,0.0
109789,0.0
109790,0.0
109791,0.0
109792,0.0
109793,0.0
109794,0.0
109795,0.0
109796,0.0
109797,0.0
109798,0.0
109799,0.0
109800,0.0
109801,0.0
109802,0.0
109803,0.0
109804,0.0
109805,0.0
109806,0.0
109807,0.0
109808,0.0
109809,0.0
109810,0.0
109811,0.0
109812,0.0
109813,0.0
109814,0.0
109815,0.0
109816,0.0
109817,0.0
109818,0.0
109819,0.0
109820,0.0
109821,0.0
109822,0.0
109823,0.0
109824,0.0
109825,0.0
109826,0.0
109827,0.0
109828,0.0
109829,0.0
109830,0.0
109831,0.0
109832,0.0
109833,0.0
109834,0.0
109835,0.0
109836,0.0
109837,0.0
109838,0.0
109839,0.0
109840,0.0
109841,0.0
109842,0.0
109843,0.0
109846,0.0
109847,0.0
109848,0.0
109852,0.0
109853,0.0
109854,0.0
109855,0.0
109856,0.0
109857,0.0
109858,0.0
109859,0.0
109860,0.0
109861,0.0
109862,0.0
109863,0.0
109864,0.0
109865,0.0
109867,0.0
109868,0.0
109869,0.0
109870,0.0
109871,0.0
109872,0.0
109873,0.0
109874,0.0
109875,0.0
109876,0.0
109880,0.0
109881,0.0
109882,0.0
109883,0.0
109884,0.0
109885,0.0
109886,0.0
109887,0.0
109888,0.0
109889,0.0
109890,0.0
109891,0.0
109892,0.0
109893,0.0
109894,0.0
109895,0.0
109896,0.0
109897,0.0
109898,0.0
109899,0.0
109900,0.0
109901,0.001504
109902,0.325372
109903,0.500672
109904,0.226124
109905,0.0
109906,0.0
109907,0.0
109908,0.0
109909,0.0
109910,0.0
109911,0.0
109912,0.0
109913,0.0
109914,0.100589
109915,0.0
109916,0.0
109917,0.0
109918,0.0
109919,0.0
109920,0.0
109921,0.0
109922,0.0
109923,0.0
109924,0.0
109925,0.0
109926,0.0
109927,0.0
109928,0.0
109929,0.0
109930,0.0
109931,0.0
109932,0.0
109933,0.0
109935,0.0
109936,1.0
109940,0.0
109941,0.0
109942,0.0
109943,0.0
109944,0.0
109945,0.0
109946,0.0
109947,0.0
109948,0.0
110279,0.0
110282,0.0
110283,0.038422
110284,0.007455
110285,0.0
110286,0.0
110287,0.0
110288,0.0
110289,0.0
110290,0.0
110291,0.0
110292,0.0
110293,0.001751
110294,0.286624
110295,0.425
110296,0.440281
110297,0.370935
110298,0.60676
110299,0.990385
110303,0.420765
110304,0.806706
110305,0.556719
110306,0.0
110329,1.0
110331,0.799931
110332,0.896846
110334,1.0
110335,0.058442
110336,0.0
110337,0.0
110338,0.0
110339,0.922374
110340,0.973384
110341,0.188698
110342,0.0
110343,0.69905
110344,0.875424
110345,0.809955
110346,0.856086
110347,0.884451
110348,0.892812
110349,0.937542
110350,0.86354
110351,0.89817
110352,0.889306
110353,0.787719
110354,0.216503
110355,0.0
110356,0.241591
110357,0.240042
110358,0.544718
110359,0.429253
110360,0.429789
110361,0.0817
110362,0.204533
110363,0.002312
110364,0.028087
110365,0.72973
110366,0.088757
110367,0.097559
110368,0.045765
110369,0.644319
110370,0.731189
110371,0.812945
110372,0.087623
110373,0.062294
110374,0.0
110375,0.0
110376,0.024555
110377,0.191601
110378,0.773872
110379,0.541248
110380,0.627439
110381,0.612184
110382,0.902844
110383,0.998802
110384,0.979958
110385,0.144303
110386,0.80975
110387,0.909556
110388,0.970403
110389,0.793618
110390,0.080129
110391,0.002726
110392,0.133667
110393,0.008982
110396,0.004545
110397,0.002702
110398,0.0
110399,0.002251
110400,0.161154
110401,0.001116
110402,0.015429
110403,0.157314
110404,0.148422
110405,0.403922
110408,0.659112
110409,0.614943
110410,0.56446
110411,0.0
110412,0.0
110413,0.008475
110414,0.002381
110415,0.0
110416,0.0
110417,0.0
110418,0.0
110419,0.0
110420,0.0
110421,0.0
110422,0.0
110423,0.0
110424,0.0
110425,0.0
110426,0.0
110427,0.0
110428,0.0
110429,0.0
110430,0.0
110431,0.0
110432,0.0
110433,0.0
110434,0.0
110435,0.0
110436,0.0
110437,0.0
110438,0.0
110439,0.003089
110440,0.0
110441,0.0
110442,0.001256
110443,0.081955
110444,0.0
110445,0.0
110446,0.00216
110447,0.007275
110448,0.0
110449,0.0
110450,0.0
110451,0.0
110452,0.0
110453,0.0
110454,0.0
110455,0.0
110456,0.0
110457,0.0
110458,0.0
110459,0.0
110460,0.0
110461,0.0
110462,0.0
110463,0.0
110464,0.0
110467,0.0
110468,0.0
110469,0.0
110470,0.0
110471,0.0
110472,0.0
110473,0.0
110474,0.0
110475,0.0
110476,0.0
110477,0.0
110478,0.0
110479,0.0
110480,0.0
110481,0.0
110482,0.0
110483,0.0
110484,0.0
110485,0.0
110486,0.0
110487,0.0
110488,0.0
110489,0.0
110490,0.0
110491,0.0
110492,0.0
110493,0.0
110494,0.0
110495,0.0
110496,0.0
110497,0.0
110498,0.0
110499,0.0
110500,0.0
110501,0.0
110502,0.0
110503,0.0
110504,0.0
110505,0.0
110506,0.0
110507,0.0
110508,0.0
110509,0.0
110510,0.0
110511,0.0
110512,0.0
110513,0.0
110514,0.0
110515,0.0
110516,0.0
110517,0.0
110518,0.0
110519,0.0
110520,0.0
110523,0.0
110524,0.0
110525,0.0
110526,0.0
110527,0.0
110528,0.0
110529,0.0
110530,0.0
110531,0.0
110532,0.0
110534,0.0
110536,0.0
110537,0.0
110538,0.0
110539,0.0
110540,0.0
110541,0.0
110542,0.0
110543,0.0
110545,0.0
110546,0.0
110547,0.0
110548,0.0
110549,0.0
110552,0.0
110553,0.0
110554,0.0
110555,0.0
110556,0.0
110557,0.0
110558,0.0
110559,0.0
110564,0.0
110565,0.0
110566,0.0
110567,0.0
110568,0.0
110569,0.0
110570,0.0
110571,0.0
110572,0.0
110573,0.0
110574,0.0
110575,0.0
110576,0.0
110577,0.0
110578,0.151592
110579,0.27758
110580,0.48119
110581,0.0
110582,0.0
110583,0.0
110584,0.0
110585,0.039273
110586,0.538236
110587,0.610585
110588,0.036629
110589,0.0
110590,0.0
110591,0.0
110592,0.0
110593,0.0
110594,0.0
110595,0.0
110596,0.0
110597,0.011888
110598,0.325077
110599,0.0
110600,0.0
110601,0.0
110602,0.0
110603,0.0
110607,0.0
110608,0.0
110609,0.0
110610,0.0
110611,0.0
110612,0.0
110613,0.0
110614,0.0
110615,0.065306
110616,0.708333
110619,0.321429
110620,0.0
110623,0.0
110624,0.0
110625,0.0
110626,0.0
110627,0.0
110628,0.0
110629,0.0
110630,0.0
110631,0.0
110632,0.0
110963,0.02213
110964,0.993671
110966,0.0
110967,0.0
110968,0.0
110969,0.0
110970,0.0
110971,0.0
110973,0.0
110974,0.0
110975,0.0
110976,0.0
110977,0.002104
110978,0.170707
110979,0.098323
110980,0.141221
110981,0.13105
110982,0.454314
110983,0.947368
110987,1.0
110988,0.234127
111015,1.0
111016,1.0
111018,1.0
111019,0.875648
111020,0.0
111021,0.0
111022,0.0
111023,0.015526
111024,0.960669
111025,0.276987
111026,1.0
111027,0.05406
111028,0.837256
111029,0.886007
111030,0.883855
111031,0.856918
111032,0.905096
111033,0.874289
111034,0.912278
111035,0.870054
111036,0.896529
111037,0.789026
111038,0.673002
111039,0.582545
111040,0.145443
111041,0.02548
111042,0.255634
111043,0.630674
111044,0.595892
111045,0.476515
111046,0.040274
111047,0.0
111048,0.75
111049,0.841033
111050,0.023499
111051,0.100083
111052,0.512595
111053,0.59769
111054,0.847497
111055,0.699914
111056,0.006612
111057,0.0
111058,0.0
111059,0.0
111060,0.0
111061,0.320443
111062,0.663752
111063,0.540663
111064,0.894489
111065,0.855619
111066,0.482912
111067,0.008945
111068,0.0
111069,0.00465
111070,0.11101
111071,0.658035
111072,0.460245
111073,0.52761
111074,0.209664
111075,0.619765
111076,0.731343
111079,0.380531
111080,0.49208
111081,0.103638
111082,0.020542
111083,0.183175
111084,0.207002
111085,0.030448
111086,0.191267
111087,0.088847
111088,0.02439
111089,0.010395
111090,0.071233
111091,0.57362
111092,0.771763
111093,0.113468
111094,0.0
111095,0.0
111096,0.0
111097,0.0
111098,0.0
111099,0.0
111100,0.0
111101,0.0
111102,0.0
111103,0.0
111104,0.0
111105,0.0
111106,0.0
111107,0.0
111108,0.0
111109,0.0
111110,0.0
111111,0.0
111112,0.0
111113,0.0
111114,0.0
111115,0.0
111116,0.0
111117,0.001368
111118,0.0
111119,0.0
111120,0.0
111121,0.0
111122,0.0
111123,0.0
111124,0.0
111125,0.0
111126,0.0
111127,0.0
111128,0.0
111129,0.0
111130,0.0
111131,0.0
111132,0.0
111133,0.0
111134,0.0
111135,0.0
111136,0.0
111137,0.0
111138,0.0
111139,0.0
111140,0.0
111141,0.0
111142,0.0
111143,0.0
111144,0.0
111145,0.0
111146,0.0
111147,0.0
111148,0.0
111149,0.0
111150,0.0
111151,0.0
111152,0.0
111153,0.0
111154,0.0
111155,0.0
111156,0.0
111157,0.0
111158,0.0
111159,0.0
111160,0.0
111161,0.0
111162,0.0
111163,0.0
111164,0.0
111165,0.0
111166,0.0
111167,0.0
111168,0.0
111169,0.0
111170,0.0
111171,0.0
111172,0.0
111173,0.0
111174,0.0
111175,0.0
111176,0.0
111177,0.0
111178,0.0
111179,0.0
111180,0.0
111181,0.0
111182,0.0
111183,0.0
111184,0.0
111185,0.0
111186,0.0
111187,0.0
111188,0.0
111189,0.0
111190,0.0
111191,0.0
111192,0.0
111193,0.0
111194,0.0
111195,0.0
111196,0.0
111197,0.0
111198,0.0
111199,0.0
111200,0.0
111201,0.0
111202,0.0
111203,0.0
111204,0.0
111206,0.0
111207,0.0
111208,0.0
111209,0.0
111210,0.0
111211,0.0
111212,0.0
111213,0.0
111214,0.0
111215,0.0
111216,0.0
111218,0.0
111220,0.0
111221,0.0
111222,0.0
111223,0.0
111224,0.0
111225,0.0
111226,0.0
111227,0.0
111230,0.0
111231,0.0
111232,0.0
111236,0.0
111237,0.0
111238,0.0
111239,0.0
111240,0.0
111241,0.0
111242,0.0
111243,0.0
111249,0.0
111250,0.0
111251,0.0
111252,0.0
111253,0.0
111254,0.0
111255,0.0
111256,0.0
111257,0.0
111258,0.0
111259,0.0
111260,0.0
111261,0.0
111262,0.42329
111263,0.602089
111264,0.452646
111265,0.0
111266,0.0
111267,0.0
111268,0.0
111269,0.208681
111270,0.609727
111271,0.39553
111272,0.0
111273,0.0
111274,0.0
111275,0.0
111276,0.0
111277,0.0
111278,0.0
111279,0.0
111280,0.0
111281,0.0
111283,0.041667
111284,0.0
111285,0.0
111286,0.0
111287,0.0
111292,0.0
111293,0.002833
111294,0.0
111295,0.0
111296,0.0
111297,0.0
111298,0.0
111304,0.0
111307,0.0
111308,0.0
111309,0.0
111310,0.0
111311,0.0
111312,0.0
111313,0.0
111314,0.0
111315,0.0
111316,0.0
111647,0.0
111648,0.012346
111649,0.0
111650,0.0
111651,0.0
111652,0.0
111653,0.0
111654,0.0
111655,0.0
111656,0.0
111657,0.0
111658,0.0
111659,0.0
111660,0.0
111661,0.0
111662,0.000519
111663,0.068434
111664,0.281481
111665,0.735211
111666,0.708889
111667,1.0
111701,1.0
111702,1.0
111703,0.936386
111704,0.0
111705,0.072428
111706,0.0
111707,0.936141
111708,0.975198
111709,0.053457
111711,0.959959
111712,0.879841
111713,0.910405
111714,0.922959
111715,0.861856
111716,0.880734
111717,0.870321
111718,0.90604
111719,0.682213
111720,0.858836
111721,0.902791
111722,0.868142
111723,0.874897
111724,0.253494
111725,0.12381
111726,0.459338
111727,0.70277
111728,0.552264
111729,0.598162
111730,0.288525
111731,0.181818
111732,0.957282
111733,0.805014
111734,0.22214
111735,0.251196
111736,0.548736
111737,0.81225
111738,0.872917
111739,0.920408
111740,0.522139
111741,0.0
111742,0.0
111743,0.0
111744,0.0
111745,0.114027
111746,0.086131
111747,0.66198
111748,0.72973
111749,0.704617
111750,0.015544
111751,0.030631
111752,0.006295
111753,0.002345
111754,0.037929
111755,0.005839
111756,0.000843
111757,0.263211
111758,0.319322
111759,0.330827
111760,0.796791
111763,0.011561
111764,0.755177
111765,0.778505
111766,0.021614
111767,0.033827
111768,0.003067
111769,0.166667
111770,0.232146
111771,0.203883
111772,1.0
111775,0.304348
111776,0.094849
111777,0.0
111778,0.012346
111780,0.0
111781,0.0
111782,0.0
111783,0.0
111784,0.0
111785,0.0
111786,0.0
111787,0.0
111788,0.0
111789,0.0
111790,0.0
111791,0.0
111792,0.0
111793,0.0
111794,0.0
111795,0.0
111796,0.0
111797,0.0
111798,0.0
111799,0.0
111800,0.0
111801,0.0
111802,0.0
111803,0.0
111804,0.0
111805,0.0
111806,0.0
111807,0.0
111808,0.005901
111809,0.0
111810,0.0
111811,0.0
111812,0.0
111813,0.0
111814,0.0
111815,0.0
111816,0.0
111817,0.0
111818,0.0
111819,0.0
111820,0.0
111821,0.0
111822,0.0
111823,0.0
111824,0.0
111825,0.0
111826,0.0
111827,0.0
111828,0.0
111829,0.0
111830,0.0
111831,0.0
111832,0.0
111833,0.0
111834,0.0
111835,0.0
111836,0.0
111837,0.0
111838,0.0
111839,0.0
111840,0.0
111841,0.0
111842,0.0
111843,0.0
111844,0.0
111845,0.0
111846,0.0
111847,0.0
111848,0.0
111849,0.0
111850,0.0
111851,0.0
111852,0.0
111853,0.0
111854,0.0
111855,0.0
111856,0.0
111857,0.0
111858,0.0
111859,0.0
111860,0.0
111861,0.0
111862,0.0
111863,0.0
111864,0.0
111865,0.0
111866,0.0
111867,0.0
111868,0.0
111869,0.0
111870,0.0
111871,0.0
111872,0.0
111873,0.0
111874,0.0
111875,0.0
111876,0.0
111877,0.0
111878,0.0
111883,0.0
111884,0.0
111885,0.0
111886,0.0
111887,0.0
111888,0.0
111889,0.0
111890,0.0
111891,0.0
111892,0.0
111893,0.0
111894,0.0
111895,0.0
111896,0.0
111897,0.0
111898,0.0
111904,0.0
111905,0.0
111906,0.0
111907,0.0
111908,0.0
111909,0.0
111910,0.0
111911,0.0
111912,0.0
111913,0.0
111914,0.0
111915,0.0
111916,0.0
111917,0.0
111922,0.0
111923,0.0
111924,0.0
111925,0.0
111926,0.0
111927,0.0
111928,0.0
111931,0.0
111933,0.0
111934,0.0
111935,0.0
111936,0.0
111937,0.0
111938,0.0
111939,0.0
111940,0.0
111941,0.0
111942,0.0
111943,0.0
111944,0.0
111945,0.0
111946,0.50104
111947,0.885015
111948,0.420655
111949,0.0
111950,0.0
111951,0.0
111952,0.0
111953,0.053279
111954,0.038061
111955,0.0
111956,0.0
111957,0.0
111958,0.0
111959,0.0
111960,0.0
111961,0.0
111962,0.0
111963,0.0
111964,0.0
111967,0.0
111969,0.0
111970,0.0
111971,0.0
111975,0.0
111976,0.469424
111977,0.958333
111978,0.0
111979,0.0
111980,0.0
111981,0.0
111982,0.420918
111983,0.243243
111987,0.0
111988,0.0
111989,0.0
111992,0.0
111993,0.0
111994,0.0
111995,0.0
111996,0.0
111997,0.0
111998,0.0
111999,0.0
112000,0.0
112001,0.0
112330,0.0
112331,0.0
112332,0.0
112333,0.0
112335,0.0
112336,0.0
112337,0.0
112338,0.000784
112339,0.0
112340,0.0
112341,0.0
112342,0.0
112343,0.0
112344,0.0
112345,0.0
112346,0.006207
112347,0.466285
112348,0.414443
112349,0.847953
112350,0.92678
112351,0.899015
112385,1.0
112386,1.0
112387,0.925199
112388,0.0
112389,0.225722
112390,0.298974
112391,0.428702
112392,0.995225
112393,0.0
112395,0.918699
112396,0.896392
112397,0.90508
112398,0.884548
112399,0.915908
112400,0.8078
112401,0.906173
112402,0.913905
112403,0.881914
112404,0.581691
112405,0.852358
112406,0.900806
112407,0.839869
112408,0.093457
112409,0.176946
112410,0.0
112411,0.737453
112412,0.287439
112413,0.443111
112414,0.828571
112415,1.0
112416,0.698328
112417,0.783219
112418,0.51191
112419,0.611562
112420,0.740189
112421,0.505172
112422,0.850687
112423,0.886265
112424,0.728979
112425,0.0
112426,0.0
112427,0.0
112428,0.0
112429,0.0
112430,0.036815
112431,0.512508
112432,0.781389
112433,0.756394
112434,0.0
112435,0.041322
112436,0.054012
112437,0.009918
112438,0.005557
112439,0.0
112440,0.006268
112441,0.680656
112442,0.479657
112443,0.237327
112444,0.332075
112445,0.008186
112447,0.767857
112448,0.944527
112449,0.935897
112450,0.015046
112451,0.116709
112452,0.434783
112455,0.471322
112458,0.0
112459,0.270408
112460,0.010841
112461,0.000914
112462,0.0
112464,0.0
112465,0.0
112466,0.0
112467,0.0
112468,0.0
112469,0.0
112470,0.0
112471,0.0
112472,0.0
112473,0.0
112474,0.0
112475,0.0
112476,0.0
112477,0.0
112478,0.0
112479,0.0
112480,0.0
112481,0.0
112482,0.0
112483,0.0
112484,0.0
112485,0.0
112486,0.0
112487,0.0
112488,0.0
112489,0.0
112490,0.0
112491,0.0
112492,0.0
112493,0.0
112494,0.0
112495,0.0
112496,0.0
112497,0.0
112498,0.0
112499,0.0
112500,0.0
112501,0.0
112502,0.0
112503,0.0
112504,0.0
112505,0.0
112506,0.0
112507,0.0
112508,0.0
112509,0.0
112510,0.0
112511,0.0
112512,0.0
112513,0.0
112514,0.0
112515,0.0
112516,0.0
112517,0.0
112518,0.0
112519,0.0
112520,0.0
112521,0.0
112522,0.0
112523,0.0
112524,0.0
112525,0.0
112526,0.0
112527,0.0
112528,0.0
112529,0.0
112530,0.0
112531,0.0
112532,0.0
112533,0.0
112534,0.0
112535,0.0
112536,0.0
112537,0.0
112538,0.0
112539,0.0
112540,0.0
112541,0.0
112542,0.0
112543,0.0
112544,0.0
112545,0.0
112546,0.0
112547,0.0
112548,0.0
112549,0.0
112550,0.0
112551,0.0
112552,0.0
112553,0.0
112554,0.0
112555,0.0
112556,0.0
112557,0.0
112558,0.0
112559,0.0
112560,0.0
112561,0.0
112562,0.0
112567,0.0
112568,0.0
112569,0.0
112570,0.0
112571,0.0
112572,0.0
112573,0.0
112574,0.0
112575,0.0
112576,0.0
112577,0.0
112578,0.0
112579,0.0
112580,0.0
112581,0.0
112582,0.0
112585,0.0
112586,0.0
112587,0.0
112588,0.0
112589,0.0
112590,0.0
112591,0.0
112592,0.0
112594,0.0
112595,0.0
112596,0.0
112597,0.0
112598,0.0
112599,0.0
112603,0.0
112604,0.0
112605,0.0
112606,0.0
112608,0.0
112609,0.0
112610,0.0
112611,0.0
112612,0.0
112613,0.0
112614,0.0
112615,0.0
112616,0.0
112617,0.0
112618,0.0
112619,0.0
112620,0.0
112621,0.0
112622,0.0
112623,0.0
112624,0.0
112625,0.0
112626,0.0
112627,0.0
112628,0.0
112629,0.0
112630,0.250928
112631,0.260742
112632,0.040639
112633,0.029036
112634,0.0
112635,0.0
112636,0.0
112637,0.0
112638,0.0
112639,0.0
112640,0.0
112641,0.0
112642,0.0
112643,0.0
112644,0.0
112645,0.0
112646,0.0
112647,0.0
112648,0.0
112649,0.0
112655,0.0
112656,0.0
112659,0.0
112660,0.403846
112661,1.0
112662,0.003715
112663,0.0
112664,0.0
112665,0.0
112666,0.164179
112667,0.0
112668,0.0
112669,0.0
112670,0.078947
112671,0.0
112672,0.0
112673,0.0
112676,0.0
112677,0.0
112678,0.0
112679,0.0
112680,0.0
112681,0.0
112682,0.0
112683,0.0
112684,0.0
113014,0.0
113015,0.0
113016,0.0
113017,0.0
113019,0.0
113020,0.0
113021,0.0
113022,0.020516
113023,0.0
113024,0.0
113025,0.0
113026,0.0
113027,0.0
113028,0.0
113029,0.0
113030,0.0
113031,0.181236
113032,0.494969
113033,0.851996
113034,0.961755
113035,0.526316
113070,1.0
113071,0.0
113073,0.687783
113074,0.532934
113075,0.508651
113076,0.982262
113077,1.0
113078,1.0
113079,0.699845
113080,0.871298
113081,0.901332
113082,0.869264
113083,0.891771
113084,0.876754
113085,0.884672
113086,0.873051
113087,0.792441
113088,0.610159
113089,0.873202
113090,0.894857
113091,0.369618
113092,0.417671
113093,0.327237
113094,0.288928
113095,0.746267
113096,0.755869
113097,0.679329
113098,1.0
113100,1.0
113101,0.659096
113102,0.629498
113103,0.740542
113104,0.032139
113105,0.005042
113106,0.534114
113107,0.879569
113108,0.906977
113109,0.053191
113110,0.0
113111,0.0
113112,0.004606
113113,0.0
113114,0.887413
113115,0.861124
113116,0.747115
113117,0.787376
113118,0.0
113119,0.0
113120,0.060729
113121,0.198466
113122,0.087747
113123,0.04997
113124,0.435897
113125,0.03003
113126,0.485825
113127,0.070529
113128,0.294206
113129,0.150639
113130,0.046512
113131,0.017182
113132,0.133669
113133,0.031746
113134,0.348921
113135,0.068273
113136,0.715789
113137,1.0
113143,0.081522
113144,0.001531
113145,0.0
113146,0.0
113149,0.0
113150,0.0
113151,0.0
113152,0.0
113153,0.0
113154,0.0
113155,0.0
113156,0.0
113157,0.0
113158,0.0
113159,0.0
113160,0.0
113161,0.0
113162,0.004961
113163,0.0
113164,0.0
113165,0.0
113166,0.0
113167,0.0
113168,0.0
113169,0.0
113170,0.0
113171,0.0
113172,0.0
113173,0.0
113174,0.0
113175,0.0
113176,0.0
113177,0.0
113178,0.0
113179,0.0
113180,0.0
113181,0.0
113182,0.0
113183,0.0
113184,0.0
113185,0.0
113186,0.0
113187,0.0
113188,0.0
113189,0.0
113190,0.0
113191,0.0
113192,0.0
113193,0.0
113194,0.0
113195,0.0
113196,0.0
113197,0.0
113198,0.0
113199,0.0
113200,0.0
113201,0.0
113202,0.0
113203,0.0
113204,0.0
113205,0.0
113206,0.0
113207,0.0
113208,0.0
113209,0.0
113210,0.0
113211,0.0
113212,0.0
113213,0.0
113214,0.0
113215,0.0
113216,0.0
113217,0.0
113218,0.0
113219,0.0
113220,0.0
113221,0.0
113222,0.0
113223,0.0
113224,0.0
113225,0.0
113226,0.0
113227,0.0
113228,0.0
113229,0.0
113230,0.0
113231,0.0
113232,0.0
113233,0.0
113234,0.0
113235,0.0
113236,0.0
113237,0.0
113238,0.0
113239,0.0
113240,0.0
113241,0.0
113242,0.0
113243,0.0
113244,0.0
113251,0.0
113252,0.0
113253,0.0
113254,0.0
113255,0.0
113256,0.0
113257,0.0
113258,0.0
113259,0.0
113260,0.0
113261,0.0
113262,0.0
113263,0.0
113264,0.0
113267,0.0
113268,0.0
113269,0.0
113270,0.0
113271,0.0
113272,0.0
113273,0.0
113274,0.0
113275,0.0
113276,0.0
113277,0.0
113278,0.0
113279,0.0
113280,0.0
113281,0.0
113282,0.0
113283,0.0
113284,0.0
113285,0.0
113287,0.0
113288,0.0
113289,0.0
113290,0.0
113292,0.0
113293,0.0
113294,0.0
113295,0.0
113296,0.0
113297,0.0
113298,0.0
113299,0.0
113300,0.0
113301,0.0
113302,0.0
113303,0.0
113304,0.0
113305,0.0
113306,0.0
113307,0.0
113308,0.0
113309,0.0
113310,0.034649
113311,0.0
113312,0.002779
113313,0.0
113314,0.0
113315,0.0
113316,0.0
113317,0.0
113318,0.0
113319,0.0
113320,0.0
113321,0.0
113322,0.0
113323,0.0
113324,0.0
113325,0.0
113326,0.0
113327,0.0
113328,0.0
113329,0.0
113330,0.0
113331,0.0
113332,0.0
113333,0.0
113339,0.00793
113340,0.108411
113341,0.151943
113342,0.0
113343,0.306745
113344,0.160886
113345,0.066667
113346,0.005551
113347,0.0
113348,0.0
113349,0.0
113350,0.0
113351,0.965061
113352,0.6875
113355,1.0
113357,0.0
113360,0.0
113361,0.0
113362,0.0
113363,0.0
113364,0.0
113365,0.0
113366,0.0
113367,0.0
113699,0.0
113700,0.0
113701,0.0
113702,0.0
113703,0.0
113704,0.0
113705,0.014864
113706,0.0
113707,0.015249
113708,0.0
113709,0.0
113710,0.0
113711,0.0
113712,0.0
113713,0.0
113714,0.0
113715,0.01977
113716,0.030925
113717,0.456911
113718,0.512626
113719,0.0
113758,1.0
113759,1.0
113760,1.0
113761,1.0
113762,1.0
113763,0.945571
113764,0.851557
113765,0.929271
113766,0.914398
113767,0.930077
113768,0.892522
113769,0.851865
113770,0.917134
113771,0.740371
113772,0.856259
113773,0.839565
113774,0.255312
113775,0.093377
113776,0.25524
113778,0.747806
113779,0.420289
113780,0.69556
113781,0.64408
113782,0.385019
113783,0.695556
113784,0.465127
113785,0.458652
113786,0.643826
113787,0.017143
113788,0.010949
113789,0.0
113790,0.555367
113791,0.877509
113792,0.78814
113793,0.425612
113794,0.00346
113795,0.0
113796,0.000958
113797,0.0
113798,0.477407
113799,0.803642
113800,0.878379
113801,0.843483
113802,0.036007
113803,0.080338
113804,0.003876
113805,0.800384
113806,0.878108
113807,0.099117
113808,0.428774
113809,0.828767
113810,0.399538
113811,0.436104
113812,0.479798
113813,0.184031
113814,0.052335
113815,0.050542
113816,0.22807
113817,0.035971
113818,0.75
113821,0.921569
113827,0.184825
113828,0.197425
113829,0.0
113830,0.0
113833,0.0
113834,0.0
113835,0.0
113836,0.0
113837,0.0
113838,0.0
113839,0.0
113840,0.0
113841,0.0
113842,0.0
113843,0.0
113844,0.0
113845,0.0
113846,0.035957
113847,0.0
113848,0.0
113849,0.0
113850,0.0
113851,0.0
113852,0.0
113853,0.0
113854,0.0
113855,0.0
113856,0.0
113857,0.0
113858,0.0
113859,0.0
113860,0.0
113861,0.0
113862,0.0
113863,0.0
113864,0.0
113865,0.0
113866,0.0
113867,0.0
113868,0.0
113869,0.0
113870,0.0
113871,0.0
113872,0.0
113873,0.0
113874,0.0
113875,0.0
113876,0.0
113877,0.0
113878,0.0
113879,0.0
113880,0.0
113881,0.0
113882,0.0
113883,0.0
113884,0.0
113885,0.0
113886,0.0
113887,0.0
113888,0.0
113889,0.0
113890,0.0
113891,0.0
113894,0.0
113895,0.0
113896,0.0
113897,0.0
113898,0.0
113899,0.0
113900,0.0
113901,0.0
113902,0.0
113903,0.0
113904,0.0
113905,0.0
113906,0.0
113907,0.0
113908,0.0
113909,0.0
113910,0.0
113911,0.0
113912,0.0
113913,0.0
113914,0.0
113915,0.0
113916,0.0
113917,0.0
113918,0.0
113919,0.0
113920,0.0
113921,0.0
113922,0.0
113923,0.0
113924,0.0
113925,0.0
113926,0.0
113927,0.0
113933,0.0
113935,0.0
113936,0.0
113937,0.0
113938,0.0
113939,0.0
113940,0.0
113941,0.0
113942,0.0
113943,0.0
113944,0.0
113945,0.0
113946,0.0
113947,0.0
113948,0.0
113950,0.0
113951,0.0
113952,0.0
113953,0.0
113954,0.0
113955,0.0
113956,0.0
113957,0.0
113958,0.0
113959,0.0
113960,0.0
113961,0.0
113962,0.0
113963,0.0
113964,0.0
113965,0.0
113966,0.0
113967,0.0
113968,0.0
113969,0.0
113970,0.0
113971,0.0
113972,0.0
113973,0.0
113974,0.0
113975,0.0
113976,0.0
113977,0.0
113978,0.0
113979,0.0
113980,0.0
113981,0.0
113982,0.0
113983,0.0
113984,0.0
113985,0.0
113986,0.0
113987,0.0
113988,0.0
113989,0.0
113990,0.0
113991,0.0
113992,0.0
113993,0.0
113994,0.0
113995,0.0
113996,0.0
113997,0.0
113998,0.0
113999,0.0
114000,0.0
114001,0.0
114002,0.0
114003,0.0
114004,0.0
114005,0.0
114006,0.0
114007,0.0
114008,0.0
114009,0.0
114010,0.0
114011,0.0
114012,0.0
114013,0.0
114014,0.0
114015,0.0
114016,0.0
114023,1.0
114024,0.879357
114025,0.174595
114026,0.0
114027,0.11039
114028,0.026846
114029,0.034826
114030,0.0
114031,0.0
114032,0.0
114033,0.0
114034,0.0
114035,0.991188
114036,0.997379
114037,1.0
114038,1.0
114040,0.0
114041,0.0
114042,0.0
114048,0.0
114049,0.0
114050,0.0
114383,0.0
114384,0.0
114385,0.0
114386,0.0
114387,0.0
114388,0.0
114389,0.0
114390,0.0
114391,0.0
114392,0.0
114393,0.0
114394,0.0
114395,0.0
114396,0.0
114397,0.0
114398,0.0
114399,0.002751
114400,0.0
114401,0.017771
114402,0.027572
114403,0.014778
114404,0.0
114441,1.0
114442,0.99432
114443,0.901072
114444,0.988794
114445,0.995602
114446,1.0
114447,0.913227
114448,0.89131
114449,0.860516
114450,0.931003
114451,0.904368
114452,0.894367
114453,0.918412
114454,0.805519
114455,0.337876
114456,0.711862
114457,0.817247
114458,0.421347
114459,0.173647
114460,0.210762
114461,0.653386
114462,0.496107
114463,0.708035
114464,0.11687
114465,0.453178
114466,0.323222
114467,0.904405
114468,0.29258
114469,0.227518
114470,0.00786
114471,0.017699
114472,0.009191
114473,0.035647
114474,0.1888
114475,0.854674
114476,0.6122
114477,0.054311
114478,0.002212
114479,0.00313
114480,0.328125
114481,0.915788
114482,0.795649
114483,0.724159
114484,0.748557
114485,0.0
114486,0.0
114487,0.0
114488,0.311111
114489,0.065217
114490,0.842257
114491,0.081796
114492,0.035629
114493,0.013682
114494,0.002862
114495,0.6273
114496,0.201866
114497,0.300752
114498,0.207422
114499,0.002346
114500,0.001765
114501,0.0875
114502,0.502717
114503,0.982759
114510,0.529412
114511,0.142127
114512,0.001978
114513,0.006591
114514,0.025552
114515,0.0
114516,0.0
114517,0.0
114518,0.0
114519,0.0
114520,0.0
114521,0.0
114522,0.0
114523,0.0
114524,0.0
114525,0.0
114526,0.0
114527,0.0
114528,0.0
114529,0.0
114530,0.0
114531,0.0
114532,0.0
114533,0.0
114534,0.0
114535,0.0
114536,0.0
114537,0.0
114538,0.0
114539,0.0
114540,0.0
114541,0.0
114542,0.0
114543,0.0
114544,0.0
114545,0.0
114546,0.0
114547,0.0
114548,0.0
114549,0.0
114550,0.0
114551,0.0
114552,0.018914
114553,0.0
114554,0.0
114555,0.0
114556,0.0
114557,0.0
114558,0.0
114559,0.0
114560,0.0
114561,0.0
114562,0.0
114563,0.0
114564,0.0
114565,0.0
114566,0.0
114567,0.0
114568,0.0
114569,0.0
114570,0.0
114571,0.0
114572,0.0
114573,0.0
114574,0.0
114575,0.0
114578,0.0
114579,0.0
114580,0.0
114581,0.0
114582,0.0
114583,0.0
114584,0.0
114585,0.0
114586,0.0
114587,0.0
114588,0.0
114589,0.0
114590,0.0
114591,0.0
114592,0.0
114593,0.0
114594,0.0
114595,0.0
114596,0.0
114597,0.0
114598,0.0
114599,0.0
114600,0.0
114601,0.0
114602,0.0
114603,0.0
114604,0.0
114605,0.0
114606,0.0
114607,0.0
114608,0.0
114609,0.0
114610,0.0
114611,0.0
114621,0.0
114622,0.0
114623,0.0
114624,0.0
114625,0.0
114626,0.0
114627,0.0
114628,0.0
114629,0.0
114630,0.0
114631,0.0
114632,0.0
114633,0.0
114634,0.0
114635,0.0
114636,0.0
114637,0.0
114638,0.0
114639,0.0
114640,0.0
114641,0.0
114642,0.0
114643,0.0
114644,0.0
114645,0.0
114646,0.0
114647,0.0
114648,0.0
114649,0.0
114650,0.0
114651,0.0
114652,0.0
114653,0.0
114654,0.0
114655,0.0
114656,0.0
114657,0.0
114658,0.0
114659,0.0
114660,0.0
114661,0.0
114662,0.0
114663,0.0
114664,0.0
114665,0.0
114668,0.0
114669,0.0
114670,0.0
114671,0.0
114672,0.0
114673,0.0
114674,0.0
114675,0.0
114676,0.0
114677,0.0
114678,0.0
114679,0.0
114680,0.0
114681,0.0
114682,0.0
114683,0.0
114684,0.0
114685,0.0
114686,0.0
114687,0.0
114688,0.0
114689,0.0
114690,0.0
114691,0.0
114692,0.0
114693,0.0
114694,0.0
114695,0.0
114696,0.0
114697,0.0
114698,0.0
114699,0.0
114700,0.0
114708,1.0
114709,1.0
114710,0.028571
114711,0.422965
114712,0.011513
114713,0.03937
114714,0.0
114715,0.0
114716,0.0
114717,0.0
114718,0.0
114719,0.0
114720,0.0
114721,0.0
114722,0.0375
114723,0.0
114724,0.0
114725,0.0
114726,0.0
114727,0.0
114728,0.0
115068,0.0
115071,0.0
115072,0.0
115073,0.0
115074,0.0
115075,0.0
115076,0.0
115077,0.0
115078,0.0
115081,0.0
115082,0.0
115083,0.0
115084,0.002034
115085,0.0
115086,0.029646
115087,0.159652
115088,0.0
115125,1.0
115126,0.86714
115127,0.302743
115128,0.0
115129,0.0
115130,0.867239
115131,0.828404
115132,0.900738
115133,0.872256
115134,0.943847
115135,0.72612
115136,0.697355
115137,0.863237
115138,0.72233
115139,0.342103
115140,0.769764
115141,0.877218
115142,0.470484
115143,0.351375
115144,0.242653
115145,0.72772
115146,0.710271
115147,0.230597
115148,0.005774
115149,0.0
115150,0.374705
115151,0.587856
115152,0.043432
115153,0.013477
115154,0.00526
115155,0.021834
115156,0.020501
115157,0.015131
115158,0.202864
115159,0.863202
115160,0.701031
115161,0.229456
115162,0.000883
115163,0.000992
115164,0.537222
115165,0.773351
115166,0.610015
115167,0.001082
115168,0.186443
115169,0.0
115170,0.0
115171,0.029915
115172,0.0
115173,0.024762
115174,0.017544
115175,0.016418
115176,0.092863
115177,0.022857
115178,0.0
115179,1.0
115180,0.916266
115181,0.477477
115182,0.99
115183,0.0
115184,0.000679
115185,0.0
115187,1.0
115195,0.555024
115196,0.765366
115197,0.814152
115198,0.196027
115199,0.0
115200,0.0
115201,0.0
115202,0.0
115203,0.0
115204,0.0
115205,0.0
115206,0.0
115207,0.0
115208,0.0
115209,0.0
115210,0.0
115211,0.0
115212,0.002682
115213,0.0
115214,0.0
115215,0.0
115216,0.0
115217,0.0
115218,0.009325
115219,0.0
115220,0.0
115221,0.0
115222,0.0
115223,0.0
115224,0.0
115225,0.0
115226,0.0
115227,0.0
115228,0.0
115229,0.0
115230,0.0
115231,0.0
115232,0.0
115233,0.0
115234,0.0
115235,0.0
115236,0.0
115237,0.0
115238,0.0
115239,0.0
115240,0.0
115241,0.0
115242,0.0
115243,0.0
115244,0.0
115245,0.0
115246,0.0
115247,0.0
115248,0.0
115249,0.0
115250,0.0
115251,0.0
115252,0.0
115253,0.0
115254,0.0
115255,0.0
115256,0.0
115257,0.0
115258,0.0
115259,0.0
115261,0.0
115262,0.0
115264,0.0
115265,0.0
115266,0.0
115267,0.0
115268,0.0
115269,0.0
115270,0.0
115271,0.0
115272,0.0
115273,0.0
115276,0.0
115277,0.0
115279,0.0
115280,0.0
115281,0.0
115282,0.0
115283,0.0
115284,0.0
115285,0.0
115286,0.0
115287,0.0
115288,0.0
115289,0.0
115290,0.0
115291,0.195669
115292,0.0
115293,0.0
115294,0.0
115295,0.0
115296,0.0
115299,0.0
115300,0.0
115301,0.0
115303,0.0
115306,0.0
115307,0.0
115308,0.0
115309,0.0
115310,0.0
115311,0.0
115312,0.0
115313,0.0
115314,0.0
115315,0.0
115316,0.0
115317,0.0
115318,0.0
115319,0.0
115320,0.0
115321,0.0
115322,0.0
115323,0.0
115324,0.0
115325,0.0
115326,0.0
115327,0.0
115328,0.0
115329,0.0
115330,0.0
115331,0.0
115332,0.0
115333,0.0
115334,0.0
115335,0.0
115336,0.0
115337,0.0
115338,0.0
115339,0.983597
115340,0.0
115341,0.0
115342,0.0
115343,0.0
115344,0.0
115345,0.0
115346,0.0
115347,0.0
115348,0.0
115349,0.0
115352,0.0
115353,0.0
115354,0.0
115355,0.0
115356,0.0
115357,0.0
115358,0.0
115359,0.0
115360,0.0
115361,0.0
115362,0.0
115363,0.0
115364,0.0
115365,0.0
115366,0.0
115367,0.0
115368,0.0
115369,0.0
115370,0.0
115371,0.0
115372,0.0
115373,0.0
115374,0.0
115375,0.0
115376,0.0
115377,0.0
115378,0.0
115379,0.0
115380,0.0
115381,0.0
115382,0.0
115387,0.0
115392,1.0
115394,1.0
115395,0.335872
115396,0.0237
115397,0.006798
115398,0.0
115399,0.0
115400,0.0
115401,0.0
115402,0.036453
115403,0.025316
115404,0.0
115405,0.0
115406,0.0
115407,0.0
115408,0.0
115410,0.0
115411,0.0
115412,0.0
115413,0.0
115418,0.0
115419,0.0
115754,0.0
115755,0.0
115756,0.0
115757,0.0
115758,0.0
115759,0.0
115760,0.0
115761,0.0
115762,0.0
115763,0.0
115764,0.0
115765,0.0
115766,0.0
115767,0.0
115768,0.0
115769,0.0
115770,0.001057
115771,0.00939
115812,0.673652
115813,0.906737
115814,0.763401
115815,0.847703
115816,0.780125
115817,0.77266
115818,0.907094
115819,0.630045
115820,0.859589
115821,0.870723
115822,0.80303
115823,0.686603
115824,0.678251
115825,0.826843
115826,0.239024
115827,0.930396
115828,0.755157
115829,0.64898
115830,1.0
115831,0.25308
115832,0.155844
115833,0.44
115834,0.886223
115835,0.767011
115836,0.009809
115837,0.004779
115838,0.004902
115839,0.016194
115840,0.004164
115841,0.00237
115842,0.344068
115843,0.317467
115844,0.046339
115845,0.002644
115846,0.09955
115847,0.0
115848,0.000989
115849,0.0
115850,0.0
115851,0.0
115852,0.058756
115853,0.0
115854,0.0
115855,0.177192
115856,0.0
115857,0.135313
115858,0.132114
115859,0.015152
115860,0.436464
115861,0.112903
115863,0.829545
115864,0.550141
115865,0.081756
115866,1.0
115878,0.652083
115880,0.790123
115881,0.869399
115882,0.444681
115883,0.0
115884,0.0
115885,0.0
115886,0.0
115887,0.0
115888,0.0
115889,0.0
115890,0.0
115891,0.0
115892,0.0
115893,0.0
115894,0.0
115895,0.0
115896,0.0
115897,0.0
115898,0.0
115899,0.0
115900,0.0
115901,0.0
115902,0.0
115903,0.0
115904,0.0
115905,0.0
115906,0.0
115907,0.0
115908,0.0
115909,0.0
115910,0.0
115911,0.0
115912,0.0
115913,0.0
115914,0.0
115915,0.0
115916,0.0
115917,0.0
115918,0.0
115919,0.0
115920,0.0
115921,0.0
115922,0.0
115923,0.0
115924,0.0
115925,0.0
115926,0.0
115927,0.0
115928,0.0
115929,0.0
115930,0.0
115931,0.0
115932,0.0
115933,0.0
115934,0.0
115935,0.0
115936,0.0
115937,0.0
115938,0.0
115939,0.0
115940,0.0
115941,0.0
115942,0.0
115943,0.0
115946,0.0
115947,0.0
115948,0.0
115949,0.0
115950,0.0
115951,0.0
115952,0.0
115953,0.0
115954,0.0
115955,0.0
115956,0.0
115963,0.0
115964,0.0
115965,0.0
115966,0.0
115967,0.0
115968,0.0
115969,0.0
115970,0.0
115971,0.0
115972,0.0
115973,0.0
115974,0.0
115975,0.0
115976,0.0
115977,0.0
115978,0.0
115979,0.0
115980,0.0
115981,0.0
115982,0.0
115983,0.0
115984,0.0
115985,0.0
115986,0.0
115990,0.0
115991,0.0
115992,0.0
115993,0.0
115994,0.0
115995,0.0
115996,0.0
115997,0.0
115998,0.0
115999,0.0
116000,0.0
116001,0.0
116002,0.0
116003,0.0
116004,0.0
116005,0.0
116006,0.0
116007,0.0
116008,0.0
116009,0.0
116010,0.0
116011,0.0
116012,0.0
116013,0.0
116014,0.0
116015,0.0
116021,0.0
116022,0.0
116023,0.778479
116024,0.0
116025,0.0
116026,0.0
116027,0.0
116028,0.0
116029,0.0
116030,0.0
116031,0.0
116032,0.0
116033,0.0
116035,0.0
116036,0.0
116037,0.0
116038,0.0
116039,0.0
116040,0.0
116041,0.0
116042,0.0
116043,0.0
116044,0.0
116045,0.0
116046,0.0
116047,0.0
116048,0.001652
116049,0.37766
116050,0.207823
116051,0.0
116052,0.0
116053,0.0
116054,0.0
116055,0.0
116056,0.0
116057,0.0
116058,0.0
116059,0.0
116060,0.0
116061,0.0
116062,0.0
116063,0.0
116064,0.0
116065,0.0
116066,0.0
116071,0.011173
116079,1.0
116080,0.052764
116081,0.0
116082,0.0
116083,0.0
116084,0.0
116085,0.0
116086,0.095708
116087,0.221053
116088,0.0
116089,0.693775
116090,0.587836
116091,0.0
116092,0.0
116093,0.0
116094,0.0
116095,0.0
116096,0.0
116097,0.0
116100,0.0
116102,0.0
116103,0.0
116439,0.0
116440,0.001632
116441,0.0
116442,0.0
116443,0.009243
116444,0.0
116445,0.0
116446,0.0
116447,0.0
116448,0.0
116449,0.0
116450,0.0
116451,0.0
116452,0.0
116453,0.000669
116454,0.0
116455,0.005587
116497,1.0
116498,0.3367
116499,0.810511
116500,0.784506
116501,0.756545
116502,0.630255
116503,0.602093
116504,0.896342
116505,0.841728
116506,0.25747
116507,0.848273
116508,0.684122
116509,0.793639
116510,0.84739
116512,0.731348
116513,0.759515
116514,0.709279
116515,0.34264
116516,0.296804
116517,0.858607
116518,0.742647
116519,0.705615
116520,0.013853
116521,0.014342
116522,0.0
116523,0.0
116524,0.008674
116525,0.013975
116526,0.020202
116527,0.01249
116528,0.027487
116529,0.000606
116530,0.001759
116531,0.0
116532,0.0
116533,0.003722
116534,0.004494
116535,0.0
116536,0.290323
116537,0.02017
116538,0.09849
116539,0.010208
116540,0.008909
116541,0.00542
116542,0.548034
116543,0.952
116544,0.192093
116545,0.066785
116546,0.199052
116547,0.321159
116548,0.031798
116549,0.103532
116560,0.0
116561,0.512821
116562,0.015625
116563,0.917255
116564,0.809122
116565,0.894981
116566,0.238095
116567,0.0
116568,0.0
116569,0.0
116570,0.0
116571,0.0
116572,0.0
116573,0.0
116574,0.0
116575,0.0
116576,0.0
116577,0.0
116578,0.0
116579,0.0
116580,0.0
116581,0.0
116582,0.0
116583,0.0
116584,0.0
116585,0.0
116586,0.0
116587,0.0
116588,0.0
116589,0.0
116590,0.0
116591,0.0
116592,0.0
116593,0.0
116594,0.0
116595,0.0
116596,0.0
116597,0.0
116598,0.0
116599,0.0
116600,0.0
116601,0.0
116602,0.0
116603,0.0
116604,0.0
116605,0.0
116606,0.0
116607,0.0
116608,0.0
116609,0.0
116610,0.0
116611,0.0
116612,0.0
116613,0.0
116614,0.0
116615,0.106931
116616,0.090522
116617,0.0
116618,0.0
116619,0.0
116620,0.0
116621,0.0
116622,0.0
116623,0.0
116637,0.0
116638,0.0
116639,0.0
116640,0.0
116641,0.0
116642,0.0
116643,0.0
116644,0.0
116646,0.0
116647,0.0
116648,0.0
116649,0.0
116650,0.0
116651,0.0
116652,0.0
116653,0.0
116654,0.0
116655,0.0
116656,0.0
116657,0.0
116658,0.0
116659,0.0
116660,0.0
116661,0.0
116662,0.0
116663,0.0
116664,0.0
116665,0.0
116666,0.0
116667,0.0
116668,0.0
116669,0.0
116670,0.0
116671,0.0
116672,0.0
116673,0.0
116674,0.0
116675,0.0
116676,0.0
116677,0.0
116678,0.0
116679,0.0
116680,0.0
116682,0.0
116683,0.0
116684,0.0
116685,0.0
116686,0.0
116687,0.0
116688,0.0
116689,0.0
116690,0.0
116691,0.0
116692,0.0
116693,0.0
116694,0.0
116695,0.0
116696,0.0
116697,0.0
116698,0.0
116699,0.0
116705,0.0
116706,0.027072
116707,0.039555
116708,0.0
116709,0.0
116710,0.0
116711,0.0
116712,0.016787
116713,0.0
116714,0.0
116715,0.0
116716,0.0
116717,0.0
116718,0.0
116719,0.0
116720,0.0
116721,0.0
116722,0.0
116723,0.0
116724,0.0
116725,0.0
116726,0.0
116727,0.0
116728,0.0
116729,0.0
116730,0.0
116731,0.0
116732,0.323866
116733,0.790472
116734,0.730978
116735,0.10425
116736,0.002904
116737,0.0
116738,0.0
116739,0.0
116740,0.0
116741,0.0
116742,0.0
116743,0.0
116744,0.0
116745,0.0
116746,0.0
116747,0.0
116748,0.0
116749,0.0
116750,0.0
116755,0.10427
116756,0.0
116759,0.022727
116760,0.0
116761,0.0
116762,1.0
116763,0.055944
116764,0.001289
116765,0.0
116766,0.0
116767,0.0
116768,0.0
116769,0.0
116770,0.0
116771,0.0
116772,0.0
116773,0.795719
116774,0.920095
116775,0.043329
116776,0.0
116777,0.0
116778,0.0
116779,0.0
116780,0.0
116781,0.0
116786,0.0
116787,0.0
117124,0.0
117125,0.0
117126,0.0
117127,0.002987
117128,0.005184
117129,0.016618
117130,0.0
117131,0.0
117132,0.0
117133,0.0
117134,0.0
117135,0.0
117136,0.0
117137,0.0
117138,0.005837
117183,0.707383
117184,0.893957
117185,0.859585
117186,0.85831
117187,0.72309
117188,0.56326
117189,0.544698
117190,0.632334
117191,0.787662
117192,0.381879
117193,0.809266
117194,0.608939
117195,1.0
117196,0.771525
117197,0.969767
117198,0.493566
117199,0.0
117200,0.000543
117201,0.708054
117203,0.126437
117204,0.866564
117205,0.913986
117206,0.861146
117207,0.256912
117208,0.088728
117209,0.051989
117210,0.020517
117211,0.022088
117212,0.034591
117213,0.0
117214,0.002525
117215,0.000621
117216,0.0
117217,0.004878
117218,0.208245
117219,0.183673
117220,0.0
117221,0.4375
117222,0.003125
117223,0.506686
117224,1.0
117226,0.982411
117227,0.482653
117228,0.330875
117229,0.05474
117230,0.436218
117231,0.510662
117232,0.657813
117233,0.633466
117234,1.0
117236,0.0
117241,0.616438
117242,1.0
117243,0.053191
117244,0.077897
117245,0.004099
117246,0.001606
117247,0.466035
117248,0.769535
117249,0.929383
117250,0.4094
117251,0.315447
117252,0.0
117253,0.0
117254,0.0
117255,0.0
117256,0.0
117257,0.0
117258,0.0
117259,0.0
117260,0.0
117261,0.0
117262,0.0
117263,0.0
117264,0.0
117265,0.0
117266,0.0
117267,0.0
117268,0.0
117269,0.0
117270,0.0
117271,0.0
117272,0.0
117273,0.0
117274,0.0
117275,0.0
117276,0.0
117277,0.0
117278,0.0
117279,0.0
117280,0.0
117281,0.0
117282,0.0
117283,0.0
117284,0.0
117285,0.0
117286,0.0
117287,0.0
117288,0.0
117289,0.0
117290,0.0
117291,0.030761
117292,0.028885
117293,0.0
117294,0.0
117295,0.0
117296,0.0
117297,0.0
117298,0.0
117299,0.022606
117300,0.0
117301,0.0
117302,0.0
117303,0.0
117304,0.0
117305,0.0
117306,0.0
117307,0.0
117320,0.0
117321,0.0
117322,0.0
117323,0.0
117324,0.0
117325,0.0
117326,0.0
117327,0.0
117328,0.0
117329,0.0
117330,0.0
117331,0.0
117332,0.0
117333,0.0
117334,0.0
117335,0.0
117336,0.0
117337,0.0
117338,0.0
117339,0.0
117340,0.0
117341,0.0
117342,0.0
117343,0.0
117344,0.0
117345,0.0
117346,0.0
117347,0.0
117348,0.0
117349,0.0
117350,0.0
117351,0.0
117352,0.0
117354,0.0
117355,0.0
117356,0.0
117357,0.0
117358,0.0
117359,0.0
117360,0.0
117361,0.0
117362,0.0
117363,0.0
117364,0.0
117367,0.0
117368,0.0
117369,0.0
117370,0.0
117371,0.0
117372,0.0
117373,0.0
117374,0.0
117375,0.0
117376,0.0
117377,0.0
117378,0.0
117379,0.0
117380,0.0
117381,0.0
117382,0.0
117383,0.0
117389,1.0
117390,0.509211
117391,0.133085
117392,0.0
117393,0.0
117394,0.0
117395,0.0
117396,0.386935
117397,0.0
117398,0.0
117399,0.0
117400,0.0
117401,0.0
117402,0.0
117403,0.0
117404,0.0
117405,0.0
117406,0.0
117407,0.0
117408,0.0
117409,0.0
117410,0.0
117411,0.0
117412,0.0
117413,0.0
117414,0.0
117415,0.0
117416,0.644471
117417,0.780098
117418,0.48073
117419,0.153971
117420,0.0
117421,0.0
117422,0.0
117423,0.0
117424,0.0
117425,0.0
117426,0.0
117427,0.0
117428,0.0
117429,0.0
117430,0.0
117431,0.0
117432,0.0
117433,0.0
117434,0.0
117435,0.0
117441,0.0625
117442,0.609034
117443,0.51682
117444,0.0
117445,0.0
117446,0.016873
117447,0.009822
117448,0.0
117449,0.0
117450,0.0
117451,0.0
117452,0.0
117453,0.0
117454,0.0
117455,0.0
117456,0.0
117457,0.0
117458,0.012901
117459,0.0
117460,0.0
117461,0.0
117462,0.0
117463,0.0
117464,0.0
117465,0.0
117466,0.0
117470,0.0
117471,0.0
117808,0.0
117809,0.0
117810,0.0
117811,0.0
117812,0.048642
117813,0.148933
117814,0.001993
117815,0.0
117816,0.0
117817,0.0
117818,0.0
117819,0.0
117820,0.0
117821,0.0
117822,0.0
117868,0.970874
117869,0.823162
117870,0.861549
117871,0.332989
117872,0.112083
117873,1.7e-05
117874,0.025351
117875,0.763624
117876,0.376327
117877,0.533463
117878,0.44
117879,0.574835
117880,0.652277
117881,0.709382
117882,8e-05
117883,0.0
117884,0.016298
117885,0.590164
117886,0.160684
117888,0.501761
117889,0.728536
117890,0.691494
117891,0.906035
117892,0.776684
117893,0.877112
117894,0.675041
117895,0.018837
117896,0.75257
117897,0.002016
117898,0.002498
117899,0.0
117900,0.0
117901,0.02778
117902,0.740706
117903,0.180916
117904,0.001116
117905,0.966967
117906,0.90404
117907,0.592233
117908,1.0
117910,0.414698
117911,0.213622
117912,0.010549
117913,0.0
117914,0.163563
117915,0.729347
117916,0.72
117917,0.266667
117919,0.0
117920,0.0
117925,0.104126
117926,0.927711
117927,0.385542
117928,0.274419
117929,0.0
117930,0.0
117931,0.576365
117932,0.625387
117933,0.597122
117934,0.438515
117935,0.978166
117936,0.012461
117937,0.0
117938,0.0
117939,0.0
117940,0.0
117941,0.0
117942,0.0
117943,0.0
117944,0.0
117945,0.0
117946,0.0
117947,0.0
117948,0.0
117949,0.0
117950,0.0
117951,0.0
117952,0.0
117953,0.0
117954,0.0
117955,0.0
117956,0.0
117957,0.0
117958,0.0
117959,0.0
117960,0.0
117961,0.0
117962,0.0
117963,0.0
117964,0.0
117965,0.0
117966,0.0
117967,0.0
117968,0.0
117969,0.0
117970,0.0
117971,0.0
117972,0.0
117973,0.0
117974,0.0
117975,0.0
117976,0.0
117977,0.0
117978,0.0
117979,0.0
117980,0.0
117981,0.0
117982,0.0
117983,0.0
117984,0.0
117985,0.0
117986,0.0
117987,0.0
117988,0.0
117989,0.0
117990,0.0
117991,0.0
117994,1.0
117995,1.0
117996,1.0
118004,0.0
118005,0.0
118006,0.0
118007,0.0
118008,0.0
118009,0.0
118010,0.0
118011,0.0
118012,0.0
118013,0.0
118014,0.0
118015,0.0
118016,0.0
118017,0.0
118018,0.0
118019,0.0
118021,0.0
118022,0.0
118023,0.0
118024,0.0
118025,0.0
118026,0.0
118027,0.0
118028,0.0
118029,0.0
118030,0.0
118031,0.0
118032,0.0
118033,0.0
118034,0.0
118035,0.0
118036,0.0
118037,0.0
118038,0.0
118039,0.0
118040,0.0
118041,0.0
118042,0.0
118043,0.0
118044,0.0
118045,0.0
118046,0.0
118047,0.0
118048,0.0
118051,0.0
118052,0.0
118053,0.0
118054,0.0
118055,0.0
118056,0.0
118057,0.0
118058,0.0
118059,0.0
118060,0.0
118061,0.0
118062,0.0
118063,0.0
118064,0.0
118065,0.0
118066,0.0
118067,0.0
118068,0.0
118073,0.360656
118074,0.095947
118075,0.0
118076,0.0
118077,0.0
118078,0.0
118079,0.0
118080,0.0
118081,0.0
118082,0.0
118083,0.0
118084,0.0
118085,0.0
118086,0.0
118087,0.0
118088,0.0
118089,0.0
118090,0.0
118091,0.0
118092,0.0
118093,0.0
118094,0.0
118095,0.0
118096,0.0
118097,0.0
118098,0.0
118099,0.0
118100,0.177686
118101,0.538265
118102,0.268325
118103,0.0
118104,0.0
118105,0.0
118106,0.0
118107,0.0
118108,0.0
118109,0.0
118110,0.0
118111,0.0
118112,0.0
118113,0.0
118114,0.0
118115,0.0
118116,0.0
118117,0.0
118127,0.075553
118128,0.0
118129,0.0
118130,0.004227
118131,0.007059
118132,0.0
118133,0.0
118134,0.0
118135,0.0
118136,0.0
118137,0.0
118138,0.0
118139,0.0
118140,0.0
118141,0.0
118142,0.0
118143,0.0
118144,0.0
118145,0.0
118146,0.0
118147,0.0
118148,0.0
118149,0.0
118153,0.0
118154,0.0
118491,1.0
118492,0.849057
118493,0.014486
118494,0.000205
118495,0.067756
118496,0.009334
118497,0.553821
118498,0.004671
118499,0.0
118501,0.0
118502,0.0
118503,0.0
118504,0.0
118505,0.0
118554,0.409062
118555,0.35521
118556,0.011337
118557,0.0
118558,0.224916
118559,0.714099
118560,0.694784
118561,0.315569
118562,0.155886
118563,0.79436
118564,0.69233
118565,0.551094
118566,0.091245
118567,8e-06
118568,0.280884
118569,0.723926
118570,0.576338
118571,0.792056
118572,0.548718
118573,0.724432
118574,0.026697
118575,0.044241
118576,0.608888
118577,0.015907
118578,0.064893
118579,0.00237
118580,0.5
118583,0.001566
118584,0.000651
118585,0.456822
118586,0.911817
118587,0.0
118588,0.064916
118589,0.980834
118590,0.998113
118591,0.27027
118592,0.632075
118593,0.312736
118594,0.913863
118595,0.756553
118596,0.020851
118597,0.0
118598,0.0
118599,0.06823
118600,0.209026
118601,0.0
118603,0.0
118604,0.0
118605,0.218579
118606,1.0
118609,0.046875
118610,0.147196
118611,0.885
118614,0.0
118615,0.189095
118616,0.127027
118617,0.0
118618,0.348837
118619,0.036244
118621,0.0
118622,0.0
118623,0.0
118624,0.0
118625,0.0
118626,0.0
118627,0.0
118628,0.0
118629,0.0
118630,0.0
118631,0.0
118632,0.0
118633,0.0
118634,0.0
118635,0.0
118636,0.0
118637,0.0
118638,0.0
118639,0.0
118640,0.0
118641,0.0
118642,0.0
118643,0.0
118644,0.0
118645,0.0
118646,0.0
118647,0.0
118648,0.0
118649,0.0
118650,0.0
118651,0.0
118652,0.0
118653,0.0
118654,0.0
118655,0.0
118656,0.0
118657,0.0
118658,0.0
118659,0.0
118660,0.0
118661,0.0
118662,0.0
118663,0.0
118664,0.0
118665,0.0
118666,0.0
118667,0.0
118668,0.0
118669,0.0
118670,0.0
118671,0.0
118678,1.0
118679,1.0
118680,1.0
118688,0.0
118689,0.0
118690,0.0
118691,0.0
118692,0.0
118693,0.0
118694,0.0
118695,0.0
118696,0.0
118697,0.0
118698,0.0
118699,0.0
118700,0.0
118701,0.0
118702,0.0
118703,0.0
118704,0.0
118705,0.0
118706,0.0
118707,0.0
118708,0.0
118709,0.0
118710,0.0
118711,0.0
118712,0.0
118714,0.0
118715,0.0
118716,0.0
118717,0.0
118718,0.0
118719,0.0
118720,0.0
118721,0.0
118722,0.0
118723,0.0
118724,0.0
118725,0.0
118726,0.0
118727,0.0
118728,0.0
118729,0.0
118730,0.0
118731,0.0
118732,0.0
118733,0.0
118734,0.0
118735,0.0
118736,0.0
118737,0.0
118738,0.0
118739,0.0
118740,0.0
118741,0.0
118742,0.0
118743,0.0
118744,0.0
118745,0.0
118746,0.0
118747,0.0
118748,0.0
118749,0.0
118750,0.0
118751,0.0
118752,0.0
118753,0.208333
118756,0.0
118760,0.0
118761,0.0
118762,0.0
118763,0.0
118764,0.0
118765,0.0
118766,0.0
118767,0.0
118768,0.0
118769,0.0
118770,0.0
118771,0.0
118772,0.0
118773,0.0
118774,0.0
118775,0.0
118776,0.0
118777,0.0
118778,0.0
118779,0.0
118780,0.0
118781,0.0
118782,0.0
118783,0.0
118784,0.0
118785,0.0
118786,0.0
118787,0.0
118788,0.0
118789,0.0
118790,0.0
118791,0.0
118792,0.0
118793,0.0
118794,0.0
118795,0.0
118796,0.0
118797,0.0
118798,0.0
118799,0.0
118800,0.0
118801,0.001026
118811,0.0
118812,0.079452
118813,0.532071
118814,0.498945
118815,0.0
118816,0.0
118817,0.0
118818,0.0
118819,0.0
118820,0.0
118821,0.0
118822,0.0
118823,0.0
118824,0.0
118825,0.0
118826,0.0
118827,0.0
118828,0.0
118829,0.0
118830,0.0
118831,0.0
118832,0.0
118833,0.0
118837,0.0
118838,0.0
119172,1.0
119175,1.0
119176,0.090909
119177,0.291209
119178,0.0
119179,0.053435
119180,0.153191
119181,0.338322
119182,0.386924
119183,0.0
119184,0.102936
119185,0.0
119186,0.0
119187,0.0
119188,0.0
119238,0.307454
119239,0.319852
119240,0.580284
119241,0.084673
119242,0.548624
119243,0.313063
119244,0.509302
119245,0.389037
119246,0.105418
119247,0.801353
119249,0.684109
119250,0.876935
119252,0.0
119254,1.0
119255,0.788958
119256,0.007794
119257,0.006098
119258,0.013293
119259,0.008047
119260,0.817064
119261,0.110251
119262,0.011121
119263,0.0
119266,0.0
119267,0.00277
119268,0.000811
119269,0.424113
119270,0.74279
119271,0.313594
119272,0.730145
119273,0.903816
119274,0.990968
119275,0.962118
119276,0.986765
119277,0.862661
119278,0.915529
119279,0.802922
119280,0.0
119281,0.020739
119282,0.030463
119283,0.057184
119284,0.141907
119285,0.25
119286,0.285714
119287,0.0
119288,0.0
119289,0.0
119293,0.933333
119294,0.144413
119295,0.888889
119296,0.192537
119298,0.016713
119299,0.0
119300,0.000383
119301,0.0
119303,0.0
119304,1.0
119305,0.0
119306,0.21258
119307,0.001206
119308,0.000501
119309,0.0
119310,0.0
119311,0.001005
119312,0.0
119313,0.0
119314,0.0
119315,0.0
119316,0.0
119317,0.0
119318,0.0
119319,0.0
119320,0.0
119321,0.0
119322,0.0
119323,0.0
119324,0.0
119325,0.0
119326,0.0
119327,0.0
119328,0.0
119329,0.0
119330,0.0
119331,0.0
119332,0.0
119333,0.0
119334,0.0
119335,0.0
119336,0.0
119337,0.0
119338,0.0
119339,0.0
119340,0.0
119341,0.0
119342,0.0
119343,0.0
119344,0.0
119345,0.0
119346,0.0
119347,0.0
119348,0.0
119349,0.0
119350,0.0
119351,0.0
119352,0.0
119353,0.0
119354,0.0
119355,0.0
119363,1.0
119364,1.0
119372,0.0
119373,0.0
119374,0.0
119375,0.0
119376,0.0
119377,0.0
119378,0.0
119379,0.0
119381,0.0
119382,0.080597
119383,0.015385
119384,0.0
119385,0.0
119386,0.0
119387,0.0
119388,0.0
119389,0.0
119390,0.0
119391,0.0
119392,0.0
119393,0.0
119394,0.0
119395,0.0
119398,0.0
119399,0.0
119400,0.0
119401,0.0
119402,0.0
119403,0.0
119404,0.0
119405,0.0
119406,0.0
119407,0.0
119408,0.0
119409,0.0
119410,0.0
119411,0.0
119412,0.0
119413,0.0
119414,0.0
119415,0.0
119416,0.0
119417,0.0
119418,0.0
119419,0.0
119420,0.0
119421,0.0
119422,0.0
119423,0.0
119424,0.0
119425,0.0
119426,0.0
119427,0.0
119428,0.0
119429,0.0
119430,0.0
119431,0.0
119432,0.0
119433,0.0
119434,0.0
119435,0.0
119436,0.0
119437,0.550725
119438,0.60549
119439,0.0
119440,0.0
119445,0.0
119446,0.0
119447,0.0
119448,0.0
119449,0.0
119450,0.0
119451,0.0
119452,0.0
119453,0.0
119454,0.0
119455,0.0
119456,0.0
119457,0.0
119458,0.0
119459,0.0
119460,0.0
119461,0.0
119462,0.0
119463,0.0
119464,0.0
119465,0.0
119466,0.0
119467,0.0
119468,0.0
119469,0.0
119470,0.0
119471,0.0
119472,0.0
119473,0.0
119474,0.0
119475,0.0
119476,0.0
119477,0.0
119478,0.0
119479,0.0
119480,0.0
119481,0.11859
119482,0.073622
119483,0.0
119484,0.0
119485,0.0
119486,0.0
119495,0.0
119496,0.154959
119497,0.723607
119498,0.080365
119499,0.0
119500,0.0
119501,0.0
119502,0.0
119503,0.0
119504,0.0
119505,0.0
119506,0.0
119507,0.0
119508,0.0
119510,0.0
119511,0.0
119512,0.0
119513,0.0
119514,0.0
119515,0.0
119516,0.0
119517,0.0
119518,0.0
119521,0.0
119859,1.0
119860,1.0
119861,1.0
119862,0.000245
119863,0.0
119864,0.136768
119865,0.245563
119866,0.49156
119867,0.010097
119868,0.0
119869,0.0
119870,0.0
119871,0.0
119872,0.0
119921,0.130196
119922,0.642716
119923,0.586677
119924,0.423432
119925,0.397215
119926,0.348357
119927,0.048799
119928,0.712586
119929,0.645511
119930,0.09703
119931,0.984733
119932,0.0
119933,0.142285
119934,1.0
119935,1.0
119936,1.0
119937,0.842557
119938,1.0
119939,0.0
119940,0.00054
119941,0.027421
119942,0.002268
119943,0.003239
119944,0.827652
119945,0.001247
119946,0.002064
119947,0.001536
119950,0.0
119951,0.002266
119952,0.000545
119953,0.010212
119954,0.72963
119955,0.870644
119956,0.893379
119957,0.570006
119958,0.889901
119959,0.785434
119960,0.845413
119961,0.732124
119962,0.073359
119963,0.305498
119964,0.497333
119965,0.61393
119966,0.002788
119967,0.058672
119968,0.001492
119969,0.000829
119970,0.0
119971,0.0
119972,0.007595
119973,0.0
119974,0.056306
119975,0.0
119977,0.640927
119978,0.041344
119979,0.847222
119980,0.003096
119981,0.004249
119982,0.03086
119983,0.003264
119984,0.0
119985,0.0
119986,0.0
119987,0.699489
119988,0.486111
119989,0.0
119990,0.0
119991,0.005021
119992,0.0
119993,0.0
119994,0.0
119995,0.0
119996,0.0
119997,0.0
119998,0.0
119999,0.0
120000,0.0
120001,0.0
120002,0.0
120003,0.0
120004,0.0
120005,0.0
120006,0.0
120007,0.0
120008,0.0
120009,0.0
120010,0.0
120011,0.0
120012,0.0
120013,0.0
120014,0.0
120015,0.0
120016,0.0
120017,0.0
120018,0.0
120019,0.0
120020,0.0
120021,0.0
120022,0.0
120023,0.0
120024,0.0
120025,0.0
120026,0.0
120027,0.0
120028,0.0
120029,0.0
120030,0.0
120031,0.0
120032,0.0
120033,0.0
120034,0.0
120035,0.0
120036,0.0
120037,0.0
120038,0.0
120039,0.0
120057,0.0
120058,0.0
120059,0.0
120060,0.0
120061,0.0
120062,0.0
120066,0.0
120067,0.0
120068,0.0
120069,0.0
120070,0.0
120071,0.0
120072,0.0
120073,0.0
120074,0.0
120075,0.0
120076,0.0
120077,0.0
120078,0.0
120079,0.0
120082,0.0
120083,0.089474
120084,0.0
120085,0.0
120086,0.0
120087,0.0
120088,0.0
120089,0.0
120090,0.0
120091,0.0
120092,0.0
120093,0.0
120094,0.0
120095,0.0
120096,0.0
120097,0.0
120098,0.0
120099,0.0
120100,0.0
120101,0.0
120102,0.0
120103,0.0
120104,0.0
120105,0.0
120106,0.0
120107,0.0
120108,0.0
120109,0.0
120110,0.0
120111,0.0
120112,0.0
120113,0.0
120114,0.0
120115,0.0
120116,0.0
120117,0.0
120118,0.0
120119,0.0
120120,0.0
120121,0.0
120122,0.031936
120124,0.472222
120129,0.0
120130,0.0
120131,0.0
120132,0.0
120133,0.0
120134,0.0
120135,0.0
120136,0.0
120137,0.0
120138,0.0
120139,0.0
120140,0.0
120141,0.0
120142,0.0
120143,0.0
120144,0.0
120145,0.0
120146,0.0
120147,0.234571
120148,0.233979
120149,0.0
120150,0.0
120151,0.0
120152,0.0
120153,0.0
120154,0.0
120155,0.0
120156,0.0
120157,0.0
120158,0.0
120159,0.0
120160,0.0
120161,0.0
120162,0.0
120163,0.0
120164,0.0
120165,0.001507
120166,0.005659
120167,0.0
120168,0.0
120169,0.0
120170,0.0
120174,0.052632
120179,0.121406
120180,0.347217
120181,0.289498
120182,0.0
120183,0.0
120184,0.0
120185,0.0
120186,0.0
120187,0.0
120188,0.0
120189,0.0
120190,0.0
120191,0.0
120192,0.0
120194,0.0
120195,0.0
120196,0.0
120197,0.0
120198,0.0
120199,0.0
120200,0.0
120201,0.0
120202,0.0
120205,0.0
120543,1.0
120544,1.0
120545,0.0
120546,0.0
120547,0.0
120548,0.128086
120549,0.292848
120550,0.358907
120551,0.011052
120552,0.0
120553,0.0
120554,0.0
120555,0.0
120604,0.04417
120605,0.711657
120606,0.738349
120607,0.553163
120608,0.025854
120609,0.216638
120610,0.000582
120611,0.544601
120612,0.879904
120613,0.698269
120614,0.360179
120615,0.956989
120616,0.205151
120617,0.203308
120618,0.998885
120619,0.997269
120620,0.992933
120621,0.723859
120622,0.0
120623,1.0
120624,0.010753
120625,0.016468
120626,0.028
120627,0.019619
120628,0.448827
120629,0.621901
120630,0.002558
120631,0.0
120632,0.0
120634,0.0
120635,0.0
120636,0.74055
120637,0.128193
120638,0.851615
120639,0.889902
120640,1.0
120641,0.858449
120642,0.663818
120643,0.513453
120644,0.728092
120645,0.817943
120646,0.837209
120647,0.177282
120648,0.667633
120649,0.440716
120650,0.097231
120651,0.0
120652,0.002693
120653,0.006682
120654,0.0
120655,0.0
120656,0.00161
120657,0.0
120658,0.0
120659,0.220829
120660,0.794118
120661,0.360656
120662,0.6875
120663,0.037472
120664,0.780942
120665,0.665937
120666,0.004098
120667,0.01352
120668,0.0
120669,0.0
120670,0.072425
120671,0.952771
120672,0.785989
120673,0.0
120674,0.0
120675,0.0
120676,0.0
120677,0.0
120678,0.0
120679,0.002342
120680,0.0
120681,0.021564
120682,0.002896
120683,0.0
120684,0.0
120685,0.0
120686,0.0
120687,0.0
120688,0.0
120689,0.0
120690,0.0
120691,0.0
120692,0.0
120693,0.0
120694,0.0
120695,0.0
120696,0.0
120697,0.0
120698,0.0
120699,0.0
120700,0.0
120701,0.0
120702,0.0
120703,0.0
120704,0.0
120705,0.0
120706,0.0
120707,0.0
120708,0.001441
120709,0.0
120710,0.0
120711,0.0
120712,0.0
120713,0.0
120714,0.0
120715,0.0
120716,0.0
120717,0.0
120718,0.0
120719,0.0
120720,0.0
120721,0.0
120722,0.0
120723,0.0
120738,0.0
120739,0.0
120740,0.0
120741,0.0
120742,0.0
120743,0.0
120744,0.0
120745,0.0
120746,0.0
120748,0.0
120749,0.0
120750,0.0
120751,0.0
120752,0.0
120753,0.0
120754,0.0
120755,0.0
120756,0.0
120757,0.0
120758,0.0
120759,0.0
120760,0.0
120761,0.0
120762,0.0
120763,0.0
120764,0.0
120766,0.592079
120767,0.479624
120768,0.0
120769,0.0
120770,0.0
120771,0.0
120772,0.0
120773,0.0
120774,0.0
120775,0.0
120776,0.0
120778,0.0
120781,0.0
120782,0.0
120783,0.0
120784,0.0
120785,0.0
120786,0.0
120787,0.0
120788,0.0
120789,0.0
120790,0.0
120791,0.0
120792,0.0
120793,0.0
120794,0.0
120795,0.0
120796,0.0
120797,0.0
120798,0.0
120799,0.0
120800,0.0
120801,0.0
120802,0.0
120803,0.0
120804,0.0
120805,0.0
120806,0.012552
120807,0.0
120808,0.32058
120809,0.403226
120812,0.0
120813,0.0
120814,0.0
120815,0.148311
120816,0.0
120817,0.0
120818,0.0
120819,0.0
120820,0.0
120821,0.0
120822,0.0
120823,0.0
120824,0.0
120825,0.0
120826,0.0
120827,0.0
120828,0.0
120829,0.0
120830,0.0
120831,0.126546
120832,0.632902
120833,0.0
120834,0.0
120835,0.0
120836,0.0
120837,0.0
120838,0.0
120839,0.0
120840,0.0
120841,0.0
120842,0.0
120843,0.0
120844,0.0
120845,0.0
120846,0.0
120847,0.0
120848,0.0
120849,0.000898
120850,0.008078
120851,0.001747
120852,0.0
120857,0.0
120858,0.131138
120859,0.598174
120860,0.380952
120861,0.0
120862,0.0
120863,0.76383
120864,0.383673
120865,0.013007
120866,0.0
120867,0.0
120868,0.0
120869,0.0
120870,0.0
120871,0.0
120872,0.0
120873,0.0
120874,0.0
120875,0.0
120876,0.0
120878,0.0
120879,0.101295
120880,0.0
120881,0.0
120882,0.0
120883,0.0
120884,0.0
120885,0.0
120889,0.0
121227,1.0
121228,1.0
121229,1.0
121232,0.0
121233,0.250354
121234,0.266428
121235,0.075912
121236,0.0
121237,0.0
121238,0.0
121287,0.0
121288,0.619137
121289,0.932063
121290,0.517528
121291,0.19421
121292,0.281033
121293,0.000407
121294,0.062315
121295,0.679775
121296,0.787608
121297,0.124586
121298,0.496615
121299,0.91747
121300,0.237333
121301,0.853571
121302,0.902502
121303,0.098008
121304,0.006579
121305,0.0
121308,0.003356
121309,0.0
121310,0.007398
121311,0.123139
121312,0.003333
121313,0.5
121314,0.0
121315,0.0
121316,0.001818
121317,0.0
121318,0.0
121320,0.758322
121321,0.155642
121322,0.497769
121323,0.726795
121324,0.976162
121325,0.945469
121326,0.775233
121327,0.701221
121328,0.367907
121329,0.46121
121330,0.816727
121331,0.20841
121332,0.013121
121333,0.238227
121334,0.022426
121335,0.039568
121337,0.0
121338,0.010082
121339,0.06
121340,0.0
121341,0.121212
121342,0.5
121343,0.630996
121344,0.7
121345,1.0
121346,0.04698
121347,0.061728
121348,0.058529
121349,0.4948
121350,0.566996
121351,0.090909
121352,0.1313
121353,0.0
121354,0.523684
121355,1.0
121356,0.517243
121357,0.0
121358,0.0
121359,0.486984
121360,0.0
121361,0.0
121362,0.011311
121363,0.013465
121364,0.009799
121365,0.001938
121366,0.0
121367,0.0
121368,0.0
121369,0.0
121370,0.0
121371,0.0
121372,0.117462
121373,0.100395
121374,0.0
121375,0.0
121376,0.0
121377,0.0
121378,0.0
121379,0.0
121380,0.0
121381,0.0
121382,0.0
121383,0.0
121384,0.0
121385,0.0
121386,0.0
121387,0.0
121388,0.0
121389,0.0
121390,0.0
121391,0.0
121392,0.01524
121393,0.041118
121394,0.0
121395,0.0
121396,0.0
121397,0.0
121398,0.0
121399,0.0
121400,0.0
121401,0.0
121402,0.0
121403,0.0
121404,0.0
121405,0.0
121406,0.0
121407,0.173402
121408,1.0
121422,0.0
121423,0.0
121424,0.0
121425,0.0
121426,0.0
121427,0.0
121428,0.0
121429,0.0
121430,0.0
121431,0.0
121432,0.0
121433,0.0
121434,0.0
121435,0.0
121436,0.0
121437,0.0
121438,0.0
121439,0.0
121440,0.0
121441,0.0
121442,0.0
121443,0.0
121444,0.0
121445,0.0
121446,0.0
121447,0.0
121448,0.0
121450,0.477912
121451,0.14117
121452,0.0
121453,0.0
121454,0.0
121455,0.0
121456,0.0
121457,0.0
121458,0.0
121459,0.0
121460,0.0
121461,0.0
121465,0.0
121466,0.0
121467,0.0
121468,0.0
121469,0.0
121470,0.0
121471,0.0
121472,0.0
121473,0.0
121474,0.0
121475,0.0
121476,0.0
121477,0.0
121478,0.0
121479,0.0
121480,0.0
121481,0.0
121482,0.0
121483,0.0
121484,0.0
121485,0.0
121486,0.0
121487,0.0
121488,0.0
121489,0.0
121490,0.0
121491,0.0
121492,0.254192
121493,0.45339
121496,0.0
121497,0.0
121498,0.0
121499,0.0
121500,0.0
121501,0.0
121502,0.0
121503,0.0
121504,0.0
121505,0.0
121506,0.0
121507,0.0
121508,0.0
121509,0.0
121510,0.0
121511,0.0
121512,0.0
121513,0.0
121514,0.0
121515,0.564286
121516,0.49039
121517,0.143646
121518,0.0
121519,0.0
121520,0.0
121521,0.0
121522,0.0
121523,0.0
121524,0.0
121525,0.0
121526,0.0
121527,0.0
121528,0.0
121529,0.0
121530,0.0
121531,0.0
121532,0.0
121533,0.001833
121534,0.02962
121535,0.011655
121542,0.014006
121543,0.146202
121544,0.0
121545,0.0
121546,0.098083
121547,0.94323
121548,0.157694
121549,0.0
121550,0.0
121551,0.0
121552,0.0
121553,0.0
121554,0.0
121555,0.0
121556,0.0
121557,0.0
121558,0.0
121559,0.0
121562,0.0
121563,0.0
121564,0.0
121565,0.0
121566,0.0
121567,0.0
121568,0.945153
121569,0.345361
121573,0.0
121910,1.0
121911,1.0
121912,1.0
121913,1.0
121916,1.0
121917,0.302414
121918,0.107123
121919,0.027928
121920,0.0
121921,0.0
121970,0.77668
121971,0.96604
121972,0.894692
121973,0.711111
121974,0.590361
121975,0.245022
121976,0.0
121977,0.003853
121978,0.051611
121979,0.893878
121980,0.563596
121981,0.008033
121982,0.514258
121983,0.882492
121984,0.001021
121985,0.0
121986,0.921863
121987,1.0
121988,0.359242
121989,0.0
121990,0.998145
121991,0.998413
121993,0.520587
121994,0.677736
121995,0.652134
121996,0.986388
121997,0.978269
121998,0.0
121999,0.0
122000,0.25641
122001,0.074483
122002,0.0
122004,0.807815
122005,0.175855
122006,0.150366
122007,0.181577
122008,0.801366
122009,0.722498
122010,0.543965
122011,0.035198
122012,0.497737
122013,0.365153
122014,0.290417
122015,0.00627
122016,0.0
122017,0.00197
122018,0.150652
122020,0.0
122021,0.0
122022,0.0
122024,0.082353
122025,0.0
122026,1.0
122027,0.743421
122028,0.0
122029,0.5
122030,0.11746
122031,0.053758
122032,0.00495
122033,0.038108
122034,0.146977
122035,0.238384
122036,0.002926
122037,0.003648
122038,0.0
122039,0.0
122040,0.031824
122041,0.0
122042,0.008924
122043,0.465375
122044,0.0
122045,0.0
122046,0.0
122047,0.003625
122048,0.034797
122049,0.0
122050,0.012489
122051,0.0
122052,0.0
122053,0.0
122054,0.0
122055,0.0
122056,0.072179
122057,0.112841
122058,0.0
122059,0.0
122060,0.0
122061,0.0
122062,0.0
122063,0.0
122064,0.0
122065,0.0
122066,0.0
122067,0.0
122068,0.0
122069,0.0
122070,0.0
122071,0.0
122072,0.0
122073,0.0
122074,0.0
122075,0.0
122076,0.0
122077,0.0
122078,0.0
122079,0.0
122080,0.0
122081,0.0
122082,0.0
122083,0.0
122084,0.0
122085,0.0
122086,0.0
122087,0.0
122088,0.0
122089,0.0
122090,0.0
122091,0.375096
122092,1.0
122106,0.0
122107,0.0
122108,0.0
122109,0.0
122110,0.0
122111,0.0
122112,0.0
122113,0.0
122114,0.0
122115,0.0
122116,0.0
122117,0.0
122118,0.0
122119,0.0
122120,0.0
122121,0.0
122122,0.0
122123,0.0
122124,0.0
122125,0.0
122126,0.0
122127,0.0
122128,0.0
122129,0.0
122130,0.0
122131,0.0
122132,0.0
122133,0.0
122134,0.0
122135,0.0
122136,0.0
122137,0.0
122138,0.0
122139,0.0
122140,0.0
122141,0.0
122142,0.0
122143,0.0
122144,0.0
122145,0.0
122146,0.0
122148,0.0
122149,0.0
122150,0.0
122151,0.0
122152,0.0
122153,0.0
122154,0.0
122155,0.0
122156,0.0
122157,0.0
122158,0.0
122159,0.0
122160,0.0
122161,0.0
122162,0.0
122163,0.0
122164,0.0
122165,0.0
122166,0.0
122167,0.0
122168,0.0
122169,0.0
122170,0.0
122171,0.0
122172,0.0
122173,0.0
122174,0.0
122175,0.128593
122176,0.315678
122181,0.0
122184,0.0
122185,0.0
122186,0.0
122187,0.0
122188,0.0
122189,0.0
122190,0.0
122191,0.0
122192,0.0
122193,0.0
122194,0.0
122195,0.0
122196,0.0
122197,0.0
122198,0.101787
122199,0.871199
122200,0.650261
122201,0.059574
122202,0.0
122203,0.0
122204,0.0
122205,0.0
122206,0.0
122207,0.0
122208,0.0
122209,0.0
122210,0.0
122211,0.0
122212,0.0
122213,0.0
122214,0.0
122215,0.0
122216,0.0
122217,0.0
122218,0.020355
122219,0.172088
122227,0.202809
122228,0.0
122229,0.19024
122230,0.865746
122231,0.455508
122232,0.012108
122233,0.0
122234,0.0
122235,0.0
122236,0.0
122237,0.0
122238,0.0
122239,0.0
122240,0.0
122241,0.0
122242,0.0
122243,0.0
122244,0.0
122245,0.0
122246,0.0
122247,0.53406
122248,0.0
122249,0.0
122250,0.0
122251,0.009836
122252,0.0
122253,1.0
122595,1.0
122596,1.0
122597,1.0
122598,1.0
122600,1.0
122601,0.057997
122602,0.183824
122603,0.001937
122604,0.0
122605,0.0
122606,0.0
122653,1.0
122654,0.873317
122655,0.727982
122656,0.864286
122657,0.829787
122658,0.245283
122659,0.0
122660,0.132446
122661,0.003085
122662,0.030285
122663,0.533806
122664,0.547848
122665,0.023652
122666,0.998332
122667,0.362573
122668,0.000857
122669,0.0
122670,0.067047
122674,0.999809
122675,1.0
122676,1.0
122677,0.649334
122678,0.87494
122679,0.893276
122680,1.0
122681,0.94025
122682,0.149296
122683,0.001182
122684,0.0
122686,0.0
122687,0.691983
122688,0.373635
122689,0.009104
122690,0.0
122691,0.007248
122692,0.113405
122693,0.911293
122694,0.52746
122695,0.000687
122696,0.005371
122697,0.192037
122698,0.0
122699,0.0
122700,0.0
122701,0.0
122704,0.0
122710,0.81202
122711,0.787828
122712,0.809202
122713,0.801932
122714,0.272336
122715,0.387155
122716,0.0
122717,0.002563
122718,0.040676
122719,0.036477
122720,0.089671
122721,0.000177
122722,0.0
122723,0.0
122724,0.0
122725,0.0
122726,0.467773
122727,0.232972
122728,0.009083
122729,0.0
122730,0.012863
122731,0.002907
122732,0.009463
122733,0.000156
122734,0.0
122735,0.0
122736,0.0
122737,0.0
122738,0.0
122739,0.0
122740,0.0
122741,0.0
122742,0.0
122743,0.0
122744,0.0
122745,0.0
122746,0.0
122747,0.0
122748,0.0
122749,0.0
122750,0.0
122751,0.0
122752,0.0
122753,0.0
122754,0.0
122755,0.0
122756,0.0
122757,0.0
122758,0.0
122759,0.0
122760,0.0
122761,0.0
122762,0.0
122763,0.0
122764,0.0
122765,0.0
122766,0.0
122767,0.0
122768,0.0
122769,0.0
122770,0.0
122771,0.0
122772,0.0
122773,0.0
122774,0.0
122775,0.062171
122776,0.0
122777,0.0
122778,0.0
122779,0.0
122780,0.0
122781,0.0
122789,0.0
122790,0.0
122791,0.0
122792,0.0
122793,0.0
122794,0.0
122795,0.0
122796,0.0
122797,0.0
122798,0.0
122799,0.0
122800,0.0
122801,0.0
122802,0.0
122803,0.0
122804,0.0
122805,0.0
122806,0.0
122807,0.0
122808,0.0
122809,0.0
122810,0.0
122811,0.0
122812,0.0
122813,0.0
122814,0.0
122815,0.0
122816,0.0
122817,0.0
122818,0.0
122819,0.0
122820,0.0
122821,0.0
122822,0.0
122823,0.0
122824,0.0
122825,0.0
122826,0.0
122827,0.0
122828,0.0
122829,0.0
122830,0.0
122831,0.0
122832,0.0
122833,0.0
122834,0.0
122835,0.0
122836,0.0
122837,0.0
122838,0.0
122839,0.0
122840,0.0
122841,0.0
122842,0.0
122843,0.0
122844,0.0
122845,0.0
122846,0.0
122847,0.0
122848,0.0
122849,0.0
122850,0.0
122851,0.0
122852,0.0
122853,0.0
122854,0.0
122855,0.0
122856,0.0
122857,0.0
122858,0.0
122859,0.006784
122860,0.520755
122865,0.0
122867,0.0
122868,0.0
122869,0.0
122870,0.0
122871,0.0
122872,0.0
122873,0.0
122874,0.0
122875,0.0
122876,0.0
122877,0.0
122878,0.0
122879,0.0
122880,0.0
122881,0.0
122882,0.119971
122883,0.260493
122884,0.211119
122885,0.00054
122886,0.0
122887,0.0
122888,0.0
122889,0.0
122890,0.0
122891,0.0
122892,0.0
122893,0.0
122894,0.0
122895,0.0
122896,0.0
122897,0.0
122898,0.0
122899,0.0
122900,0.0
122901,0.0
122902,0.0
122903,0.0
122911,0.0
122912,0.024633
122913,0.62241
122914,0.506276
122915,0.0
122916,0.0
122917,0.0
122918,0.0
122919,0.042759
122920,0.035973
122921,0.0
122922,0.0
122923,0.0
122924,0.0
122925,0.0
122926,0.0
122927,0.0
122928,0.0
122929,0.084331
122930,0.0
122931,0.0
122932,0.0
122933,0.0
122934,0.0
122935,0.0
122936,0.0
122941,0.0
123279,1.0
123280,1.0
123281,1.0
123282,1.0
123283,1.0
123284,1.0
123285,0.885615
123286,0.066419
123287,0.009474
123288,0.006454
123289,0.0
123290,0.0
123295,0.0
123336,0.0
123337,0.765143
123338,0.301324
123339,0.0
123340,0.00463
123341,0.467153
123342,0.044559
123343,0.00088
123344,0.0
123345,0.0
123346,0.029319
123347,0.247763
123348,0.377118
123349,0.307774
123350,0.477833
123351,0.0
123352,0.0
123353,0.006944
123358,1.0
123359,1.0
123361,0.022727
123362,0.706618
123363,0.961866
123364,0.986121
123365,0.866871
123366,0.770186
123367,0.0
123368,0.279412
123370,0.59201
123371,0.772973
123372,0.323106
123373,0.396996
123374,0.222497
123375,0.04494
123376,0.02033
123377,0.708599
123378,0.878336
123379,0.109091
123380,0.0
123381,0.0
123382,0.090909
123383,0.027778
123384,1.0
123394,0.564602
123395,1.0
123396,0.773309
123397,0.127727
123398,0.110593
123399,0.051975
123400,0.074116
123401,0.0
123402,0.031636
123403,0.015258
123404,0.0
123405,0.08115
123406,0.035455
123407,0.00242
123408,0.0
123409,0.005731
123410,0.0
123411,0.006012
123412,0.122685
123413,0.001127
123414,0.00849
123415,0.002577
123416,0.0
123417,0.0
123418,0.0
123419,0.0
123420,0.0
123421,0.0
123422,0.0
123423,0.0
123424,0.0
123425,0.0
123426,0.0
123427,0.0
123428,0.0
123429,0.0
123430,0.0
123431,0.0
123432,0.0
123433,0.0
123434,0.0
123435,0.0
123436,0.0
123437,0.0
123438,0.0
123439,0.0
123440,0.0
123441,0.0
123442,0.0
123443,0.0
123444,0.0
123445,0.0
123446,0.0
123447,0.0
123448,0.0
123449,0.0
123450,0.0
123451,0.0
123452,0.0
123453,0.0
123454,0.0
123455,0.0
123456,0.0
123457,0.0
123458,0.0
123459,0.0
123460,0.0
123461,0.0
123462,0.0
123463,0.0
123469,1.0
123473,0.0
123474,0.0
123475,0.0
123476,0.0
123477,0.0
123478,0.0
123479,0.0
123480,0.0
123481,0.0
123482,0.0
123483,0.0
123484,0.0
123485,0.0
123486,0.0
123487,0.0
123488,0.0
123489,0.0
123490,0.0
123491,0.0
123492,0.0
123493,0.0
123494,0.0
123495,0.0
123496,0.0
123497,0.0
123498,0.0
123499,0.0
123500,0.0
123501,0.0
123502,0.0
123503,0.0
123504,0.0
123505,0.0
123506,0.0
123507,0.0
123508,0.0
123509,0.0
123510,0.0
123511,0.0
123512,0.0
123513,0.0
123514,0.0
123515,0.0
123516,0.0
123517,0.0
123518,0.0
123519,0.0
123520,0.0
123521,0.0
123522,0.0
123523,0.0
123524,0.0
123525,0.0
123526,0.0
123527,0.0
123528,0.0
123529,0.0
123530,0.0
123531,0.0
123532,0.0
123533,0.0
123534,0.0
123535,0.0
123536,0.0
123537,0.0
123538,0.0
123539,0.0
123540,0.0
123541,0.0
123542,0.0
123543,0.0
123544,0.264671
123549,0.0
123550,0.0
123551,0.0
123552,0.0
123553,0.0
123554,0.0
123555,0.0
123556,0.0
123557,0.0
123558,0.0
123559,0.0
123560,0.0
123561,0.0
123562,0.0
123563,0.0
123564,0.0
123565,0.0
123566,0.693067
123567,0.612934
123568,0.0
123569,0.0
123570,0.0
123571,0.0
123572,0.0
123573,0.0
123574,0.0
123575,0.0
123576,0.0
123577,0.0
123578,0.0
123579,0.0
123580,0.0
123581,0.0
123582,0.0
123583,0.0
123584,0.0
123585,0.0
123586,0.0
123594,0.0
123595,0.004537
123596,0.587054
123597,0.062626
123598,0.005574
123599,0.0
123600,0.0
123601,0.0
123602,0.0
123603,0.0
123604,0.0
123605,0.0
123606,0.0
123607,0.0
123608,0.0
123609,0.0
123610,0.0
123611,0.071474
123612,0.0
123613,0.027841
123614,0.0
123615,0.0
123616,0.0
123617,0.0
123618,0.0
123619,0.0
123620,0.0
123621,0.0
123622,0.0
123966,1.0
123967,1.0
123970,0.641026
123971,0.053362
123972,0.004105
123973,0.004871
123974,0.00597
124020,0.0
124021,0.313633
124022,0.74847
124023,0.537894
124024,0.0
124025,0.001018
124026,0.00641
124027,0.391155
124028,0.0
124029,0.0
124030,0.374069
124031,0.281201
124032,0.176632
124033,0.574177
124034,0.834075
124043,1.0
124046,1.0
124047,0.992155
124048,0.005059
124049,0.848355
124050,0.858717
124051,0.044053
124052,0.230769
124054,0.118411
124055,0.797347
124056,0.346637
124057,0.735156
124058,0.691875
124059,0.069774
124060,0.007461
124061,0.27298
124062,0.892417
124063,0.009089
124064,0.020515
124065,0.291667
124066,0.0
124079,0.295405
124080,0.289221
124081,0.02739
124082,0.0
124083,0.0
124084,0.033738
124086,0.0
124087,0.0
124089,0.030303
124090,0.00026
124091,0.0
124092,0.003562
124093,0.0
124094,0.004929
124095,0.003212
124096,0.001654
124097,0.0
124098,0.003767
124099,0.001594
124100,0.0
124101,0.0
124102,0.0
124103,0.0
124104,0.036779
124105,0.008365
124106,0.0
124107,0.0
124108,0.0
124109,0.0
124110,0.0
124111,0.0
124112,0.0
124113,0.0
124114,0.0
124115,0.0
124116,0.0
124117,0.0
124118,0.0
124119,0.0
124120,0.0
124121,0.0
124122,0.0
124123,0.0
124124,0.0
124125,0.0
124126,0.0
124127,0.0
124128,0.0
124129,0.0
124130,0.0
124131,0.0
124132,0.0
124133,0.0
124134,0.0
124135,0.0
124136,0.0
124137,0.0
124138,0.0
124139,0.0
124140,0.0
124141,0.0
124142,0.0
124143,0.0
124144,0.0
124145,0.0
124146,0.0
124147,0.0
124153,1.0
124158,0.0
124159,0.0
124160,0.0
124161,0.0
124162,0.0
124163,0.0
124164,0.0
124165,0.0
124166,0.0
124167,0.0
124168,0.0
124169,0.0
124170,0.0
124171,0.0
124172,0.0
124173,0.0
124174,0.0
124175,0.0
124176,0.0
124177,0.0
124178,0.0
124179,0.0
124180,0.0
124181,0.0
124182,0.0
124183,0.0
124184,0.0
124185,0.0
124186,0.0
124187,0.0
124188,0.0
124189,0.0
124190,0.0
124191,0.0
124192,0.0
124193,0.0
124194,0.0
124195,0.0
124196,0.0
124197,0.0
124198,0.0
124199,0.0
124200,0.0
124201,0.0
124202,0.0
124203,0.0
124204,0.0
124205,0.0
124206,0.0
124207,0.0
124208,0.0
124209,0.0
124210,0.0
124211,0.0
124212,0.0
124213,0.0
124214,0.0
124215,0.0
124216,0.0
124217,0.0
124218,0.0
124219,0.0
124220,0.0
124221,0.0
124222,0.0
124223,0.0
124224,0.0
124225,0.0
124226,0.0
124227,0.0
124228,0.316129
124229,0.056122
124230,0.0
124231,0.0
124232,0.103448
124233,0.894895
124234,0.981484
124235,0.204159
124236,0.0
124237,0.0
124238,0.0
124239,0.0
124240,0.0
124241,0.0
124242,0.0
124243,0.0
124244,0.0
124245,0.0
124246,0.0
124247,0.0
124248,0.018448
124249,0.268733
124250,0.27795
124251,0.598233
124252,0.0
124253,0.0
124254,0.0
124255,0.0
124256,0.0
124257,0.0
124258,0.0
124259,0.0
124260,0.0
124261,0.0
124262,0.0
124263,0.0
124264,0.0
124265,0.0
124266,0.0
124267,0.0
124268,0.0
124269,0.0
124270,0.0
124271,0.0
124277,0.0
124278,0.0
124279,0.0
124280,0.013129
124281,0.0
124282,0.0
124283,0.0
124284,0.0
124285,0.0
124286,0.0
124287,0.0
124288,0.0
124289,0.0
124290,0.0
124291,0.0
124292,0.0
124293,0.0
124294,0.026963
124295,0.900391
124296,0.0
124297,0.0
124298,0.0
124299,0.0
124300,0.0
124301,0.0
124302,0.0
124303,0.0
124304,0.0
124305,0.0
124306,0.0
124308,0.0
124309,0.0
124310,0.0
124648,1.0
124650,1.0
124651,1.0
124655,0.003257
124656,0.0
124657,0.0
124658,0.0
124659,0.0
124660,0.0
124703,0.0
124704,0.089261
124705,0.127451
124706,0.995892
124707,0.247414
124708,0.0
124709,0.000652
124710,0.48621
124711,0.314745
124712,0.37554
124713,0.601863
124714,0.198856
124715,0.299198
124716,0.208773
124717,0.003899
124719,0.0
124720,0.002132
124721,0.0
124727,1.0
124728,1.0
124730,0.33642
124731,0.037288
124732,0.027265
124733,0.016287
124734,0.507874
124735,0.0
124736,0.000801
124737,0.0
124738,0.765188
124739,0.577027
124740,0.851209
124741,0.770284
124742,0.78596
124743,0.139027
124744,0.009609
124745,0.120608
124746,0.867991
124747,0.626739
124748,0.784898
124749,1.0
124752,1.0
124757,0.0
124758,0.793103
124759,0.066667
124760,0.909091
124761,0.742105
124762,0.581429
124763,0.501197
124764,0.028933
124765,0.0
124766,0.0
124767,0.0
124768,0.0
124770,0.001347
124771,0.008828
124772,0.332048
124773,0.007408
124774,0.0
124775,0.0
124776,0.002865
124777,0.0
124778,0.014508
124779,0.0
124780,0.014535
124781,0.00361
124782,0.003205
124783,0.009085
124784,0.0
124785,0.0
124786,0.0
124787,0.0
124788,0.0
124789,0.0
124790,0.0
124791,0.0
124792,0.0
124793,0.0
124794,0.0
124795,0.0
124796,0.0
124797,0.0
124798,0.0
124799,0.0
124800,0.0
124810,0.0
124811,0.0
124812,0.0
124813,0.0
124814,0.0
124815,0.0
124816,0.0
124817,0.003169
124818,0.0
124819,0.0
124820,0.0
124821,0.0
124822,0.0
124823,0.0
124824,0.0
124825,0.0
124826,0.0
124827,0.0
124828,0.0
124829,0.0
124830,0.0
124831,0.0
124833,0.0
124834,0.0
124842,0.0
124843,0.0
124844,0.0
124845,0.0
124846,0.0
124847,0.0
124848,0.0
124849,0.0
124850,0.0
124851,0.0
124852,0.0
124853,0.0
124854,0.0
124855,0.0
124856,0.0
124857,0.0
124858,0.0
124859,0.0
124860,0.0
124861,0.0
124862,0.0
124863,0.0
124864,0.0
124865,0.0
124866,0.0
124867,0.0
124868,0.0
124869,0.0
124870,0.0
124871,0.0
124872,0.0
124873,0.0
124874,0.0
124875,0.0
124876,0.0
124880,0.0
124881,0.0
124882,0.0
124883,0.0
124884,0.0
124885,0.0
124886,0.0
124890,0.0
124891,0.0
124892,0.0
124893,0.0
124894,0.0
124895,0.0
124896,0.0
124897,0.0
124898,0.0
124899,0.0
124900,0.0
124901,0.0
124902,0.0
124903,0.0
124904,0.0
124906,0.0
124907,0.0
124908,0.0
124909,0.0
124910,0.0
124911,0.0
124912,0.203845
124913,0.0089
124914,0.0
124915,0.0
124916,0.00618
124917,0.870968
124918,0.993688
124919,0.111433
124920,0.0
124921,0.0
124922,0.0
124923,0.0
124924,0.0
124925,0.0
124926,0.0
124927,0.0
124928,0.0
124929,0.0
124930,0.0
124931,0.002012
124932,0.0
124933,0.0
124934,0.25485
124935,0.0
124936,0.0
124937,0.0
124938,0.0
124939,0.0
124940,0.0
124941,0.0
124942,0.0
124943,0.0
124944,0.0
124945,0.0
124946,0.0
124947,0.0
124948,0.0
124949,0.0
124950,0.0
124951,0.0
124952,0.0
124953,0.0
124954,0.0
124957,0.0
124958,0.0
124959,0.480749
124960,0.0
124961,0.0
124962,0.003077
124963,0.017921
124964,0.001095
124965,0.0
124966,0.0
124967,0.0
124968,0.0
124969,0.0
124970,0.0
124971,0.0
124972,0.0
124973,0.0
124974,0.0
124975,0.0
124976,0.0
124977,0.0
124978,0.008884
124979,0.060521
124980,0.0
124981,0.0
124982,0.0
124983,0.0
124984,0.0
124985,0.0
124986,0.0
124987,0.0
124988,0.0
124989,0.0
124990,0.0
124991,0.0
124992,0.0
124993,0.0
124994,0.0
125333,1.0
125334,1.0
125339,1.0
125340,0.564554
125341,0.03287
125342,0.0
125343,0.02458
125344,0.116271
125345,0.260057
125387,0.0
125388,0.228637
125389,0.053435
125390,0.799868
125391,0.913185
125392,0.0
125393,0.635514
125394,0.009252
125395,0.03853
125396,0.089692
125397,0.291872
125398,0.116152
125399,0.000509
125400,0.170063
125401,0.118984
125402,0.015748
125403,0.0
125404,0.0
125405,0.075686
125406,0.0
125407,1.0
125408,1.0
125409,1.0
125410,1.0
125411,1.0
125412,1.0
125414,0.533374
125415,0.68315
125416,0.579703
125417,0.460835
125418,0.448655
125419,0.0
125420,0.000962
125421,0.0
125422,0.78366
125423,0.528679
125424,0.391194
125425,0.598034
125426,0.864665
125427,0.002077
125428,0.0
125429,0.000908
125430,0.101318
125431,0.824008
125432,0.584871
125433,0.829268
125434,0.073171
125442,0.424242
125443,0.0
125444,0.756711
125445,0.639211
125446,0.453304
125447,0.92172
125448,0.199965
125449,0.0
125450,0.0
125451,0.0
125452,0.923077
125455,0.000927
125456,0.0
125457,0.004367
125458,0.001873
125459,0.005159
125460,0.038869
125461,0.087596
125462,0.048972
125463,0.017814
125464,0.008574
125465,0.00478
125466,0.171731
125467,0.045431
125468,0.009631
125469,0.042294
125470,0.002751
125471,0.0
125472,0.0
125473,0.0
125474,0.0
125475,0.0
125476,0.0
125477,0.0
125478,0.0
125479,0.0
125480,0.0
125481,0.0
125482,0.0
125483,0.0
125484,0.0
125493,0.0
125494,0.0
125495,0.0
125496,0.0
125497,0.0
125498,0.0
125499,0.0
125500,0.0
125501,0.001365
125502,0.0
125503,0.0
125504,0.0
125505,0.0
125506,0.0
125507,0.0
125508,0.0
125509,0.0
125510,0.0
125511,0.0
125512,0.0
125513,0.0
125514,0.0
125515,0.0
125516,0.0
125517,0.0
125518,0.0
125526,0.0
125527,0.0
125528,0.0
125529,0.0
125530,0.0
125531,0.0
125532,0.0
125533,0.0
125534,0.0
125535,0.0
125536,0.0
125537,0.0
125538,0.0
125539,0.0
125540,0.0
125541,0.0
125542,0.0
125543,0.0
125544,0.0
125545,0.0
125546,0.0
125547,0.0
125548,0.0
125549,0.002227
125550,0.0
125551,0.0
125552,0.0
125553,0.0
125554,0.0
125555,0.0
125556,0.0
125557,0.0
125558,0.0
125559,0.0
125564,0.0
125565,0.0
125566,0.0
125567,0.0
125568,0.0
125569,0.0
125570,0.0
125574,0.0
125575,0.0
125576,0.0
125577,0.0
125578,0.0
125579,0.0
125580,0.0
125581,0.0
125582,0.0
125583,0.0
125584,0.0
125585,0.0
125586,0.0
125587,0.0
125588,0.0
125589,0.0
125590,0.0
125591,0.0
125592,0.0
125593,0.0
125594,0.0
125595,0.0
125596,0.0
125597,0.0
125598,0.0
125599,0.0
125600,0.0
125601,0.0
125602,0.298046
125603,0.0
125604,0.0
125605,0.0
125606,0.0
125607,0.0
125608,0.0
125609,0.0
125610,0.0
125611,0.0
125612,0.0
125613,0.0
125614,0.0
125615,0.004685
125616,0.171658
125617,0.121906
125618,0.060077
125619,0.0
125620,0.0
125621,0.0
125622,0.0
125623,0.0
125624,0.0
125625,0.0
125626,0.0
125627,0.0
125628,0.0
125629,0.0
125630,0.0
125631,0.0
125632,0.0
125633,0.0
125634,0.0
125635,0.0
125636,0.0
125637,0.0
125641,0.0
125642,0.0
125643,0.01566
125644,0.0
125645,0.0
125646,0.062118
125647,0.0
125648,0.0
125649,0.0
125650,0.0
125651,0.0
125652,0.0
125653,0.0
125654,0.0
125655,0.0
125656,0.0
125657,0.0
125658,0.0
125659,0.0
125660,0.0
125661,0.0
125662,0.0
125663,0.0
125664,0.0
125665,0.0
125666,0.0
125667,0.0
125668,0.0
125669,0.0
125670,0.0
125671,0.0
125672,0.0
125673,0.0
125674,0.0
125675,0.0
125676,0.320624
125677,0.0
125678,0.0
126022,1.0
126023,1.0
126024,1.0
126025,1.0
126026,1.0
126028,0.0
126029,0.003552
126072,0.0
126073,1.0
126074,0.975551
126075,0.960113
126076,0.999066
126077,0.967026
126078,0.808923
126079,0.043666
126080,0.000778
126081,0.0
126082,0.0
126083,0.028931
126084,0.096764
126085,0.698784
126086,0.774401
126087,0.7085
126089,0.039511
126090,0.085411
126091,1.0
126092,1.0
126093,1.0
126094,0.820817
126095,0.782624
126096,0.134007
126097,0.0
126098,0.111171
126099,0.09927
126100,0.0
126101,0.0
126102,0.100126
126103,0.685869
126104,0.02468
126105,0.75649
126106,0.000753
126107,0.635434
126108,0.250025
126109,0.138965
126110,0.260111
126111,0.0
126112,0.0
126113,0.000896
126114,0.006711
126115,0.132865
126116,0.506804
126117,0.691864
126120,0.103448
126124,0.529032
126125,1.0
126128,0.758621
126129,0.86236
126130,0.138728
126131,0.524073
126132,0.258414
126133,0.0
126134,0.0
126135,0.0
126136,1.0
126137,0.25
126138,0.0
126139,0.014896
126140,0.0
126141,0.0
126142,0.001155
126143,0.093441
126144,0.104167
126145,0.038831
126146,0.018546
126147,0.014175
126148,0.001466
126149,0.028386
126150,0.343116
126151,0.252387
126152,0.075295
126153,0.233276
126154,0.001357
126155,0.0
126156,0.0
126157,0.0
126158,0.0
126159,0.0
126160,0.0
126161,0.0
126162,0.0
126163,0.0
126164,0.0
126165,0.0
126166,0.0
126167,0.0
126174,0.0
126175,0.0
126176,0.0
126177,0.0
126178,0.0
126179,0.0
126180,0.0
126181,0.0
126182,0.0
126183,0.0
126184,0.0
126185,0.0
126186,0.0
126187,0.0
126188,0.0
126189,0.0
126190,0.0
126191,0.0
126192,0.0
126193,0.0
126194,0.0
126196,0.0
126197,0.0
126198,0.0
126199,0.0
126200,0.0
126201,0.0
126210,0.0
126211,0.0
126212,0.0
126213,0.0
126214,0.0
126215,0.0
126216,0.0
126217,0.0
126218,0.0
126219,0.0
126220,0.0
126221,0.0
126222,0.0
126223,0.0
126224,0.0
126225,0.0
126226,0.0
126227,0.0
126228,0.0
126229,0.0
126230,0.0
126231,0.0
126232,0.0
126233,0.0
126234,0.0
126235,0.0
126236,0.0
126237,0.0
126238,0.0
126239,0.0
126240,0.005333
126241,0.0
126242,0.0
126243,0.0
126244,0.0
126248,0.0
126249,0.0
126250,0.0
126251,0.0
126252,0.0
126253,0.0
126254,0.0
126255,0.0
126257,0.018587
126258,0.067139
126259,0.0
126260,0.0
126261,0.0
126262,0.0
126263,0.0
126264,0.0
126265,0.0
126266,0.0
126267,0.0
126268,0.0
126269,0.0
126270,0.0
126271,0.0
126272,0.0
126273,0.0
126274,0.0
126275,0.0
126276,0.0
126277,0.0
126278,0.0
126279,0.0
126280,0.0
126281,0.0
126282,0.0
126283,0.0
126284,0.0
126285,0.0
126286,0.0
126287,0.0
126288,0.0
126289,0.0
126290,0.0
126291,0.0
126292,0.0
126293,0.0
126294,0.0
126295,0.0
126296,0.0
126297,0.0
126298,0.034755
126299,0.059494
126300,0.433548
126301,0.606271
126302,0.082753
126303,0.006832
126304,0.008085
126305,0.0
126306,0.0
126307,0.0
126308,0.0
126309,0.0
126310,0.0
126311,0.0
126312,0.0
126313,0.082711
126314,0.0
126315,0.0
126316,0.0
126317,0.0
126326,0.0
126327,0.0
126328,0.0
126329,0.0
126330,0.187744
126331,0.0
126332,0.0
126333,0.0
126334,0.0
126335,0.0
126336,0.0
126337,0.0
126338,0.0
126339,0.0
126340,0.0
126341,0.0
126342,0.0
126343,0.0
126344,0.0
126345,0.0
126346,0.0
126347,0.0
126348,0.0
126349,0.0
126350,0.0
126351,0.0
126352,0.0
126353,0.0
126354,0.0
126355,0.0
126356,0.0
126357,0.0
126358,0.0
126359,0.0
126360,0.0
126361,0.0
126702,1.0
126703,1.0
126704,1.0
126705,1.0
126708,1.0
126709,1.0
126710,1.0
126758,1.0
126759,0.913955
126760,0.99562
126761,0.948246
126762,0.914244
126763,0.959415
126764,0.245292
126765,0.0
126766,0.006029
126767,0.000156
126768,0.019062
126769,0.0
126770,0.80806
126771,0.77451
126774,0.227273
126775,0.931203
126776,0.403688
126777,0.000303
126778,0.0
126779,0.0
126780,0.0
126781,0.0
126782,0.0
126783,0.0
126784,0.0
126785,0.0
126786,0.0
126787,0.00637
126788,0.298875
126789,0.138883
126790,0.0
126791,0.0
126792,0.056678
126793,0.0
126794,0.0
126795,0.020198
126796,0.007326
126797,0.0
126798,0.0
126799,0.052921
126800,0.088168
126801,0.182408
126802,0.179328
126803,0.882893
126804,0.397727
126805,0.220312
126806,0.0
126808,0.436978
126809,0.828044
126811,0.037736
126814,0.0
126815,0.71846
126816,0.173968
126817,0.0
126818,0.0
126819,0.0
126820,1.0
126821,0.564539
126823,0.0
126824,0.012788
126825,0.0
126826,0.0
126827,0.0
126828,0.018599
126829,0.0
126830,0.004486
126831,0.0
126832,0.0
126833,0.140525
126834,0.107278
126835,0.198928
126836,0.15545
126837,0.03019
126838,0.0
126839,0.0
126840,0.005244
126841,0.0
126842,0.000377
126843,0.00164
126844,0.00379
126845,0.0
126846,0.0
126847,0.0
126848,0.0
126849,0.0
126850,0.0
126851,0.0
126858,0.0
126859,0.0
126860,0.0
126861,0.0
126862,0.0
126863,0.0
126864,0.0
126865,0.0
126866,0.0
126867,0.0
126868,0.0
126869,0.0
126870,0.0
126871,0.0
126872,0.0
126873,0.0
126874,0.0
126875,0.0
126876,0.0
126877,0.0
126878,0.0
126879,0.0
126881,0.0
126882,0.0
126883,0.0
126884,0.0
126885,0.0
126894,0.0
126895,0.0
126896,0.0
126897,0.0
126898,0.0
126899,0.0
126900,0.0
126901,0.0
126902,0.0
126903,0.0
126904,0.0
126905,0.0
126906,0.0
126907,0.0
126908,0.0
126909,0.0
126910,0.0
126911,0.0
126912,0.0
126913,0.0
126914,0.0
126915,0.0
126916,0.0
126917,0.0
126918,0.0
126919,0.0
126920,0.0
126921,0.0
126922,0.0
126923,0.037267
126924,0.416563
126925,0.021192
126926,0.0
126927,0.0
126928,0.0
126929,0.0
126931,0.565737
126932,0.079071
126933,0.0
126934,0.0
126935,0.0
126936,0.0
126937,0.0
126938,0.0
126939,0.0
126940,0.0
126941,0.040903
126942,0.117647
126943,0.085553
126944,0.0
126945,0.0
126946,0.0
126947,0.0
126948,0.0
126949,0.0
126950,0.0
126951,0.0
126952,0.004289
126953,0.01341
126954,0.0
126955,0.0
126956,0.0
126957,0.0
126958,0.0
126959,0.0
126960,0.0
126961,0.0
126962,0.0
126963,0.0
126964,0.0
126965,0.0
126966,0.0
126967,0.0
126968,0.0
126969,0.0
126970,0.0
126971,0.0
126972,0.0
126973,0.0
126974,0.0
126975,0.0
126976,0.0
126977,0.0
126978,0.0
126979,0.0
126980,0.0
126981,0.0
126982,0.123962
126983,0.274983
126984,0.818567
126985,0.398169
126986,0.011052
126987,0.152273
126988,0.172288
126989,0.026627
126990,0.0
126991,0.0
126992,0.0
126993,0.0
126994,0.0
126995,0.093288
126996,0.227129
126997,0.251556
126998,0.0
126999,0.0
127000,0.0
127009,0.0
127010,0.0
127011,0.0
127012,0.0
127013,0.004969
127014,0.066667
127015,0.0
127016,0.0
127017,0.0
127018,0.0
127019,0.0
127020,0.0
127021,0.0
127022,0.0
127023,0.0
127024,0.0
127025,0.0
127026,0.0
127027,0.0
127028,0.0
127029,0.0
127030,0.0
127031,0.0
127032,0.0
127033,0.0
127034,0.0
127035,0.0
127036,0.0
127037,0.0
127038,0.0
127039,0.0
127043,0.0
127044,0.0
127045,0.0
127046,0.0
127047,0.0
127386,1.0
127387,1.0
127388,1.0
127389,1.0
127390,1.0
127392,1.0
127393,1.0
127394,1.0
127402,1.0
127403,1.0
127439,0.0
127442,1.0
127443,0.895974
127444,0.841913
127445,0.881176
127446,0.89177
127447,0.985352
127448,0.437706
127449,0.0
127450,0.0
127451,1.0
127452,0.126016
127455,0.0
127458,0.550725
127459,0.211472
127460,0.0
127461,0.0
127462,0.0
127463,0.0
127464,0.0
127465,0.0
127466,0.0
127467,0.0
127468,0.0
127469,0.0
127470,0.0
127471,0.0
127472,0.0
127473,0.0
127474,0.0
127475,0.0
127476,0.0
127477,0.0
127478,0.0
127479,0.0
127480,0.0
127481,0.0
127482,0.0
127483,0.038212
127484,0.188212
127485,0.034281
127486,0.054295
127487,0.068906
127488,0.001376
127489,0.161443
127490,0.516989
127491,0.997275
127492,0.183673
127493,0.660208
127494,0.295468
127495,0.0
127496,0.0
127498,1.0
127499,0.910952
127500,0.604529
127501,0.0
127502,0.0
127503,0.0
127504,0.304727
127505,0.448885
127506,0.0
127507,0.0
127508,0.000799
127509,0.0
127510,0.0
127511,0.0
127512,0.016988
127513,0.0
127514,0.0
127515,0.0
127516,0.015902
127517,0.343868
127518,0.816941
127519,0.949892
127520,0.147899
127521,0.0
127522,0.0
127523,0.0
127524,0.001708
127525,0.002939
127526,0.0
127527,0.001084
127528,0.001602
127529,0.0
127530,0.0
127531,0.0
127532,0.0
127533,0.0
127534,0.0
127535,0.0
127536,0.0
127537,0.0
127539,0.0
127540,0.0
127541,0.0
127542,0.0
127543,0.0
127544,0.0
127545,0.0
127546,0.0
127547,0.0
127548,0.0
127549,0.0
127550,0.0
127551,0.0
127552,0.0
127553,0.0
127554,0.0
127555,0.0
127556,0.0
127557,0.0
127558,0.0
127559,0.0
127560,0.0
127561,0.0
127562,0.0
127563,0.0
127564,0.0
127578,0.0
127579,0.0
127580,0.0
127581,0.0
127582,0.0
127583,0.0
127584,0.0
127585,0.0
127586,0.0
127587,0.0
127588,0.0
127589,0.0
127590,0.0
127591,0.0
127592,0.0
127593,0.0
127594,0.0
127595,0.0
127596,0.0
127597,0.0
127598,0.0
127599,0.0
127600,0.0
127602,0.0
127603,0.0
127604,0.0
127605,0.029534
127606,0.236559
127607,0.470481
127608,0.558884
127609,0.141033
127610,0.0
127611,0.0
127612,0.0
127613,0.459353
127614,0.357266
127615,0.380385
127616,0.275411
127617,0.006389
127618,0.0
127619,0.0
127620,0.0
127621,0.007366
127622,0.050743
127623,0.0
127624,0.0
127625,0.0
127627,0.296552
127628,0.252129
127629,0.0
127630,0.002427
127631,0.079944
127632,0.018069
127633,0.0
127637,0.0
127638,0.0
127639,0.0
127640,0.0
127641,0.0
127642,0.0
127643,0.0
127644,0.0
127645,0.0
127646,0.0
127647,0.0
127648,0.0
127649,0.0
127650,0.0
127651,0.0
127652,0.0
127653,0.0
127654,0.0
127655,0.0
127656,0.0
127657,0.0
127658,0.0
127659,0.0
127660,0.0
127661,0.0
127662,0.0
127663,0.0
127664,0.0
127665,0.0
127666,0.021664
127667,0.170609
127668,0.006515
127669,0.0
127670,0.065683
127671,0.1937
127672,0.456199
127673,0.379187
127674,0.0
127675,0.0
127676,0.0
127677,0.0
127678,0.0
127679,0.71123
127680,0.002212
127681,0.0
127682,0.0
127683,0.0
127684,0.0
127692,0.0
127693,0.0
127694,0.0
127695,0.0
127696,0.0
127697,0.253713
127698,0.0
127699,0.0
127700,0.0
127701,0.0
127702,0.0
127703,0.0
127704,0.0
127705,0.0
127706,0.0
127707,0.0
127708,0.0
127709,0.0
127710,0.0
127711,0.0
127712,0.0
127713,0.0
127714,0.0
127715,0.0
127716,0.0
127717,0.0
127718,0.0
127719,0.0
127720,0.0
127721,0.0
127722,0.0
127723,0.0
127724,0.0
127725,0.0
127727,0.0
127728,0.0
127730,0.0
127731,0.0
128071,1.0
128072,1.0
128073,1.0
128074,1.0
128075,1.0
128076,1.0
128077,1.0
128078,1.0
128083,1.0
128085,1.0
128086,1.0
128087,1.0
128088,0.0
128126,0.875209
128127,0.890264
128128,0.482177
128129,0.832107
128130,0.884517
128131,0.97598
128132,0.630513
128133,0.0
128134,0.060976
128138,1.0
128139,0.280069
128140,0.0
128141,0.0
128142,0.0
128143,0.0
128144,0.0
128145,0.0
128146,0.0
128147,0.0
128148,0.0
128149,0.0
128150,0.0
128151,0.0
128152,0.0
128153,0.0
128154,0.0
128155,0.0
128156,0.0
128157,0.0
128158,0.0
128159,0.0
128160,0.0
128161,0.0
128162,0.0
128163,0.0
128164,0.0
128165,0.0
128166,0.000157
128167,0.0
128168,0.0
128169,0.0
128170,0.002158
128171,0.0
128172,0.0
128173,0.333817
128174,0.704604
128175,0.965116
128176,0.356848
128177,0.280543
128178,0.560515
128179,0.568655
128183,0.814097
128184,0.290431
128185,0.0
128186,0.0
128187,0.165973
128188,0.098541
128189,0.0
128190,0.0
128191,0.0
128192,0.062105
128193,0.0
128194,0.0
128195,0.0
128196,0.0
128197,0.0
128198,0.0
128199,0.154139
128200,0.966343
128201,1.0
128202,0.998805
128203,0.371116
128204,0.0
128205,0.0
128206,0.0
128207,0.001625
128208,0.000391
128209,0.0
128210,0.0
128211,0.0
128212,0.001117
128213,0.0
128214,0.0
128215,0.0
128216,0.0
128217,0.0
128218,0.0
128219,0.0
128220,0.0
128221,0.0
128222,0.0
128223,0.0
128224,0.0
128225,0.0
128226,0.0
128227,0.0
128228,0.0
128229,0.0
128230,0.0
128231,0.0
128232,0.0
128233,0.0
128234,0.0
128235,0.0
128236,0.0
128237,0.0
128238,0.0
128239,0.0
128240,0.0
128241,0.0
128242,0.0
128243,0.0
128244,0.0
128245,0.0
128246,0.0
128247,0.0
128248,0.168317
128262,0.0
128263,0.0
128264,0.0
128265,0.0
128266,0.0
128267,0.0
128268,0.0
128269,0.0
128270,0.0
128271,0.0
128272,0.0
128273,0.0
128274,0.0
128275,0.0
128276,0.0
128277,0.0
128278,0.0
128279,0.0
128280,0.0
128281,0.0
128282,0.0
128283,0.0
128284,0.0
128285,0.0
128286,0.0
128287,0.0
128288,0.0
128289,0.317611
128290,0.798649
128291,0.668094
128292,0.311444
128293,0.025731
128294,0.0
128295,0.0
128296,0.127121
128297,0.646378
128298,0.576323
128299,0.473684
128300,0.35886
128301,0.114472
128302,0.0
128303,0.0
128304,0.0
128305,0.035251
128306,0.044178
128307,0.0
128308,0.0
128309,0.0
128310,0.0
128311,0.0
128312,0.638009
128313,0.0
128314,0.022371
128315,0.12715
128316,0.14047
128321,0.09375
128322,0.0
128323,0.0
128324,0.0
128325,0.0
128326,0.0
128327,0.0
128328,0.0
128329,0.0
128330,0.0
128331,0.0
128332,0.0
128333,0.0
128334,0.0
128335,0.0
128336,0.0
128337,0.0
128338,0.0
128339,0.0
128340,0.0
128341,0.0
128342,0.0
128343,0.0
128344,0.0
128345,0.0
128346,0.0
128347,0.0
128348,0.0
128349,0.0
128350,0.064344
128351,0.411422
128352,0.0
128353,0.017233
128354,0.000485
128355,0.11979
128356,0.724
128357,0.460605
128358,0.020417
128359,0.0
128360,0.0
128361,0.0
128365,0.0
128366,0.0
128367,0.0
128368,0.0
128369,0.0
128373,0.6875
128374,0.0
128375,0.089109
128376,0.369565
128377,0.0
128378,0.0
128379,0.0
128380,0.0
128381,0.987952
128383,0.0
128384,0.0
128385,0.0
128386,0.0
128387,0.0
128388,0.0
128389,0.0
128390,0.0
128391,0.0
128392,0.0
128393,0.0
128394,0.0
128395,0.0
128396,0.0
128397,0.0
128398,0.0
128399,0.0
128400,0.0
128401,0.0
128402,0.0
128403,0.0
128404,0.0
128405,0.0
128406,0.0
128407,0.0
128408,0.0
128409,0.0
128410,0.0
128411,0.0
128756,1.0
128757,1.0
128758,1.0
128759,1.0
128761,1.0
128762,1.0
128768,1.0
128769,1.0
128770,1.0
128771,1.0
128774,1.0
128810,1.0
128811,0.993309
128812,0.395557
128813,0.640099
128814,0.59273
128815,0.903821
128816,0.0
128817,0.0
128818,0.0
128823,0.071745
128824,0.0
128825,0.0
128826,0.0
128827,0.0
128828,0.0
128829,0.0
128830,0.0
128831,0.0
128832,0.0
128833,0.0
128834,0.0
128835,0.0
128836,0.0
128837,0.0
128838,0.0
128839,0.0
128840,0.0
128841,0.0
128842,0.0
128843,0.0
128844,0.0
128845,0.0
128846,0.0
128847,0.0
128848,0.0
128849,0.0
128850,0.0
128851,0.0
128852,0.001698
128853,0.00902
128854,0.0
128855,0.0
128856,0.0
128857,0.000343
128858,0.009724
128859,0.225261
128860,0.015052
128861,0.297977
128862,0.727586
128863,0.431663
128864,0.163934
128866,0.814815
128867,0.806703
128868,0.808703
128869,0.444823
128870,0.044042
128871,0.060589
128872,0.0
128873,0.0
128874,0.0
128876,1.0
128877,0.001789
128878,0.0
128879,0.0
128880,0.0
128881,0.0
128882,0.0
128883,0.217651
128884,0.839577
128885,0.983237
128886,0.428792
128887,0.0
128888,0.0
128889,0.0
128890,0.0
128891,0.0
128892,0.0
128893,0.0
128894,0.0
128895,0.0
128896,0.0
128897,0.0
128898,0.0
128899,0.0
128900,0.0
128901,0.0
128902,0.0
128903,0.0
128904,0.0
128905,0.0
128906,0.0
128907,0.0
128908,0.0
128909,0.0
128910,0.0
128911,0.0
128912,0.0
128913,0.0
128914,0.0
128915,0.0
128916,0.0
128917,0.0
128918,0.0
128919,0.0
128920,0.0
128921,0.0
128922,0.0
128923,0.0
128924,0.0
128925,0.0
128926,0.0
128927,0.0
128928,0.0
128929,0.0
128930,0.0
128931,0.0
128932,0.0
128941,0.0
128946,0.0
128947,0.0
128948,0.0
128949,0.0
128950,0.0
128951,0.0
128952,0.0
128953,0.0
128954,0.0
128955,0.0
128956,0.0
128957,0.0
128958,0.0
128959,0.0
128960,0.0
128961,0.0
128962,0.0
128963,0.0
128964,0.0
128965,0.0
128966,0.0
128967,0.0
128968,0.0
128969,0.0
128970,0.0
128971,0.0
128972,0.0
128973,0.376727
128974,0.704071
128975,0.630428
128976,0.289881
128977,0.0
128978,0.0
128979,0.0
128980,0.189074
128981,0.740982
128982,0.776362
128983,0.963609
128984,0.21404
128985,0.0
128986,0.0039
128987,0.235073
128988,0.1289
128989,0.030231
128990,0.01146
128991,0.0
128992,0.0
128993,0.0
128999,0.282983
129000,0.278875
129005,0.0
129006,0.0
129007,0.0
129008,0.0
129009,0.0
129010,0.0
129011,0.0
129012,0.043546
129013,0.050713
129014,0.0
129015,0.0
129016,0.0
129017,0.0
129018,0.0
129019,0.0
129023,0.0
129024,0.0
129025,0.0
129026,0.0
129027,0.0
129028,0.0
129029,0.0
129030,0.0
129031,0.0
129032,0.0
129033,0.0
129034,0.419427
129035,0.912276
129036,0.0
129037,0.0
129038,0.109805
129039,0.171218
129040,0.564081
129041,0.212048
129042,0.116113
129043,0.0
129044,0.0
129045,0.0
129050,0.0
129051,0.0
129052,0.0
129053,0.0
129055,0.0
129056,0.621336
129057,0.372093
129058,0.119122
129059,0.0
129060,0.0
129061,0.0
129062,0.0
129063,0.024306
129064,0.0
129067,0.0
129068,0.0
129069,0.0
129070,0.0
129071,0.0
129072,0.0
129073,0.0
129074,0.0
129075,0.0
129076,0.0
129077,0.0
129078,0.0
129079,0.0
129080,0.0
129081,0.0
129082,0.0
129083,0.0
129084,0.0
129085,0.0
129086,0.0
129087,0.0
129088,0.0
129089,0.0
129090,0.0
129091,0.0
129092,0.0
129093,0.0
129094,0.0
129095,0.0
129438,0.0
129439,0.0
129440,0.531915
129441,0.464052
129442,0.539088
129443,0.802591
129444,1.0
129445,1.0
129446,1.0
129447,1.0
129448,1.0
129454,1.0
129455,1.0
129456,1.0
129457,1.0
129500,1.0
129507,0.167355
129508,0.0
129509,0.0
129510,0.0
129511,0.0
129512,0.0
129513,0.0
129514,0.0
129515,0.0
129516,0.0
129517,0.0
129518,0.0
129519,0.0
129520,0.0
129521,0.0
129522,0.0
129523,0.0
129524,0.0
129525,0.0
129526,0.0
129527,0.0
129528,0.0
129529,0.0
129530,0.0
129531,0.0
129532,0.0
129533,0.0
129534,0.0
129535,0.0
129536,0.024075
129537,0.316395
129538,0.369391
129539,0.011939
129540,0.000482
129541,0.027981
129542,0.00914
129543,0.002917
129544,0.004535
129545,0.019745
129546,0.269459
129547,0.286914
129548,0.146667
129550,0.815068
129551,0.182407
129552,0.577065
129553,0.328506
129554,0.054316
129555,0.307626
129556,0.0
129557,0.0
129558,0.0
129559,0.0
129560,0.0
129561,0.0
129562,0.0
129563,0.221053
129564,0.137626
129565,0.0
129566,0.0
129567,0.0
129568,0.0
129569,0.003253
129570,0.0
129571,0.0
129572,0.0
129573,0.021183
129574,0.110315
129575,0.153923
129576,0.219593
129577,0.01406
129578,0.227763
129579,0.056676
129580,0.0
129581,0.0
129582,0.0
129583,0.0
129584,0.0
129585,0.0
129586,0.0
129587,0.0
129588,0.0
129589,0.0
129590,0.0
129591,0.0
129592,0.0
129593,0.0
129594,0.0
129595,0.0
129596,0.0
129597,0.0
129598,0.0
129599,0.0
129600,0.0
129601,0.0
129602,0.0
129603,0.0
129604,0.0
129605,0.0
129606,0.0
129607,0.0
129608,0.0
129609,0.0
129610,0.0
129611,0.0
129612,0.0
129613,0.0
129614,0.0
129615,0.0
129616,0.0
129625,0.0
129630,0.0
129631,0.0
129632,0.0
129633,0.0
129634,0.0
129635,0.0
129636,0.0
129637,0.0
129638,0.0
129639,0.0
129640,0.0
129641,0.0
129642,0.0
129643,0.0
129644,0.0
129645,0.0
129646,0.0
129647,0.0
129648,0.0
129649,0.0
129650,0.0
129651,0.0
129652,0.0
129653,0.0
129654,0.0
129655,0.0
129656,0.0
129657,0.26622
129658,0.218512
129659,0.46981
129660,0.135038
129661,0.0
129662,0.0
129663,0.000426
129664,0.0733
129665,0.962025
129667,1.0
129668,0.198144
129669,0.0
129670,0.063646
129671,0.18984
129672,0.128362
129673,0.159823
129674,0.0
129675,0.0
129676,0.0
129683,0.0
129684,0.0
129685,0.007622
129689,0.0
129690,0.0
129691,0.0
129692,0.0
129693,0.0
129694,0.0
129695,0.0
129696,0.110039
129697,0.020635
129698,0.0
129699,0.0
129700,0.0
129701,0.0
129702,0.0
129708,0.0
129709,0.0
129710,0.0
129711,0.0
129712,0.0
129713,0.0
129714,0.0
129715,0.0
129716,0.0
129717,0.07402
129718,0.655162
129719,0.953282
129720,0.430769
129721,0.0
129722,0.0
129723,0.0
129724,0.045285
129725,0.0
129726,0.113571
129727,0.0
129728,0.0
129729,0.0
129733,0.0
129734,0.0
129735,0.0
129736,0.0
129738,1.0
129739,0.0
129740,0.0
129741,0.0
129742,0.0
129743,0.0
129744,0.0
129745,0.133416
129746,0.285422
129747,0.0
129748,0.0
129749,0.0
129750,0.0
129751,0.0
129752,0.0
129753,0.0
129754,0.0
129755,0.0
129756,0.0
129757,0.0
129758,0.0
129759,0.0
129760,0.0
129761,0.0
129762,0.0
129763,0.0
129764,0.0
129765,0.0
129766,0.0
129767,0.0
129768,0.0
129769,0.0
129770,0.0
129771,0.0
129772,0.0
129773,0.0
129774,0.0
129775,0.0
129776,0.0
129777,0.0
129778,0.0
129779,0.0
129780,0.0
129781,0.0
130122,0.248688
130123,0.0
130124,0.0
130125,0.028092
130126,0.142857
130127,0.008605
130128,0.002655
130130,1.0
130131,1.0
130132,1.0
130133,1.0
130137,1.0
130138,1.0
130139,1.0
130140,1.0
130141,0.339416
130142,0.168831
130168,0.0
130183,0.0
130184,0.03119
130185,0.000535
130186,0.018025
130192,0.0
130193,0.0
130194,0.0
130195,0.0
130196,0.0
130197,0.0
130198,0.0
130199,0.0
130200,0.0
130201,0.0
130202,0.0
130203,0.0
130204,0.0
130205,0.0
130206,0.0
130207,0.0
130208,0.0
130209,0.0
130210,0.0
130211,0.0
130212,0.0
130213,0.0
130214,0.0
130215,0.0
130216,0.0
130217,0.0
130218,0.368114
130219,0.137109
130220,0.018332
130221,0.314801
130222,0.591878
130223,0.287009
130224,0.010949
130225,0.131963
130226,0.484517
130227,0.0
130228,0.000813
130229,0.043868
130230,0.087044
130231,0.026713
130232,0.0
130233,0.0
130235,0.659722
130236,0.188902
130237,0.596333
130238,0.640448
130239,0.519426
130240,0.0
130241,0.0
130242,0.0
130244,0.0
130245,0.0
130246,0.000814
130247,0.018648
130248,0.011969
130249,0.0
130250,0.0
130251,0.002251
130252,0.0
130253,0.0
130254,0.0
130255,0.151085
130256,0.259447
130257,0.129088
130258,0.104862
130259,0.218951
130260,0.266289
130261,0.143886
130262,0.285069
130263,0.112564
130264,0.101842
130265,0.0
130266,0.0
130267,0.004643
130268,0.007418
130269,0.0
130270,0.0
130271,0.0
130272,0.0
130273,0.0
130274,0.0
130275,0.0
130276,0.0
130277,0.0
130278,0.0
130279,0.0
130280,0.0
130281,0.0
130282,0.0
130283,0.0
130284,0.0
130285,0.0
130286,0.0
130287,0.0
130288,0.0
130289,0.0
130290,0.0
130291,0.0
130292,0.0
130293,0.0
130294,0.0
130295,0.0
130296,0.0
130297,0.0
130298,0.0
130299,0.0
130300,0.0
130301,0.0
130302,0.0
130303,0.0
130304,0.0
130305,0.0
130310,0.0
130314,0.0
130315,0.0
130316,0.0
130317,0.0
130318,0.0
130319,0.0
130320,0.0
130321,0.0
130322,0.0
130323,0.0
130324,0.0
130325,0.0
130326,0.0
130327,0.0
130328,0.0
130329,0.0
130330,0.0
130331,0.0
130332,0.0
130333,0.0
130334,0.0
130335,0.0
130336,0.0
130337,0.0
130338,0.0
130339,0.0
130340,0.0
130341,0.074849
130342,0.103468
130343,0.014786
130344,0.054341
130345,0.0
130346,0.001766
130347,0.035942
130348,0.0
130352,0.0
130353,0.0
130354,0.0
130355,0.0
130356,0.0
130357,0.0
130358,0.0
130359,0.0
130360,0.0
130361,0.0
130367,0.0
130368,0.0
130369,0.0
130371,0.0
130372,0.0
130373,0.0
130374,0.0
130375,0.0
130376,0.0
130377,0.0
130378,0.0
130379,0.0
130380,0.0
130381,0.0
130382,0.0
130383,0.0
130384,0.0
130385,0.0
130386,0.0
130387,0.0
130391,0.0
130392,0.0
130393,0.0
130394,0.0
130395,0.0
130396,0.0
130397,0.0
130398,0.0
130399,0.0
130400,0.006319
130401,0.823726
130402,0.821792
130403,0.911767
130404,0.00348
130405,0.0
130406,0.0
130407,0.0
130410,0.0
130411,0.0
130412,0.0
130416,0.0
130417,0.0
130418,0.0
130421,0.442857
130422,0.628571
130423,0.053512
130424,0.038208
130425,0.0
130426,0.0
130427,0.0
130428,0.0
130429,0.05167
130430,0.0
130431,0.0
130432,0.0
130433,0.0
130434,0.0
130435,0.0
130436,0.0
130437,0.0
130438,0.0
130439,0.0
130440,0.0
130441,0.0
130442,0.0
130443,0.0
130444,0.0
130445,0.180159
130446,0.310063
130447,0.0
130448,0.0
130449,0.0
130450,0.0
130451,0.0
130452,0.0
130453,0.0
130454,0.0
130456,0.0
130457,0.0
130458,0.0
130459,0.0
130460,0.0
130461,0.0
130462,0.0
130463,0.0
130464,0.0
130465,0.010417
130469,1.0
130806,0.883922
130807,0.495026
130808,0.0
130809,0.000458
130810,0.0
130811,0.039443
130812,0.028437
130813,0.0
130814,0.0
130815,1.0
130816,1.0
130817,1.0
130825,0.332031
130826,1.0
130855,0.89924
130856,0.709497
130857,1.0
130858,0.734043
130859,0.408257
130860,0.0
130864,0.0
130865,0.0
130866,0.0
130867,0.0
130868,0.000392
130869,0.0
130870,0.0
130876,0.0
130877,0.0
130878,0.0
130879,0.0
130880,0.0
130881,0.0
130882,0.0
130883,0.0
130884,0.0
130885,0.0
130886,0.0
130887,0.0
130888,0.0
130889,0.0
130890,0.0
130891,0.0
130892,0.0
130893,0.0
130894,0.0
130895,0.0
130896,0.0
130897,0.0
130898,0.0
130899,0.0
130900,0.0
130901,0.0
130902,0.022658
130903,0.011943
130904,0.014286
130905,0.644835
130906,0.767145
130907,0.771746
130908,0.759219
130909,0.448606
130910,0.075472
130911,0.054726
130912,0.0
130913,0.0
130914,0.0
130915,0.0
130916,0.0
130917,0.0
130919,0.56682
130920,0.55058
130922,1.0
130923,0.512035
130924,0.0
130925,0.0
130926,0.0
130927,0.0
130928,0.0
130929,0.0
130930,0.0
130931,0.0
130932,0.0
130933,0.0
130934,0.0
130935,0.001346
130936,0.0
130937,0.0
130938,0.001536
130939,0.004172
130940,0.013449
130941,0.0
130942,0.001501
130943,0.001332
130944,0.312841
130945,0.427217
130946,0.229906
130947,0.111834
130948,0.048994
130949,0.0958
130950,0.0
130951,0.06466
130952,0.152371
130953,0.119458
130954,0.385653
130955,0.009076
130956,0.0
130957,0.0
130958,0.0
130959,0.0
130960,0.0
130961,0.0
130962,0.0
130963,0.0
130964,0.0
130965,0.0
130966,0.0
130967,0.0
130968,0.0
130969,0.0
130970,0.0
130971,0.0
130972,0.0
130973,0.0
130974,0.0
130975,0.0
130976,0.0
130977,0.0
130978,0.0
130979,0.0
130980,0.0
130981,0.0
130982,0.0
130983,0.0
130984,0.0
130985,0.0
130986,0.0
130987,0.0
130988,0.0
130989,0.0
130994,0.0
130998,0.0
130999,0.0
131000,0.0
131001,0.0
131002,0.0
131003,0.0
131004,0.0
131005,0.0
131006,0.0
131007,0.0
131008,0.0
131009,0.0
131010,0.0
131011,0.0
131012,0.0
131013,0.0
131014,0.0
131015,0.0
131016,0.0
131017,0.0
131018,0.0
131019,0.0
131020,0.0
131021,0.0
131022,0.0
131023,0.0
131024,0.0
131025,0.0
131026,0.0
131027,0.0
131028,0.0
131029,0.0
131030,0.0
131031,0.0
131037,0.0
131038,0.0
131039,0.0
131040,0.0
131041,0.0
131042,0.0
131043,0.0
131044,0.0
131045,0.0
131046,0.0
131051,0.0
131052,0.0
131053,0.0
131054,0.0
131055,0.006606
131056,0.0
131057,0.0
131058,0.0
131059,0.0
131060,0.0
131061,0.0
131062,0.0
131063,0.0
131064,0.0
131065,0.0
131066,0.0
131067,0.0
131068,0.0
131069,0.0
131070,0.0
131071,0.0
131072,0.0
131074,0.0
131075,0.0
131076,0.0
131077,0.0
131078,0.0
131079,0.0
131080,0.0
131081,0.0
131082,0.0
131083,0.0
131084,0.0
131085,0.813829
131086,0.877827
131087,0.922301
131088,0.0
131089,0.0
131090,0.0
131094,0.0
131095,0.0
131100,0.0
131101,0.0
131102,0.0
131103,0.0
131104,0.00289
131105,0.105806
131106,0.005034
131107,0.157262
131111,0.438793
131112,0.291667
131113,0.0
131114,0.0
131115,0.0
131116,0.0
131117,0.0
131118,0.0
131119,0.0
131120,0.0
131121,0.0
131122,0.0
131123,0.0
131124,0.0
131125,0.0
131126,0.0
131127,0.0
131128,0.0
131129,0.0
131130,0.0
131131,0.0
131132,0.0
131133,0.0
131134,0.0
131135,0.0
131136,0.0
131137,0.0
131138,0.0
131141,0.0
131142,0.0
131143,0.0
131144,0.0
131145,0.0
131146,0.0
131147,0.0
131148,0.0
131149,0.0
131150,0.0
131489,1.0
131490,0.85674
131491,0.032818
131492,0.0
131493,0.0
131494,0.082173
131496,0.406114
131497,0.007893
131498,0.034731
131499,0.934348
131500,1.0
131502,1.0
131505,1.0
131507,0.0
131508,0.046584
131509,0.626667
131510,1.0
131538,1.0
131539,0.912571
131540,0.548342
131541,0.596555
131542,0.539258
131543,0.230675
131544,0.0
131548,0.0
131549,0.0
131550,0.0
131551,0.0
131552,0.0
131553,0.0
131554,8.5e-05
131555,0.091919
131560,0.0
131561,0.0
131562,0.0
131563,0.0
131564,0.0
131565,0.0
131566,0.0
131567,0.0
131568,0.0
131569,0.0
131570,0.0
131571,0.0
131572,0.0
131573,0.0
131574,0.0
131575,0.0
131576,0.0
131577,0.0
131578,0.0
131579,0.0
131580,0.0
131581,0.0
131582,0.0
131583,0.0
131584,0.0
131585,0.0
131586,0.0
131587,0.0
131588,0.001488
131589,0.238241
131590,0.142259
131591,0.654976
131592,0.89314
131593,0.633333
131594,0.472968
131595,0.329212
131596,0.0
131597,0.0
131598,0.0
131599,0.0
131600,0.0
131601,0.0
131603,0.0
131604,0.347895
131605,0.0
131607,0.0
131608,0.001303
131609,0.0
131611,0.0
131612,0.0
131613,0.0
131614,0.0
131615,0.0
131616,0.0
131617,0.0013
131618,0.0
131619,0.0
131620,0.0
131621,0.0
131622,0.0
131623,0.0
131624,0.001952
131625,0.0
131626,0.0
131627,0.000561
131628,0.025517
131629,0.064961
131630,0.292028
131631,0.35897
131632,0.211048
131633,0.073377
131634,0.0
131635,0.036773
131636,0.501473
131637,0.594266
131638,0.333152
131639,0.0678
131640,0.0
131641,0.0
131642,0.0
131643,0.0
131644,0.0
131645,0.0
131646,0.0
131647,0.0
131648,0.0
131649,0.0
131650,0.0
131651,0.0
131652,0.0
131653,0.0
131654,0.0
131655,0.0
131656,0.0
131657,0.0
131658,0.0
131659,0.0
131660,0.0
131661,0.0
131662,0.0
131663,0.0
131664,0.0
131665,0.0
131666,0.0
131667,0.0
131668,0.0
131669,0.0
131670,0.0
131671,0.0
131672,0.0
131673,0.0
131682,0.0
131683,0.0
131684,0.0
131685,0.0
131686,0.0
131687,0.0
131688,0.0
131692,0.0
131693,0.0
131694,0.0
131695,0.0
131696,0.0
131697,0.0
131698,0.0
131699,0.0
131700,0.0
131701,0.0
131703,0.0
131704,0.0
131705,0.0
131706,0.0
131707,0.0
131708,0.0
131709,0.0
131710,0.0
131711,0.0
131712,0.0
131713,0.0
131714,0.0
131715,0.0
131720,0.0
131721,0.0
131722,0.319541
131723,0.187194
131724,0.198377
131725,0.006312
131726,0.0
131727,0.0
131728,0.0
131729,0.0
131730,0.0
131731,0.0
131734,0.0
131735,0.0
131736,0.0
131737,0.0
131738,0.0
131739,0.0
131740,0.0
131741,0.0
131742,0.0
131743,0.0
131744,0.0
131745,0.0
131746,0.0
131747,0.0
131748,0.0
131749,0.0
131750,0.0
131751,0.0
131752,0.0
131753,0.0
131754,0.0
131755,0.0
131756,0.0
131757,0.0
131758,0.0
131759,0.0
131760,0.0
131761,0.0
131762,0.0
131763,0.0
131764,0.0
131765,0.0
131766,0.0
131767,0.0
131768,0.253472
131769,0.882024
131770,0.982143
131773,0.0
131779,0.0
131784,0.23741
131785,0.0
131786,0.0
131789,0.024691
131790,0.0
131791,0.0
131792,0.0
131794,0.0
131795,0.011842
131796,0.0
131797,0.0
131798,0.0
131799,0.0
131800,0.0
131801,0.0
131802,0.0
131803,0.0
131804,0.0
131805,0.0
131806,0.0
131807,0.0
131808,0.0
131809,0.0
131810,0.0
131811,0.0
131812,0.0
131813,0.0
131814,0.0
131815,0.0
131816,0.0
131817,0.0
131818,0.0
131819,0.0
131820,0.0
131821,0.0
131822,0.0
131824,0.0
131825,0.0
131826,0.0
131827,0.0
131828,0.0
131829,0.0
131830,0.0
131831,0.0
131832,0.000242
131833,0.0
131834,0.0
131836,0.0
132173,0.999511
132174,0.352715
132175,0.0
132176,0.014445
132177,0.0
132178,0.036819
132179,0.0
132181,0.0
132182,0.13382
132183,0.434361
132184,0.535354
132185,1.0
132186,1.0
132187,1.0
132190,0.0
132191,0.274079
132192,0.095682
132193,0.324022
132194,1.0
132222,0.90814
132223,0.565633
132224,0.521238
132225,0.623333
132226,0.780004
132227,0.273855
132228,0.0
132229,0.0
132231,0.0
132232,0.0
132233,0.0
132234,0.0
132235,0.0
132236,0.0
132237,0.0
132238,0.0
132239,0.123077
132240,0.535519
132241,1.0
132244,0.0
132245,0.0
132246,0.0
132247,0.0
132248,0.0
132249,0.0
132250,0.0
132251,0.0
132252,0.0
132253,0.0
132254,0.0
132255,0.0
132256,0.0
132257,0.0
132258,0.0
132259,0.0
132260,0.0
132261,0.0
132262,0.0
132263,0.0
132264,0.0
132265,0.0
132266,0.0
132267,0.0
132268,0.0
132269,0.0
132270,0.0
132271,0.0
132272,0.0
132273,0.12402
132274,0.660161
132275,0.723127
132276,0.870987
132277,0.872004
132278,0.463934
132279,0.117409
132280,0.0
132281,0.0
132282,0.0
132283,0.0
132284,0.0
132285,0.0
132286,0.0
132287,0.038095
132288,0.361637
132289,0.09119
132290,0.0
132291,0.0
132292,0.267606
132295,0.711111
132296,0.196325
132297,0.0
132298,0.0
132299,0.0
132300,0.0
132301,0.0
132302,0.0
132303,0.0
132304,0.0
132305,0.0
132306,0.0
132307,0.0
132308,0.0
132309,0.001466
132310,0.0
132311,0.0
132312,0.0
132313,0.0
132314,0.001922
132315,0.028443
132316,0.033126
132317,0.001153
132318,0.0
132319,0.082863
132320,0.183122
132321,0.053758
132322,0.034297
132323,0.00482
132324,0.0
132325,0.003581
132326,0.0
132327,0.0
132328,0.0
132329,0.0
132330,0.0
132331,0.0
132332,0.0
132333,0.0
132334,0.0
132335,0.0
132336,0.0
132337,0.0
132338,0.0
132339,0.0
132340,0.0
132341,0.0
132342,0.0
132343,0.0
132344,0.0
132345,0.0
132346,0.0
132347,0.0
132348,0.0
132349,0.0
132350,0.0
132351,0.0
132352,0.0
132353,0.0
132354,0.0
132355,0.0
132356,0.0
132357,0.0
132366,0.0
132367,0.0
132368,0.0
132369,0.0
132370,0.0
132371,0.0
132372,0.0
132376,0.0
132377,0.0
132378,0.0
132379,0.0
132380,0.0
132381,0.0
132382,0.0
132383,0.0
132384,0.0
132385,0.003861
132386,0.0
132387,0.0
132388,0.0
132389,0.0
132390,0.0
132391,0.0
132392,0.0
132393,0.0
132394,0.0
132395,0.188776
132396,0.165019
132397,0.0
132398,0.0
132399,0.005888
132400,0.029279
132404,0.0
132405,0.018817
132406,0.186298
132407,0.320427
132408,0.289666
132409,0.011618
132410,0.0
132411,0.0
132412,0.0
132413,0.0
132414,0.0
132415,0.0
132416,0.0
132417,0.0
132418,0.0
132419,0.0
132420,0.0
132421,0.0
132422,0.0
132423,0.0
132424,0.0
132425,0.0
132427,0.0
132428,0.0
132429,0.0
132430,0.0
132431,0.0
132432,0.0
132433,0.0
132434,0.0
132435,0.0
132436,0.0
132437,0.0
132438,0.0
132439,0.0
132440,0.0
132441,0.0
132442,0.0
132443,0.0
132444,0.0
132445,0.0
132446,0.0
132447,0.0
132448,0.0
132452,0.818182
132453,0.919427
132463,0.0
132467,0.0
132468,0.0
132469,0.0
132470,0.0
132471,0.0
132475,0.0
132476,0.0
132477,0.131934
132478,0.002327
132479,0.0
132480,0.0
132481,0.0
132482,0.0
132483,0.0
132484,0.0
132485,0.0
132486,0.0
132488,0.0
132489,0.0
132490,0.0
132491,0.0
132492,0.0
132493,0.0
132494,0.0
132495,0.0
132496,0.0
132497,0.0
132498,0.0
132500,0.0
132501,0.0
132502,0.0
132503,0.0
132504,0.0
132505,0.0
132506,0.0
132507,0.0
132508,0.0
132509,0.0
132510,0.0
132511,0.0
132512,0.0
132513,0.0
132514,0.0
132515,0.0
132516,0.0
132517,0.0
132518,0.0
132520,0.0
132858,0.478217
132859,0.0
132860,0.00573
132861,0.014828
132862,0.224974
132863,0.012452
132864,0.0
132865,0.0
132866,0.0
132867,0.310734
132868,0.333333
132869,0.421875
132870,0.86971
132871,0.369231
132873,1.0
132874,0.262228
132875,0.754304
132876,0.56391
132877,1.0
132905,1.0
132906,0.948963
132907,0.788109
132908,0.537193
132909,0.447768
132910,0.685555
132911,0.255452
132912,0.0
132913,0.0
132914,0.0
132915,0.0
132916,0.0
132917,0.0
132918,0.0
132919,0.0
132920,0.0
132921,0.0
132922,0.0
132923,0.0
132924,0.279523
132925,0.993954
132926,0.997195
132927,0.997144
132928,0.00048
132929,0.0
132930,0.0
132931,0.0
132932,0.0
132933,0.0
132934,0.0
132935,0.0
132936,0.0
132937,0.0
132938,0.0
132939,0.0
132940,0.0
132941,0.0
132942,0.0
132943,0.0
132944,0.0
132945,0.0
132946,0.023041
132947,0.229939
132948,0.0
132949,0.0
132950,0.0
132951,0.0
132952,0.0
132953,0.0
132954,0.0
132955,0.0
132956,0.001682
132957,0.192092
132958,0.727436
132959,0.834778
132960,0.837228
132961,0.20985
132962,0.032093
132963,0.00035
132964,0.075096
132965,0.001829
132966,0.007507
132967,0.191578
132968,0.1118
132969,0.133387
132970,0.0
132971,0.989247
132972,0.626322
132973,0.135023
132974,0.0
132975,0.223625
132976,0.155556
132977,1.0
132978,0.0
132979,0.074592
132980,0.0
132981,0.0
132982,0.0
132983,0.0
132984,0.0
132985,0.0
132986,0.013618
132987,0.000848
132988,0.0
132989,0.0
132990,0.0
132991,0.001314
132992,0.0
132993,0.0
132994,0.000327
132995,0.00123
132996,0.00124
132997,0.0
132998,0.0
132999,0.0
133000,0.0
133001,0.0
133002,0.0
133003,0.0
133004,0.0
133005,0.0
133006,0.0
133007,0.0
133008,0.0
133009,0.0
133010,0.0
133011,0.0
133012,0.0
133013,0.0
133014,0.0
133015,0.0
133016,0.0
133017,0.0
133018,0.0
133019,0.0
133020,0.0
133021,0.0
133022,0.0
133023,0.001705
133024,0.0
133025,0.0
133026,0.0
133027,0.0
133028,0.0
133029,0.0
133030,0.0
133031,0.0
133032,0.0
133033,0.0
133034,0.0
133035,0.0
133036,0.0
133037,0.0
133038,0.0
133039,0.0
133040,0.0
133041,0.0
133044,0.0
133045,0.0
133046,0.0
133047,0.0
133048,0.0
133049,0.0
133050,0.0
133051,0.0
133052,0.0
133053,0.0
133054,0.0
133055,0.0
133056,0.0
133057,0.0
133058,0.0
133059,0.0
133060,0.0
133061,0.0
133062,0.0
133063,0.0
133064,0.0
133065,0.0
133066,0.0
133067,0.0
133068,0.0
133069,0.0
133070,0.0
133071,0.0
133072,0.073295
133073,0.045643
133074,0.0
133075,0.0
133076,0.0
133077,0.0
133078,0.14193
133079,0.572718
133080,0.779261
133081,0.0
133082,0.0
133083,0.0
133084,0.337086
133085,0.438672
133086,0.997691
133087,0.743649
133088,0.002954
133089,0.04153
133090,0.604885
133091,0.704538
133092,0.287177
133093,0.251302
133094,0.0
133095,0.0
133096,0.0
133097,0.0
133098,0.0
133099,0.0
133100,0.0
133101,0.0
133102,0.0
133103,0.0
133104,0.0
133105,0.0
133106,0.0
133107,0.0
133108,0.0
133109,0.013699
133110,0.0
133114,0.0
133115,0.0
133116,0.0
133117,0.0
133118,0.0
133119,0.0
133120,0.0
133121,0.0
133122,0.0
133123,0.0
133124,0.0
133125,0.0
133126,0.0
133127,0.0
133128,0.0
133129,0.0
133130,0.0
133131,0.0
133132,0.0
133137,0.02
133145,0.0
133146,0.0
133148,0.0
133149,0.0
133150,0.0
133151,0.0
133152,0.0
133153,0.0
133154,0.026087
133155,0.0
133160,0.076923
133161,0.0
133162,0.0
133163,0.0
133164,0.0
133165,0.0
133166,0.0
133167,0.0
133168,0.0
133169,0.0
133170,0.0
133171,0.0
133172,0.0
133173,0.0
133174,0.0
133175,0.0
133176,0.0
133177,0.0
133178,0.0
133179,0.0
133180,0.0
133181,0.0
133182,0.0
133184,0.0
133185,0.0
133186,0.0
133187,0.0
133188,0.0
133189,0.0
133190,0.0
133191,0.0
133192,0.0
133193,0.0
133194,0.0
133195,0.0
133196,0.0
133197,0.0
133198,0.0
133199,0.0
133200,0.0
133201,0.0
133202,0.0
133544,0.0
133545,0.0
133546,0.032905
133547,0.190724
133548,0.174419
133549,0.0
133550,0.0
133551,0.402941
133552,0.268293
133553,0.398374
133554,0.661017
133555,0.478299
133556,1.0
133557,1.0
133560,1.0
133589,0.878472
133590,0.752423
133591,0.525631
133592,0.557623
133593,0.488185
133594,0.429254
133595,0.484009
133596,0.178755
133597,0.0
133598,0.0
133599,0.0
133600,0.0
133601,0.0
133602,0.0
133603,0.0
133604,0.0
133605,0.0
133606,0.0
133607,0.0
133608,0.265907
133609,0.906296
133610,0.989289
133611,0.990616
133612,0.057928
133613,0.0
133614,0.0
133615,0.0
133616,0.0
133617,0.0
133618,0.0
133619,0.0
133620,0.0
133621,0.0
133622,0.0
133623,0.0
133624,0.0
133625,0.0
133626,0.0
133627,0.0
133628,0.0
133629,0.202583
133630,0.62205
133631,0.217598
133632,0.050582
133633,0.0
133634,0.0
133635,0.0
133636,0.0
133637,0.0
133638,0.0
133639,0.0
133640,0.0
133641,0.0
133642,0.258285
133643,0.29798
133644,0.785995
133645,0.821333
133646,0.004704
133647,0.0
133648,0.152582
133649,0.29658
133650,0.822976
133651,0.3713
133652,0.229289
133653,0.493992
133654,0.676471
133655,0.977273
133656,0.566396
133657,0.00076
133658,0.0
133659,0.0
133660,0.0
133662,0.0
133663,0.0
133664,0.0
133665,0.0
133666,0.0
133667,0.013611
133668,0.0
133669,0.0
133670,0.0
133671,0.0
133672,0.0
133673,0.0
133674,0.0
133675,0.0
133676,0.0
133677,0.0
133678,0.0
133679,0.0
133680,0.0
133681,0.0
133682,0.0
133683,0.0
133684,0.0
133685,0.0
133686,0.0
133687,0.0
133688,0.0
133689,0.0
133690,0.0
133691,0.0
133692,0.0
133693,0.0
133694,0.0
133695,0.0
133696,0.0
133697,0.0
133698,0.0
133699,0.0
133700,0.0
133701,0.0
133702,0.0
133703,0.0
133704,0.0
133705,0.0
133706,0.0
133707,0.0
133708,0.0
133709,0.0
133710,0.0
133711,0.0
133712,0.0
133713,0.0
133714,0.0
133715,0.0
133716,0.0
133717,0.0
133718,0.0
133719,0.0
133720,0.0
133721,0.0
133722,0.0
133723,0.0
133724,0.0
133725,0.0
133726,0.0
133728,0.0
133729,0.0
133730,0.0
133731,0.0
133732,0.0
133733,0.0
133734,0.0
133735,0.0
133736,0.0
133737,0.0
133738,0.0
133739,0.0
133740,0.0
133741,0.0
133742,0.0
133743,0.0
133744,0.0
133745,0.0
133746,0.0
133747,0.0
133748,0.0
133749,0.0
133750,0.0
133751,0.0
133752,0.0
133753,0.0
133754,0.0
133755,0.338288
133756,0.41909
133757,0.175471
133758,0.0
133759,0.0
133760,0.0
133761,0.0
133762,0.07394
133763,0.580952
133764,0.783128
133765,0.0
133766,0.0
133767,0.0
133768,0.12253
133769,0.65
133770,0.762887
133771,0.777449
133772,0.233907
133773,0.005199
133774,0.051562
133775,0.242007
133776,0.120194
133777,0.713068
133778,0.0
133779,0.0
133780,0.0
133781,0.0
133782,0.0
133783,0.0
133784,0.0
133785,0.0
133786,0.0
133787,0.0
133788,0.0
133789,0.0
133790,0.0
133791,0.0
133792,0.0
133793,0.0
133801,0.0
133802,0.0
133803,0.0
133804,0.0
133805,0.0
133806,0.0
133807,0.0
133809,0.0
133810,0.0
133811,0.0
133812,0.0
133813,0.0
133814,0.0
133815,0.0
133816,0.0
133821,0.135021
133822,0.0
133829,0.0
133830,0.0
133831,0.0
133832,0.0
133833,0.0
133834,0.0
133835,0.0
133836,0.0
133837,0.046512
133838,0.225653
133839,0.785714
133844,0.15273
133845,0.0
133846,0.0
133847,0.0
133848,0.0
133849,0.0
133851,0.0
133852,0.0
133853,0.0
133854,0.0
133855,0.0
133856,0.0
133857,0.0
133858,0.0
133859,0.0
133860,0.0
133861,0.0
133862,0.0
133863,0.0
133864,0.0
133865,0.0
133866,0.0
133867,0.0
133868,0.0
133869,0.0
133870,0.0
133871,0.0
133872,0.0
133873,0.0
133874,0.0
133875,0.0
133876,0.0
133877,0.0
133878,0.0
133879,0.0
133880,0.0
133881,0.0
133882,0.0
133883,0.0
133884,0.0
134230,0.0
134231,0.0
134232,0.302083
134233,0.0
134234,0.0
134235,0.834646
134236,0.98125
134237,0.0
134239,1.0
134240,1.0
134241,1.0
134242,1.0
134244,0.0
134273,1.0
134274,0.400618
134275,0.687376
134276,0.655077
134277,0.391543
134278,0.219553
134279,0.346917
134280,0.644334
134281,0.068189
134282,0.0
134283,0.0
134284,0.0
134285,0.0
134286,0.0
134287,0.0
134288,0.0
134289,0.0
134290,0.0
134291,0.0
134292,0.0
134293,0.060188
134294,0.296887
134295,0.160341
134296,0.009548
134297,0.0
134298,0.0
134299,0.0
134300,0.0
134301,0.0
134302,0.0
134303,0.0
134304,0.0
134305,0.0
134306,0.0
134307,0.0
134308,0.0
134309,0.0
134310,0.0
134311,0.0
134312,0.0
134313,0.000353
134314,0.581627
134315,0.467189
134316,0.266842
134317,0.0
134318,0.0
134319,0.0
134320,0.0
134321,0.0
134322,0.0
134323,0.0
134324,0.0
134325,0.0
134326,0.227692
134327,0.118959
134328,0.635439
134329,0.773104
134330,0.0
134331,0.113409
134332,0.083725
134333,0.252443
134334,0.129882
134335,0.023256
134336,0.19137
134337,0.71257
134338,0.976475
134339,0.893855
134340,0.0
134341,0.0
134342,0.0
134343,0.0
134344,0.0
134345,0.0
134346,0.0
134347,0.0
134348,0.0
134349,0.0
134350,0.0
134351,0.002798
134352,0.0
134353,0.0
134354,0.0
134355,0.0
134356,0.0
134357,0.0
134358,0.0
134359,0.000345
134360,0.0
134361,0.0
134362,0.0
134363,0.057328
134364,0.0
134365,0.0
134366,0.0
134367,0.0
134368,0.0
134369,0.0
134370,0.0
134371,0.0
134372,0.0
134373,0.0
134374,0.0
134375,0.0
134376,0.0
134377,0.00117
134378,0.0
134379,0.0
134380,0.0
134381,0.0
134382,0.0
134383,0.0
134384,0.0
134385,0.0
134386,0.0
134387,0.0
134388,0.0
134389,0.0
134390,0.0
134391,0.0
134392,0.0
134393,0.0
134394,0.0
134395,0.0
134396,0.0
134397,0.0
134398,0.0
134399,0.0
134400,0.000417
134401,0.0
134402,0.0
134403,0.0
134404,0.0
134405,0.0
134406,0.0
134407,0.0
134408,0.0
134409,0.0
134410,0.0
134412,0.0
134413,0.0
134414,0.0
134415,0.0
134416,0.0
134417,0.0
134418,0.0
134419,0.0
134420,0.0
134421,0.0
134422,0.0
134423,0.0
134424,0.0
134425,0.0
134426,0.0
134427,0.0
134428,0.0
134429,0.0
134430,0.0
134431,0.0
134432,0.0
134433,0.0
134434,0.0
134435,0.0
134436,0.0
134437,0.0
134438,0.0
134439,0.094206
134440,0.335743
134441,0.464771
134442,0.312179
134443,0.196878
134444,0.0
134445,0.0
134446,0.015884
134447,0.567776
134448,0.334137
134449,0.0
134450,0.0
134451,0.0
134452,0.016959
134453,0.361848
134454,0.727273
134455,0.719446
134456,0.740329
134457,0.118594
134458,0.0
134459,0.001576
134460,0.0
134461,0.0
134462,0.0
134463,0.0
134464,0.0
134465,0.0
134466,0.0
134467,0.0
134468,0.0
134469,0.0
134470,0.0
134471,0.0
134472,0.0
134473,0.0
134474,0.0
134475,0.0
134476,0.0
134477,0.0
134478,0.029412
134485,0.0
134486,0.0
134487,0.0
134489,0.0
134490,0.0
134491,0.0
134492,0.0
134493,0.0
134494,0.0
134495,0.0
134496,0.0
134497,0.0
134498,0.0
134499,0.0
134500,0.0
134501,0.0
134504,0.0
134505,0.0
134506,0.0
134507,0.0
134508,0.0
134514,0.0
134518,0.0
134519,0.0
134520,0.028736
134521,0.097959
134522,0.600798
134523,0.438725
134527,1.0
134528,0.470315
134529,0.023852
134530,0.0
134531,0.0
134532,0.0
134533,0.0
134536,0.0
134537,0.0
134538,0.0
134539,0.0
134540,0.0
134541,0.0
134542,0.0
134543,0.0
134544,0.0
134545,0.0
134546,0.0
134547,0.0
134548,0.0
134549,0.0
134550,0.0
134551,0.0
134553,0.0
134554,0.0
134555,0.0
134556,0.0
134557,0.0
134558,0.0
134559,0.0
134560,0.0
134561,0.0
134562,0.0
134563,0.0
134564,0.0
134565,0.0
134566,0.0
134567,0.0
134568,0.0
134917,0.016484
134918,0.443462
134919,0.087815
134920,0.073333
134922,0.431818
134923,0.334539
134924,1.0
134925,1.0
134926,1.0
134927,1.0
134938,1.0
134957,0.980184
134958,0.412822
134959,0.49089
134960,0.610543
134961,0.368214
134962,0.001928
134963,0.493687
134964,0.671817
134965,0.931964
134966,0.692355
134967,0.0
134968,0.0
134969,0.0
134970,0.0
134971,0.0
134972,0.0
134973,0.0
134974,0.0
134975,0.0
134976,0.0
134977,0.0
134978,0.0
134979,0.0
134980,0.0
134981,0.0
134982,0.03582
134983,0.025142
134984,0.0
134985,0.0
134986,0.0
134987,0.0
134988,0.0
134989,0.0
134990,0.0
134991,0.0
134992,0.0
134993,0.0
134994,0.0
134995,0.0
134996,0.0
134997,0.0
134998,0.002447
134999,0.257531
135000,0.0
135001,0.0
135002,0.0
135003,0.0
135004,0.0
135005,0.0
135006,0.0
135007,0.0
135008,0.0
135009,0.013245
135010,0.0
135011,0.167675
135012,0.26954
135013,0.571338
135014,0.0
135015,0.002217
135016,0.0
135017,0.223188
135018,0.623362
135019,0.492212
135020,0.009396
135021,0.0
135022,0.161995
135023,0.851541
135024,0.006369
135025,0.0
135026,0.0
135027,0.010156
135028,0.661871
135029,0.073171
135030,0.0
135031,0.0
135032,0.0
135033,0.0
135034,0.0
135035,0.0
135036,0.0
135037,0.0
135038,0.0
135039,0.0
135040,0.0
135041,0.0
135042,0.0
135043,0.0
135044,0.0
135045,0.0
135046,0.0
135047,0.154589
135048,0.172611
135049,0.12766
135050,0.167155
135051,0.028064
135052,0.0
135053,0.0
135054,0.0
135055,0.0
135056,0.0
135057,0.0
135058,0.0
135059,0.0
135060,0.0
135061,0.0
135062,0.0
135063,0.0
135064,0.0
135065,0.0
135066,0.0
135067,0.0
135068,0.0
135069,0.0
135070,0.0
135071,0.0
135072,0.0
135073,0.0
135074,0.0
135075,0.0
135076,0.0
135077,0.0
135078,0.0
135079,0.0
135080,0.0
135081,0.0
135082,0.0
135083,0.0
135084,0.0
135085,0.0
135086,0.0
135087,0.0
135088,0.0
135089,0.0
135090,0.0
135093,0.0
135094,0.0
135095,0.0
135096,0.0
135097,0.0
135098,0.0
135099,0.0
135100,0.0
135101,0.0
135102,0.0
135103,0.0
135104,0.0
135105,0.0
135106,0.0
135107,0.0
135108,0.0
135109,0.0
135110,0.0
135111,0.0
135112,0.0
135113,0.0
135114,0.0
135115,0.0
135116,0.0
135117,0.0
135118,0.01139
135119,0.226143
135120,0.335362
135121,0.0
135122,0.0
135123,0.0
135124,0.096873
135125,0.392749
135126,0.685721
135127,0.410243
135128,0.123368
135129,0.0
135130,0.043231
135131,0.029805
135132,0.0
135133,0.0
135134,0.0
135135,0.0
135136,0.0
135137,0.0
135138,0.015079
135139,0.285974
135140,0.297629
135141,0.059551
135142,0.0
135143,0.0
135144,0.0
135145,0.0
135146,0.0
135147,0.0
135148,0.0
135149,0.0
135150,0.0
135151,0.0
135152,0.0
135153,0.0
135154,0.0
135155,0.0
135156,0.0
135157,0.0
135158,0.0
135159,0.0
135160,0.0
135161,0.0
135162,0.0
135169,0.0
135170,0.0
135171,0.0
135172,0.0
135173,0.0
135174,0.0
135175,0.0
135176,0.0
135177,0.0
135178,0.0
135179,0.0
135180,0.0
135181,0.0
135182,0.0
135183,0.0
135184,0.0
135185,0.0
135186,0.0
135187,0.0
135188,0.0
135189,0.0
135190,0.0
135191,0.0
135192,0.0
135193,0.0
135196,0.0
135197,0.0
135198,0.0
135203,0.023464
135204,0.30541
135205,0.369739
135206,0.058667
135207,0.0
135208,0.0
135209,0.0
135211,0.612971
135212,0.174877
135213,0.0
135214,0.0
135215,0.0
135216,0.0
135217,0.0
135219,0.0
135220,0.0
135221,0.0
135222,0.0
135223,0.0
135224,0.0
135225,0.0
135226,0.0
135227,0.0
135228,0.0
135229,0.0
135230,0.0
135231,0.0
135232,0.0
135233,0.0
135234,0.0
135235,0.0
135236,0.0
135237,0.0
135238,0.0
135239,0.0
135240,0.0
135241,0.0
135242,0.0
135243,0.0
135244,0.0
135245,0.0
135246,0.0
135247,0.0
135248,0.0
135249,0.0
135250,0.0
135602,0.0
135603,0.006667
135604,0.0
135605,0.008502
135606,0.008529
135607,0.011759
135608,1.0
135609,1.0
135610,1.0
135611,1.0
135612,0.0
135619,1.0
135640,0.528708
135641,0.494336
135642,0.987471
135643,0.532336
135644,0.409217
135645,0.139032
135646,0.001447
135647,0.041364
135648,0.221117
135649,0.288498
135650,0.161146
135651,0.0
135652,0.0
135653,0.0
135654,0.0
135655,0.0
135656,0.0
135657,0.0
135658,0.0
135659,0.0
135660,0.020948
135661,0.338067
135662,0.434775
135663,0.082594
135664,0.0
135665,0.0
135666,0.045647
135667,0.0
135668,0.0
135669,0.0
135670,0.0
135671,0.0
135672,0.0
135673,0.0
135674,0.0
135675,0.0
135676,0.0
135677,0.0
135678,0.0
135679,0.0
135680,0.0
135681,0.0
135682,0.0
135683,0.0
135684,0.0
135685,0.0
135686,0.0
135687,0.0
135688,0.0
135689,0.0
135690,0.0
135691,0.011772
135692,0.01515
135693,0.015474
135694,0.000234
135695,0.0
135696,0.046001
135697,0.014021
135698,0.284264
135699,0.166814
135700,0.086312
135701,0.411337
135702,0.955752
135703,0.224307
135704,0.133583
135705,0.155128
135706,0.0
135707,0.001779
135708,0.0
135709,0.004768
135710,0.000549
135711,0.276803
135712,1.0
135714,0.0
135715,0.008861
135716,0.0
135717,0.0
135718,0.0
135719,0.0
135720,0.0
135721,0.0
135722,0.0
135723,0.00095
135724,0.0
135725,0.0
135726,0.0
135727,0.0
135728,0.0
135729,0.0
135730,0.028046
135731,0.017018
135732,0.029937
135733,0.25931
135734,0.358009
135735,0.090674
135736,0.0
135737,0.0
135738,0.014277
135739,0.0
135740,0.0
135741,0.0
135742,0.0
135743,0.0
135744,0.0
135745,0.0
135746,0.0
135747,0.0
135748,0.0
135749,0.0
135750,0.0
135751,0.0
135752,0.0
135753,0.0
135754,0.0
135755,0.0
135756,0.0
135757,0.0
135758,0.0
135759,0.0
135760,0.0
135761,0.0
135762,0.001057
135763,0.002133
135764,0.0
135765,0.0
135766,0.0
135767,0.0
135768,0.0
135769,0.0
135770,0.0
135771,0.0
135772,0.0
135773,0.0
135774,0.0
135775,0.0
135776,0.0
135777,0.0
135778,0.0
135779,0.0
135780,0.0
135781,0.0
135782,0.0
135783,0.0
135784,0.0
135785,0.0
135786,0.0
135787,0.0
135788,0.0
135789,0.0
135790,0.0
135791,0.0
135792,0.0
135793,0.0
135794,0.0
135795,0.0
135796,0.0
135797,0.0
135798,0.0
135799,0.0
135800,0.0
135801,0.0
135802,0.322275
135803,0.792539
135804,0.712871
135805,0.24183
135806,0.0
135807,0.0
135808,0.005395
135809,0.300931
135810,0.353671
135811,0.15016
135812,0.008805
135813,0.0
135814,0.0
135815,0.0
135816,0.0
135817,0.0
135818,0.0
135819,0.0
135820,0.0
135821,0.0
135822,0.0
135823,0.0
135824,0.0
135825,0.0
135826,0.0
135827,0.0
135828,0.0
135829,0.0
135830,0.0
135831,0.0
135832,0.0
135833,0.0
135834,0.0
135835,0.0
135836,0.0
135837,0.0
135838,0.0
135839,0.0
135840,0.0
135841,0.0
135842,0.0
135843,0.0
135844,0.0
135845,0.0
135846,0.0
135847,0.0
135848,0.0
135849,0.0
135852,0.0
135853,0.0
135854,0.0
135855,0.0
135856,0.0
135857,0.0
135859,0.0
135860,0.0
135861,0.0
135862,0.0
135863,0.0
135864,0.0
135865,0.0
135867,0.0
135868,0.0
135869,0.0
135870,0.0
135871,0.048128
135872,0.020255
135873,0.003275
135874,0.0
135875,0.0
135876,0.0
135877,0.0
135879,0.0
135880,0.0
135881,0.0
135882,0.0
135887,0.896541
135888,0.384106
135889,0.0
135890,0.0
135891,0.0
135892,0.439344
135893,0.324602
135894,0.118384
135895,0.266816
135896,0.0
135897,0.0
135898,0.0
135899,0.0
135900,0.0
135901,0.0
135902,0.0
135903,0.0
135904,0.0
135905,0.0
135906,0.0
135907,0.0
135908,0.0
135909,0.00041
135910,0.0
135911,0.0
135912,0.0
135913,0.0
135914,0.0
135915,0.0
135916,0.0
135917,0.0
135918,0.0
135919,0.0
135920,0.0
135921,0.0
135922,0.0
135923,0.0
135924,0.0
135925,0.0
135926,0.0
135927,0.0
135928,0.0
135929,0.0
135930,0.0
135931,0.0
135932,0.0
136288,0.0
136289,0.0
136290,0.0
136291,0.0
136292,1.0
136293,1.0
136294,1.0
136295,1.0
136296,1.0
136302,0.181818
136303,1.0
136304,0.920792
136305,1.0
136309,1.0
136310,1.0
136323,0.855769
136324,0.028541
136325,0.708733
136326,0.767465
136327,0.12718
136328,0.419598
136329,0.680603
136330,0.534639
136331,0.092123
136332,0.0
136333,0.0
136334,0.0
136335,0.0
136336,0.0
136337,0.0
136338,0.0
136339,0.0
136340,0.000685
136341,0.70982
136342,0.154647
136343,0.0
136344,0.495981
136345,0.984682
136346,0.982569
136347,1.0
136348,0.492086
136349,0.709845
136350,0.129527
136351,0.014695
136352,0.0
136353,0.0
136354,0.0
136355,0.0
136356,0.0
136357,0.0
136358,0.0
136359,0.0
136360,0.0
136361,0.0
136362,0.0
136363,0.0
136364,0.0
136365,0.0
136366,0.0
136367,0.0
136368,0.0
136369,0.0
136370,0.0
136371,0.0
136372,0.0
136373,0.0
136374,0.0
136375,0.0
136376,0.0
136377,0.0
136378,0.0
136379,0.0
136380,0.0
136381,0.119313
136382,0.632755
136383,0.870592
136384,0.795169
136385,0.322698
136386,0.998696
136387,0.925984
136388,0.883333
136389,0.09275
136390,0.133106
136391,0.0
136392,0.022857
136393,0.0
136394,0.453757
136395,0.065
136396,1.0
136397,0.0
136398,0.0
136399,0.0
136400,0.00805
136401,0.006562
136402,0.001756
136403,0.010412
136404,0.0
136405,8.5e-05
136406,0.0
136407,0.0
136408,0.0
136409,0.0
136410,0.0
136411,0.0
136412,0.0
136413,0.0
136414,0.086401
136415,0.300191
136416,0.061599
136417,0.101945
136418,0.133974
136419,0.10671
136420,0.0004
136421,0.079005
136422,0.0
136423,0.0
136424,0.0
136425,0.0
136426,0.0
136427,0.0
136428,0.0
136429,0.0
136430,0.0
136431,0.0
136432,0.0
136433,0.0
136434,0.0
136435,0.0
136436,0.0
136437,0.0
136438,0.0
136439,0.0
136440,0.0
136441,0.0
136442,0.0
136443,0.0
136444,0.0
136445,0.0
136446,0.0
136447,0.0
136448,0.0
136449,0.0
136450,0.0
136451,0.0
136452,0.0
136453,0.0
136454,0.0
136455,0.0
136456,0.0
136457,0.0
136458,0.0
136459,0.0
136460,0.0
136461,0.0
136462,0.0
136463,0.0
136464,0.0
136465,0.0
136466,0.0
136467,0.0
136468,0.0
136469,0.0
136470,0.0
136471,0.0
136472,0.0
136473,0.0
136474,0.0
136475,0.0
136476,0.0
136477,0.0
136478,0.0
136479,0.0
136480,0.0
136481,0.0
136482,0.0
136483,0.0
136484,0.13665
136485,0.067596
136486,0.694622
136487,0.0
136488,0.0
136489,0.0
136490,0.0
136491,0.0
136492,0.0
136493,0.0
136496,0.964602
136497,0.0
136498,0.0
136499,0.004877
136500,0.0
136501,0.0
136502,0.0
136503,0.0
136504,0.0
136505,0.003912
136506,0.0
136507,0.0
136508,0.0
136509,0.0
136510,0.0
136511,0.0
136512,0.0
136513,0.0
136514,0.0
136515,0.0
136516,0.0
136517,0.0
136518,0.0
136519,0.0
136520,0.0
136521,0.0
136522,0.0
136523,0.0
136524,0.0
136525,0.0
136526,0.0
136527,0.0
136528,0.0
136529,0.002967
136530,0.0
136531,0.0
136532,0.0
136533,0.0
136534,0.0
136535,0.0
136536,0.0
136537,0.0
136538,0.0
136539,0.0
136542,0.0
136543,0.0
136544,0.0
136545,0.0
136546,0.0
136547,0.0
136548,0.0
136549,0.0
136550,0.0
136551,0.0
136552,0.0
136553,0.0
136554,0.0
136555,0.0
136556,0.0
136557,0.0
136558,0.0
136559,0.0
136560,0.0
136561,0.0
136562,0.0
136564,0.0
136565,0.0
136570,1.0
136571,0.444015
136572,0.201657
136573,0.0
136574,0.0
136575,0.216895
136576,0.613982
136577,0.05036
136578,0.151724
136579,0.0
136580,0.0
136581,0.0
136582,0.0
136583,0.0
136584,0.0
136585,0.0
136586,0.0
136587,0.0
136588,0.0
136589,0.0
136590,0.0
136591,0.0
136592,0.0
136593,0.469833
136594,0.032955
136595,0.0
136596,0.0
136597,0.0
136598,0.0
136599,0.0
136600,0.0
136601,0.0
136602,0.033123
136603,0.0
136604,0.0
136605,0.0
136606,0.0
136607,0.0
136608,0.0
136609,0.0
136610,0.0
136611,0.0
136612,0.0
136613,0.0
136614,0.0
136615,0.0
136616,0.05134
136617,0.088235
136618,0.057692
136620,0.0
136972,0.861875
136973,0.557864
136974,0.409524
136975,0.325
136977,1.0
136978,1.0
136979,1.0
136980,1.0
136983,1.0
136984,1.0
136988,1.0
136991,1.0
136992,1.0
136993,1.0
136994,1.0
136995,1.0
137000,1.0
137008,0.523878
137009,0.929316
137010,0.0
137011,0.289892
137012,0.836002
137013,0.949211
137014,0.73868
137015,0.638499
137016,0.0
137017,0.0
137018,0.0
137019,0.0
137020,0.027341
137021,0.026554
137022,0.0
137023,0.0
137024,0.0017
137025,0.540631
137026,0.692263
137027,0.139517
137028,0.900787
137029,0.917519
137030,0.992112
137031,0.968762
137032,0.957189
137033,1.0
137034,0.01441
137035,0.014714
137036,0.0
137037,0.0
137038,0.0
137039,0.0
137040,0.0
137041,0.0
137042,0.0
137043,0.0
137044,0.0
137045,0.0
137046,0.0
137047,0.0
137048,0.0
137049,0.0
137050,0.0
137051,0.0
137052,0.0
137053,0.0
137054,0.0
137055,0.0
137056,0.0
137057,0.0
137058,0.0
137059,0.0
137060,0.0
137061,0.005192
137062,0.033596
137063,0.000244
137064,0.026144
137065,0.00015
137066,0.193548
137067,0.563224
137068,0.698039
137069,0.4453
137070,0.659227
137073,0.055016
137074,0.015557
137075,0.000266
137076,0.0
137077,0.021395
137078,0.308889
137080,0.0
137081,0.0
137082,0.0
137083,0.0
137084,0.0
137085,0.0
137086,0.0
137087,0.0
137088,0.0
137089,9.6e-05
137090,0.000183
137091,8.5e-05
137092,0.0
137093,0.0
137094,0.0
137095,0.0
137096,0.0
137097,0.0
137098,0.0
137099,0.017624
137100,0.0
137101,0.0
137102,0.0
137103,0.003626
137104,0.0
137105,0.0
137106,0.0
137107,0.0
137108,0.0
137109,0.0
137110,0.0
137111,0.0
137112,0.0
137113,0.0
137114,0.0
137115,0.0
137116,0.0
137117,0.0
137118,0.0
137119,0.0
137120,0.0
137121,0.0
137122,0.0
137123,0.0
137124,0.0
137125,0.0
137126,0.0
137127,0.0
137128,0.0
137129,0.0
137130,0.0
137131,0.0
137132,0.0
137133,0.0
137134,0.0
137135,0.0
137136,0.0
137137,0.0
137138,0.0
137139,0.0
137140,0.0
137141,0.0
137142,0.0
137143,0.0
137144,0.0
137145,0.0
137146,0.0
137147,0.0
137148,0.0
137149,0.0
137150,0.0
137151,0.0
137152,0.0
137153,0.0
137154,0.0
137155,0.0
137156,0.0
137157,0.0
137158,0.0
137159,0.0
137160,0.0
137161,0.0
137162,0.0
137163,0.0
137164,0.0
137165,0.0
137166,0.0
137168,0.929134
137169,0.899038
137173,0.0
137174,0.0
137175,0.0
137176,0.0
137182,0.0
137183,0.003968
137184,0.0
137185,0.0
137186,0.0
137187,0.0
137188,0.0
137189,0.0
137190,0.0
137191,0.0
137192,0.0
137193,0.0
137194,0.0
137195,0.0
137196,0.0
137197,0.0
137198,0.0
137199,0.0
137200,0.0
137201,0.0
137202,0.0
137203,0.0
137204,0.0
137205,0.0
137206,0.0
137207,0.0
137208,0.0
137209,0.0
137210,0.0
137211,0.0
137212,0.0
137213,0.0
137214,0.004025
137215,0.114806
137216,0.096533
137217,0.0
137218,0.0
137219,0.0
137220,0.0
137221,0.0
137222,0.0
137223,0.0
137224,0.0
137225,0.0
137226,0.0
137227,0.0
137228,0.0
137229,0.0
137230,0.0
137231,0.0
137232,0.0
137233,0.0
137234,0.0
137235,0.0
137239,0.0
137240,0.0
137241,0.0
137242,0.0
137243,0.0
137244,0.0
137245,0.0
137246,0.0
137250,0.0
137251,0.0
137254,0.711864
137255,0.031175
137256,0.0
137257,0.0
137258,0.098266
137259,0.006881
137260,0.067909
137261,0.0
137262,0.0
137263,0.0
137264,0.0
137265,0.0
137266,0.0
137267,0.0
137268,0.0
137269,0.0
137270,0.0
137271,0.0
137272,0.0
137273,0.0
137274,0.0
137275,0.0
137276,0.0
137277,0.06294
137278,0.238689
137279,0.0
137280,0.0
137281,0.0
137282,0.0
137283,0.0
137284,0.169154
137285,0.875
137286,0.554444
137287,0.025596
137288,0.0
137289,0.0
137290,0.0
137291,0.0
137292,0.0
137293,0.0
137294,0.0
137295,0.0
137296,0.0
137297,0.0
137298,0.0
137299,0.0
137300,0.02323
137301,0.208835
137302,0.081897
137303,1.0
137304,0.0
137656,1.0
137657,0.973717
137658,1.0
137659,1.0
137660,1.0
137663,1.0
137664,1.0
137667,1.0
137668,1.0
137669,1.0
137670,1.0
137672,1.0
137673,1.0
137674,1.0
137675,1.0
137676,1.0
137677,1.0
137678,1.0
137679,1.0
137680,1.0
137681,1.0
137684,1.0
137692,0.530488
137693,0.949278
137694,1.0
137695,0.609597
137696,0.818695
137697,0.808612
137698,0.819882
137699,0.410976
137700,0.0
137701,0.0
137702,0.0
137703,0.0
137704,0.057143
137705,0.417055
137706,0.134769
137707,0.0
137708,0.0
137709,0.817183
137710,0.8792
137711,0.925
137712,0.901249
137713,0.987252
137714,0.995191
137715,0.893805
137716,0.933333
137717,0.986784
137718,0.076802
137719,0.0
137720,0.0
137721,0.0
137722,0.0
137723,0.0
137724,0.0
137725,0.0
137726,0.0
137727,0.0
137728,0.0
137729,0.0
137730,0.0
137731,0.0
137732,0.0
137733,0.0
137734,0.0
137735,0.0
137736,0.001052
137737,0.0
137738,0.0
137739,0.0
137740,0.0
137741,0.0
137742,0.0
137743,0.0
137744,0.0
137745,0.0
137746,0.058662
137747,0.0
137748,0.014054
137749,0.028892
137750,0.071599
137751,0.671883
137752,0.214452
137753,0.002445
137754,0.0
137755,0.375
137756,0.0
137757,0.0
137758,0.0
137759,0.0
137760,0.001324
137761,0.002931
137764,0.0
137765,0.0
137766,0.0
137767,0.0
137768,0.0
137769,0.0
137770,0.01491
137771,0.042739
137772,0.00894
137773,0.000751
137774,0.0
137775,0.0
137776,0.0
137777,0.0
137778,0.0
137779,0.0
137780,0.0
137781,0.0
137782,0.0
137783,0.0
137784,0.0
137785,0.0
137786,0.0
137787,0.0
137788,0.0
137789,0.0
137790,0.0
137791,0.0
137792,0.0
137793,0.0
137794,0.0
137795,0.0
137796,0.0
137797,0.0
137798,0.0
137799,0.0
137800,0.0
137801,0.0
137802,0.0
137803,0.0
137804,0.0
137805,0.0
137806,0.0
137807,0.0
137808,0.0
137809,0.0
137810,0.0
137811,0.0
137812,0.0
137813,0.0
137814,0.0
137815,0.0
137816,0.0
137817,0.0
137818,0.0
137819,0.0
137820,0.0
137821,0.0
137822,0.0
137823,0.0
137824,0.0
137825,0.0
137826,0.0
137827,0.0
137828,0.0
137829,0.0
137830,0.0
137831,0.0
137832,0.0
137833,0.0
137834,0.0
137835,0.0
137836,0.0
137837,0.0
137838,0.0
137839,0.0
137840,0.0
137841,0.0
137842,0.0
137843,0.0
137844,0.0
137845,0.0
137846,0.0
137847,0.0
137848,0.0
137857,0.0
137858,0.0
137859,0.0
137860,0.0
137868,0.0
137869,0.0
137870,0.0
137871,0.0
137872,0.0
137873,0.0
137874,0.0
137875,0.0
137876,0.0
137877,0.0
137878,0.0
137879,0.0
137880,0.0
137881,0.0
137882,0.0
137883,0.0
137884,0.0
137885,0.0
137886,0.0
137887,0.0
137888,0.0
137889,0.0
137890,0.0
137891,0.0
137892,0.0
137893,0.0
137894,0.0
137895,0.0
137896,0.0
137897,0.0
137898,0.0
137899,0.002809
137900,0.027082
137901,0.0
137902,0.0
137903,0.0
137904,0.0
137905,0.0
137906,0.0
137907,0.031672
137908,0.0
137909,0.0
137910,0.0
137911,0.0
137912,0.0
137913,0.0
137914,0.0
137915,0.0
137916,0.0
137917,0.0
137918,0.0
137923,0.0
137924,0.0
137925,0.103276
137926,0.0
137928,0.0
137929,0.0
137930,0.0
137936,0.0
137938,0.0
137940,0.0
137941,0.0
137942,0.0
137943,0.0
137944,0.0
137945,0.0
137946,0.0
137947,0.0
137948,0.0
137949,0.0
137950,0.0
137951,0.0
137952,0.0
137953,0.0
137954,0.0
137955,0.0
137957,0.0
137958,0.0
137959,0.0
137960,0.0
137961,0.0
137962,0.0
137963,0.0
137964,0.0
137965,0.0
137966,0.0
137967,0.414607
137968,1.0
137969,1.0
137970,1.0
137971,0.0
137972,0.0
137973,0.0
137974,0.0
137975,0.0
137976,0.0
137977,0.0
137978,0.0
137979,0.0
137980,0.0
137981,0.0
137984,0.0
137985,0.580012
138342,1.0
138343,1.0
138344,1.0
138348,1.0
138351,1.0
138352,1.0
138353,1.0
138354,1.0
138355,1.0
138356,1.0
138357,1.0
138358,1.0
138359,1.0
138360,1.0
138361,1.0
138362,1.0
138363,1.0
138364,1.0
138365,1.0
138366,1.0
138376,0.0
138377,0.221888
138378,0.57114
138379,0.429505
138380,0.107639
138381,0.971231
138382,0.781282
138383,0.670909
138384,0.018012
138385,0.0
138386,0.0
138387,0.0
138388,0.0
138389,0.162104
138390,0.28376
138391,0.0
138392,0.061543
138393,0.55063
138394,1.0
138395,0.902893
138396,0.945666
138397,0.492797
138398,0.508354
138399,0.146512
138400,0.375412
138401,0.973642
138402,0.023014
138403,0.0
138404,0.0
138405,0.0
138406,0.0
138407,0.0
138408,0.0
138409,0.0
138410,0.0
138411,0.0
138412,0.0
138413,0.0
138414,0.0
138415,0.0
138416,0.0
138417,0.0
138418,0.0
138419,0.0
138420,0.077482
138421,0.116853
138422,0.0
138423,0.014279
138424,0.00767
138425,0.0
138426,0.0
138427,0.0
138428,0.0
138429,0.028262
138430,0.0
138431,0.03656
138432,0.00922
138433,0.303387
138434,0.413944
138435,0.834862
138436,0.38414
138437,0.0
138438,0.004367
138439,0.714549
138440,0.093168
138441,0.0
138442,0.0
138443,0.0
138444,0.0
138445,0.0
138448,0.0
138449,0.0
138450,0.0
138451,0.008046
138452,0.001723
138453,0.0
138454,0.001808
138455,0.009956
138456,0.049573
138457,0.006089
138458,0.0
138459,0.0
138460,0.0
138461,0.0
138462,0.0
138463,0.0
138464,0.0
138465,0.0
138466,0.0
138467,0.0
138468,0.0
138469,0.0
138470,0.0
138471,0.0
138472,0.0
138473,0.0
138474,0.0
138475,0.0
138476,0.0
138477,0.0
138478,0.0
138479,0.0
138480,0.0
138481,0.0
138482,0.0
138483,0.0
138484,0.0
138485,0.0
138486,0.0
138487,0.0
138488,0.0
138489,0.0
138490,0.0
138491,0.0
138492,0.0
138493,0.0
138494,0.0
138495,0.0
138496,0.0
138497,0.0
138498,0.0
138499,0.0
138500,0.0
138501,0.0
138502,0.0
138503,0.0
138504,0.007109
138505,0.0
138506,0.0
138507,0.0
138508,0.0
138509,0.0
138510,0.0
138511,0.0
138512,0.0
138513,0.0
138514,0.0
138515,0.0
138516,0.0
138517,0.0
138518,0.0
138519,0.0
138520,0.0
138521,0.0
138522,0.0
138523,0.0
138524,0.0
138525,0.0
138526,0.0
138527,0.0
138528,0.0
138529,0.0
138530,0.0
138536,0.0
138553,0.0
138554,0.0
138555,0.0
138556,0.0
138557,0.0
138558,0.0
138559,0.0
138560,0.0
138561,0.0
138562,0.0
138563,0.0
138564,0.0
138565,0.0
138566,0.0
138567,0.0
138568,0.0
138569,0.0
138570,0.0
138572,0.0
138573,0.0
138574,0.0
138575,0.0
138576,0.0
138577,0.0
138578,0.0
138579,0.0
138580,0.0
138581,0.0
138582,0.0
138583,0.011644
138584,0.0
138585,0.0
138586,0.0
138587,0.0
138588,0.0
138589,0.0
138590,0.0
138591,0.005935
138592,0.0
138593,0.0
138594,0.0
138595,0.0
138596,0.0
138597,0.0
138598,0.0
138599,0.0
138600,0.0
138607,0.0
138608,0.0
138609,0.0
138610,0.0
138611,0.0
138612,0.0
138613,0.0
138620,0.003125
138621,0.0
138625,0.0
138626,0.0
138627,0.0
138629,0.0
138630,0.0
138631,0.0
138632,0.0
138633,0.0
138634,0.0
138635,0.0
138636,0.0
138637,0.0
138638,0.0
138641,0.0
138642,0.0
138643,0.0
138644,0.0
138645,0.0
138646,0.0
138647,0.0
138648,0.0
138649,0.0
138650,0.0
138651,0.083562
138652,0.613712
138653,0.475694
138654,0.0
138656,0.0
138657,0.0
138658,0.0
138659,0.0
138660,0.0
138661,0.0
138662,0.0
138663,0.0
138664,0.0
138665,0.0
138668,1.0
139036,0.5
139037,1.0
139038,1.0
139039,1.0
139040,1.0
139041,1.0
139042,1.0
139044,1.0
139045,1.0
139046,1.0
139047,1.0
139048,1.0
139049,1.0
139050,1.0
139061,0.895986
139062,0.831489
139063,0.731796
139064,0.0
139065,0.474803
139066,0.860823
139067,0.930821
139068,0.739398
139069,0.585573
139070,0.0
139071,0.0
139072,0.0
139073,0.534609
139074,0.472929
139075,0.0
139076,0.244584
139077,0.970785
139078,0.993915
139079,0.997778
139080,0.0
139081,0.32
139082,0.405018
139083,0.998233
139084,0.996916
139085,0.753425
139086,0.035071
139087,0.0
139088,0.0
139089,0.0
139090,0.0
139091,0.0
139092,0.0
139093,0.0
139094,0.0
139095,0.0
139096,0.0
139097,0.0
139098,0.0
139099,0.0
139100,0.0
139101,0.0
139102,0.0
139103,0.0
139104,0.0
139105,0.0
139106,0.0
139107,0.188011
139108,0.154673
139109,0.0
139110,0.0
139111,0.068665
139112,0.052075
139113,0.156695
139114,0.086824
139115,0.027965
139116,0.203865
139117,0.694444
139118,0.221949
139119,0.518794
139120,0.388011
139121,0.029514
139122,0.028938
139123,0.021912
139124,0.004975
139125,0.0
139126,0.0
139127,0.427975
139128,0.0
139129,0.018519
139130,0.014493
139132,0.016107
139133,0.0
139134,0.0
139135,0.0
139136,0.0
139137,0.002196
139138,0.028078
139139,0.028225
139140,0.034227
139141,0.002941
139142,0.002177
139143,0.0
139144,0.0
139145,0.0
139146,0.0
139147,0.0
139148,0.0
139149,0.0
139150,0.0
139151,0.0
139152,0.0
139153,0.0
139154,0.0
139155,0.0
139156,0.0
139157,0.0
139158,0.0
139159,0.0
139160,0.0
139161,0.0
139162,0.0
139163,0.0
139164,0.0
139165,0.0
139166,0.0
139167,0.0
139168,0.0
139169,0.0
139170,0.0
139171,0.0
139172,0.0
139173,0.0
139174,0.0
139175,0.0
139176,0.0
139177,0.0
139178,0.0
139179,0.0
139180,0.0
139181,0.0
139182,0.0
139183,0.0
139184,0.0
139185,0.0
139186,0.0
139187,0.0
139188,0.0
139189,0.0
139190,0.0
139191,0.0
139192,0.0
139193,0.0
139194,0.0
139195,0.0
139196,0.0
139197,0.0
139198,0.0
139199,0.0
139200,0.0
139201,0.0
139202,0.0
139203,0.0
139204,0.0
139205,0.0
139207,0.0
139208,0.0
139209,0.0
139210,0.0
139211,0.0
139212,0.0
139213,0.0
139214,0.0
139215,0.0
139220,0.0
139221,0.0
139229,0.0
139230,0.0
139239,0.0
139240,0.0
139241,0.0
139242,0.0
139243,0.0
139244,0.0
139245,0.0
139246,0.0
139247,0.0
139248,0.0
139249,0.0
139250,0.0
139251,0.0
139252,0.0
139253,0.0
139254,0.0
139255,0.0
139256,0.0
139257,0.0
139258,0.0
139259,0.0
139260,0.0
139261,0.0
139262,0.539406
139263,0.0
139264,0.0
139265,0.0
139266,0.0
139267,0.0
139268,0.0
139269,0.0
139270,0.0
139271,0.0
139272,0.0
139273,0.0
139274,0.0
139275,0.0
139276,0.0
139277,0.0
139278,0.0
139279,0.0
139280,0.0
139281,0.0
139282,0.0
139283,0.0
139290,0.0
139291,0.0
139292,0.057268
139293,0.0
139294,0.0
139295,0.0
139296,0.0
139297,0.0
139298,0.0
139302,0.0
139303,0.045977
139304,0.0
139310,0.0
139312,0.0
139313,0.0
139314,0.0
139315,0.0
139316,0.0
139317,0.0
139318,0.0
139319,0.0
139320,0.0
139321,0.0
139322,0.0
139326,0.0
139327,0.0
139328,0.0
139329,0.0
139330,0.0
139331,0.0
139332,0.0
139333,0.0
139334,0.0
139335,0.0
139336,0.0
139337,0.0
139338,0.0
139339,0.0
139340,0.0
139341,0.0
139342,0.0
139343,0.0
139344,0.0
139345,0.0
139346,0.0
139347,0.0
139348,0.0
139349,0.0
139350,1.0
139351,1.0
139352,1.0
139353,1.0
139717,0.0
139723,1.0
139724,1.0
139725,1.0
139726,1.0
139727,1.0
139729,1.0
139730,1.0
139731,1.0
139732,1.0
139733,1.0
139734,1.0
139745,1.0
139746,0.451652
139747,0.858936
139748,0.186769
139749,0.27827
139750,0.88149
139751,0.907569
139752,0.740421
139753,0.980403
139754,0.12689
139755,0.0
139756,0.142994
139757,1.0
139758,0.550286
139759,0.0
139760,0.0
139761,0.271767
139762,1.0
139763,0.992126
139764,0.885965
139765,1.0
139766,0.150943
139767,0.975473
139768,0.988308
139769,0.826433
139770,0.114418
139771,0.0
139772,0.0
139773,0.0
139774,0.008746
139775,0.0
139776,0.0
139777,0.084785
139778,0.07358
139779,0.014906
139780,0.0
139781,0.025218
139782,0.0
139783,0.0
139784,0.0
139785,0.0
139786,0.0
139787,0.0
139788,0.0
139789,0.0
139790,0.0
139791,0.044078
139792,0.23116
139793,0.003918
139794,0.068278
139795,0.046976
139796,0.150571
139797,0.149386
139798,0.104841
139799,0.0
139800,0.0
139801,0.009215
139802,0.138563
139803,0.292465
139804,0.0
139805,0.187204
139806,0.0
139807,0.0
139808,0.0
139809,0.0
139810,0.000397
139811,0.001311
139812,0.0
139813,0.0
139814,0.003565
139815,0.0
139816,0.020523
139817,0.0
139818,0.0
139819,0.0
139820,0.0
139821,0.0
139822,0.0
139823,0.013171
139824,0.028715
139825,0.028359
139826,0.0
139827,0.0
139828,0.0
139829,0.0
139830,0.0
139831,0.0
139832,0.0
139833,0.0
139834,0.0
139835,0.0
139836,0.0
139837,0.0
139838,0.0
139839,0.0
139840,0.0
139841,0.0
139842,0.0
139843,0.0
139844,0.0
139845,0.0
139846,0.0
139847,0.0
139848,0.0
139849,0.0
139850,0.0
139851,0.0
139852,0.0
139853,0.0
139854,0.0
139855,0.0
139856,0.0
139857,0.000153
139858,0.0
139859,0.001785
139860,0.0
139861,0.0
139862,0.0
139863,0.0
139864,0.0
139865,0.0
139866,0.0
139867,0.0
139868,0.0
139869,0.0
139870,0.0
139871,0.0
139872,0.0
139873,0.0
139874,0.0
139875,0.0
139876,0.0
139877,0.0
139878,0.0
139879,0.0
139880,0.0
139881,0.0
139882,0.0
139883,0.0
139884,0.0
139885,0.0
139886,0.0
139887,0.0
139888,0.0
139889,0.0
139890,0.0
139891,0.0
139892,0.0
139893,0.0
139894,0.0
139895,0.0
139896,0.0
139897,0.0
139898,0.0
139899,0.0
139900,0.0
139902,0.0
139904,0.0
139905,0.0
139906,0.0
139913,0.279025
139914,0.346058
139916,0.0
139924,0.0
139925,0.0
139926,0.0
139927,0.0
139928,0.0
139929,0.0
139930,0.0
139931,0.0
139932,0.0
139933,0.0
139934,0.0
139935,0.0
139936,0.0
139937,0.0
139938,0.0
139939,0.0
139940,0.0
139941,0.0
139942,0.0
139943,0.0
139944,0.0
139945,0.0
139946,0.100984
139947,0.0
139948,0.0
139949,0.0
139950,0.0
139951,0.0
139952,0.0
139953,0.0
139955,0.0
139956,0.0
139957,0.0
139958,0.0
139959,0.0
139960,0.0
139961,0.0
139962,0.0
139963,0.0
139964,0.0
139965,0.0
139966,0.0
139967,0.0
139972,0.0
139973,0.0
139974,0.0
139975,0.0
139976,0.0
139977,0.0
139978,0.0
139979,0.0
139980,0.0
139981,0.000834
139982,0.0
139983,1.0
139986,0.347826
139987,0.013401
139988,0.471847
139993,0.0
139994,0.0
139995,0.0
139996,0.0
139997,0.0
139998,0.0
139999,0.0
140000,0.002525
140001,0.0
140002,0.0
140003,0.002509
140004,0.001361
140005,0.0
140006,0.0
140007,0.0
140008,0.0
140009,0.0
140010,0.0
140011,0.0
140012,0.0
140013,0.0
140014,0.0
140015,0.0
140016,0.0
140017,0.0
140018,0.0
140019,0.0
140020,0.0
140021,0.0
140022,0.0
140023,0.0
140024,0.0
140025,0.0
140026,0.0
140027,0.0
140028,0.0
140029,0.0
140030,0.0
140031,0.0
140032,0.0
140033,0.0
140034,0.913318
140035,1.0
140036,1.0
140401,0.0
140402,0.0
140405,0.0
140406,0.0
140407,0.0
140408,0.423184
140409,0.0
140415,1.0
140416,1.0
140417,1.0
140429,1.0
140430,0.023603
140431,1.0
140432,0.863911
140433,0.915466
140434,0.948505
140435,0.687421
140436,0.42133
140437,0.821997
140438,0.11126
140439,0.0
140440,0.003141
140441,0.118605
140442,0.78099
140443,0.531065
140444,0.0
140445,0.048489
140446,0.546199
140447,1.0
140448,0.79461
140449,0.962726
140450,1.0
140451,0.981567
140452,0.947802
140453,0.998205
140454,0.125609
140455,0.0
140456,0.0
140457,0.0
140458,0.0
140459,0.0
140460,0.0
140461,0.156405
140462,0.151082
140463,0.009252
140464,0.084974
140465,0.891051
140466,0.008095
140467,0.100448
140468,0.0
140469,0.0
140470,0.0
140471,0.0
140472,0.0
140473,0.0
140474,0.0
140475,0.0
140476,0.0
140477,0.0
140478,0.362666
140479,0.04964
140480,0.069267
140481,0.156481
140482,0.023701
140483,0.265204
140484,0.0
140485,0.0
140486,0.025546
140487,0.004215
140488,0.005464
140489,0.0
140490,0.0
140491,0.0
140492,0.0
140493,0.00164
140494,0.006545
140495,0.009822
140496,0.0
140497,0.008289
140498,0.002857
140499,0.098734
140500,0.0
140501,0.0
140502,0.0
140503,0.0
140504,0.0
140505,0.0
140506,0.0
140507,0.0
140508,0.0
140509,0.0
140510,0.0
140511,0.0
140512,0.0
140513,0.0
140514,0.0
140515,0.0
140516,0.0
140517,0.0
140518,0.0
140519,0.0
140520,0.0
140521,0.0
140522,0.0
140523,0.0
140524,0.0
140525,0.0
140526,0.0
140527,0.0
140528,0.0
140529,0.0
140530,0.039162
140531,0.0
140532,0.0
140533,0.0
140534,0.0
140535,0.0
140536,0.0
140537,0.0
140538,0.0
140539,0.0
140540,0.0
140541,0.0
140542,0.0
140543,0.006278
140544,0.0
140545,0.012669
140546,0.0
140547,0.0
140548,0.0
140549,0.0
140550,0.0
140551,0.0
140552,0.0
140553,0.0
140554,0.0
140555,0.0
140556,0.0
140557,0.0
140558,0.0
140559,0.0
140560,0.0
140561,0.0
140562,0.0
140563,0.0
140564,0.0
140565,0.0
140566,0.0
140567,0.0
140568,0.0
140569,0.0
140570,0.0
140571,0.0
140572,0.0
140573,0.0
140574,0.0
140575,0.0
140576,0.0
140577,0.0
140578,0.0
140579,0.0
140580,0.0
140581,0.0
140582,0.0
140583,0.0
140584,0.0
140585,0.0
140588,0.0
140589,0.0
140590,0.0
140591,0.0
140597,0.0
140598,0.006952
140599,0.0
140600,0.0
140601,0.0
140608,0.0
140609,0.0
140610,0.0
140611,0.0
140612,0.0
140613,0.0
140614,0.0
140615,0.0
140616,0.0
140617,0.0
140618,0.0
140619,0.0
140620,0.0
140621,0.0
140622,0.0
140623,0.0
140624,0.0
140625,0.0
140626,0.0
140627,0.0
140628,0.0
140629,0.0
140630,0.0
140631,0.0
140632,0.0
140633,0.0
140634,0.0
140635,0.0
140636,0.0
140637,0.0
140638,0.0
140639,0.0
140640,0.000301
140641,0.0
140642,0.0
140643,0.0
140644,0.0
140645,0.0
140646,0.0
140647,0.0
140648,0.0
140650,0.013783
140651,0.0
140656,0.0
140657,0.0
140658,0.0
140659,0.000889
140660,0.0
140661,0.0
140662,0.0
140663,0.006009
140664,0.002171
140665,0.001238
140666,0.363636
140667,0.463781
140668,0.228571
140669,0.41791
140671,0.652174
140672,0.090164
140673,0.295035
140676,0.0
140677,0.0
140678,0.0
140679,0.0
140680,0.0
140681,0.0
140682,0.0
140683,0.0
140684,0.0
140685,0.0
140686,0.0
140687,0.0
140688,0.0
140689,0.0
140690,0.0
140691,0.0
140692,0.0
140693,0.0
140694,0.0
140695,0.0
140696,0.0
140697,0.0
140698,0.0
140699,0.0
140700,0.0
140701,0.0
140702,0.0
140703,0.0
140704,0.0
140705,0.0
140706,0.0
140707,0.0
140708,0.0
140709,0.0
140710,0.0
140711,0.0
140712,0.0
140713,0.0
140714,0.0
140715,0.0
140716,0.0
140717,0.0
140718,0.0
141085,0.0
141086,0.003617
141087,0.051508
141088,0.001548
141089,0.0
141090,0.0
141091,0.09568
141092,0.014925
141093,0.0
141094,0.212198
141095,0.061847
141096,0.633588
141097,1.0
141098,1.0
141099,1.0
141113,1.0
141114,0.71196
141115,0.797753
141116,0.900119
141117,0.734407
141118,0.97675
141119,0.503012
141120,0.791322
141121,0.550314
141122,0.293835
141123,0.0
141124,0.0
141125,0.01749
141126,0.599743
141127,0.966232
141128,0.118819
141129,0.0
141130,0.087149
141131,0.0
141132,0.460661
141133,0.962475
141134,1.0
141135,0.997626
141136,0.914948
141137,0.932584
141138,0.162485
141139,0.023957
141140,0.0
141141,0.0
141142,0.004755
141143,0.018213
141144,0.095033
141145,0.055909
141146,0.24808
141147,0.0
141148,0.37956
141149,0.41635
141150,0.857109
141151,0.327547
141152,0.0
141153,0.0
141154,0.0
141155,0.0
141156,0.0
141157,0.0
141158,0.0
141159,0.0
141160,0.0
141161,0.0
141162,0.0
141163,0.16341
141164,0.41155
141165,0.076069
141166,0.560297
141167,0.0
141168,0.0
141169,0.0
141170,0.027743
141171,0.072587
141172,0.0
141173,0.0
141174,0.0
141175,0.032228
141176,0.100266
141177,0.002003
141178,0.0
141179,0.009654
141180,0.002528
141181,0.030702
141182,0.032914
141183,0.121665
141184,0.0
141185,0.0
141186,0.011641
141187,0.0
141188,0.002358
141189,0.033737
141190,0.030842
141191,0.0338
141192,0.007443
141193,0.0
141194,0.0
141195,0.0
141196,0.0
141197,0.0
141198,0.0
141199,0.0
141200,0.0
141201,0.0
141202,0.0
141203,0.0
141204,0.0
141205,0.0
141206,0.0
141207,0.0
141208,0.0
141209,0.0
141210,0.0
141211,0.0
141212,0.000157
141213,0.008163
141214,0.048318
141215,0.0
141216,0.0
141217,0.0
141218,0.0
141219,0.0
141220,0.0
141221,0.0
141222,0.0
141223,0.0
141224,0.0
141225,0.0
141226,0.022437
141227,0.26349
141228,0.163071
141229,0.142137
141230,0.005599
141231,0.0
141232,0.0
141233,0.0
141234,0.0
141235,0.0
141236,0.0
141237,0.0
141238,0.0
141239,0.0
141240,0.0
141241,0.0
141242,0.0
141243,0.0
141244,0.0
141245,0.0
141246,0.0
141247,0.0
141248,0.0
141249,0.0
141250,0.0
141251,0.0
141252,0.0
141253,0.0
141254,0.0
141255,0.0
141256,0.0
141257,0.0
141258,0.0
141259,0.0
141260,0.0
141261,0.0
141262,0.0
141263,0.0
141264,0.569311
141265,0.0
141266,0.0
141267,0.0
141268,0.0
141273,0.214979
141274,0.387562
141275,0.492688
141280,0.142857
141281,0.025126
141282,0.008255
141283,0.0
141284,0.0
141285,0.0
141286,0.010399
141287,0.0
141292,0.0
141293,0.0
141294,0.0
141295,0.0
141296,0.0
141297,0.0
141298,0.0
141299,0.0
141300,0.0
141301,0.0
141302,0.0
141303,0.0
141304,0.0
141305,0.0
141306,0.0
141307,0.0
141308,0.0
141309,0.0
141310,0.0
141311,0.0
141312,0.0
141313,0.0
141314,0.0
141315,0.0
141316,0.0
141317,0.0
141318,0.0
141319,0.0
141320,0.0
141321,0.0
141322,0.0
141323,0.0
141324,0.012039
141325,0.0
141326,0.0
141327,0.0
141328,0.0
141329,0.0
141330,0.0
141331,0.0
141332,0.0
141333,0.0
141334,0.243902
141335,0.0
141336,0.0
141337,0.0
141338,0.0
141339,0.0
141340,0.0
141341,0.0
141342,0.0
141343,0.0
141344,0.0
141345,0.0
141346,0.0
141347,0.009165
141348,0.197415
141349,0.812284
141350,0.980952
141351,0.202918
141352,0.3
141353,0.707469
141354,0.994068
141355,0.841951
141356,0.271739
141357,0.63354
141358,0.116379
141359,0.01082
141360,0.0
141361,0.0
141362,0.0
141363,0.0
141364,0.0
141365,0.0
141366,0.0
141367,0.0
141368,0.0
141369,0.0
141370,0.0
141371,0.0
141372,0.0
141373,0.0
141374,0.0
141375,0.0
141376,0.0
141377,0.0
141378,0.0
141379,0.0
141380,0.0
141381,0.0
141382,0.0
141383,0.0
141384,0.0
141385,0.0
141386,0.0
141387,0.0
141388,0.0
141389,0.0
141390,0.0
141391,0.0
141392,0.0
141393,0.0
141394,0.0
141395,0.0
141396,0.0
141397,0.0
141398,0.0
141399,0.0
141400,0.0
141401,0.0
141402,0.0
141762,0.0
141768,0.0
141769,0.0
141770,0.065333
141771,0.453947
141772,0.036827
141773,0.445578
141774,0.0
141775,0.0
141776,0.587655
141777,0.50996
141778,0.256311
141779,0.239471
141780,0.151862
141781,0.061667
141782,1.0
141783,1.0
141786,0.285714
141798,0.315524
141799,0.974916
141800,0.952498
141801,1.0
141802,0.921287
141803,0.929874
141804,1.0
141805,0.842532
141806,0.264019
141807,0.167073
141808,0.0
141809,0.0
141810,0.001851
141811,0.708242
141812,0.160813
141813,0.083752
141814,0.062115
141815,0.975015
141816,0.697866
141817,0.974331
141818,0.979027
141819,0.861862
141820,0.997396
141821,1.0
141822,0.992537
141823,0.326205
141824,0.005408
141825,0.0
141826,0.029426
141827,0.024886
141828,0.0
141829,0.011021
141830,0.26963
141831,0.130136
141832,0.680588
141833,1.0
141834,0.371838
141835,0.151926
141836,0.099746
141837,0.0
141838,0.0
141839,0.0
141840,0.0
141841,0.0
141842,0.0
141843,0.0
141844,0.001942
141845,0.005195
141846,0.0
141847,0.0
141848,0.218176
141849,0.138357
141850,0.221518
141851,0.000274
141852,0.0
141853,0.0
141854,0.078317
141855,0.021843
141856,0.0
141857,0.0
141859,0.0
141860,0.089837
141861,0.054825
141862,0.001341
141863,0.004389
141864,0.0
141865,0.0
141866,0.008955
141867,0.082713
141868,0.059096
141869,0.022945
141870,0.04138
141871,0.0
141872,0.0
141873,0.0
141874,0.016491
141875,0.00305
141876,0.009937
141877,0.0
141878,0.0
141879,0.0
141880,0.0
141881,0.001681
141882,0.0
141883,0.0
141884,0.0
141885,0.0
141886,0.0
141887,0.0
141888,0.0
141889,0.0
141890,0.0
141891,0.0
141892,0.0
141893,0.0
141894,0.0
141895,0.0
141896,0.006791
141897,0.059335
141898,0.0
141899,0.0
141900,0.0
141901,0.0
141902,0.0
141903,0.0
141904,0.0
141905,0.0
141906,0.0
141907,0.0
141908,0.0
141909,0.0
141910,0.031396
141911,0.306296
141912,0.046966
141913,0.039773
141914,0.0
141915,0.0
141916,0.0
141917,0.0
141918,0.0
141919,0.0
141920,0.0
141921,0.0
141922,0.0
141923,0.0
141924,0.0
141925,0.0
141926,0.0
141927,0.0
141928,0.0
141929,0.0
141930,0.0
141931,0.0
141932,0.0
141933,0.0
141934,0.0
141935,0.0
141936,0.0
141937,0.0
141938,0.0
141939,0.0
141940,0.0
141941,0.0
141942,0.0
141943,0.0
141944,0.0
141945,0.0
141946,0.0
141947,0.555215
141948,0.999198
141949,0.0
141951,0.0
141952,0.0
141957,0.95599
141958,1.0
141959,0.705653
141960,0.874682
141961,0.031414
141962,0.0
141963,0.0
141964,0.848214
141965,0.0
141966,0.0
141967,0.000513
141968,0.0
141969,0.0
141970,0.0
141971,0.0
141972,0.0
141973,0.0
141974,0.0
141975,0.0
141976,0.0
141977,0.0
141978,0.0
141979,0.0
141980,0.0
141981,0.0
141982,0.0
141983,0.0
141984,0.0
141985,0.0
141986,0.0
141987,0.0
141988,0.0
141989,0.0
141990,0.0
141991,0.0
141992,0.0
141993,0.0
141994,0.0
141995,0.0
141996,0.0
141997,0.0
141998,0.0
141999,0.0
142000,0.0
142001,0.0
142002,0.0
142003,0.0
142004,0.0
142005,0.0
142006,0.0
142007,0.077441
142008,0.001215
142009,0.0
142010,0.0
142011,0.0
142012,0.0
142013,0.0
142014,0.0
142015,0.0
142016,0.0
142017,0.0
142018,0.004706
142019,0.0
142020,0.0
142021,0.0
142022,0.0
142023,0.0
142024,0.0
142025,0.0
142026,0.029412
142027,0.0
142028,0.0
142029,0.0
142030,0.089995
142031,0.179445
142032,0.082126
142033,0.02615
142034,0.25
142035,0.0
142036,0.68325
142037,0.471631
142038,0.937166
142039,0.944206
142040,0.406015
142041,0.925287
142042,0.961767
142043,0.211855
142044,0.0
142045,0.0
142046,0.0
142047,0.0
142048,0.0
142050,0.0
142051,0.0
142052,0.0
142053,0.0
142054,0.0
142055,0.002172
142056,0.006034
142057,0.0
142058,0.0
142059,0.0
142060,0.0
142061,0.0
142062,0.0
142063,0.0
142064,0.0
142065,0.001553
142066,0.0
142067,0.0
142068,0.0
142069,0.0
142070,0.0
142071,0.0
142072,0.0
142073,0.0
142074,0.0
142075,0.0
142076,0.0
142077,0.0
142078,0.0
142079,0.0
142080,0.0
142081,0.0
142082,0.0
142083,0.0
142084,0.0
142085,0.0
142439,1.0
142452,0.0
142453,0.0
142454,0.0
142455,0.495614
142456,0.39312
142457,0.007273
142458,0.0
142459,0.0
142460,0.270044
142461,0.874214
142462,0.666667
142464,0.013889
142465,0.025601
142466,0.023656
142467,1.0
142468,1.0
142469,1.0
142470,0.0
142472,1.0
142473,0.011173
142474,0.0
142475,0.0
142476,0.0
142480,0.0
142482,0.531811
142483,0.969839
142484,0.698672
142485,0.910806
142486,0.945585
142487,0.804322
142488,0.796917
142489,0.925526
142490,0.073778
142491,0.0
142492,0.0
142493,0.0
142494,0.012539
142495,0.685246
142496,0.7751
142497,0.294608
142498,0.256022
142499,0.97124
142500,0.936981
142501,0.940036
142502,1.0
142503,1.0
142504,0.955437
142505,0.918216
142506,0.727273
142507,0.861831
142508,0.268041
142509,0.141122
142510,0.048887
142511,0.129654
142512,0.097272
142513,0.189386
142514,0.17771
142515,0.111296
142516,0.025322
142517,0.08036
142518,0.069472
142519,0.193835
142520,0.237438
142521,0.216667
142522,0.0
142523,0.0
142524,0.0
142525,0.080843
142526,0.081249
142527,0.324619
142528,0.0
142529,0.000326
142530,0.263505
142531,0.454714
142532,0.445878
142533,0.064998
142534,0.0
142535,0.0
142536,0.0
142537,0.0
142538,0.0
142539,0.009106
142540,0.006349
142541,0.0
142543,0.0
142544,0.269333
142545,0.0
142546,0.007842
142547,0.0
142548,0.004574
142549,0.000372
142550,0.011277
142551,0.053773
142552,0.021711
142553,0.020065
142554,0.025286
142555,0.0
142556,0.0
142557,0.0
142558,0.0055
142559,0.003095
142560,0.006567
142561,0.012355
142562,0.0
142563,0.0
142564,0.0
142565,0.0
142566,0.0
142567,0.00098
142568,0.0
142569,0.0
142570,0.0
142571,0.0
142572,0.0
142573,0.0
142574,0.0
142575,0.0
142576,0.0
142577,0.0
142578,0.038047
142579,0.309175
142580,0.000176
142581,0.0
142582,0.0
142583,0.0
142584,0.0
142585,0.0
142586,0.0
142587,0.0
142588,0.0
142589,0.0
142590,0.0
142591,0.0
142592,0.0
142593,0.0
142594,0.0
142595,0.039297
142596,0.029563
142597,0.0
142598,0.0
142599,0.0
142600,0.0
142601,0.0
142602,0.0
142603,0.0
142604,0.0
142605,0.0
142606,0.0
142607,0.004676
142609,0.0
142610,0.0
142613,0.0
142614,0.0
142615,0.0
142617,0.0
142618,0.0
142619,0.0
142620,0.0
142621,0.0
142622,0.0
142623,0.0
142624,0.0
142625,0.0
142626,0.003205
142627,0.0
142628,0.0
142629,0.0
142630,0.0
142631,0.0
142632,0.404523
142633,0.0
142634,0.0
142635,0.0
142636,0.0
142637,0.0
142639,1.0
142641,0.0
142642,0.0
142643,0.028635
142644,0.082776
142645,0.068811
142646,0.017477
142647,0.164103
142648,0.498795
142649,0.0
142650,0.003805
142651,0.003152
142652,0.0
142653,0.0
142654,0.0
142655,0.0
142656,0.0
142657,0.0
142658,0.0
142659,0.0
142660,0.0
142661,0.0
142662,0.0
142663,0.0
142664,0.0
142665,0.0
142666,0.0
142667,0.0
142668,0.0
142669,0.0
142670,0.0
142671,0.0
142672,0.0
142673,0.0
142674,0.0
142675,0.0
142676,0.0
142677,0.0
142678,0.0
142679,0.0
142680,0.0
142681,0.0
142682,0.0
142683,0.0
142684,0.0
142685,0.0
142686,0.0
142687,0.0
142688,0.0
142690,0.0
142691,0.0
142692,0.0
142693,0.0
142694,0.0
142695,0.0
142696,0.0
142697,0.0
142698,0.0
142699,0.0
142700,0.0
142701,0.0
142702,0.0
142704,0.0
142705,0.0
142710,0.0
142711,0.0
142712,0.0
142713,0.0
142714,0.103534
142715,1.0
142716,0.046012
142717,0.0
142718,0.084079
142719,0.181347
142720,0.460862
142721,0.640669
142722,0.501094
142723,0.832849
142724,0.364198
142725,0.98542
142726,0.952888
142727,0.707031
142728,0.0
142729,0.0
142730,0.0
142731,0.0
142732,0.0
142734,0.0
142735,0.0
142736,0.0
142737,0.0
142738,0.0
142739,0.10723
142740,0.146501
142741,0.0
142742,0.0
142743,0.0
142744,0.0
142745,0.0
142746,0.0
142747,0.0
142748,0.0
142749,0.0
142750,0.0
142751,0.0
142752,0.0
142753,0.0
142754,0.0
142755,0.0
142756,0.0
142757,0.0
142758,0.0
142759,0.0
142760,0.0
142761,0.0
142762,0.0
142763,0.0
142764,0.0
142765,0.0
142766,0.0
142767,1.0
142768,0.0
143138,0.0
143139,0.002302
143140,0.822807
143141,0.0
143142,0.0
143143,0.114007
143144,0.275735
143145,0.877129
143146,0.926199
143148,0.0
143149,0.039548
143150,0.032718
143151,0.72
143153,1.0
143154,0.0
143155,0.0
143156,0.111111
143157,0.289256
143163,0.0
143164,0.0
143165,0.250849
143166,1.0
143167,1.0
143168,1.0
143169,0.948675
143170,0.845918
143171,0.917727
143172,0.864564
143173,0.896543
143174,0.134057
143175,0.005271
143176,0.00329
143177,0.0
143178,0.000229
143179,0.10402
143180,0.804878
143181,0.692565
143182,0.028219
143183,0.730971
143184,1.0
143185,1.0
143186,1.0
143187,1.0
143190,0.9
143191,0.733333
143192,1.0
143193,1.0
143194,0.806794
143195,0.032242
143196,0.048023
143197,0.152911
143198,0.188572
143199,0.013387
143200,0.016983
143201,0.001671
143202,0.116706
143203,0.337162
143204,0.36922
143205,0.138466
143206,0.0
143207,0.0
143208,0.001647
143209,0.0
143210,0.003944
143211,0.023554
143212,0.0
143213,0.000195
143215,0.0
143216,0.157629
143217,0.003642
143218,0.0
143219,0.0
143220,0.0
143221,0.0
143222,0.0
143223,0.002159
143224,0.0
143225,0.0
143226,0.238901
143227,0.889051
143228,0.32572
143229,0.002574
143230,0.0
143231,0.0
143232,8.5e-05
143233,0.0
143234,0.002808
143235,0.002441
143236,0.03029
143237,0.016882
143238,0.0
143239,0.0
143240,0.0
143241,0.0
143242,0.0
143243,0.006948
143244,0.012442
143245,0.000791
143246,0.002401
143247,0.001571
143248,0.006543
143249,0.0
143250,0.0
143251,0.008359
143252,0.0
143253,0.0
143254,0.0
143255,0.0
143256,0.0
143257,0.0
143258,0.0
143259,0.0
143260,0.0
143261,0.0
143262,0.00342
143263,0.0648
143264,0.0
143265,0.0
143266,0.0
143267,0.0
143268,0.0
143269,0.0
143270,0.0
143271,0.0
143272,0.0
143273,0.0
143274,0.0
143275,0.0
143276,0.0
143277,0.0
143278,0.0
143279,0.0
143280,0.0
143281,0.0
143282,0.0
143283,0.0
143284,0.0
143285,0.0
143286,0.0
143287,0.0
143288,0.0
143289,0.0
143290,0.0
143291,0.0
143292,0.0
143296,0.0
143300,0.0
143301,0.0
143302,0.0
143303,0.0
143304,0.0
143305,0.0
143306,0.0
143307,0.0
143308,0.0
143309,0.0
143310,0.0
143311,0.0
143312,0.0
143313,0.0
143314,0.0
143315,0.0
143316,0.0
143317,0.0
143318,0.0
143319,0.0
143320,0.0
143321,0.0
143322,0.0
143323,0.0
143324,0.0
143325,0.0
143326,0.0
143327,0.0
143328,0.0
143329,0.0
143330,0.0
143331,0.0
143332,0.147314
143333,0.016367
143334,0.553277
143335,0.153055
143336,0.0
143337,0.0
143338,0.0
143339,0.0
143340,0.0
143341,0.0
143342,0.0
143343,0.0
143344,0.0
143345,0.0
143346,0.0
143347,0.0
143348,0.0
143349,0.0
143350,0.0
143351,0.0
143352,0.0
143353,0.0
143354,0.0
143355,0.0
143356,0.0
143359,0.0
143360,0.0
143361,0.0
143362,0.0
143363,0.0
143364,0.0
143365,0.0
143366,0.0
143367,0.0
143368,0.0
143369,0.0
143370,0.0
143371,0.0
143372,0.0
143373,0.0
143374,0.0
143375,0.0
143377,0.0
143378,0.0
143379,0.0
143380,0.0
143381,0.0
143382,0.0
143383,0.0
143384,0.0
143385,0.0
143395,0.235748
143396,0.0
143397,0.0
143398,0.132097
143399,0.521739
143400,0.628192
143401,0.0
143402,0.286694
143403,0.702703
143404,0.760909
143405,0.910769
143406,0.454039
143407,0.339932
143408,0.839928
143409,0.933204
143411,0.0
143412,0.0
143413,0.0
143414,0.0
143415,0.0
143416,0.0
143417,0.0
143418,0.0
143419,0.0
143420,0.0
143421,0.08591
143422,0.395901
143423,0.06491
143424,0.104696
143425,0.0
143426,0.0
143427,0.0
143428,0.0
143429,0.0
143430,0.0
143431,0.0
143432,0.0
143433,0.0
143434,0.0
143435,0.0
143436,0.0
143437,0.0
143438,0.0
143439,0.0
143440,0.0
143441,0.0
143442,0.0
143443,0.0
143444,0.0
143445,0.0
143446,0.0
143447,0.0
143448,0.0
143449,0.0
143452,0.0
143822,0.0
143823,0.000832
143824,0.109304
143825,0.007576
143826,0.012723
143827,0.01536
143828,0.0
143829,0.021302
143830,0.009202
143832,0.057143
143833,0.0
143834,0.04065
143835,0.71028
143836,0.010753
143838,0.0
143839,0.734694
143840,0.506964
143841,1.0
143844,0.682879
143845,0.982513
143846,0.0
143847,0.0
143848,0.021525
143849,0.342004
143850,0.806107
143851,0.972054
143852,0.888297
143853,0.276352
143854,0.238136
143855,0.936
143856,0.848496
143857,0.895141
143858,0.325705
143859,0.001992
143860,0.052692
143861,0.0
143862,0.0
143863,0.35161
143864,0.277108
143865,0.90371
143866,0.0
143867,0.329032
143868,0.546875
143869,1.0
143870,1.0
143871,0.998419
143872,0.999058
143873,1.0
143874,1.0
143875,0.935294
143876,0.957333
143877,1.0
143878,0.996166
143879,0.835106
143880,0.521236
143881,0.0
143882,0.092827
143883,0.0
143884,0.0
143885,0.009275
143886,0.023172
143887,0.187567
143888,0.030948
143889,0.205173
143890,0.025101
143891,0.0
143892,0.03021
143893,0.041565
143894,0.0
143895,0.0
143896,0.026874
143897,0.0
143900,0.0
143901,0.016147
143902,0.0
143903,0.37835
143904,0.440474
143905,0.256725
143906,0.09066
143907,0.0
143908,0.0
143909,0.0
143910,0.02541
143911,0.226269
143912,0.00022
143913,0.0
143914,0.0
143915,0.0
143916,0.0
143917,0.0
143918,0.0
143919,0.0
143920,0.0
143921,0.006118
143922,0.0
143923,0.000546
143924,0.013548
143925,0.0
143926,0.0
143927,0.001272
143928,0.001231
143929,0.003249
143930,9.5e-05
143931,0.0
143932,0.0
143933,0.0
143934,0.0
143935,0.002035
143936,0.0
143937,0.0
143938,0.0
143939,0.0
143940,0.0
143941,0.0
143942,0.0
143943,0.0
143944,0.0
143945,0.0
143946,0.0
143947,0.0
143948,0.0
143949,0.0
143950,0.0
143951,0.0
143952,0.0
143953,0.0
143954,0.0
143955,0.0
143956,0.0
143957,0.0
143958,0.0
143959,0.0
143960,0.0
143961,0.0
143962,0.0
143963,0.0
143964,0.0
143965,0.0
143966,0.0
143967,0.0
143968,0.0
143969,0.0
143970,0.0
143971,0.0
143972,0.0
143973,0.0
143974,0.0
143975,0.0
143976,0.0
143977,0.0
143978,0.0
143979,0.0
143980,0.0
143982,0.0
143983,0.0
143984,0.0
143985,0.0
143986,0.0
143987,0.0
143988,0.0
143989,0.0
143990,0.0
143991,0.0
143992,0.0
143993,0.0
143994,0.0
143995,0.0
143996,0.0
143997,0.0
143998,0.0
143999,0.0
144000,0.0
144001,0.0
144002,0.0
144003,0.0
144004,0.0
144005,0.0
144006,0.0
144007,0.0
144008,0.0
144009,0.0
144010,0.0
144011,0.0
144012,0.0
144013,0.0
144014,0.0
144015,0.0
144016,0.0
144017,0.0
144018,0.0
144019,0.0
144020,0.0
144021,0.0
144022,0.0
144023,0.0
144024,0.0
144025,0.0
144026,0.0
144027,0.0
144028,0.0
144029,0.0
144030,0.0
144031,0.0
144032,0.0
144033,0.0
144034,0.0
144035,0.0
144036,0.0
144037,0.0
144038,0.0
144039,0.0
144043,0.0
144044,0.0
144045,0.0
144046,0.0
144047,0.0
144048,0.0
144049,0.0
144050,0.0
144051,0.0
144052,0.0
144053,0.107881
144054,0.0
144055,0.0
144056,0.0
144057,0.0
144058,0.000693
144059,0.0
144060,0.0
144061,0.0
144062,0.0
144063,0.0
144064,0.0
144065,0.0
144066,0.0
144067,0.0
144068,0.0
144079,0.052674
144080,0.0
144081,0.0
144082,0.122517
144083,0.339031
144084,0.312832
144085,0.264305
144086,0.755456
144087,0.899346
144088,0.984479
144089,0.962644
144090,0.723364
144091,0.367576
144092,0.438667
144093,0.464971
144094,0.020115
144095,0.0
144096,0.0
144097,0.0
144098,0.0
144099,0.0
144100,0.0
144101,0.0
144102,0.0
144103,0.0
144104,0.0
144105,0.064173
144106,0.393168
144107,0.446423
144108,0.233618
144109,0.052948
144110,0.0
144111,0.0
144112,0.0
144113,0.0
144114,0.0
144115,0.0
144116,0.0
144117,0.0
144118,0.0
144119,0.0
144120,0.0
144121,0.0
144122,0.0
144123,0.0
144124,0.0
144125,0.0
144126,0.0
144127,0.0
144128,0.0
144129,0.0
144130,0.0
144131,0.0
144136,1.0
144506,0.0
144507,0.0
144508,0.418769
144509,0.0
144510,0.0
144511,0.165637
144512,0.657367
144513,0.477159
144514,0.0
144515,0.0
144517,0.139265
144518,0.260083
144519,0.299122
144520,0.0
144522,0.0
144523,0.078125
144524,0.105505
144525,0.860067
144526,0.934524
144527,0.0
144528,0.935205
144529,0.920995
144530,0.425
144531,0.0
144532,0.399216
144533,0.63688
144534,0.998351
144535,0.788603
144536,0.445918
144537,0.292234
144538,0.817471
144539,0.817018
144540,0.454749
144541,0.599404
144542,0.248788
144543,0.039033
144544,0.0
144545,0.0
144546,0.0
144547,0.083733
144548,0.067329
144549,0.324786
144551,0.94913
144552,1.0
144553,1.0
144555,0.966929
144556,0.994723
144557,1.0
144558,0.997219
144559,0.988131
144560,1.0
144561,1.0
144562,1.0
144563,0.985108
144564,0.981818
144565,0.62902
144566,0.580508
144567,0.03812
144568,0.006452
144569,0.0
144570,0.0
144571,0.001187
144572,0.017312
144573,0.193122
144574,0.173955
144575,0.300576
144576,0.464541
144577,0.223904
144578,0.095716
144579,0.029064
144580,0.0
144581,0.001174
144582,0.014759
144583,0.002685
144584,0.0
144585,0.0
144586,0.0
144587,0.298843
144588,0.485469
144589,0.68097
144590,0.312951
144591,0.129699
144592,0.0
144593,0.0
144594,0.0
144595,0.0
144596,0.006538
144597,0.003229
144598,0.0
144599,0.015391
144600,0.0
144601,0.0
144602,0.0
144603,0.0
144604,0.0
144605,0.0
144606,0.0
144607,0.001344
144608,0.004545
144609,0.0
144610,0.0
144611,0.0
144612,0.001106
144613,0.052582
144614,0.000888
144615,0.0
144616,0.0
144617,9.3e-05
144618,0.0
144619,8.2e-05
144620,0.0
144621,0.0
144622,0.0
144623,0.0
144624,0.0
144625,0.0
144626,0.0
144627,0.0
144628,0.0
144629,0.0
144630,0.0
144631,0.0
144632,0.0
144633,0.0
144634,0.0
144635,0.0
144636,0.0
144637,0.0
144638,0.0
144639,0.009612
144640,0.0
144641,0.0
144642,0.0
144643,0.0
144644,0.0
144645,0.0
144646,0.0
144647,0.0
144648,0.0
144649,0.0
144650,0.0
144651,0.0
144652,0.0
144653,0.0
144654,0.0
144655,0.0
144656,0.0
144657,0.004331
144658,0.0034
144659,0.0
144660,0.0
144661,0.0
144662,0.0
144663,0.0
144664,0.0
144665,0.0
144666,0.0
144667,0.010989
144668,0.023214
144669,0.0
144670,0.0
144671,0.0
144672,0.0
144673,0.0
144674,0.0
144675,0.0
144676,0.0
144677,0.0
144678,0.0
144679,0.0
144680,0.0
144681,0.0
144682,0.0
144683,0.0
144684,0.0
144685,0.0
144686,0.0
144687,0.0
144688,0.0
144689,0.0
144690,0.054683
144691,0.948201
144692,0.965015
144693,0.382757
144694,0.0
144695,0.107329
144696,0.066975
144697,0.0
144698,0.0
144700,0.0
144701,0.0
144702,0.0
144703,0.0
144704,0.0
144705,0.0
144706,0.0
144707,0.0
144708,0.0
144709,0.0
144710,0.0
144711,0.0
144712,0.0
144713,0.0
144714,0.0
144715,0.0
144716,0.0
144717,0.0
144718,0.0
144719,0.0
144720,0.0
144721,0.0
144722,0.0
144723,0.0
144727,0.0
144728,0.0
144729,0.0
144730,0.0
144731,0.0
144732,0.0
144733,0.0
144734,0.0
144735,0.0
144736,0.0
144737,0.0
144738,0.0
144739,0.124685
144740,0.0
144741,0.0
144742,0.0
144743,0.0
144744,0.0
144745,0.0
144746,0.0
144747,0.0
144748,0.0
144749,0.0
144750,0.0
144751,0.0
144752,0.0
144757,0.0
144758,0.0
144761,0.0
144762,0.0
144763,0.023127
144764,0.006135
144765,0.0
144766,0.375866
144767,0.168811
144768,0.04291
144769,0.005305
144770,0.497561
144771,0.954884
144772,0.836605
144773,0.303097
144774,0.001488
144775,0.009634
144776,0.16185
144777,0.526738
144778,0.0
144779,0.0
144780,0.0
144781,0.0
144782,0.0
144783,0.0
144784,0.0
144785,0.0
144786,0.0
144787,0.0
144788,0.0
144789,0.0
144790,0.469315
144791,0.42297
144792,0.172537
144793,0.038709
144794,0.0
144795,0.0
144796,0.0
144797,0.0
144798,0.0
144799,0.0
144800,0.0
144801,0.0
144802,0.0
144803,0.0
144804,0.0
144805,0.0
144806,0.0
144807,0.0
144808,0.0
144809,0.0
144810,0.0
144811,0.0
144812,0.0
144813,0.0
144814,0.0
144815,0.0
145181,1.0
145191,0.0
145192,0.051852
145193,0.0
145194,0.105603
145195,0.155637
145196,0.578748
145197,0.494188
145198,0.0
145199,0.0
145200,0.0
145201,0.018077
145202,0.580563
145203,0.222065
145204,0.615927
145205,0.99921
145206,0.0
145209,0.483146
145210,0.39039
145211,0.82133
145212,0.883907
145213,0.532058
145214,0.608186
145215,0.0
145216,0.63612
145217,0.968136
145218,0.676835
145219,0.343975
145220,0.620623
145221,0.869742
145222,0.74959
145223,0.637795
145224,0.12097
145225,0.0
145226,0.201247
145227,0.017277
145228,0.0
145229,0.0
145230,0.0
145231,0.0
145232,0.0
145233,0.0
145234,0.032072
145235,0.0
145236,0.998544
145237,1.0
145239,1.0
145240,0.996269
145241,1.0
145242,0.0
145243,0.931548
145244,0.097222
145245,0.000587
145246,0.111612
145247,0.073374
145248,0.316896
145249,0.989975
145250,0.62459
145251,0.145914
145252,0.017632
145253,0.001898
145254,0.180957
145255,0.023234
145256,0.00595
145257,0.016715
145258,0.220799
145259,0.279254
145260,0.339963
145261,0.04668
145262,0.107996
145263,0.013043
145264,0.020841
145265,0.001607
145266,0.001327
145267,0.107313
145268,0.429766
145269,0.101491
145270,0.00074
145271,0.244709
145272,0.227014
145273,0.08645
145274,0.159185
145275,0.020715
145276,0.0
145277,0.0
145278,0.0
145279,0.010066
145280,0.095972
145281,0.0
145282,0.000507
145283,0.012886
145284,0.013707
145285,0.0
145286,0.0
145287,0.0
145288,0.006974
145289,0.004968
145290,0.065199
145291,0.002806
145292,0.0
145293,0.005977
145294,0.001257
145295,0.004171
145296,0.0019
145297,0.002556
145298,0.019399
145299,0.0
145300,0.0
145301,0.0
145302,0.0
145303,0.0
145304,0.0
145305,0.0
145306,0.0
145307,0.0
145308,0.0
145309,0.0
145310,0.0
145311,0.0
145312,0.0
145313,0.0
145314,0.0
145315,0.0
145316,0.0
145317,0.0
145318,0.0
145319,0.0
145320,0.0
145321,0.0
145322,0.0
145323,0.0
145324,0.0
145325,0.0
145326,0.0
145327,0.0
145328,0.0
145329,0.0
145330,0.0
145331,0.0
145332,0.0
145333,0.00029
145334,0.0
145335,0.0
145336,0.0
145337,0.0
145338,0.0
145339,0.0
145340,0.0
145341,0.0
145342,0.009222
145343,0.0
145344,0.0
145345,0.0
145346,0.0
145347,0.0
145348,0.0
145349,0.0
145350,0.0
145351,0.044944
145352,0.0
145353,0.0
145354,0.0
145355,0.0
145356,0.0
145357,0.0
145358,0.0
145359,0.0
145360,0.0
145361,0.0
145362,0.0
145363,0.0
145364,0.0
145365,0.0
145366,0.0
145367,0.0
145368,0.0
145369,0.0
145370,0.0
145371,0.0
145372,0.0
145373,0.0
145374,0.0
145375,0.0
145376,0.750744
145377,0.160708
145378,0.0
145379,0.213964
145380,0.026161
145381,0.003215
145382,0.08
145383,0.0
145384,0.0
145385,0.0
145386,0.0
145387,0.0
145388,0.0
145389,0.0
145390,0.0
145391,0.0
145392,0.0
145393,0.0
145394,0.0
145395,0.0
145396,0.0
145397,0.0
145398,0.0
145399,0.0
145400,0.0
145401,0.0
145402,0.0
145403,0.0
145404,0.0
145405,0.0
145406,0.0
145407,0.0
145409,0.0
145411,0.0
145412,0.0
145413,0.0
145414,0.0
145415,0.001119
145416,0.027588
145417,0.000476
145418,0.0
145419,0.0
145420,0.0
145421,0.0
145422,0.0
145423,0.347532
145424,0.000239
145425,0.0
145426,0.0
145427,0.0
145428,0.0
145429,0.0
145430,0.0
145431,0.0
145432,0.0
145433,0.0
145434,0.0
145435,0.0
145436,0.0
145440,0.0
145441,0.002235
145442,0.0
145443,0.0
145444,0.0
145445,0.0
145446,0.334826
145447,0.113323
145448,0.074689
145449,0.0
145450,0.001838
145451,0.013103
145452,0.0
145453,0.0
145454,0.401597
145455,0.400496
145456,0.682616
145457,0.0
145458,0.0
145459,0.0
145460,0.085308
145461,0.072495
145462,0.0
145463,0.0
145464,0.0
145466,0.0
145467,0.0
145468,0.0
145469,0.0
145470,0.0
145471,0.0
145472,0.0
145473,0.0
145474,0.020024
145475,0.013245
145476,0.0
145477,0.0
145478,0.0
145479,0.0
145480,0.0
145481,0.0
145482,0.0
145483,0.0
145484,0.0
145485,0.0
145486,0.0
145487,0.0
145488,0.0
145489,0.0
145490,0.0
145491,0.0
145492,0.0
145493,0.0
145494,0.0
145495,0.0
145496,0.0
145497,0.0
145498,0.0
145499,0.0
145500,0.0
145865,1.0
145866,1.0
145876,0.0
145877,0.0
145878,0.015156
145879,0.104497
145880,0.09582
145881,0.020301
145882,0.0
145883,0.0
145884,0.0
145885,0.043038
145886,0.216108
145887,0.0
145888,0.078637
145889,0.896315
145890,1.0
145891,1.0
145892,0.0
145895,0.899915
145896,0.651951
145897,0.0
145898,0.228596
145899,0.234212
145900,0.0
145901,0.0
145902,0.0
145903,0.624708
145904,0.48145
145905,0.887693
145906,0.837689
145907,1.0
145909,0.889831
145910,0.828456
145911,0.715379
145912,0.0
145913,0.0
145914,0.0
145915,0.008421
145916,0.334191
145917,0.089062
145918,0.028386
145919,0.979814
145920,0.960083
145923,1.0
145924,0.995567
145925,1.0
145926,1.0
145927,0.948506
145928,0.02695
145929,0.0
145930,0.0
145931,0.0
145932,0.007098
145933,0.022084
145934,0.106239
145935,0.928218
145936,0.69517
145937,0.008826
145938,0.123563
145939,0.165343
145940,0.038373
145941,0.0
145942,0.106908
145943,0.68114
145944,0.316752
145945,0.054232
145946,0.317949
145947,0.219317
145948,0.120864
145949,0.0
145950,0.0
145951,0.145008
145952,0.333275
145953,0.100496
145954,0.0
145955,0.027088
145956,0.165156
145957,0.000116
145958,0.0
145959,0.026894
145960,0.000631
145961,0.0
145962,0.0
145963,0.502177
145964,0.057837
145965,0.00346
145966,0.0
145967,0.091552
145968,0.009972
145969,0.0
145970,0.0
145971,0.0
145972,0.015551
145973,0.000501
145974,0.0675
145975,0.181396
145976,0.015006
145977,0.047315
145978,0.039287
145979,0.010774
145980,0.028354
145981,0.015699
145982,0.0
145983,0.0
145984,0.0
145985,0.0
145986,0.0
145987,0.0
145988,0.0
145989,0.0
145990,0.0
145991,0.0
145992,0.0
145993,0.0
145994,0.0
145995,0.0
145996,0.0
145997,0.0
145998,0.0
145999,0.0
146000,0.0
146001,0.0
146002,0.0
146003,0.0
146004,0.0
146005,0.0
146006,0.0
146007,0.0
146008,0.0
146009,0.0
146010,0.0
146011,0.0
146012,0.0
146013,0.0
146014,0.0
146015,0.0
146016,0.0
146017,0.0
146018,0.0
146019,0.0
146020,0.0
146021,0.0
146022,0.0
146023,0.0
146024,0.0
146025,0.0
146026,0.0
146027,0.0
146028,0.0
146029,0.0
146030,0.0
146031,0.0
146032,0.0
146033,0.0
146034,0.0
146035,0.0
146036,0.0
146037,0.0
146038,0.0
146039,0.0
146040,0.0
146041,0.0
146042,0.0
146043,0.0
146044,0.0
146045,0.0
146046,0.0
146047,0.0
146048,0.0
146049,0.0
146050,0.0
146051,0.0
146052,0.0
146053,0.0
146054,0.0
146055,0.0
146056,0.0
146057,0.0
146058,0.0
146059,0.0
146060,0.0
146061,0.104527
146062,0.329567
146063,0.042411
146064,0.640365
146065,0.106901
146066,0.479238
146067,0.114118
146068,0.0
146069,0.0
146070,0.0
146071,0.0
146072,0.0
146073,0.0
146074,0.0
146075,0.0
146076,0.0
146077,0.0
146078,0.0
146079,0.0
146080,0.0
146081,0.0
146082,0.0
146083,0.0
146084,0.0
146085,0.0
146086,0.0
146087,0.0
146088,0.0
146089,0.0
146090,0.0
146091,0.0
146092,0.0
146093,0.0
146094,0.0
146095,0.0
146096,0.0
146097,0.0
146098,0.032309
146099,0.081995
146100,0.322972
146101,0.018652
146102,0.0
146103,0.0
146104,0.0
146105,0.0
146106,0.0
146107,0.0
146108,0.0
146109,0.054795
146110,0.0
146112,0.0
146113,0.0
146114,0.0
146115,0.0
146116,0.0
146117,0.0
146118,0.0
146124,0.0
146125,0.0
146126,0.0
146127,0.0
146128,0.0
146129,0.0
146130,0.341637
146131,0.272216
146132,0.0
146133,0.0
146134,0.0
146135,0.0
146136,0.0
146137,0.0
146138,0.0
146139,0.0
146140,0.0
146141,0.0
146142,0.0
146143,0.0
146144,0.0
146145,0.0
146146,0.0
146147,0.0
146148,0.0
146149,0.0
146150,0.0
146151,0.0
146152,0.0
146153,0.0
146154,0.0
146155,0.0
146156,0.0
146157,0.0
146158,0.0
146159,0.0
146160,0.0
146161,0.0
146162,0.0
146163,0.0
146164,0.0
146165,0.958878
146166,0.919818
146167,0.0
146168,0.0
146169,0.0
146170,0.0
146171,0.0
146172,0.0
146173,0.0
146174,0.0
146175,0.0
146176,0.0
146177,0.0
146178,0.0
146179,0.0
146180,0.0
146181,0.0
146182,0.0
146550,1.0
146560,0.0
146561,0.0
146562,0.001949
146563,0.309132
146564,0.00278
146565,0.047266
146566,0.0
146567,0.0
146568,0.0
146569,0.0
146570,0.0
146571,0.092784
146572,0.0
146573,0.233147
146574,0.952842
146575,1.0
146576,0.0
146577,0.0
146580,0.066718
146581,0.102917
146582,0.903299
146583,0.997752
146584,0.982829
146585,1.0
146586,0.25
146587,0.491954
146588,0.371111
146589,0.856907
146590,0.802379
146591,0.571522
146592,0.99372
146593,0.0
146594,0.129798
146595,0.639931
146596,0.314637
146597,0.0
146598,0.0
146599,0.000129
146600,0.049154
146601,0.0
146602,0.038382
146603,0.042466
146604,0.921757
146605,1.0
146607,0.897196
146608,0.996887
146609,0.0
146610,0.909091
146611,0.920366
146612,0.012284
146613,0.0
146614,0.0
146615,0.0
146616,0.0
146617,0.0
146618,0.0
146619,0.226445
146620,0.304065
146621,0.09083
146622,0.005594
146623,0.0
146624,0.016353
146625,0.0
146626,0.216959
146627,0.652515
146628,0.643643
146629,0.561144
146630,0.298794
146631,0.175407
146632,0.016814
146633,0.049303
146634,0.005275
146635,0.020679
146636,0.591213
146637,0.076147
146638,0.214696
146639,0.312853
146640,0.169751
146641,0.001042
146642,0.001597
146643,0.895865
146644,0.0
146645,0.0
146646,0.0
146647,0.42539
146648,0.026415
146649,0.00396
146650,0.010774
146651,0.027428
146652,0.0
146653,0.0
146654,0.0
146655,0.0
146656,0.0
146657,0.0
146658,0.0
146659,0.073872
146660,0.065393
146661,0.032867
146662,0.010037
146663,0.028231
146664,0.001577
146665,0.0
146666,0.0
146667,0.0
146668,0.0
146669,0.0
146670,0.0
146671,0.0
146672,0.0
146673,0.0
146674,0.0
146675,0.0
146676,0.0
146677,0.0
146678,0.0
146679,0.0
146680,0.0
146681,0.0
146682,0.0
146683,0.0
146684,0.0
146685,0.0
146686,0.0
146687,0.0
146688,0.0
146689,0.0
146690,0.0
146691,0.0
146692,0.0
146693,0.0
146694,0.0
146695,0.0
146696,0.0
146697,0.0
146698,0.0
146699,0.0
146700,0.0
146701,0.0
146702,0.002243
146703,0.001147
146704,0.0
146705,0.0
146706,0.0
146707,0.0
146708,0.0
146709,0.0
146710,0.0
146711,0.0
146712,0.0
146713,0.0
146714,0.0
146715,0.0
146716,0.0
146717,0.0
146718,0.0
146719,0.0
146720,0.0
146721,0.0
146722,0.0
146723,0.0
146724,0.0
146725,0.0
146726,0.0
146727,0.0
146728,0.0
146729,0.0
146730,0.0
146731,0.0
146732,0.0
146733,0.0
146734,0.0
146735,0.0
146736,0.0
146737,0.0
146738,0.0
146739,0.0
146740,0.0
146741,0.0
146742,0.430318
146743,0.350086
146744,0.23594
146745,0.539725
146746,0.657175
146747,0.574681
146748,0.414062
146749,0.341591
146750,0.467083
146751,0.260135
146752,0.084594
146753,0.0
146754,0.0
146755,0.0
146756,0.0
146757,0.0
146758,0.889248
146759,0.872042
146761,0.0
146762,0.0
146763,0.0
146764,0.0
146765,0.0
146766,0.0
146767,0.0
146768,0.0
146769,0.0
146770,0.0
146771,0.0
146772,0.0
146773,0.0
146774,0.0
146775,0.0
146776,0.0
146777,0.0
146778,0.0
146779,0.0
146780,0.0
146781,0.06713
146782,0.336343
146783,0.143069
146784,0.072727
146785,0.0217
146786,0.0
146787,0.0
146788,0.0
146789,0.0
146790,0.0
146791,0.0
146792,0.0
146793,0.0
146794,0.0
146795,0.0
146796,0.0
146797,0.0
146798,0.0
146799,0.0007
146800,0.0
146801,0.0
146802,0.0
146803,0.198444
146808,0.0
146809,0.0
146812,0.009934
146813,0.0
146814,0.228273
146815,0.047232
146816,0.0
146817,0.0
146818,0.0
146819,0.0
146820,0.0
146821,0.0
146822,0.0
146823,0.0
146824,0.0
146825,0.0
146826,0.0
146827,0.0
146828,0.0
146829,0.0
146830,0.0
146831,0.0
146832,0.0
146833,0.0
146834,0.0
146835,0.0
146836,0.0
146837,0.0
146838,0.312657
146839,0.0
146840,0.037573
146841,0.0
146842,0.0
146843,0.0
146844,0.0
146845,0.0
146847,0.0
146849,0.943499
146850,0.734295
146851,0.0
146852,0.0
146853,0.0
146854,0.0
146855,0.0
146856,0.0
146857,0.0
146858,0.0
146859,0.0
146860,0.0
146861,0.0
146862,0.0
146863,0.0
146864,0.0
146865,0.0
147244,0.0
147245,0.052101
147246,0.0
147247,0.13188
147248,0.312293
147249,0.235961
147250,0.0
147251,0.0
147252,0.0
147253,0.0
147254,0.015313
147255,0.039055
147257,0.0
147258,0.462757
147259,0.986643
147260,1.0
147261,0.0
147262,0.0
147264,0.0
147265,0.862399
147266,1.0
147267,1.0
147268,0.957519
147269,0.295455
147271,0.5
147272,0.927792
147273,0.830337
147274,0.326383
147275,0.044625
147276,0.546612
147277,0.905372
147278,0.789298
147279,0.635504
147280,0.064357
147281,0.006358
147282,0.066058
147283,0.0
147284,0.039901
147285,0.010007
147286,0.0
147287,0.0
147288,0.28735
147289,0.994194
147290,1.0
147291,0.990971
147292,0.989583
147293,0.928358
147294,0.0
147296,0.0
147297,0.0
147298,0.0
147299,0.0
147300,0.0
147301,0.0
147302,0.0
147303,0.0
147304,0.0
147305,0.014984
147306,0.114754
147307,0.009164
147308,0.432039
147309,0.101927
147310,0.365885
147311,0.696739
147312,0.578378
147313,0.576173
147314,0.0
147315,0.277624
147316,0.182761
147317,0.000166
147318,0.0
147319,0.0
147320,0.0
147321,0.0
147322,0.208602
147323,0.517104
147324,0.315836
147325,0.271904
147326,0.0
147327,0.201058
147328,0.0
147329,0.0
147330,0.198596
147331,0.121682
147332,0.012296
147333,0.001396
147334,0.001219
147335,0.000752
147336,0.0
147337,0.0
147338,0.0
147339,0.0
147340,0.0
147341,0.035827
147342,0.000772
147343,0.0
147344,0.070088
147345,0.079569
147346,0.001139
147347,9.2e-05
147348,0.0
147349,0.0
147350,0.0
147351,0.0
147352,0.0
147353,0.0
147354,0.0
147355,0.0
147356,0.0
147357,0.0
147358,0.0
147359,0.0
147360,0.0
147361,0.0
147362,0.0
147363,0.0
147364,0.0
147365,0.0
147366,0.0
147367,0.0
147368,0.0
147369,0.0
147370,0.0
147371,0.0
147372,0.0
147373,0.0
147374,0.0
147375,0.0
147376,0.0
147377,0.0
147378,0.0
147379,0.0
147380,0.0
147381,0.0
147382,0.0
147383,0.0
147384,0.0
147385,0.0
147386,0.0
147387,0.0
147388,0.0
147389,0.0
147390,0.0
147391,0.0
147392,0.0
147393,0.0
147394,0.0
147395,0.0
147396,0.0
147397,0.0
147398,0.0
147399,0.0
147400,0.0
147401,0.0
147402,0.0
147403,0.0
147404,0.0
147405,0.0
147406,0.0
147407,0.0
147408,0.0
147409,0.0
147410,0.0
147411,0.0
147412,0.0
147413,0.079346
147414,0.400187
147415,0.0
147416,0.0
147417,0.0
147418,0.0
147419,0.0
147420,0.0
147421,0.0
147422,0.221774
147423,0.37532
147424,0.195291
147425,0.082494
147426,0.520252
147427,0.793422
147428,0.64877
147429,0.30977
147430,0.810722
147431,0.182891
147432,0.171543
147433,0.354563
147434,0.289364
147435,0.13083
147436,0.202814
147437,1.0
147439,0.002311
147440,0.0
147441,0.0
147442,0.0
147443,0.0
147444,0.0
147445,0.0
147446,0.0
147447,0.0
147448,0.0
147449,0.0
147450,0.0
147451,0.0
147452,0.0
147453,0.0
147454,0.0
147455,0.011033
147456,0.0
147457,0.0
147458,0.0
147459,0.0
147460,0.0
147461,0.0
147462,0.0
147463,0.0
147464,0.0
147465,0.004934
147466,0.343214
147467,0.292135
147468,0.056978
147469,0.0
147470,0.0
147471,0.0
147472,0.0
147473,0.0
147474,0.0
147475,0.000371
147476,0.0
147477,0.0
147478,0.0
147479,0.0
147480,0.0
147481,0.0
147482,0.0
147483,0.0
147484,0.0
147485,0.0
147486,0.0
147487,0.009143
147488,0.0
147492,0.0
147494,0.0
147495,0.022901
147496,0.006282
147497,0.014136
147498,0.137132
147499,0.121813
147500,0.0
147501,0.0
147502,0.0
147503,0.0
147504,0.0
147505,0.0
147506,0.0
147507,0.0
147508,0.0
147510,0.0
147511,0.0
147512,0.0
147513,0.0
147514,0.0
147515,0.0
147516,0.0
147517,0.0
147518,0.0
147519,0.0
147520,0.0
147521,0.260719
147522,0.299294
147523,0.000298
147524,0.077641
147525,0.118404
147526,0.0
147527,0.0
147528,0.0
147529,0.0
147530,0.0
147531,0.0
147532,0.0
147533,0.0
147534,0.0
147535,0.0
147536,0.67736
147537,0.533637
147538,0.0
147539,0.0
147540,0.0
147541,0.0
147542,0.0
147543,0.0
147544,0.0
147545,0.0
147547,0.0
147548,0.0
147929,0.536332
147930,0.028116
147931,0.048649
147932,0.166754
147933,0.078691
147934,0.102461
147935,0.0
147936,0.0
147937,0.111439
147938,0.0
147939,0.387822
147940,0.053352
147941,0.0
147942,0.030181
147943,0.761036
147944,1.0
147945,1.0
147946,0.998755
147948,0.0
147949,0.911106
147950,1.0
147951,1.0
147952,1.0
147956,0.0
147957,0.0
147959,0.01039
147960,0.085255
147961,0.301892
147962,0.356555
147963,0.068783
147964,0.150182
147965,0.0
147966,0.0
147967,0.0
147970,0.0
147971,0.0
147972,0.0
147973,0.126104
147974,0.995595
147975,1.0
147976,0.988563
147977,1.0
147979,1.0
147980,0.018307
147981,0.002029
147982,0.000419
147983,0.0
147984,0.0
147985,0.0
147986,0.0
147987,0.0
147988,0.0
147989,0.0
147990,0.0
147991,0.0
147992,0.752475
147993,0.966216
147994,0.580341
147995,0.777022
147996,0.650489
147997,0.238095
147998,0.349259
147999,0.704241
148000,0.005982
148001,0.0
148002,0.0
148003,0.110295
148004,0.005018
148005,0.0
148006,0.0
148007,0.0
148008,0.90411
148009,0.111141
148010,0.079098
148011,0.368357
148012,0.0
148013,0.0
148014,0.236644
148015,0.003336
148016,0.0
148017,0.0
148018,0.009665
148019,0.0
148020,0.0
148021,0.0
148022,0.0
148023,0.051506
148024,0.251274
148025,0.292229
148026,0.060372
148027,0.0
148028,0.00605
148029,0.022802
148030,0.005868
148031,0.0
148032,0.0
148033,0.0
148034,0.0
148035,0.0
148036,0.0
148037,0.0
148038,0.0
148039,0.0
148040,0.0
148041,0.0
148042,0.0
148043,0.0
148044,0.0
148045,0.0
148046,0.0
148047,0.0
148048,0.0
148049,0.0
148050,0.0
148051,0.0
148052,0.0
148053,0.0
148054,0.0
148055,0.0
148056,0.0
148057,0.0
148058,0.0
148059,0.0
148060,0.0
148061,0.0
148062,0.0
148064,0.0
148065,0.0
148066,0.0
148067,0.0
148068,0.0
148069,0.0
148070,0.0
148071,0.0
148072,0.0
148073,0.0
148074,0.015459
148075,0.0
148076,0.0
148077,0.430178
148078,0.525062
148079,0.789684
148080,0.0
148081,0.0
148082,0.0
148083,0.0
148084,0.0
148085,0.0
148086,0.0
148087,0.0
148088,0.0
148089,0.0
148090,0.0
148091,0.0
148092,0.0
148093,0.0
148094,0.0
148095,0.0
148096,0.0
148097,0.2159
148098,0.596085
148099,0.0
148100,0.0
148101,0.0
148102,0.0
148103,0.0
148104,0.0
148105,0.001344
148106,0.475269
148107,0.146617
148108,0.559093
148109,0.642045
148110,0.619599
148111,0.725
148112,0.83806
148113,0.411354
148114,0.576119
148115,1.0
148116,0.122951
148117,0.540304
148118,0.699101
148119,0.805514
148120,0.560147
148121,0.0
148122,0.0
148123,0.0
148124,0.0
148125,0.0
148126,0.0
148127,0.0
148128,0.0
148129,0.0
148130,0.0
148131,0.0
148132,0.0
148133,0.0
148134,0.0
148135,0.0
148136,0.0
148137,0.0
148138,0.0
148139,0.111313
148140,0.00597
148141,0.0
148142,0.0
148143,0.0
148144,0.0
148145,0.0
148146,0.0
148147,0.0
148148,0.0
148149,0.036334
148150,0.162144
148151,0.27443
148152,0.078727
148153,0.0
148154,0.0
148155,0.0
148156,0.0
148157,0.0
148158,0.0
148159,0.0
148160,0.0
148161,0.0
148162,0.0
148163,0.0
148164,0.061198
148165,0.037322
148166,0.0
148167,0.004329
148168,0.0
148169,0.0
148170,0.0
148171,0.0
148172,0.0
148173,0.0
148174,0.0
148175,0.0
148176,0.0
148177,0.0
148178,0.0
148179,0.0
148180,0.0
148181,0.0
148182,0.0
148183,0.0
148184,0.0
148185,0.0
148186,0.0
148187,0.0
148188,0.047051
148189,0.0
148190,0.0
148193,0.0
148194,0.0
148195,0.0
148196,0.0
148197,0.0
148198,0.0
148199,0.0
148200,0.0
148201,0.0
148202,0.0
148203,0.0
148204,0.0
148205,0.194679
148206,0.160484
148207,0.026288
148208,0.094025
148209,0.017997
148210,0.0
148211,0.0
148212,0.0
148213,0.0
148214,0.0
148215,0.0
148216,0.0
148217,0.0
148218,0.0
148219,0.0
148220,0.036267
148221,0.196078
148222,0.0
148223,0.0
148224,0.0
148225,0.0
148226,0.0
148227,0.0
148228,0.0
148229,0.0
148613,0.0
148614,0.003378
148615,0.387135
148616,0.467058
148617,0.625496
148618,0.664499
148619,0.0
148620,0.0
148621,0.0
148622,0.0
148623,0.982803
148624,0.1891
148625,0.0
148626,0.0
148627,0.093684
148628,0.999854
148629,0.954236
148630,0.977849
148632,0.0
148633,0.998889
148634,1.0
148635,1.0
148636,0.1
148638,0.0
148639,1.0
148640,0.994426
148641,0.0
148643,0.0
148644,0.003523
148645,0.000988
148646,0.0
148647,0.0
148648,0.000481
148649,0.267125
148650,0.008471
148655,0.0
148656,0.0
148657,0.375759
148658,1.0
148660,1.0
148661,0.989389
148662,0.989016
148663,0.999257
148664,0.065113
148665,0.45394
148666,0.041798
148667,0.0
148668,0.0
148669,0.0
148670,0.0
148671,0.0
148672,0.0
148673,0.0
148674,0.766169
148675,0.997854
148676,0.944444
148678,0.322368
148679,0.127287
148680,1.0
148681,0.72428
148682,0.351899
148684,0.008886
148685,0.002782
148686,0.025867
148687,0.011094
148688,0.181479
148689,0.023201
148690,0.044346
148691,0.603522
148692,0.260404
148693,0.084581
148694,0.093365
148695,0.60617
148696,0.112242
148697,0.384832
148698,0.420174
148699,0.059589
148700,0.0
148701,0.000172
148702,0.004582
148703,0.0
148704,0.197852
148705,0.035046
148706,0.0
148707,0.051802
148708,0.342139
148709,0.22692
148710,0.098323
148711,0.086561
148712,0.036172
148713,0.014681
148714,0.048203
148715,0.0
148716,0.0
148717,0.0
148718,0.0
148719,0.004968
148720,0.08865
148721,0.0
148722,0.0
148723,0.0
148724,0.0
148725,0.0
148726,0.0
148727,0.0
148728,0.0
148729,0.0
148730,0.0
148731,0.0
148732,0.0
148733,0.0
148734,0.0
148735,0.0
148736,0.0
148737,0.0
148738,0.0
148739,0.0
148740,0.0
148741,0.0
148742,0.0
148743,0.0
148744,0.0
148745,0.0
148746,0.0
148747,0.0
148748,0.0
148749,0.0
148750,0.0
148751,0.0
148752,0.0
148753,0.0
148754,0.0
148755,0.0
148756,0.0
148757,0.0
148758,0.0
148759,0.0
148760,0.67681
148761,0.94482
148762,0.990504
148763,0.819183
148764,0.0
148765,0.0
148766,0.0
148767,0.0
148768,0.0
148769,0.0
148770,0.0
148771,0.0
148772,0.0
148773,0.0
148774,0.0
148775,0.0
148776,0.0
148777,0.0
148778,0.0
148779,0.0
148780,0.0
148781,0.0
148782,0.0
148783,0.0
148784,0.0
148785,0.0
148786,0.0
148787,0.0
148788,0.0
148789,0.0
148790,0.160802
148791,0.210041
148792,0.754538
148793,0.388614
148794,0.057143
148797,1.0
148798,0.857624
148799,0.424318
148800,0.891667
148801,0.663567
148802,0.521739
148803,0.656085
148804,0.288401
148805,0.0
148806,0.0
148807,0.0
148808,0.0
148809,0.0
148810,0.0
148811,0.0
148812,0.0
148813,0.0
148814,0.0
148815,0.0
148816,0.0
148817,0.0
148818,0.0
148819,0.0
148820,0.0
148821,0.0
148822,0.0
148823,0.0
148824,0.101399
148825,0.0
148826,0.0
148827,0.0
148828,0.0
148829,0.0
148830,0.0
148831,0.0
148832,0.0
148833,0.0
148834,0.0
148835,0.04853
148836,0.0
148837,0.0
148838,0.0
148839,0.0
148840,0.0
148841,0.006421
148842,0.0
148843,0.0
148844,0.0
148845,0.0
148846,0.0
148847,0.0
148848,0.527334
148849,0.815393
148851,0.778404
148852,0.09962
148853,0.0
148854,0.0
148855,0.0
148856,0.0
148857,0.0
148858,0.0
148859,0.0
148860,0.0
148861,0.0
148862,0.0
148863,0.0
148864,0.0
148865,0.0
148866,0.0
148867,0.0
148868,0.0
148869,0.0
148870,0.0
148871,0.0
148878,0.0
148879,0.0
148880,0.0
148881,0.0
148882,0.0
148883,0.0
148884,0.0
148885,0.0
148886,0.0
148887,0.0
148888,0.0
148889,0.05171
148890,0.0
148891,0.207515
148892,0.067478
148893,0.0
148894,0.0
148895,0.0
148896,0.0
148897,0.0
148898,0.0
148899,0.0
148900,0.0
148901,0.0
148902,0.0
148903,0.0
148904,0.0
148905,0.0
148906,0.0
148907,0.0
148908,0.0
148909,0.0
148910,0.0
148911,0.0
148912,0.0
148913,0.0
149297,0.006369
149298,0.119403
149299,0.521026
149300,0.412337
149301,0.630962
149302,0.457401
149303,0.078501
149304,0.004566
149305,0.332437
149306,0.058508
149307,0.311075
149308,0.189992
149309,0.0
149310,0.0
149311,0.298055
149312,0.0
149313,0.01272
149314,0.0
149316,0.799499
149317,0.989011
149318,1.0
149319,1.0
149323,0.996164
149324,1.0
149325,0.0
149326,0.0
149327,0.0
149328,0.873544
149329,0.665542
149330,0.592458
149331,0.072441
149332,0.0
149333,0.0
149334,0.0
149335,0.0
149336,0.0
149339,0.0
149340,0.088726
149341,0.784722
149342,1.0
149343,1.0
149344,1.0
149345,1.0
149346,1.0
149347,0.900709
149348,1.0
149349,0.818573
149350,0.016137
149351,0.0
149352,0.0
149353,0.0
149354,0.0
149355,0.0
149356,0.0
149357,0.0
149358,0.0
149361,0.0
149362,0.88956
149363,0.0
149364,0.947465
149365,0.075397
149366,0.0
149367,0.17444
149368,0.069333
149369,0.000324
149370,0.001009
149371,0.051158
149372,0.16228
149373,0.624371
149374,0.171751
149375,0.177224
149376,0.314274
149377,0.269288
149378,0.159314
149379,0.583584
149380,0.349662
149381,0.70067
149382,0.469439
149383,0.156671
149384,0.0
149385,0.0
149386,0.0
149387,0.003579
149388,0.063065
149389,0.073311
149390,0.008192
149391,0.004425
149392,0.015755
149393,0.098573
149394,0.073299
149395,0.048614
149396,0.006581
149397,0.036645
149398,0.015074
149399,0.005818
149400,0.0
149401,0.0
149402,0.0
149403,0.403976
149404,0.751284
149405,0.003233
149406,0.0
149407,0.0
149408,0.0
149409,0.0
149410,0.0
149411,0.0
149412,0.0
149413,0.0
149414,0.0
149415,0.0
149416,0.0
149417,0.0
149418,0.0
149419,0.0
149420,0.0
149421,0.0
149422,0.0
149423,0.0
149424,0.0
149425,0.0
149426,0.0
149427,0.0
149428,0.0
149429,0.0
149430,0.0
149431,0.0
149432,0.0
149433,0.0
149434,0.0
149435,0.0
149436,0.0
149437,0.0
149438,0.0
149439,0.0
149440,0.0
149441,0.0
149442,0.0
149443,0.0
149444,0.0
149445,0.0
149446,0.0
149447,0.0
149448,0.0
149449,0.0
149450,0.0
149451,0.0
149452,0.0
149453,0.0
149454,0.0
149455,0.0
149456,0.0
149457,0.0
149458,0.0
149459,0.0
149460,0.0
149461,0.0
149462,0.0
149463,0.0
149464,0.0
149465,0.0
149466,0.0
149467,0.0
149468,0.0
149469,0.0
149470,0.0
149471,0.0
149472,0.0
149473,0.0
149474,0.0
149475,0.003815
149476,0.048144
149477,0.007787
149482,0.487314
149483,0.872142
149484,0.802258
149485,0.776596
149486,0.805195
149487,0.506085
149488,0.0
149489,0.246575
149490,0.0
149491,0.0
149492,0.0
149493,0.0
149494,0.0
149495,0.0
149496,0.0
149497,0.0
149498,0.0
149499,0.0
149500,0.0
149501,0.0
149502,0.0
149503,0.0
149504,0.0
149505,0.0
149506,0.0
149507,0.0
149508,0.0
149509,0.0
149510,0.0
149511,0.0
149512,0.0
149513,0.0
149514,0.0
149515,0.0
149516,0.0
149517,0.0
149518,0.010471
149519,0.02381
149520,0.0
149521,0.0
149522,0.0
149523,0.0
149524,0.0
149525,0.0
149526,0.0
149527,0.0
149528,0.0
149529,0.0
149530,0.0
149531,0.0
149532,0.312315
149533,0.821377
149534,0.758826
149535,0.865284
149536,0.300463
149537,0.0
149538,0.0
149539,0.0
149540,0.0
149541,0.0
149542,0.0
149543,0.0
149544,0.0
149545,0.0
149546,0.0
149547,0.0
149548,0.0
149549,0.0
149550,0.0
149551,0.0
149552,0.0
149553,0.0
149554,0.0
149562,0.0
149563,0.0
149564,0.0
149565,0.0
149566,0.0
149567,0.0
149568,0.0
149569,0.0
149570,0.0
149571,0.0
149572,0.0
149573,0.0
149574,0.010544
149575,0.017621
149576,0.226307
149577,0.052037
149578,0.0
149579,0.0
149580,0.0
149581,0.0
149582,0.0
149583,0.0
149584,0.0
149585,0.0
149586,0.0
149587,0.0
149588,0.0
149589,0.0
149590,0.0
149591,0.0
149592,0.0
149593,0.0
149594,0.0
149595,0.0
149596,0.0
149981,0.0
149982,0.213974
149983,0.412861
149984,0.281745
149985,0.455398
149986,0.029568
149987,0.076064
149988,0.090909
149989,0.271726
149990,0.0
149991,0.007719
149992,0.0
149993,0.0
149994,0.0
149995,0.0
149996,1.0
149997,0.0
149998,0.0
150000,1.0
150001,0.924207
150002,0.991941
150003,1.0
150004,0.0
150005,1.0
150006,1.0
150007,0.998525
150008,1.0
150009,0.0
150010,0.004262
150011,0.005367
150014,0.979592
150015,0.657103
150016,0.006026
150017,0.209511
150018,0.008917
150019,0.0
150020,0.0
150021,0.0
150022,0.0
150025,0.105204
150026,0.453552
150027,0.0
150028,1.0
150029,0.666667
150030,0.81769
150031,0.877971
150032,0.475836
150033,0.035908
150034,0.0
150035,0.0
150036,0.0
150037,0.0
150038,0.0
150039,0.0
150040,0.0
150041,0.0
150042,0.0
150043,0.0
150044,0.0
150045,0.0
150046,1.0
150047,0.984615
150048,0.7964
150049,0.977799
150050,0.761194
150051,0.10193
150052,0.000959
150053,7.9e-05
150054,0.0
150055,0.0
150056,0.15986
150057,0.903514
150058,0.427368
150059,0.093175
150060,0.473003
150061,0.748285
150062,0.751973
150063,0.743428
150064,0.764492
150065,0.791358
150066,0.724313
150067,0.529741
150068,0.110472
150069,0.135427
150070,0.561244
150071,0.090892
150072,0.021351
150073,0.027233
150074,0.072562
150075,0.077122
150076,0.339529
150077,0.598242
150078,0.507825
150079,0.046956
150080,0.059893
150081,0.142911
150082,0.04028
150083,0.0
150084,0.0
150085,0.0
150086,0.0
150087,0.203094
150088,0.423283
150089,0.003927
150090,0.0
150091,0.0
150092,0.0
150093,0.0
150094,0.0
150095,0.0
150096,0.0
150097,0.0
150098,0.0
150099,0.0
150100,0.0
150101,0.0
150102,0.0
150103,0.0
150104,0.0
150105,0.0
150106,0.0
150107,0.0
150108,0.0
150109,0.0
150110,0.0
150111,0.0
150112,0.0
150113,0.0
150114,0.0
150115,0.0
150119,0.0
150120,0.0
150121,0.0
150122,0.0
150123,0.0
150124,0.001884
150125,0.0
150126,0.0
150127,0.0
150128,0.0
150129,0.0
150130,0.0
150131,0.0
150132,0.0
150133,0.0
150134,0.0
150135,0.0
150136,0.0
150137,0.0
150138,0.0
150139,0.0
150140,0.0
150141,0.045169
150142,0.001361
150143,0.0
150144,0.0
150145,0.0
150146,0.0
150147,0.0
150148,0.0
150149,0.0
150150,0.025332
150151,0.014789
150152,0.0
150153,0.0
150154,0.0
150155,0.0
150156,0.0
150157,0.0
150158,0.0
150159,0.0
150160,0.010409
150161,0.0
150166,0.660606
150167,0.533093
150168,0.497763
150169,0.243207
150170,0.079927
150171,0.0
150172,0.0
150173,0.0
150174,0.0
150175,0.0
150176,0.0
150177,0.0
150178,0.0
150179,0.0
150180,0.044919
150181,0.0
150182,0.0
150183,0.0
150184,0.0
150185,0.0
150186,0.0
150187,0.0
150188,0.0
150189,0.0
150190,0.0
150191,0.0
150192,0.0
150193,0.0
150194,0.0
150195,0.0
150196,0.0
150197,0.0
150198,0.0
150199,0.0
150200,0.0
150201,0.0
150202,0.0
150203,0.0
150204,0.0
150205,0.0
150206,0.0
150207,0.0
150208,0.0
150209,0.0
150210,0.0
150211,0.0
150212,0.0
150213,0.0
150214,0.0
150215,0.0
150216,0.002822
150217,0.00987
150218,0.477261
150219,0.193285
150220,0.011106
150221,0.0
150222,0.0
150223,0.0
150224,0.0
150225,0.0
150226,0.0
150227,0.0
150228,0.0
150229,0.0
150230,0.0
150231,0.0
150232,0.0
150233,0.032874
150234,0.0
150235,0.0
150236,0.0
150237,0.0
150238,0.0
150246,0.0
150247,0.0
150248,0.0
150249,0.0
150250,0.0
150251,0.0
150252,0.0
150253,0.0
150254,0.0
150255,0.0
150256,0.0
150257,0.0
150258,0.0
150259,0.00116
150260,0.131823
150261,0.031041
150262,0.0
150263,0.0
150264,0.0
150265,0.0
150266,0.0
150267,0.0
150268,0.0
150269,0.0
150270,0.0
150271,0.0
150272,0.0
150273,0.0
150274,0.0
150275,0.0
150276,0.0
150277,0.0
150278,0.270876
150279,0.104167
150280,0.192
150281,0.344828
150670,0.046323
150671,0.011905
150672,0.375831
150673,1.0
150674,0.0
150675,0.0
150676,0.0
150677,0.0
150678,0.000228
150679,0.699518
150680,0.383632
150681,1.0
150682,0.0
150683,0.02392
150684,0.0
150685,0.747922
150686,0.999765
150687,1.0
150688,1.0
150689,0.999855
150690,1.0
150691,1.0
150692,0.829244
150693,0.001547
150694,0.000811
150695,0.047746
150696,0.054201
150697,0.184
150699,0.714286
150700,0.053919
150701,0.86166
150702,0.196869
150703,0.268133
150704,0.0
150705,0.0
150706,0.0
150709,0.0
150710,0.001787
150711,0.071682
150712,1.0
150713,0.865263
150714,0.483483
150715,0.379099
150716,0.050827
150717,0.0
150718,0.0
150719,0.0
150720,0.0
150721,0.0
150722,0.0
150723,0.0
150724,0.0
150725,0.0
150726,0.0
150729,0.995455
150730,1.0
150731,0.726744
150732,0.351812
150733,1.0
150734,0.980159
150735,0.093326
150736,0.001154
150737,0.0
150738,0.0
150739,0.001372
150740,0.138739
150741,0.712538
150742,0.0
150743,0.041029
150744,0.014671
150745,0.006746
150746,0.165504
150747,0.814943
150748,0.72268
150749,0.764528
150750,0.801382
150751,0.680816
150752,0.616966
150753,0.49362
150754,0.643139
150755,0.14156
150756,0.043349
150757,0.041151
150758,0.352536
150759,0.42644
150760,0.639617
150761,0.651824
150762,0.614806
150763,0.056687
150764,0.152747
150765,0.103303
150766,0.050621
150767,0.089748
150768,0.019172
150769,0.0
150770,8.3e-05
150771,0.014382
150772,0.0
150773,0.0
150774,0.0
150775,0.0
150776,0.0
150777,0.0
150778,0.0
150779,0.0
150780,0.0
150781,0.0
150782,0.0
150783,0.0
150784,0.0
150785,0.0
150786,0.0
150787,0.0
150788,0.0
150789,0.0
150790,0.0
150791,0.0
150792,0.0
150793,0.0
150794,0.0
150795,0.0
150796,0.0
150797,0.0
150798,0.0
150799,0.0
150804,0.0
150805,0.0
150806,0.0
150807,0.0
150808,0.0
150809,0.0
150810,0.0
150811,0.0
150812,0.0
150813,0.0
150814,0.0
150815,0.0
150816,0.0
150817,0.0
150818,0.0
150819,0.0
150820,0.0
150821,0.0
150822,0.0
150823,0.0
150824,0.0
150825,0.0
150826,0.0
150827,0.0
150828,0.0
150829,0.0
150830,0.0
150831,0.0
150832,0.0
150833,0.0
150834,0.143486
150835,0.026327
150836,0.0
150837,0.0
150838,0.0
150839,0.0
150840,0.0
150841,0.0
150842,0.0
150843,0.069014
150844,0.644699
150845,0.17167
150846,0.0
150851,0.069756
150852,0.0
150853,0.156151
150854,0.000808
150855,0.0
150856,0.0
150857,0.0
150858,0.0
150859,0.0
150860,0.0
150861,0.0
150862,0.0
150863,0.0
150864,0.137488
150865,0.032653
150866,0.0
150867,0.0
150868,0.0
150869,0.0
150870,0.0
150871,0.0
150872,0.0
150873,0.0
150874,0.0
150875,0.0
150876,0.0
150877,0.0
150878,0.0
150879,0.0
150880,0.0
150881,0.0
150882,0.0
150883,0.0
150884,0.0
150885,0.0
150886,0.0
150887,0.0
150888,0.0
150889,0.0
150890,0.000776
150891,0.0
150892,0.0
150893,0.0
150894,0.0
150895,0.0
150896,0.0
150897,0.0
150898,0.0
150899,0.0
150900,0.002933
150901,0.007418
150902,0.267952
150903,0.116941
150904,0.0
150905,0.0
150906,0.0
150907,0.0
150908,0.0
150909,0.0
150910,0.0
150911,0.0
150912,0.0
150913,0.0
150914,0.0
150915,0.012334
150916,0.159515
150917,0.056919
150918,0.008891
150919,0.0
150920,0.0
150921,0.0
150922,0.0
150923,0.0
150924,0.0
150928,0.0
150929,0.0
150930,0.0
150931,0.0
150932,0.0
150933,0.0
150934,0.0
150935,0.00093
150936,0.0
150937,0.0
150938,0.0
150939,0.0
150940,0.0
150941,0.0
150942,0.0
150943,0.0
150944,0.0
150945,0.021277
150946,0.0
150947,0.0
150948,0.0
150949,0.0
150950,0.0
150951,0.0
150952,0.0
150953,0.0
150954,0.0
150955,0.0
150956,0.0
150957,0.0
150958,0.0
150959,0.0
150960,0.0
150961,0.0
150962,0.638235
150963,0.758621
150964,0.593373
150965,0.352941
150966,0.074341
151362,0.007692
151363,1.0
151364,1.0
151365,0.0
151366,0.0
151367,0.000291
151368,0.001141
151369,0.821036
151370,0.928111
151371,0.999804
151372,1.0
151373,0.980337
151374,0.856737
151375,0.307119
151376,0.027775
151377,0.000839
151378,0.148499
151379,0.849981
151380,1.0
151381,0.2628
151382,0.161435
151383,1.0
151384,0.254231
151386,0.101449
151387,0.361183
151388,0.000357
151389,0.0
151390,0.0
151391,0.0
151392,0.006911
151393,0.0
151394,0.0
151395,0.143457
151396,0.910266
151397,0.342387
151398,0.374486
151399,0.765496
151400,0.007152
151401,0.0
151402,0.0
151403,0.0
151404,0.0
151405,0.0
151406,0.0
151407,0.0
151408,0.0
151409,0.003101
151410,0.307856
151414,0.740113
151415,0.676471
151416,0.995232
151417,0.3125
151418,0.976242
151419,0.186391
151420,0.006676
151421,0.473952
151422,0.118696
151423,0.001479
151424,0.215367
151425,0.000639
151427,0.0
151428,0.20371
151429,0.325258
151430,0.0
151431,0.643584
151432,0.968094
151433,0.991964
151434,1.0
151435,1.0
151436,0.97639
151437,0.684247
151438,0.028972
151439,0.067249
151440,0.191388
151441,0.033824
151442,0.226194
151443,0.381379
151444,0.612466
151445,0.620178
151446,0.724557
151447,0.75059
151448,0.572944
151449,0.110279
151450,0.001468
151451,0.129221
151452,0.001908
151453,0.001136
151454,0.009455
151455,0.003795
151456,0.0
151457,0.0
151458,0.0
151459,0.0
151460,0.0
151461,0.0
151462,0.0
151463,0.0
151464,0.0
151465,0.0
151466,0.0
151467,0.0
151468,0.0
151469,0.0
151470,0.0
151471,0.0
151472,0.0
151473,0.0
151474,0.0
151475,0.0
151476,0.0
151477,0.0
151478,0.0
151479,0.0
151480,0.0
151481,0.0
151482,0.0
151483,0.0
151488,0.0
151489,0.0
151490,0.0
151491,0.0
151492,0.0
151493,0.0
151494,0.0
151495,0.0
151496,0.0
151497,0.0
151498,0.0
151499,0.0
151500,0.0
151501,0.0
151502,0.0
151503,0.0
151504,0.0
151505,0.0
151506,0.0
151507,0.0
151508,0.0
151509,0.0
151510,0.0
151511,0.0
151512,0.0
151513,0.0
151514,0.0
151515,0.0
151516,0.0
151517,0.0
151518,0.0
151519,0.0
151520,0.0
151521,0.0
151522,0.0
151523,0.0
151524,0.0
151525,0.0
151526,0.287095
151527,0.484792
151528,0.332253
151529,0.06107
151530,0.0
151535,0.0
151536,0.0
151537,0.0
151538,0.0
151539,0.0
151540,0.0
151541,0.0
151542,0.0
151543,0.0
151544,0.0
151545,0.0
151546,0.0
151547,0.0
151548,0.0
151549,0.0
151550,0.0
151551,0.0
151552,0.0
151553,0.0
151554,0.0
151555,0.0
151556,0.0
151557,0.0
151558,0.0
151559,0.0
151560,0.0
151561,0.0
151562,0.0
151563,0.0
151564,0.0
151565,0.0
151566,0.015575
151567,0.011749
151568,0.0
151569,0.0
151570,0.0
151571,0.0
151572,0.0
151573,0.0
151574,0.000387
151575,0.0
151576,0.0
151577,0.0
151578,0.0
151579,0.0
151580,0.0
151581,0.0
151582,0.0
151583,0.0
151584,0.0
151585,0.0
151586,0.0
151587,0.0
151588,0.0
151589,0.0
151590,0.0
151591,0.0
151592,0.0
151593,0.0
151594,0.0
151595,0.0
151596,0.0
151597,0.0
151598,0.0
151599,0.020513
151600,0.878571
151601,0.31193
151602,0.0
151603,0.0
151604,0.0
151605,0.0
151606,0.0
151607,0.0
151608,0.0
151609,0.0
151612,0.0
151613,0.0
151614,0.0
151615,0.0
151616,0.0
151617,0.0
151618,0.0
151619,0.0
151620,0.0
151621,0.0
151622,0.0
151623,0.0
151624,0.0
151625,0.0
151626,0.0
151627,0.278195
151628,0.947003
151630,0.0
151631,0.0
151632,0.0
151633,0.0
151634,0.0
151635,0.0
151636,0.0
151637,0.0
151638,0.0
151639,0.0
151640,0.0
151642,0.0
151643,0.0
151644,0.0
151645,0.0
151646,0.202073
151647,0.560606
151648,1.0
151649,0.434109
151650,0.0
152050,0.000517
152051,0.0
152052,0.66489
152053,0.29938
152054,0.139552
152055,0.2358
152056,0.308
152057,0.809892
152058,0.280522
152059,0.046123
152060,0.151389
152061,0.133341
152062,0.14557
152063,0.807498
152064,0.791185
152065,0.168379
152066,0.250224
152067,0.039967
152068,0.028827
152069,0.0
152071,0.292704
152072,0.031432
152073,0.0
152074,0.0
152075,0.0
152076,0.000972
152077,0.052138
152078,0.269685
152079,0.412396
152080,0.62653
152081,0.335309
152082,0.132355
152083,0.213997
152084,0.002612
152085,0.0
152086,0.0
152087,0.0
152088,0.0
152089,0.035933
152090,0.0
152091,0.0
152092,0.0
152093,0.020053
152094,0.907143
152095,1.0
152097,0.5
152098,0.261848
152099,0.0
152101,0.972696
152102,0.942029
152103,0.212451
152104,8.7e-05
152105,0.05402
152106,0.0
152107,0.0
152108,0.443399
152109,0.015896
152110,1.0
152111,0.422181
152112,0.24247
152113,0.14562
152114,0.0
152115,0.811588
152116,0.99306
152117,1.0
152118,1.0
152119,1.0
152120,1.0
152121,0.68854
152122,0.198281
152123,0.000361
152124,0.301711
152125,0.014787
152126,0.055906
152127,0.029999
152128,0.241117
152129,0.487298
152130,0.336052
152131,0.249066
152132,0.560019
152133,0.150175
152134,0.400544
152135,0.413159
152136,0.098185
152137,0.003082
152138,0.052504
152139,0.001187
152140,0.0
152141,0.0
152142,0.0
152143,0.0
152144,0.0
152145,0.0
152146,0.0
152147,0.0
152148,0.0
152149,0.0
152150,0.0
152151,0.0
152152,0.0
152153,0.0
152154,0.0
152155,0.0
152156,0.0
152157,0.0
152158,0.0
152159,0.0
152160,0.0
152161,0.0
152162,0.0
152163,0.0
152164,0.0
152165,0.0
152166,0.0
152167,0.0
152168,0.0
152171,0.0
152172,0.0
152173,0.0
152174,0.0
152175,0.0
152176,0.0
152177,0.0
152178,0.0
152179,0.0
152180,0.0
152181,0.0
152182,0.0
152183,0.0
152184,0.0
152185,0.0
152186,0.0
152187,0.0
152188,0.0
152189,0.0
152190,0.0
152191,0.0
152192,0.0
152193,0.0
152194,0.0
152195,0.0
152196,0.0
152197,0.0
152198,0.0
152199,0.0
152200,0.0
152201,0.0
152202,0.0
152203,0.0
152204,0.0
152205,0.0
152206,0.0
152207,0.0
152208,0.0
152209,0.0
152210,0.401787
152211,0.252393
152212,0.399653
152213,0.00119
152214,0.0
152215,0.0
152218,0.0
152219,0.0
152220,0.0
152221,0.0
152222,0.0
152223,0.0
152224,0.0
152225,0.0
152226,0.0
152227,0.0
152228,0.0
152229,0.0
152230,0.0
152231,0.0
152232,0.0
152233,0.0
152234,0.0
152235,0.0
152236,0.0
152237,0.0
152238,0.000502
152239,0.0
152240,0.0
152241,0.0
152242,0.0
152243,0.0
152244,0.0
152245,0.0
152246,0.0
152247,0.0
152248,0.0
152249,0.0
152250,0.047657
152251,0.100152
152252,0.0
152253,0.0
152254,0.0
152255,0.0
152256,0.0
152257,0.0
152258,0.003893
152259,0.0
152260,0.0
152261,0.0
152262,0.0
152263,0.0
152264,0.0
152265,0.0
152266,0.0
152267,0.0
152268,0.0
152269,0.0
152270,0.0
152271,0.0
152272,0.0
152273,0.0
152274,0.0
152275,0.0
152276,0.0
152277,0.0
152278,0.0
152279,0.0
152280,0.0
152281,0.744388
152282,0.913043
152283,0.000652
152284,0.879385
152285,0.216812
152286,0.0
152287,0.0
152288,0.0
152289,0.0
152290,0.0
152291,0.0
152292,0.0
152296,0.0
152297,0.0
152298,0.0
152299,0.0
152300,0.0
152301,0.0
152302,0.00028
152303,0.0
152304,0.0
152305,0.0
152306,0.0
152307,0.0
152308,0.0
152309,0.0
152310,0.128869
152311,0.910891
152312,0.790136
152313,0.0
152314,0.0
152315,0.0
152317,0.0
152318,0.0
152319,0.0
152320,0.0
152321,0.0
152322,0.0
152323,0.0
152324,0.0
152325,0.0
152326,0.0
152327,0.0
152328,0.0
152329,0.0
152330,0.60479
152331,0.143817
152332,0.430328
152333,0.284553
152734,0.155305
152735,0.11493
152736,0.812759
152737,0.998165
152738,0.974601
152739,0.947455
152740,0.803676
152741,0.765203
152742,0.86254
152743,0.969094
152744,1.0
152745,0.94035
152746,0.920616
152747,0.978977
152748,0.999794
152749,0.777939
152750,0.907397
152751,0.999026
152752,0.98057
152754,0.0
152755,0.211655
152756,0.012522
152757,0.0
152758,0.0
152759,0.0
152760,0.0
152761,0.0
152762,0.03593
152763,0.477459
152764,0.752075
152765,0.227252
152766,0.657487
152767,0.735378
152768,0.182137
152769,0.005242
152770,0.0
152771,0.0
152772,0.0
152773,0.651051
152774,0.007844
152775,0.0
152776,0.0
152777,0.007834
152778,0.984394
152779,0.99247
152782,0.0
152783,0.28
152785,1.0
152786,0.0
152787,0.0
152788,0.694208
152789,0.93662
152790,0.674121
152791,0.0
152792,0.221871
152793,0.008639
152794,0.184246
152795,0.416735
152796,0.733843
152797,0.040604
152798,0.0
152799,0.214727
152800,1.0
152801,1.0
152802,1.0
152803,1.0
152804,0.998406
152805,0.478422
152806,0.048521
152807,0.0
152808,0.0
152809,0.022056
152810,0.0
152811,0.003389
152812,0.014019
152813,0.12015
152814,0.598314
152815,0.72413
152816,0.652938
152817,0.100369
152818,0.309627
152819,0.379209
152820,0.173248
152821,0.019919
152822,0.00173
152823,0.000872
152824,0.0
152825,0.0
152826,0.0
152827,0.0
152828,0.0
152829,0.0
152830,0.0
152831,0.0
152832,0.0
152833,0.0
152834,0.0
152835,0.0
152836,0.0
152837,0.0
152838,0.0
152839,0.0
152840,0.0
152841,0.0
152842,0.0
152843,0.0
152844,0.0
152845,0.0
152846,0.0
152847,0.0
152848,0.0
152849,0.0
152850,0.0
152851,0.0
152852,0.0
152853,0.0
152854,0.0
152855,0.0
152856,0.0
152857,0.0
152858,0.0
152859,0.0
152860,0.0
152861,0.0
152862,0.0
152863,0.0
152864,0.0
152865,0.0
152866,0.0
152867,0.0
152868,0.0
152869,0.0
152870,0.0
152871,0.0
152872,0.0
152873,0.0
152874,0.0
152875,0.0
152876,0.0
152877,0.0
152878,0.0
152879,0.0
152880,0.0
152881,0.0
152882,0.0
152883,0.0
152884,0.0
152885,0.0
152886,0.0
152887,0.0
152888,0.0
152889,0.0
152890,0.0
152891,0.0
152892,0.0
152893,0.0
152894,0.0
152895,0.0
152896,0.23031
152897,0.0
152898,0.0
152899,0.0
152900,0.0
152901,0.0
152902,0.0
152903,0.0
152904,0.0
152905,0.0
152906,0.0
152907,0.0
152908,0.0
152909,0.0
152910,0.0
152911,0.0
152912,0.0
152913,0.0
152914,0.0
152915,0.0
152916,0.0
152917,0.0
152918,0.0
152919,0.0
152920,0.0
152921,0.0
152922,0.0
152923,0.0
152924,0.0
152925,0.0
152926,0.0
152927,0.0
152928,0.0
152929,0.0
152930,0.0
152931,0.0
152932,0.0
152933,0.0
152934,0.021244
152935,0.374156
152936,0.0
152937,0.0
152938,0.0
152939,0.0
152940,0.0
152941,0.0
152942,0.0
152943,0.0
152944,0.0
152945,0.0
152946,0.0
152947,0.0
152948,0.0
152949,0.0
152950,0.0
152951,0.0
152952,0.0
152953,0.0
152954,0.0
152955,0.0
152956,0.0
152957,0.0
152958,0.0
152959,0.0
152960,0.0
152961,0.0
152962,0.0
152963,0.0
152964,0.0
152965,0.086957
152966,0.75
152967,0.388674
152968,0.261124
152969,0.0
152970,0.0
152971,0.0
152972,0.0
152973,0.0
152974,0.0
152975,0.0
152976,0.0
152977,0.0
152979,0.0
152980,0.0
152981,0.0
152982,0.0
152983,0.0
152984,0.0
152985,0.042553
152986,0.388727
152987,0.0
152988,0.0
152989,0.0
152990,0.0
152991,0.0
152992,0.0
152993,0.0
152994,0.063753
152995,0.190461
152996,0.0
152997,0.0
152998,0.0
152999,0.0
153001,0.0
153002,0.0
153003,0.0
153004,0.0
153005,0.0
153006,0.0
153007,0.0
153008,0.0
153009,0.0
153011,0.0
153012,0.0
153013,0.0
153014,1.0
153015,0.090125
153016,0.052632
153419,0.989029
153420,0.99883
153421,1.0
153422,1.0
153423,1.0
153424,1.0
153425,1.0
153426,1.0
153427,0.984604
153428,1.0
153429,1.0
153430,1.0
153431,1.0
153432,1.0
153433,1.0
153434,1.0
153435,1.0
153436,0.999554
153437,0.994713
153439,0.004274
153440,0.359657
153441,0.035391
153442,0.0
153443,0.0
153444,0.0
153445,0.0
153446,0.000638
153447,0.351283
153448,0.075764
153449,0.428284
153450,0.43284
153451,0.401974
153452,0.0
153453,0.000367
153454,0.0
153455,0.0
153456,0.0
153457,0.908069
153458,0.854808
153459,0.015995
153460,0.0
153461,0.002635
153462,0.093778
153463,0.473458
153464,0.875
153465,0.0
153466,0.047273
153467,0.747899
153472,0.0
153473,0.874439
153474,0.0
153475,0.0
153476,0.186483
153477,0.248553
153478,0.370281
153479,0.611654
153480,0.230737
153481,0.0
153482,0.0
153483,0.438213
153484,1.0
153485,1.0
153486,1.0
153487,1.0
153488,0.991476
153489,0.318498
153490,0.0
153491,0.006517
153492,0.215033
153493,0.018754
153494,0.174434
153495,0.028887
153496,0.024363
153497,0.297236
153498,0.557402
153499,0.621579
153500,0.739576
153501,0.205131
153502,0.504283
153503,0.426058
153504,0.081144
153505,0.0
153506,0.004154
153507,0.000417
153508,0.0
153509,0.0
153510,0.0
153511,0.0
153512,0.0
153513,0.0
153514,0.0
153515,0.0
153516,0.0
153517,0.0
153518,0.0
153519,0.0
153520,0.0
153521,0.0
153522,0.0
153523,0.0
153524,0.0
153525,0.0
153526,0.0
153527,0.0
153528,0.0
153529,0.0
153530,0.0
153531,0.0
153532,0.0
153533,0.0
153534,0.0
153535,0.0
153536,0.0
153537,0.0
153538,0.0
153539,0.0
153540,0.0
153541,0.0
153542,0.0
153543,0.0
153544,0.0
153545,0.0
153546,0.0
153547,0.0
153548,0.0
153550,0.0
153551,0.0
153552,0.0
153553,0.0
153554,0.0
153555,0.0
153556,0.0
153557,0.0
153558,0.0
153559,0.0
153560,0.0
153561,0.0
153562,0.0
153563,0.0
153564,0.0
153565,0.0
153566,0.0
153567,0.0
153568,0.0
153569,0.0
153570,0.0
153571,0.0
153572,0.0
153573,0.0
153574,0.0
153575,0.0
153576,0.0
153577,0.0
153578,0.0
153579,0.0
153580,0.034783
153581,0.059396
153582,0.0
153583,0.0
153584,0.0
153585,0.0
153586,0.0
153587,0.0
153588,0.0
153589,0.0
153590,0.0
153591,0.0
153592,0.0
153593,0.0
153594,0.0
153595,0.0
153596,0.0
153597,0.0
153598,0.0
153599,0.0
153600,0.0
153601,0.0
153602,0.0
153603,0.0
153604,0.0
153605,0.0
153606,0.0
153607,0.0
153608,0.0
153609,0.0
153610,0.0
153611,0.0
153612,0.0
153613,0.0
153614,0.0
153615,0.0
153616,0.0
153617,0.0
153618,0.0
153619,0.259834
153620,0.009171
153621,0.0
153622,0.0
153623,0.0
153624,0.0
153625,0.000295
153626,0.0
153627,0.0
153628,0.0
153629,0.0
153630,0.0
153631,0.0
153632,0.0
153633,0.0
153634,0.0
153635,0.0
153636,0.0
153637,0.0
153638,0.0
153639,0.0
153640,0.0
153641,0.0
153642,0.0
153643,0.0
153644,0.0
153645,0.0
153646,0.0
153647,0.0
153648,0.0
153649,0.0
153650,0.718182
153651,0.600556
153652,0.092054
153653,0.0
153654,0.0
153655,0.0
153656,0.0
153657,0.0
153658,0.0
153659,0.0
153660,0.0
153661,0.0
153662,0.0
153663,0.0
153664,0.0
153665,0.0
153666,0.0
153667,0.171946
153668,0.049001
153669,0.001018
153670,0.0
153671,0.0
153672,0.0
153673,0.0
153674,0.0
153675,0.0
153676,0.0
153677,0.0
153678,0.0
153679,0.0
153680,0.0
153681,0.0
153682,0.0
153683,0.0
153684,0.0
153685,0.0
153686,0.0
153687,0.0
153688,0.0
153689,0.0
153690,0.0
153691,0.0
153692,0.0
153693,0.0
153694,0.0
153695,0.0
153696,0.0
153697,0.0
154104,0.998932
154105,0.999269
154106,1.0
154107,1.0
154108,0.999851
154109,0.999919
154110,1.0
154111,0.986853
154112,1.0
154113,1.0
154114,1.0
154115,1.0
154116,1.0
154117,1.0
154118,1.0
154119,1.0
154120,1.0
154121,0.999738
154122,0.961997
154123,0.0
154124,0.0
154125,0.043729
154126,0.0
154127,0.012387
154128,0.0
154129,0.002669
154130,0.139013
154131,0.000692
154132,0.117681
154133,0.046526
154134,0.053689
154135,0.150465
154136,0.0
154137,0.001471
154138,0.007092
154139,0.187319
154140,0.161498
154141,0.898837
154142,0.81034
154143,0.267402
154144,0.215949
154145,0.342306
154146,0.123439
154147,0.152168
154148,0.694651
154149,0.051423
154150,0.001748
154151,0.012001
154152,0.007402
154155,0.892157
154156,0.0
154157,1.0
154159,0.0
154160,0.190013
154161,0.201211
154162,0.669499
154163,0.733829
154164,0.175549
154165,0.0
154166,0.001825
154167,0.615298
154168,1.0
154169,1.0
154170,1.0
154171,1.0
154172,0.985131
154173,0.664152
154174,0.0
154175,0.0
154176,0.002609
154177,0.0
154178,0.002744
154179,0.0
154180,0.025224
154181,0.107269
154182,0.387506
154183,0.468792
154184,0.444838
154185,0.061866
154186,0.486587
154187,0.29908
154188,0.296235
154189,0.008948
154190,0.098245
154191,0.000252
154192,0.0
154193,0.0
154194,0.0
154195,0.0
154196,0.0
154197,0.0
154198,0.0
154199,0.0
154200,0.0
154201,0.0
154202,0.0
154203,0.0
154204,0.0
154205,0.0
154206,0.0
154207,0.0
154208,0.0
154209,0.0
154210,0.0
154211,0.0
154212,0.0
154213,0.0
154214,0.0
154215,0.0
154216,0.0
154217,0.0
154218,0.0
154219,0.0
154220,0.0
154221,0.0
154222,0.0
154223,0.0
154224,0.0
154225,0.0
154226,0.0
154227,0.0
154228,0.0
154229,0.0
154230,0.0
154231,0.0
154232,0.0
154233,0.0
154234,0.0
154235,0.0
154236,0.0
154237,0.0
154238,0.0
154239,0.0
154240,0.0
154241,0.0
154242,0.0
154243,0.0
154244,0.0
154245,0.0
154246,0.0
154247,0.0
154248,0.0
154249,0.0
154250,0.0
154251,0.0
154252,0.0
154253,0.0
154254,0.0
154255,0.0
154256,0.0
154257,0.465792
154258,0.0
154259,0.0
154260,0.0
154261,0.0
154262,0.0
154263,0.150573
154264,0.023207
154265,0.09168
154266,0.0
154267,0.0
154268,0.0
154269,0.0
154270,0.0
154271,0.0
154272,0.0
154273,0.0
154274,0.0
154275,0.0
154276,0.0
154277,0.0
154278,0.0
154279,0.0
154280,0.0
154281,0.0
154282,0.0
154283,0.0
154284,0.0
154285,0.0
154286,0.0
154287,0.0
154288,0.0
154289,0.0
154290,0.0
154291,0.0
154292,0.0
154293,0.0
154294,0.0
154295,0.0
154296,0.0
154297,0.0
154298,0.0
154299,0.0
154300,0.0
154301,0.0
154302,0.0
154303,0.233876
154304,0.331458
154305,0.0
154306,0.0
154307,0.0
154308,0.0
154309,0.0
154310,0.0
154311,0.0
154312,0.0
154313,0.0
154314,0.0
154315,0.0
154316,0.0
154317,0.0
154318,0.0
154319,0.0
154320,0.0
154321,0.0
154322,0.0
154323,0.0
154324,0.0
154325,0.0
154326,0.0
154328,0.0
154329,0.0
154330,0.0
154331,0.0
154332,0.0
154333,0.090461
154334,0.520185
154335,0.021434
154336,0.0
154337,0.0
154338,0.0
154339,0.0
154340,0.0
154341,0.0
154342,0.0
154343,0.0
154344,0.0
154345,0.0
154346,0.0
154347,0.0
154348,0.0
154349,0.0
154350,0.0
154351,0.23638
154352,0.268077
154353,0.001574
154354,0.080233
154355,0.0
154356,0.0
154357,0.0
154358,0.0
154359,0.0
154360,0.0
154361,0.0
154362,0.0
154363,0.0
154364,0.0
154365,0.0
154366,0.0
154367,0.0
154368,0.0
154369,0.0
154370,0.0
154371,0.0
154372,0.0
154373,0.0
154374,0.0
154375,0.0
154376,0.0
154377,0.0
154378,0.0
154379,0.0
154380,0.0
154381,0.0
154382,0.0
154790,0.999381
154791,0.999489
154792,1.0
154794,1.0
154795,0.979872
154796,0.989572
154797,0.989596
154798,0.99276
154799,0.99524
154800,0.996713
154801,0.99982
154802,0.999674
154803,0.999897
154804,0.170022
154805,0.203745
154806,0.133148
154807,0.0
154808,0.0
154809,0.0
154810,0.01802
154811,0.0
154812,0.0
154813,0.1399
154814,0.092469
154815,0.63865
154816,0.148712
154817,0.039083
154818,0.0
154819,0.061409
154820,0.0
154821,0.0
154822,0.002073
154823,0.0
154824,0.314874
154825,0.945468
154826,0.764742
154827,0.418079
154828,0.595825
154829,0.983871
154830,0.779356
154831,0.128993
154832,0.182346
154833,0.0
154834,0.006849
154835,0.010795
154836,0.0
154837,0.0
154839,0.666667
154841,0.993631
154843,0.009164
154844,0.0
154845,0.124381
154846,0.637799
154847,0.320329
154848,0.0
154849,0.029587
154850,0.419448
154851,0.904485
154852,1.0
154853,1.0
154854,1.0
154855,1.0
154856,0.929068
154857,0.298261
154858,0.101188
154859,0.003268
154860,0.159211
154861,0.332694
154862,0.056277
154863,0.002891
154864,0.047775
154865,0.093175
154866,0.444983
154867,0.234058
154868,0.050264
154869,0.0
154870,0.398719
154871,0.127038
154872,0.000705
154873,0.011488
154874,0.821984
154875,0.000212
154876,0.0
154877,0.0
154878,0.0
154879,0.0
154880,0.0
154881,0.0
154882,0.0
154883,0.0
154884,0.0
154885,0.0
154886,0.0
154887,0.0
154888,0.0
154889,0.0
154890,0.0
154891,0.0
154892,0.0
154893,0.0
154894,0.0
154895,0.0
154896,0.0
154897,0.0
154898,0.0
154899,0.0
154900,0.0
154901,0.0
154902,0.0
154903,0.0
154904,0.0
154905,0.0
154906,0.0
154907,0.0
154908,0.0
154909,0.0
154910,0.0
154911,0.0
154912,0.0
154913,0.0
154914,0.0
154915,0.0
154916,0.0
154917,0.0
154918,0.0
154919,0.0
154920,0.0
154921,0.0
154922,0.0
154923,0.0
154924,0.0
154925,0.0
154926,0.0
154927,0.0
154928,0.0
154929,0.0
154930,0.0
154931,0.0
154932,0.0
154933,0.0
154934,0.0
154935,0.0
154936,0.111801
154937,0.135475
154938,0.38016
154939,0.0
154940,0.017771
154941,0.287356
154942,0.0
154943,0.0
154944,0.0
154945,0.0
154946,0.0
154947,0.0
154948,0.388785
154949,0.052582
154950,0.0
154951,0.0
154952,0.0
154953,0.0
154954,0.0
154955,0.0
154956,0.0
154957,0.0
154958,0.0
154959,0.0
154960,0.0
154961,0.0
154962,0.0
154963,0.0
154964,0.0
154965,0.0
154966,0.0
154967,0.0
154968,0.0
154969,0.0
154970,0.0
154971,0.0
154972,0.0
154973,0.0
154974,0.0
154975,0.0
154976,0.0
154977,0.0
154978,0.0
154979,0.0
154980,0.0
154981,0.0
154982,0.0
154983,0.0
154984,0.0
154985,0.0
154986,0.0
154987,0.0
154988,0.0
154989,0.0
154990,0.0
154991,0.0
154992,0.0
154993,0.0
154994,0.0
154995,0.0
154996,0.0
154997,0.0
154998,0.0
154999,0.0
155000,0.0
155001,0.0
155002,0.0
155003,0.0
155004,0.0
155005,0.0
155006,0.0
155007,0.0
155008,0.0
155009,0.0
155010,0.0
155011,0.0
155012,0.0
155013,0.0
155014,0.0
155015,0.0
155016,0.035665
155017,0.557308
155018,0.013402
155019,0.0
155020,0.0
155021,0.0
155022,0.0
155023,0.0
155024,0.0
155025,0.0
155026,0.0
155027,0.0
155028,0.0
155029,0.0
155030,0.0
155031,0.0
155032,0.0
155033,0.0
155034,0.0
155035,0.0
155036,0.0
155037,0.0
155038,0.0
155039,0.0
155040,0.0
155041,0.0
155042,0.0
155043,0.0
155044,0.0
155045,0.0
155046,0.0
155047,0.0
155048,0.0
155049,0.0
155050,0.0
155051,0.0
155052,0.0
155053,0.0
155054,0.0
155055,0.0
155056,0.0
155057,0.0
155058,0.0
155059,0.0
155060,0.0
155061,0.0
155062,0.0
155063,0.0
155064,0.0
155065,0.0
155066,0.0
155476,0.989492
155477,0.0
155484,1.0
155485,0.544467
155486,0.993287
155487,0.0011
155488,0.000149
155489,0.0
155490,0.0
155491,0.0
155492,0.0
155493,0.0
155494,0.0
155495,0.125764
155496,0.102884
155497,0.0
155498,0.25
155499,0.261058
155500,0.000103
155501,0.0
155502,0.0
155503,0.015871
155504,0.003646
155505,0.162776
155506,0.018865
155507,0.005681
155508,0.029358
155509,0.101643
155510,0.001346
155511,0.030023
155512,0.960958
155513,0.999548
155514,0.961167
155515,0.66715
155516,0.181043
155517,0.116478
155518,0.026576
155519,0.20359
155520,0.000886
155521,0.152613
155522,0.0
155523,0.0
155524,0.979167
155525,0.974576
155527,0.0
155528,0.0
155529,0.090264
155530,0.584153
155531,0.568365
155532,0.152576
155533,0.161177
155534,0.764116
155535,0.919062
155536,1.0
155537,1.0
155538,1.0
155539,1.0
155540,0.760368
155541,0.235212
155542,0.101961
155543,0.0
155544,0.0
155545,0.0
155546,0.0
155547,0.0
155548,0.077392
155549,0.271905
155550,0.630473
155551,0.274317
155552,0.135466
155553,0.0
155554,0.073745
155555,0.217072
155556,0.0
155557,0.0
155558,0.008923
155559,0.0
155560,0.001823
155561,0.0
155562,0.0
155563,0.0
155564,0.0
155565,0.0
155566,0.0
155567,0.0
155568,0.0
155569,0.0
155570,0.0
155571,0.0
155572,0.0
155573,0.0
155574,0.0
155575,0.0
155576,0.0
155577,0.0
155578,0.0
155579,0.0
155580,0.0
155581,0.0
155582,0.0
155583,0.0
155584,0.0
155585,0.0
155586,0.0
155587,0.0
155588,0.0
155589,0.0
155590,0.0
155591,0.0
155592,0.0
155593,0.0
155594,0.0
155595,0.0
155596,0.0
155597,0.0
155598,0.0
155599,0.0
155600,0.0
155601,0.0
155602,0.0
155603,0.0
155604,0.0
155605,0.0
155606,0.0
155607,0.0
155608,0.0
155609,0.0
155610,0.0
155611,0.0
155612,0.0
155613,0.0
155614,0.0
155615,0.0
155616,0.0
155617,0.0
155618,0.0
155619,0.0
155620,0.0
155621,0.0
155622,0.0
155623,0.0
155624,0.0
155625,0.0
155626,0.0
155627,0.0
155628,0.0
155629,0.0
155630,0.0
155631,0.0
155632,0.0
155633,0.0
155634,0.0
155635,0.0
155636,0.0
155637,0.0
155638,0.0
155639,0.0
155640,0.0
155641,0.0
155642,0.0
155643,0.0
155644,0.0
155645,0.0
155646,0.0
155647,0.0
155648,0.0
155649,0.0
155650,0.0
155651,0.0
155652,0.0
155653,0.0
155654,0.0
155655,0.0
155656,0.0
155657,0.0
155658,0.0
155659,0.0
155660,0.0
155661,0.0
155662,0.0
155663,0.0
155664,0.0
155665,0.0
155666,0.0
155667,0.0
155668,0.0
155669,0.0
155670,0.0
155671,0.0
155672,0.0
155673,0.0
155674,0.0
155675,0.001236
155676,0.0
155677,0.0
155678,0.0
155679,0.0
155680,0.0
155681,0.0
155682,0.0
155683,0.0
155684,0.0
155685,0.0
155686,0.0
155687,0.0
155688,0.0
155689,0.0
155690,0.0
155691,0.0
155692,0.0
155693,0.0
155694,0.0
155695,0.0
155696,0.0
155697,0.0
155698,0.0
155699,0.0
155700,0.245648
155701,0.424002
155702,0.0
155703,0.0
155704,0.0
155705,0.0
155706,0.0
155707,0.0
155708,0.0
155709,0.0
155710,0.0
155711,0.0
155712,0.0
155713,0.0
155714,0.0
155715,0.0
155716,0.0
155717,0.0
155718,0.0
155719,0.0
155720,0.0
155721,0.0
155722,0.0
155723,0.0
155724,0.0
155725,0.0
155726,0.0
155727,0.0
155728,0.0
155729,0.0
155730,0.0
155731,0.0
155732,0.0
155733,0.0
155734,0.0
155735,0.0
155736,0.0
155737,0.0
155738,0.0
155739,0.0
155740,0.0
155741,0.0
155742,0.0
155743,0.0
155744,0.0
155745,0.0
155746,0.0
155747,0.0
155748,0.0
156161,0.0
156162,0.0
156163,0.0
156168,1.0
156169,0.614679
156170,0.422351
156171,0.0
156172,0.0
156173,0.0
156174,0.0
156175,0.0
156176,0.0
156177,0.0
156178,0.0
156179,0.002801
156180,0.003091
156181,0.0
156182,0.130186
156183,0.139426
156184,0.009754
156185,0.008746
156186,0.115276
156187,0.035774
156188,0.117401
156189,0.0
156190,0.209354
156191,0.01632
156192,0.0
156193,0.098202
156194,0.053481
156195,0.53125
156196,0.994545
156197,0.993371
156198,0.765903
156199,0.648299
156200,0.213041
156201,0.530054
156202,0.441337
156203,0.303054
156204,0.000449
156205,0.042665
156206,0.02852
156207,0.09205
156208,0.093023
156209,0.126957
156210,1.0
156211,0.039273
156212,0.07422
156213,0.248118
156214,0.74841
156215,0.679042
156216,0.269167
156217,0.381531
156218,0.808281
156219,0.943378
156220,1.0
156221,1.0
156222,1.0
156223,1.0
156224,0.706373
156225,0.566863
156226,0.289394
156227,0.0
156228,0.0
156229,0.0
156230,0.0
156231,0.0
156232,0.176743
156233,0.404132
156234,0.309955
156235,0.546158
156236,0.061181
156237,0.079217
156238,0.007323
156239,0.337109
156240,0.0124
156241,0.117541
156242,0.134604
156243,0.064739
156244,0.0
156245,0.0
156246,0.0
156247,0.0
156248,0.0
156249,0.0
156250,0.0
156251,0.0
156252,0.0
156253,0.0
156254,0.0
156255,0.0
156256,0.0
156257,0.0
156258,0.0
156259,0.0
156260,0.0
156261,0.0
156262,0.0
156263,0.0
156264,0.0
156265,0.0
156266,0.0
156267,0.0
156268,0.0
156269,0.0
156270,0.0
156271,0.0
156272,0.0
156273,0.0
156274,0.0
156275,0.0
156276,0.0
156277,0.0
156278,0.0
156279,0.0
156280,0.0
156281,0.0
156282,0.0
156283,0.0
156284,0.0
156285,0.0
156286,0.0
156287,0.0
156288,0.0
156289,0.0
156290,0.0
156291,0.0
156292,0.0
156293,0.0
156294,0.0
156295,0.0
156296,0.0
156297,0.0
156298,0.0
156299,0.0
156300,0.0
156301,0.0
156302,0.0
156303,0.0
156304,0.0
156305,0.0
156306,0.0
156307,0.0
156308,0.0
156309,0.0
156310,0.0
156311,0.0
156312,0.0
156313,0.0
156314,0.0
156315,0.0
156316,0.0
156317,0.0
156318,0.0
156319,0.0
156320,0.0
156321,0.0
156322,0.0
156323,0.0
156324,0.0
156325,0.0
156326,0.0
156327,0.0
156328,0.0
156329,0.0
156330,0.0
156331,0.0
156332,0.0
156333,0.0
156334,0.0
156335,0.0
156336,0.0
156337,0.0
156338,0.0
156339,0.0
156340,0.0
156341,0.0
156342,0.0
156343,0.0
156344,0.0
156345,0.0
156346,0.0
156347,0.0
156348,0.0
156349,0.0
156350,0.0
156351,0.0
156352,0.0
156353,0.0
156354,0.0
156355,0.0
156356,0.0
156357,0.0
156358,0.0
156359,0.0
156360,0.0
156362,0.0
156363,0.0
156364,0.0
156365,0.0
156366,0.0
156367,0.0
156368,0.0
156369,0.0
156370,0.0
156371,0.0
156372,0.0
156373,0.0
156374,0.0
156375,0.0
156376,0.0
156377,0.0
156378,0.0
156379,0.098113
156380,0.0
156382,0.0
156383,0.0
156384,0.269934
156385,0.118996
156386,0.0
156387,0.0
156388,0.0
156389,0.0
156390,0.0
156391,0.0
156392,0.0
156393,0.0
156394,0.0
156395,0.0
156396,0.0
156397,0.0
156398,0.0
156399,0.0
156400,0.0
156401,0.0
156402,0.0
156403,0.0
156404,0.0
156405,0.0
156406,0.0
156407,0.0
156408,0.0
156409,0.0
156410,0.0
156411,0.0
156412,0.0
156413,0.0
156414,0.0
156415,0.0
156416,0.0
156417,0.0
156418,0.0
156419,0.0
156420,0.0
156421,0.0
156422,0.0
156423,0.0
156424,0.0
156425,0.0
156426,0.0
156427,0.0
156428,0.0
156429,0.0
156847,0.0
156848,0.0
156849,0.0
156852,1.0
156853,1.0
156854,0.001111
156855,0.0
156856,0.0
156857,0.0
156858,0.0
156859,0.0
156860,0.0
156861,0.0
156862,0.0
156863,0.07728
156864,0.057712
156865,0.0
156866,0.006349
156867,0.0
156868,0.11811
156869,0.223276
156870,0.0
156871,0.010202
156872,0.0
156873,0.0
156874,0.767442
156875,0.018218
156876,0.0
156877,0.155815
156878,0.85
156879,0.753162
156880,0.985624
156881,0.753527
156882,0.083435
156883,0.243981
156884,0.000531
156885,0.238806
156886,0.463521
156887,0.002265
156888,0.011577
156889,0.008432
156890,0.052437
156891,0.12155
156892,0.028407
156893,0.000158
156894,0.0
156895,0.325123
156896,0.112345
156897,0.564929
156898,0.733247
156899,0.742382
156900,0.613449
156901,0.30811
156902,0.669239
156903,0.973361
156904,1.0
156905,1.0
156906,1.0
156907,0.999934
156908,0.878461
156909,0.662277
156910,0.679841
156911,0.0
156912,0.0
156913,0.0
156914,0.0
156915,0.078786
156916,0.494229
156917,0.532465
156918,0.539543
156919,0.595467
156920,0.243181
156921,0.084511
156922,0.023025
156923,0.499347
156924,0.431652
156925,0.0
156926,0.416588
156927,0.009011
156928,0.0
156929,0.000968
156930,0.0
156931,0.0
156932,0.0
156933,0.0
156934,0.0
156935,0.0
156936,0.0
156937,0.0
156938,0.0
156939,0.0
156940,0.0
156941,0.0
156942,0.0
156943,0.0
156944,0.0
156945,0.0
156946,0.0
156947,0.0
156948,0.0
156949,0.0
156950,0.0
156951,0.0
156952,0.0
156953,0.0
156954,0.0
156955,0.0
156956,0.0
156957,0.0
156958,0.0
156959,0.0
156960,0.0
156961,0.0
156962,0.0
156963,0.0
156964,0.0
156965,0.0
156966,0.0
156967,0.0
156968,0.0
156969,0.0
156970,0.0
156971,0.0
156972,0.0
156973,0.0
156974,0.0
156975,0.013121
156976,0.201748
156977,0.044084
156978,0.0
156979,0.0
156980,0.0
156981,0.0
156982,0.0
156983,0.0
156984,0.0
156985,0.0
156986,0.0
156987,0.0
156988,0.0
156989,0.187466
156990,0.0
156991,0.0
156992,0.0
156993,0.0
156994,0.0
156995,0.0
156996,0.0
156997,0.0
156998,0.0
156999,0.0
157000,0.0
157001,0.0
157002,0.252174
157003,0.158811
157004,0.0
157005,0.0
157006,0.0
157007,0.0
157008,0.0
157009,0.0
157010,0.0
157011,0.0
157012,0.0
157013,0.0
157014,0.0
157015,0.0
157016,0.0
157017,0.0
157018,0.0
157019,0.0
157020,0.0
157021,0.0
157022,0.0
157023,0.0
157024,0.0
157025,0.0
157026,0.0
157027,0.0
157028,0.0
157029,0.0
157030,0.0
157031,0.0
157032,0.0
157033,0.0
157034,0.0
157035,0.0
157036,0.0
157037,0.0
157038,0.0
157039,0.0
157040,0.0
157041,0.0
157042,0.0
157043,0.0
157047,0.0
157048,0.0
157049,0.0
157050,0.0
157051,0.0
157052,0.0
157053,0.0
157054,0.0
157055,0.0
157056,0.0
157057,0.0
157058,0.0
157059,0.0
157060,0.0
157061,0.0
157062,0.0
157063,0.0
157064,0.0
157065,0.0
157066,0.0
157067,0.0
157068,0.0
157069,0.0
157070,0.0
157071,0.0
157072,0.049673
157073,0.0
157074,0.0
157075,0.0
157076,0.0
157077,0.0
157078,0.0
157079,0.0
157081,0.0
157082,0.0
157083,0.0
157084,0.0
157085,0.0
157086,0.0
157087,0.0
157088,0.0
157089,0.0
157090,0.0
157091,0.0
157092,0.0
157093,0.0
157094,0.0
157095,0.0
157096,0.0
157097,0.0
157098,0.0
157099,0.0
157100,0.0
157101,0.0
157102,0.0
157103,0.0
157104,0.0
157105,0.0
157106,0.0
157107,0.0
157108,0.0
157109,0.0
157110,0.0
157111,0.0
157112,0.0
157114,0.0
157533,0.0
157534,0.0
157538,0.0
157539,0.0
157540,0.0
157541,0.0
157542,0.0
157543,0.0
157544,0.0
157545,0.0
157546,0.0
157547,0.0
157548,0.0
157549,0.0
157550,0.194274
157551,0.640708
157553,0.911765
157555,0.0
157556,0.0
157557,0.0
157558,0.0014
157559,0.0
157560,0.0
157561,0.023584
157562,0.37293
157563,0.735998
157564,0.984772
157565,0.845169
157566,0.063208
157567,0.486757
157568,0.38107
157569,0.373905
157570,0.286617
157571,0.55842
157572,0.301201
157573,0.047847
157574,0.0
157575,0.006398
157576,0.026921
157577,0.119982
157578,0.000113
157579,0.13065
157580,0.187042
157581,0.453017
157582,0.768143
157583,0.864637
157584,0.525759
157585,0.413401
157586,0.812986
157587,0.967737
157588,1.0
157589,1.0
157590,1.0
157591,0.999702
157592,0.563408
157593,0.022392
157594,0.850446
157595,0.0
157596,0.0
157597,0.354305
157598,0.024861
157599,0.00792
157600,0.228391
157601,0.502507
157602,0.453761
157603,0.635088
157604,0.370874
157605,0.178492
157606,0.068568
157607,0.751441
157608,0.35678
157609,0.0
157610,0.206284
157611,0.0
157612,0.0
157613,0.0
157614,0.0
157615,0.0
157616,0.000394
157617,0.0
157618,0.0
157619,0.0
157620,0.0
157621,0.0
157622,0.0
157623,0.0
157624,0.0
157625,0.0
157626,0.0
157627,0.0
157628,0.0
157629,0.0
157630,0.0
157631,0.0
157632,0.0
157633,0.0
157634,0.0
157635,0.0
157636,0.0
157637,0.0
157638,0.0
157639,0.0
157640,0.0
157641,0.0
157642,0.0
157643,0.0
157644,0.0
157645,0.0
157646,0.0
157647,0.0
157648,0.0
157649,0.0
157650,0.0
157651,0.0
157652,0.0
157653,0.0
157654,0.0
157655,0.0
157656,0.0
157657,0.0
157658,0.0
157659,0.148052
157660,0.277108
157661,0.184906
157662,0.0
157664,0.0
157665,0.0
157666,0.0
157667,0.0
157668,0.0
157669,0.0
157670,0.0
157671,0.0
157672,0.0
157673,0.0
157674,0.0
157675,0.0
157676,0.0
157677,0.0
157678,0.0
157679,0.0
157680,0.0
157681,0.0
157682,0.0
157683,0.0
157684,0.0
157685,0.0
157686,0.0
157687,0.0
157688,0.0
157689,0.0
157690,0.0
157691,0.0
157692,0.0
157693,0.0
157694,0.0
157695,0.0
157696,0.0
157697,0.0
157698,0.0
157699,0.0
157700,0.0
157701,0.0
157702,0.0
157703,0.0
157704,0.0
157705,0.0
157706,0.0
157707,0.0
157708,0.0
157709,0.0
157710,0.0
157711,0.0
157712,0.0
157713,0.0
157714,0.0
157715,0.0
157716,0.0
157717,0.0
157718,0.0
157719,0.0
157720,0.0
157721,0.0
157722,0.0
157723,0.0
157724,0.0
157725,0.0
157726,0.0
157732,0.0
157733,0.0
157734,0.0
157735,0.0
157736,0.0
157737,0.0
157738,0.0
157739,0.0
157740,0.0
157741,0.0
157742,0.532091
157743,0.443635
157744,0.003065
157745,0.0
157746,0.0
157747,0.0
157748,0.0
157749,0.0
157750,0.0
157751,0.0
157752,0.0
157753,0.0
157754,0.0
157755,0.0
157756,0.0
157757,0.0
157758,0.0
157759,0.0
157760,0.0
157761,0.0
157762,0.0
157763,0.0
157764,0.0
157765,0.0
157766,0.0
157767,0.0
157768,0.0
157769,0.0
157770,0.0
157771,0.0
157772,0.0
157774,0.0
157775,0.0
157776,0.0
157777,0.0
157778,0.0
157779,0.0
157780,0.0
157781,0.0
157782,0.0
157783,0.0
157784,0.0
157785,0.0
157786,0.0
157787,0.0
157788,0.0
157789,0.0
157790,0.0
157791,0.0
157792,0.0
157793,0.0
157794,0.0
157795,0.0
157796,0.0
157798,0.0
158218,0.0
158219,0.0
158222,0.0
158223,0.0
158224,0.0
158225,0.0
158226,0.0
158227,0.0
158228,0.0
158229,0.0
158230,0.0
158231,0.0
158232,0.172473
158233,0.186689
158234,0.280281
158235,0.572464
158237,0.952381
158238,0.219231
158239,0.006289
158240,0.003455
158241,0.000831
158242,0.001159
158243,0.0
158244,0.0
158245,0.0
158246,0.005354
158247,0.0
158248,0.31688
158249,0.91191
158250,0.96712
158251,0.853983
158252,0.700302
158253,0.798647
158254,0.430905
158255,0.308649
158256,0.483144
158257,0.026347
158258,0.001373
158259,0.0
158260,0.0
158261,0.026743
158262,0.02113
158263,0.105442
158264,0.08043
158265,0.302753
158266,0.652332
158267,0.909366
158268,0.111968
158269,0.750446
158270,0.238712
158271,0.717813
158272,1.0
158273,1.0
158275,0.99202
158276,0.632278
158277,0.009284
158278,0.021452
158279,0.0
158280,0.363395
158281,0.094254
158282,0.054822
158283,0.000301
158284,0.0
158285,0.000425
158286,0.0
158287,0.0
158288,0.0
158289,0.0
158290,0.565135
158291,0.790196
158292,0.771226
158293,0.698593
158294,0.107442
158295,0.0
158296,0.0
158297,0.0
158298,0.0
158299,0.0
158300,0.002786
158301,0.0
158302,0.0
158303,0.0
158304,0.0
158305,0.0
158306,0.0
158307,0.0
158308,0.0
158309,0.0
158310,0.0
158311,0.0
158312,0.0
158313,0.0
158314,0.0
158315,0.0
158316,0.0
158317,0.0
158318,0.0
158319,0.0
158320,0.0
158321,0.0
158322,0.0
158323,0.0
158324,0.0
158325,0.0
158326,0.0
158327,0.0
158328,0.0
158329,0.0
158330,0.0
158331,0.0
158332,0.0
158333,0.0
158334,0.0
158335,0.0
158336,0.0
158337,0.0
158338,0.0
158339,0.0
158340,0.0
158341,0.0
158342,0.0
158343,0.0
158344,0.0
158345,0.0
158346,0.0
158347,0.0
158348,0.0
158349,0.0
158350,0.0
158351,0.0
158352,0.0
158353,0.0
158354,0.0
158355,0.0
158356,0.0
158357,0.0
158358,0.0
158359,0.0
158360,0.0
158361,0.0
158362,0.0
158363,0.0
158364,0.0
158365,0.0
158366,0.0
158367,0.0
158368,0.0
158369,0.0
158370,0.0
158371,0.0
158372,0.0
158373,0.0
158374,0.0
158375,0.0
158376,0.0
158377,0.0
158378,0.0
158379,0.0
158380,0.0
158381,0.0
158382,0.0
158383,0.0
158384,0.0
158385,0.0
158386,0.0
158387,0.0
158388,0.0
158389,0.0
158390,0.0
158391,0.0
158392,0.0
158393,0.0
158394,0.0
158395,0.0
158396,0.0
158397,0.0
158398,0.0
158399,0.0
158400,0.0
158401,0.0
158402,0.0
158403,0.0
158404,0.0
158405,0.0
158406,0.0
158407,0.0
158408,0.0
158409,0.0
158410,0.0
158411,0.0
158415,0.0
158416,0.0
158417,0.0
158418,0.0
158419,0.0
158420,0.0
158421,0.0
158422,0.0
158423,0.0
158424,0.0
158425,0.0
158426,0.374135
158427,0.704545
158428,0.063165
158429,0.197357
158430,0.10063
158431,0.0
158432,0.0
158433,0.0
158434,0.0
158435,0.0
158436,0.0
158437,0.0
158438,0.0
158439,0.0
158440,0.0
158441,0.0
158442,0.0
158443,0.0
158444,0.0
158445,0.0
158446,0.0
158447,0.0
158448,0.0
158449,0.0
158450,0.0
158451,0.0
158452,0.0
158453,0.0
158454,0.0
158455,0.0
158456,0.0
158457,0.0
158458,0.0
158459,0.0
158460,0.0
158461,0.0
158462,0.0
158463,0.0
158464,0.0
158465,0.0
158466,0.0
158467,0.0
158468,0.0
158469,0.0
158470,0.0
158471,0.0
158472,0.0
158473,0.0
158474,0.0
158475,0.0
158476,0.0
158477,0.0
158479,0.0
158480,0.0
158904,0.0
158905,0.981013
158906,0.000221
158907,0.0
158908,0.0
158909,0.0
158910,0.0
158911,0.0
158912,0.0
158913,0.0
158914,0.0
158915,0.0
158916,0.024894
158917,0.007189
158918,0.071245
158919,0.0
158921,0.307798
158922,0.144465
158923,1.0
158924,0.059865
158925,0.0
158926,0.0
158927,0.0
158928,0.0
158929,0.0
158930,0.124647
158931,0.026511
158932,0.009115
158933,0.686486
158934,0.965808
158935,0.834859
158936,0.282663
158937,0.267775
158938,0.108047
158939,0.440194
158940,0.142066
158941,0.002247
158942,0.0
158943,0.0
158944,0.000864
158945,0.000342
158946,0.069689
158947,0.095059
158948,0.146288
158949,0.279066
158950,0.301417
158951,0.32859
158952,0.0
158953,0.037099
158954,0.0
158955,0.429121
158956,1.0
158957,1.0
158958,1.0
158959,0.98394
158960,0.756932
158961,0.317439
158962,0.008529
158963,0.0
158964,0.825611
158965,0.542761
158966,0.35169
158967,0.0
158968,0.014357
158969,0.499148
158970,0.000938
158971,0.000133
158972,0.000923
158973,0.000726
158974,0.44289
158975,0.658557
158976,0.594751
158977,0.898137
158978,0.067151
158979,0.012596
158980,0.0
158981,0.0
158982,0.0
158983,0.0
158984,0.0
158985,0.0
158986,0.0
158987,0.0
158988,0.0
158989,0.0
158990,0.0
158991,0.0
158992,0.0
158993,0.0
158994,0.0
158995,0.0
158996,0.0
158997,0.0
158998,0.0
158999,0.0
159000,0.0
159001,0.0
159002,0.0
159003,0.0
159004,0.0
159005,0.0
159006,0.0
159007,0.0
159008,0.0
159009,0.0
159010,0.0
159011,0.0
159012,0.0
159013,0.0
159014,0.0
159015,0.0
159016,0.0
159017,0.0
159018,0.0
159019,0.0
159020,0.0
159021,0.0
159022,0.0
159023,0.0
159024,0.0
159025,0.0
159026,0.0
159027,0.0
159028,0.0
159029,0.0
159030,0.0
159031,0.0
159032,0.0
159034,0.0
159035,0.0
159036,0.0
159037,0.0
159038,0.0
159039,0.0
159040,0.0
159041,0.0
159042,0.0
159043,0.0
159044,0.0
159045,0.0
159046,0.0
159047,0.0
159048,0.0
159049,0.0
159050,0.0
159051,0.0
159052,0.0
159053,0.0
159054,0.0
159055,0.0
159056,0.0
159057,0.0
159058,0.0
159059,0.0
159060,0.0
159061,0.0
159062,0.0
159063,0.0
159064,0.0
159065,0.0
159066,0.0
159067,0.0
159068,0.0
159069,0.0
159070,0.0
159071,0.0
159072,0.0
159073,0.0
159074,0.0
159075,0.0
159076,0.0
159077,0.0
159078,0.0
159079,0.0
159080,0.0
159081,0.0
159082,0.0
159083,0.0
159084,0.0
159085,0.0
159086,0.0
159087,0.0
159088,0.0
159089,0.0
159090,0.0
159091,0.0
159092,0.0
159093,0.0
159094,0.0
159095,0.0
159096,0.0
159098,0.0
159099,0.0
159100,0.0
159101,0.0
159102,0.0
159103,0.0
159104,0.0
159105,0.0
159106,0.0
159107,0.0
159108,0.0
159109,0.0
159110,0.001943
159111,0.022302
159112,0.138075
159113,0.112287
159114,0.673217
159115,0.220845
159116,0.0
159117,0.0
159118,0.0
159119,0.0
159120,0.0
159121,0.0
159122,0.0
159123,0.0
159124,0.0
159125,0.0
159126,0.0
159127,0.0
159128,0.0
159129,0.0
159130,0.0
159131,0.0
159132,0.427058
159133,0.218522
159134,0.0
159135,0.0
159136,0.0
159137,0.0
159138,0.0
159139,0.0
159140,0.0
159141,0.0
159142,0.0
159143,0.0
159144,0.0
159145,0.0
159146,0.0
159147,0.0
159148,0.0
159149,0.0
159150,0.0
159151,0.0
159152,0.0
159153,0.0
159154,0.0
159155,0.0
159156,0.0
159157,0.0
159158,0.0
159159,0.0
159160,0.0
159161,0.0
159162,0.0
159163,0.0
159164,0.0
159590,0.00565
159591,0.0
159592,0.0
159593,0.0
159594,0.0
159595,0.0
159596,0.0
159597,0.0
159598,0.0
159599,0.0
159600,0.003556
159601,0.009486
159602,0.018752
159603,0.000789
159604,0.0
159605,0.0
159606,0.000255
159607,0.089744
159608,0.133745
159609,0.008138
159610,0.0
159611,0.032458
159612,0.09193
159613,0.041667
159614,0.013872
159615,0.193425
159616,0.371469
159617,0.011155
159618,0.176375
159619,0.880606
159620,0.571874
159621,0.396452
159622,0.654962
159623,0.230225
159624,0.002489
159625,0.004794
159626,0.000889
159627,0.0
159628,0.000107
159629,0.025514
159630,0.541412
159631,0.541566
159632,0.091502
159633,0.424518
159634,0.328857
159636,0.0
159637,0.000333
159638,0.0
159639,0.479624
159640,1.0
159641,1.0
159642,1.0
159643,0.968687
159644,0.017906
159645,1.0
159646,0.644794
159647,0.711662
159648,0.171171
159649,0.059905
159650,0.011202
159651,0.0
159652,0.0
159653,0.561343
159654,0.432195
159655,0.0
159656,0.000162
159657,0.001667
159658,0.523162
159659,0.156167
159660,0.368688
159661,0.47726
159662,0.0
159663,0.012257
159664,0.01181
159665,0.000283
159666,0.0
159667,0.0
159668,0.003323
159669,0.0
159670,0.0
159671,0.0
159672,0.0
159673,0.0
159674,0.0
159675,0.0
159676,0.0
159677,0.0
159678,0.0
159679,0.0
159680,0.0
159681,0.0
159682,0.0
159683,0.0
159684,0.0
159685,0.0
159686,0.0
159687,0.0
159688,0.0
159689,0.0
159690,0.0
159691,0.0
159692,0.0
159693,0.0
159694,0.0
159695,0.0
159696,0.0
159697,0.0
159698,0.0
159699,0.0
159700,0.0
159701,0.0
159702,0.0
159703,0.0
159704,0.0
159705,0.0
159706,0.0
159707,0.0
159708,0.0
159709,0.0
159710,0.0
159711,0.0
159712,0.0
159713,0.0
159714,0.0
159715,0.0
159716,0.0
159718,0.0
159720,0.0
159721,0.0
159722,0.0
159723,0.0
159724,0.0
159725,0.0
159726,0.0
159727,0.0
159728,0.0
159729,0.0
159730,0.0
159731,0.0
159732,0.0
159733,0.0
159734,0.0
159735,0.0
159736,0.0
159737,0.0
159738,0.0
159739,0.0
159740,0.0
159741,0.0
159742,0.0
159743,0.0
159744,0.0
159745,0.0
159746,0.0
159747,0.0
159748,0.0
159749,0.0
159750,0.003185
159751,0.023581
159752,0.007089
159753,0.0
159754,0.0
159755,0.0
159756,0.0
159758,0.0
159759,0.0
159760,0.0
159761,0.0
159762,0.0
159763,0.0
159764,0.0
159765,0.0
159766,0.0
159767,0.0
159768,0.0
159769,0.0
159770,0.0
159771,0.0
159772,0.0
159773,0.0
159774,0.0
159775,0.0
159776,0.0
159777,0.0
159778,0.0
159779,0.0
159780,0.0
159781,0.0
159782,0.0
159783,0.0
159784,0.0
159785,0.0
159786,0.0
159787,0.0
159788,0.0
159789,0.0
159790,0.0
159791,0.0
159792,0.0
159793,0.0
159794,0.0
159795,0.0
159796,0.0
159797,0.035864
159798,0.156786
159799,0.012927
159800,0.0
159801,0.0
159802,0.0
159803,0.0
159804,0.0
159805,0.0
159806,0.0
159807,0.0
159808,0.0
159809,0.000414
159810,0.036357
159811,0.0
159812,0.0
159813,0.0
159814,0.0
159815,0.896341
159816,0.979763
159817,0.884786
159818,0.0
159819,0.0
159820,0.0
159821,0.0
159822,0.0
159823,0.0
159824,0.0
159825,0.0
159826,0.0
159827,0.0
159828,0.0
159829,0.0
159830,0.0
159831,0.0
159832,0.0
159833,0.0
159834,0.0
159835,0.0
159836,0.0
159837,0.0
159838,0.0
159839,0.0
159840,0.212034
159841,0.699331
159842,0.559896
159843,0.675264
159844,0.293532
159845,0.0
159846,0.0
160276,0.0
160277,0.0
160278,0.0
160279,0.0
160280,0.0
160281,0.0
160282,0.0
160283,0.0
160284,0.0
160285,0.117898
160286,0.084486
160287,0.101823
160288,0.0
160289,0.048025
160290,0.0
160291,0.000396
160292,0.007647
160293,0.0
160294,0.011528
160295,0.041876
160296,0.024208
160297,0.000862
160298,0.0
160299,0.004715
160300,0.117016
160301,0.026396
160302,0.232998
160303,0.671975
160304,0.610803
160305,0.187145
160306,0.515424
160307,0.152487
160308,0.000544
160309,0.00045
160310,0.001325
160311,0.0
160312,0.001344
160313,0.000308
160314,0.082722
160315,0.156699
160316,0.092486
160317,0.604024
160318,0.282981
160319,0.353172
160320,0.000468
160321,0.190476
160322,0.083649
160323,0.627854
160324,0.978721
160325,1.0
160326,1.0
160327,0.973488
160328,0.725175
160329,1.0
160330,1.0
160331,1.0
160332,0.529542
160333,0.331586
160334,0.334747
160335,0.27227
160336,0.611329
160337,0.516452
160338,0.734999
160339,0.440436
160340,0.324741
160341,0.215218
160342,0.785848
160343,0.485537
160344,0.442452
160345,0.774313
160346,0.557319
160347,0.001854
160348,0.0
160349,0.005689
160350,0.0
160351,0.0
160352,0.0
160353,0.0
160354,0.0
160355,0.0
160356,0.0
160357,0.0
160358,0.0
160359,0.0
160360,0.0
160361,0.0
160362,0.0
160363,0.0
160364,0.0
160365,0.0
160366,0.0
160367,0.0
160368,0.0
160369,0.0
160370,0.0
160371,0.0
160372,0.0
160373,0.0
160374,0.0
160375,0.0
160376,0.0
160377,0.0
160378,0.0
160379,0.0
160380,0.0
160381,0.0
160382,0.0
160383,0.0
160384,0.0
160385,0.0
160386,0.0
160387,0.0
160388,0.0
160389,0.0
160390,0.0
160391,0.0
160392,0.0
160393,0.362253
160394,0.0
160395,0.0
160396,0.0
160397,0.0
160398,0.0
160405,0.0
160406,0.0
160407,0.0
160408,0.0
160409,0.0
160410,0.0
160411,0.0
160412,0.0
160413,0.0
160414,0.0
160415,0.0
160416,0.0
160417,0.0
160418,0.0
160419,0.0
160420,0.0
160421,0.0
160422,0.0
160423,0.0
160424,0.0
160425,0.0
160426,0.0
160427,0.0
160428,0.0
160429,0.0
160430,0.0
160431,0.0
160432,0.0
160433,0.05831
160434,0.083136
160435,0.009489
160436,0.005474
160437,0.0
160438,0.0
160439,0.0
160440,0.0
160441,0.0
160442,0.0
160443,0.0
160444,0.0
160445,0.0
160446,0.0
160447,0.0
160448,0.0
160449,0.0
160450,0.0
160452,0.0
160454,0.0
160455,0.0
160456,0.0
160457,0.0
160458,0.0
160459,0.0
160460,0.0
160461,0.0
160462,0.0
160463,0.0
160464,0.0
160465,0.0
160466,0.0
160467,0.0
160468,0.0
160469,0.0
160470,0.0
160471,0.0
160472,0.0
160473,0.0
160474,0.0
160475,0.0
160476,0.0
160477,0.0
160478,0.0
160479,0.0
160480,0.0
160481,0.0
160482,0.003253
160483,0.0
160484,0.0
160485,0.0
160486,0.0
160487,0.0
160488,0.0
160489,0.0
160490,0.0
160491,0.0
160492,0.0
160493,0.235577
160494,0.093409
160495,0.0
160496,0.0
160497,0.0
160498,0.0
160499,0.995541
160500,0.968593
160501,0.751764
160502,0.0
160503,0.0
160504,0.0
160505,0.0
160506,0.0
160507,0.0
160508,0.0
160509,0.0
160510,0.0
160511,0.0
160512,0.0
160513,0.0
160514,0.0
160515,0.0
160516,0.0
160517,0.0
160518,0.0
160519,0.0
160520,0.0
160521,0.0
160522,0.0
160523,0.0
160524,0.415562
160525,1.0
160526,1.0
160527,1.0
160528,0.775758
160529,0.304348
160531,0.0
160961,0.0
160962,0.0
160963,0.0
160964,0.0
160965,0.0
160966,0.0
160967,0.0
160968,0.0
160969,0.001377
160970,0.002112
160971,0.00089
160972,0.000271
160973,0.149581
160974,0.054992
160975,0.0
160976,0.058287
160977,0.0
160978,0.004194
160979,0.069068
160980,0.101573
160981,0.0
160982,0.004289
160983,0.002533
160984,0.000452
160985,0.148741
160986,0.340005
160987,0.352058
160988,0.519038
160989,0.552039
160990,0.597292
160991,0.611561
160992,0.0
160993,0.001828
160994,0.166324
160995,0.373665
160996,0.503056
160997,0.031008
160998,0.039829
160999,0.113818
161000,0.033802
161001,0.156009
161002,0.304981
161003,0.811182
161004,0.66621
161005,0.628272
161006,0.265335
161007,0.209746
161008,0.873952
161009,0.998767
161010,0.999858
161011,0.965599
161012,0.844125
161013,1.0
161014,1.0
161015,0.74349
161016,0.377315
161017,0.796994
161018,0.813596
161019,0.741216
161020,1.0
161021,0.135699
161022,0.78038
161023,0.834283
161024,0.795686
161025,0.750206
161026,0.44317
161027,0.736308
161028,0.91729
161029,0.595289
161030,0.768141
161031,0.372487
161032,0.011837
161033,0.0
161034,0.012118
161035,0.001056
161036,0.003704
161037,0.0
161038,0.0
161039,0.0
161040,0.0
161041,0.0
161042,0.0
161043,0.0
161044,0.0
161045,0.0
161046,0.0
161047,0.0
161048,0.0
161049,0.0
161050,0.0
161051,0.0
161052,0.0
161053,0.0
161054,0.0
161055,0.0
161056,0.0
161057,0.0
161058,0.0
161059,0.0
161060,0.0
161061,0.0
161062,0.0
161063,0.0
161064,0.0
161065,0.0
161066,0.0
161067,0.0
161068,0.0
161069,0.0
161070,0.0
161071,0.0
161072,0.0
161073,0.0
161074,0.0
161075,0.0
161076,0.0
161077,0.019841
161078,0.0
161079,0.0
161080,0.0
161081,0.0
161082,0.0
161089,0.0
161090,0.0
161091,0.0
161092,0.0
161093,0.0
161094,0.0
161095,0.0
161096,0.0
161097,0.0
161098,0.0
161099,0.0
161100,0.0
161101,0.0
161102,0.0
161103,0.0
161104,0.0
161105,0.0
161106,0.0
161107,0.0
161108,0.0
161109,0.0
161110,0.0
161111,0.0
161112,0.0
161113,0.0
161114,0.0
161115,0.04742
161116,0.015291
161117,0.0
161118,0.0
161119,0.0
161120,0.0
161121,0.0
161122,0.0
161123,0.0
161124,0.0
161125,0.0
161126,0.0
161127,0.0
161128,0.0
161129,0.0
161130,0.0
161131,0.0
161132,0.0
161133,0.0
161137,0.0
161138,0.0
161139,0.0
161140,0.0
161141,0.0
161142,0.0
161143,0.0
161144,0.0
161145,0.0
161146,0.0
161147,0.0
161148,0.0
161149,0.0
161150,0.0
161151,0.0
161152,0.0
161153,0.0
161154,0.0
161155,0.0
161156,0.0
161157,0.0
161158,0.0
161159,0.0
161160,0.0
161161,0.0
161162,0.0
161163,0.0
161164,0.0
161165,0.0
161166,0.0
161167,0.0
161168,0.0
161169,0.0
161170,0.0
161171,0.0
161173,0.0
161174,0.0
161175,0.0
161176,0.0
161177,0.0
161178,0.0
161179,0.0
161180,0.0
161181,0.0
161182,0.0
161183,0.711653
161184,0.623231
161185,0.0
161186,0.0
161187,0.0
161188,0.0
161189,0.0
161190,0.0
161191,0.0
161192,0.0
161193,0.0
161194,0.0
161195,0.0
161196,0.0
161197,0.0
161198,0.0
161199,0.0
161200,0.0
161201,0.0
161202,0.0
161203,0.0
161204,0.0
161205,0.0
161206,0.0
161207,0.0
161208,0.709371
161209,0.762539
161210,1.0
161211,0.625
161212,0.10119
161213,0.0
161214,0.0
161647,0.0
161648,0.0
161649,0.0
161650,0.0
161651,0.0
161652,0.225577
161653,0.026733
161654,0.0
161655,0.0
161656,0.0
161657,0.662381
161658,0.090215
161659,0.006812
161660,0.001251
161661,0.0
161662,0.046934
161663,0.044584
161664,0.085205
161665,0.032283
161666,0.0
161667,0.0
161668,0.024681
161669,0.011905
161670,0.08586
161671,0.155989
161672,0.503705
161673,0.404454
161674,0.42917
161675,0.074034
161676,0.465738
161677,0.639357
161678,0.621325
161679,0.605767
161680,0.599787
161681,0.138839
161682,0.46102
161683,0.677602
161684,0.201291
161685,0.630174
161686,0.133943
161687,0.708521
161688,0.845612
161689,0.85335
161690,0.423739
161691,0.892865
161692,1.0
161693,1.0
161694,1.0
161695,1.0
161696,1.0
161697,1.0
161698,0.21172
161699,0.011787
161700,0.000405
161701,0.411949
161702,0.731111
161703,0.389333
161704,0.724954
161705,0.898806
161706,0.68324
161707,0.699076
161708,0.858522
161709,0.776388
161710,0.48165
161711,0.504488
161712,0.843314
161713,0.621672
161714,0.465928
161715,0.000628
161716,0.10462
161717,0.020733
161718,0.012975
161719,0.0
161720,0.000235
161721,0.0
161722,0.0
161723,0.0
161724,0.0
161725,0.0
161726,0.0
161727,0.0
161728,0.0
161729,0.0
161730,0.0
161731,0.0
161732,0.0
161733,0.0
161734,0.0
161735,0.0
161736,0.0
161737,0.0
161738,0.0
161739,0.0
161740,0.0
161741,0.0
161742,0.0
161743,0.0
161744,0.0
161745,0.0
161746,0.0
161747,0.0
161748,0.0
161749,0.0
161750,0.0
161751,0.0
161752,0.0
161753,0.0
161754,0.0
161755,0.0
161756,0.0
161757,0.0
161758,0.0
161759,0.0
161760,0.0
161761,0.0
161762,0.0
161763,0.0
161764,0.0
161765,0.0
161770,0.0
161771,0.0
161772,0.0
161773,0.0
161774,0.0
161775,0.0
161776,0.0
161777,0.0
161778,0.0
161779,0.0
161780,0.0
161781,0.0
161782,0.0
161783,0.0
161784,0.0
161785,0.0
161786,0.0
161787,0.0
161788,0.0
161789,0.0
161790,0.0
161791,0.0
161792,0.03352
161793,0.000741
161794,0.0
161795,0.0
161796,0.0
161797,0.0
161798,0.0
161799,0.304749
161800,0.021214
161801,0.0
161802,0.0
161803,0.0
161804,0.0
161805,0.0
161806,0.0
161807,0.0
161808,0.0
161809,0.0
161810,0.0
161811,0.0
161812,0.0
161813,0.0
161814,0.00952
161815,0.00112
161816,0.0
161817,0.0
161818,0.0
161820,0.0
161821,0.0
161822,0.0
161823,0.0
161824,0.0
161825,0.0
161826,0.0
161827,0.0
161828,0.004281
161829,0.143396
161830,0.0
161831,0.0
161832,0.0
161833,0.0
161834,0.0
161835,0.0
161836,0.0
161837,0.0
161838,0.0
161839,0.0
161840,0.0
161841,0.0
161842,0.0
161843,0.0
161844,0.0
161845,0.0
161846,0.0
161847,0.0
161848,0.0
161849,0.0
161850,0.0
161851,0.0
161852,0.0
161853,0.0
161854,0.0
161855,0.0
161856,0.0
161857,0.0
161858,0.0
161859,0.0
161860,0.0
161861,0.0
161862,0.0
161863,0.0
161864,0.0
161865,0.0
161866,0.0
161867,0.0
161868,0.0
161869,0.0
161870,0.0
161871,0.0
161872,0.0
161873,0.0
161874,0.0
161875,0.0
161876,0.0
161877,0.0
161878,0.0
161879,0.0
161880,0.0
161881,0.0
161882,0.0
161883,0.0
161884,0.0
161885,0.0
161886,0.0
161887,0.0
161888,0.0
161889,0.0
161890,0.0
161891,0.0
161892,0.0
161893,0.0
161894,0.0
161895,0.0
161896,0.0
161897,0.0
161898,0.0
162334,0.0
162335,0.631803
162336,0.121892
162337,0.054163
162338,0.005014
162339,0.000766
162340,0.0
162341,0.188126
162342,0.063811
162343,0.0
162344,0.007137
162345,0.237824
162346,0.204075
162347,0.028657
162348,0.018005
162349,0.040362
162350,0.000893
162351,8.1e-05
162352,0.075642
162354,0.034146
162355,0.01947
162356,0.342775
162357,0.396687
162358,0.590418
162359,0.177498
162360,0.324372
162361,0.580178
162362,0.432621
162363,0.476867
162364,0.804027
162365,0.519902
162366,0.507952
162367,0.758703
162368,0.072191
162369,0.761677
162370,0.022517
162371,0.359966
162372,0.820571
162373,0.791243
162374,0.808464
162375,0.769282
162376,0.998852
162377,0.999704
162378,1.0
162379,1.0
162380,1.0
162381,0.880952
162382,0.0
162383,0.000186
162384,0.000927
162385,0.000296
162386,0.841284
162387,0.88233
162388,0.819299
162389,0.808539
162390,0.193634
162391,0.456015
162392,0.755138
162393,0.591537
162394,0.259701
162395,0.206632
162396,0.726852
162397,0.866957
162398,0.953079
162399,0.124756
162400,0.082883
162401,0.047034
162402,0.088603
162403,0.02219
162404,0.0
162405,0.0
162406,0.0
162407,0.0
162408,0.0
162409,0.0
162410,0.0
162411,0.0
162412,0.0
162413,0.0
162414,0.0
162415,0.0
162416,0.0
162417,0.0
162418,0.0
162419,0.0
162420,0.0
162421,0.0
162422,0.0
162423,0.0
162424,0.0
162425,0.0
162426,0.0
162427,0.0
162428,0.0
162429,0.0
162430,0.0
162431,0.0
162432,0.0
162433,0.0
162434,0.0
162435,0.0
162436,0.0
162437,0.0
162438,0.0
162439,0.0
162440,0.0
162441,0.0
162442,0.0
162443,0.0
162444,0.0
162445,0.0
162446,0.0
162447,0.0
162448,0.0
162449,0.0
162450,0.0
162453,0.0
162455,0.0
162456,0.0
162457,0.0
162458,0.0
162459,0.0
162460,0.0
162461,0.0
162462,0.0
162463,0.0
162464,0.0
162465,0.0
162466,0.0
162467,0.0
162468,0.0
162469,0.0
162470,0.0
162471,0.0
162472,0.0
162473,0.0
162474,0.0
162475,0.0
162476,0.0
162477,0.0
162478,0.0
162479,0.0
162480,0.0
162481,0.0
162482,0.143127
162483,0.494521
162484,0.0
162485,0.0
162486,0.0
162487,0.0
162488,0.0
162489,0.0
162490,0.0
162491,0.0
162492,0.0
162493,0.0
162494,0.0
162495,0.0
162496,0.0
162497,0.0
162498,0.0
162499,0.0
162500,0.0
162501,0.0
162503,0.0
162504,0.0
162505,0.0
162506,0.0
162507,0.0
162508,0.0
162509,0.0
162510,0.0
162511,0.0
162512,0.001474
162513,0.48895
162514,0.457627
162515,0.107143
162516,0.0
162517,0.0
162518,0.0
162519,0.0
162520,0.0
162521,0.0
162522,0.0
162523,0.0
162524,0.0
162525,0.0
162526,0.0
162527,0.0
162528,0.0
162529,0.0
162530,0.0
162531,0.0
162532,0.0
162533,0.0
162534,0.0
162535,0.0
162536,0.0
162537,0.0
162538,0.0
162539,0.0
162540,0.0
162541,0.0
162542,0.0
162543,0.0
162544,0.0
162545,0.0
162546,0.0
162547,0.0
162548,0.0
162549,0.0
162550,0.0
162551,0.0
162552,0.0
162553,0.0
162554,0.0
162555,0.0
162556,0.0
162557,0.0
162558,0.0
162559,0.0
162560,0.0
162561,0.0
162562,0.0
162563,0.0
162564,0.0
162565,0.0
162566,0.0
162567,0.0
162568,0.0
162569,0.0
162570,0.0
162571,0.0
162572,0.0
162573,0.0
162574,0.0
162575,0.0
162576,0.0
162577,0.0
162578,0.0
162579,0.0
162580,0.0
162581,0.0
162582,0.0
163019,0.816425
163020,0.543014
163021,0.502703
163022,0.45931
163023,0.0
163024,0.010316
163025,0.058562
163026,0.467079
163027,0.45683
163028,0.776119
163029,0.898422
163030,0.140041
163031,0.08446
163032,0.001092
163033,0.00311
163034,0.076738
163035,0.059478
163036,0.37882
163037,0.162777
163038,0.003823
163039,0.078259
163040,0.253309
163041,0.490379
163042,0.401012
163043,0.365083
163044,0.341348
163045,0.454681
163046,0.523576
163047,0.068436
163048,0.659347
163049,0.837346
163050,0.447902
163051,0.335709
163052,0.129148
163053,0.873703
163054,0.371728
163055,0.972973
163056,0.822924
163057,0.905568
163058,0.87938
163059,0.189058
163060,0.157039
163061,0.455362
163062,0.949346
163063,1.0
163064,0.990431
163065,0.224588
163066,0.0
163067,0.373538
163068,0.561153
163069,0.168728
163070,0.221967
163071,0.684123
163072,0.661443
163073,0.70064
163074,0.883611
163075,0.003984
163076,0.468064
163077,0.323959
163078,0.545619
163079,0.284897
163080,0.373935
163081,0.815289
163082,0.855822
163083,0.584147
163084,0.076275
163085,0.130929
163086,0.029484
163087,0.002078
163088,0.0
163089,0.0
163090,0.0
163091,0.0
163092,0.0
163093,0.0
163094,0.0
163095,0.0
163096,0.0
163097,0.0
163098,0.0
163099,0.0
163100,0.0
163101,0.0
163102,0.0
163103,0.0
163104,0.0
163105,0.0
163106,0.0
163107,0.0
163108,0.0
163109,0.0
163110,0.0
163111,0.0
163112,0.0
163113,0.0
163114,0.0
163115,0.0
163116,0.0
163117,0.0
163118,0.0
163119,0.0
163120,0.0
163121,0.0
163122,0.0
163123,0.0
163124,0.0
163125,0.0
163126,0.0
163127,0.0
163128,0.0
163129,0.0
163130,0.0
163131,0.0
163132,0.0
163133,0.0
163134,0.0
163135,0.0
163136,0.0
163137,0.0
163138,0.0
163139,0.0
163140,0.0
163141,0.0
163142,0.0
163143,0.0
163144,0.0
163145,0.0
163146,0.0
163147,0.0
163148,0.0
163149,0.0
163150,0.0
163151,0.0
163152,0.0
163153,0.0
163154,0.0
163155,0.0
163156,0.0
163157,0.0
163158,0.0
163159,0.0
163160,0.0
163161,0.0
163162,0.0
163163,0.0
163165,0.790663
163166,0.0
163167,0.0
163168,0.0
163169,0.0
163170,0.0
163171,0.0
163172,0.0
163173,0.0
163174,0.0
163175,0.0
163176,0.0
163177,0.0
163178,0.0
163179,0.0
163180,0.0
163181,0.0
163182,0.0
163183,0.0
163184,0.0
163185,0.0
163186,0.0
163187,0.024752
163188,0.0
163189,0.0
163190,0.0
163191,0.0
163192,0.0
163194,0.0
163195,0.0
163196,0.0
163197,0.073322
163198,0.173958
163199,0.099366
163200,0.014059
163201,0.0
163202,0.0
163203,0.0
163204,0.0
163205,0.0
163206,0.0
163207,0.0
163208,0.0
163209,0.0
163210,0.0
163211,0.0
163212,0.0
163213,0.0
163214,0.0
163215,0.0
163216,0.0
163217,0.0
163218,0.0
163219,0.0
163220,0.0
163221,0.0
163222,0.0
163223,0.0
163224,0.0
163225,0.0
163226,0.0
163227,0.0
163228,0.0
163229,0.0
163230,0.0
163231,0.0
163232,0.0
163233,0.0
163234,0.0
163235,0.0
163236,0.0
163237,0.0
163238,0.0
163239,0.0
163240,0.0
163241,0.0
163242,0.0
163243,0.0
163244,0.0
163245,0.0
163246,0.0
163247,0.0
163248,0.0
163249,0.0
163250,0.0
163251,0.0
163252,0.0
163253,0.0
163254,0.0
163255,0.0
163256,0.0
163257,0.0
163258,0.0
163259,0.0
163260,0.0
163261,0.0
163262,0.0
163263,0.630542
163264,0.056338
163265,0.0
163266,0.0
163704,0.0
163705,0.0
163706,0.897288
163707,0.088419
163708,0.590361
163709,0.34264
163710,0.121004
163711,0.929078
163712,0.985479
163713,0.008228
163714,0.31013
163715,0.179167
163716,0.103277
163717,0.0
163718,0.0
163719,0.131906
163720,0.329889
163721,0.009178
163722,0.001039
163723,0.179208
163724,0.18678
163725,0.155024
163726,0.505829
163727,0.0797
163728,0.020896
163729,0.758363
163730,0.647316
163731,0.0
163732,0.0
163733,0.395397
163734,0.395397
163735,0.230369
163736,0.689373
163737,0.683703
163738,0.008879
163739,0.880908
163740,0.883818
163741,0.905501
163742,0.893106
163743,0.0
163744,0.228303
163745,0.853039
163746,1.0
163747,0.543517
163748,0.017707
163749,0.002444
163750,0.0
163751,0.265818
163752,0.439063
163753,0.106614
163754,0.066449
163755,0.28629
163756,0.589179
163757,0.291845
163758,0.782822
163759,0.01479
163760,0.000311
163761,0.649071
163762,0.905115
163763,0.259051
163764,0.691901
163765,0.753146
163766,0.834125
163767,0.641145
163768,0.558657
163769,0.127186
163770,0.084714
163771,0.021207
163772,0.0
163773,0.0
163774,0.0
163775,0.0
163776,0.0
163777,0.0
163778,0.0
163779,0.0
163780,0.0
163781,0.0
163782,0.0
163783,0.0
163784,0.0
163785,0.0
163786,0.0
163787,0.0
163788,0.0
163789,0.0
163790,0.0
163791,0.0
163792,0.0
163793,0.0
163794,0.0
163795,0.0
163796,0.0
163797,0.0
163798,0.0
163799,0.0
163800,0.0
163801,0.0
163802,0.0
163803,0.0
163804,0.0
163805,0.0
163806,0.0
163807,0.0
163808,0.0
163809,0.0
163810,0.0
163811,0.0
163812,0.0
163813,0.0
163814,0.0
163815,0.0
163816,0.0
163817,0.0
163818,0.0
163819,0.0
163820,0.0
163821,0.0
163822,0.0
163823,0.0
163824,0.0
163825,0.0
163826,0.0
163827,0.0
163828,0.0
163829,0.0
163830,0.0
163831,0.0
163832,0.0
163833,0.0
163834,0.0
163835,0.0
163836,0.0
163837,0.0
163838,0.0
163839,0.0
163840,0.0
163841,0.0
163842,0.0
163843,0.0
163844,0.0
163845,0.0
163846,0.0
163847,0.0
163848,0.0
163849,0.0
163850,0.0
163851,0.0
163852,0.0
163853,0.0
163854,0.0
163855,0.0
163856,0.0
163857,0.0
163858,0.0
163859,0.0
163860,0.0
163861,0.0
163862,0.0
163863,0.0
163864,0.0
163865,0.0
163866,0.0
163867,0.0
163868,0.0
163869,0.0
163870,0.0
163871,0.0
163872,0.0
163873,0.0
163874,0.0
163875,0.0
163876,0.0
163877,0.0
163878,0.0
163879,0.0
163880,0.0
163881,0.004004
163882,0.096879
163883,0.158427
163884,0.026763
163885,0.0
163886,0.0
163887,0.0
163888,0.0
163889,0.0
163890,0.0
163891,0.0
163892,0.0
163893,0.0
163894,0.0
163895,0.0
163896,0.0
163897,0.0
163898,0.0
163899,0.0
163900,0.0
163901,0.0
163902,0.0
163903,0.0
163904,0.0
163905,0.0
163906,0.0
163907,0.0
163908,0.0
163909,0.0
163910,0.0
163911,0.0
163912,0.0
163913,0.0
163914,0.0
163915,0.0
163916,0.0
163917,0.0
163918,0.0
163919,0.0
163920,0.0
163921,0.0
163922,0.0
163923,0.0
163924,0.0
163925,0.0
163926,0.0
163927,0.0
163928,0.0
163929,0.0
163930,0.0
163931,0.0
163932,0.0
163933,0.0
163934,0.0
163935,0.0
163936,0.0
163937,0.0
163938,0.0
163939,0.0
163940,0.0
163941,0.0
163942,0.0
163943,0.0
163944,0.0
163945,0.0
163946,0.02807
163947,0.411765
163948,0.0
163949,0.0
164390,0.375
164391,0.007128
164392,0.275093
164393,0.222623
164394,0.272459
164395,0.72624
164396,0.42517
164397,0.005466
164398,0.05255
164399,0.244329
164400,0.151024
164401,0.005717
164402,0.0
164403,0.031179
164404,0.007721
164405,0.0
164406,0.006924
164407,0.358436
164408,0.029096
164409,0.0
164410,0.130321
164411,0.023488
164412,0.004156
164413,0.546926
164421,0.462963
164422,0.846658
164423,0.962296
164424,0.977508
164425,0.838765
164426,0.009274
164427,0.0
164428,0.0
164429,0.947137
164430,0.826502
164431,0.07267
164432,0.0
164433,0.0
164434,0.0
164435,0.0
164436,0.0
164437,0.0
164438,0.0
164439,0.0
164440,0.01623
164441,0.372549
164442,0.002326
164443,0.000314
164444,0.033119
164445,0.355602
164446,0.486331
164447,0.226887
164448,0.527457
164449,0.657207
164450,0.475227
164451,0.776832
164452,0.673745
164453,0.696717
164454,0.074339
164455,0.184747
164456,0.0
164457,0.0
164458,0.0
164459,0.0
164460,0.0
164461,0.0
164462,0.0
164463,0.0
164464,0.0
164465,0.0
164466,0.0
164467,0.0
164468,0.0
164469,0.0
164470,0.0
164471,0.0
164472,0.0
164473,0.0
164474,0.0
164475,0.0
164476,0.0
164477,0.0
164478,0.0
164479,0.0
164480,0.0
164481,0.0
164482,0.0
164483,0.0
164484,0.0
164485,0.0
164486,0.0
164487,0.0
164488,0.0
164489,0.0
164490,0.0
164491,0.0
164492,0.0
164493,0.0
164494,0.0
164495,0.0
164496,0.0
164497,0.0
164498,0.0
164499,0.0
164500,0.0
164501,0.0
164502,0.0
164503,0.0
164504,0.0
164505,0.0
164506,0.0
164507,0.0
164508,0.0
164509,0.0
164510,0.0
164511,0.0
164512,0.0
164513,0.0
164514,0.0
164515,0.0
164516,0.0
164517,0.0
164518,0.0
164519,0.0
164520,0.0
164521,0.0
164522,0.0
164523,0.0
164524,0.0
164525,0.0
164526,0.0
164527,0.0
164528,0.0
164529,0.0
164530,0.0
164531,0.0
164532,0.0
164533,0.0
164534,0.0
164535,0.0
164536,0.0
164537,0.0
164538,0.0
164539,0.0
164540,0.0
164541,0.0
164542,0.0
164543,0.0
164544,0.0
164545,0.0
164546,0.0
164547,0.0
164548,0.0
164549,0.0
164550,0.0
164551,0.0
164552,0.0
164553,0.0
164555,0.0
164556,0.0
164557,0.0
164558,0.0
164559,0.0
164560,0.0
164561,0.0
164562,0.0
164563,0.0
164564,0.0
164565,0.412826
164566,0.45423
164567,0.257431
164568,0.030288
164569,0.0
164570,0.0
164571,0.0
164572,0.0
164573,0.0
164574,0.0
164575,0.0
164576,0.0
164577,0.0
164578,0.0
164579,0.0
164580,0.0
164581,0.0
164582,0.0
164583,0.0
164584,0.0
164585,0.0
164586,0.0
164587,0.0
164588,0.0
164589,0.0
164590,0.0
164591,0.0
164592,0.0
164593,0.0
164594,0.0
164595,0.0
164596,0.0
164597,0.0
164598,0.0
164599,0.0
164600,0.0
164601,0.0
164602,0.0
164603,0.0
164604,0.0
164605,0.0
164606,0.0
164607,0.0
164608,0.0
164609,0.0
164610,0.0
164611,0.0
164612,0.0
164613,0.0
164614,0.0
164615,0.0
164616,0.0
164617,0.0
164618,0.0
164619,0.0
164620,0.0
164621,0.0
164622,0.0
164623,0.0
164624,0.0
164625,0.0
164626,0.0
164627,0.0
164628,0.0
164629,0.0
164630,0.0
164631,0.259036
164632,0.0
164633,0.0
165081,0.003175
165082,0.0
165083,0.0
165084,0.156263
165085,0.0
165086,0.007003
165087,0.005577
165088,0.003275
165089,0.0
165090,0.000262
165091,0.246222
165092,0.003901
165093,0.194517
165094,0.071288
165095,0.431804
165096,0.295192
165097,0.135516
165113,0.0
165114,0.0
165115,0.0
165116,0.0
165117,0.0
165118,0.0
165119,0.0
165120,0.0
165121,0.0
165122,0.0
165123,0.0
165124,0.002317
165125,0.0
165126,0.0
165127,0.0
165128,0.0
165129,0.0
165130,0.0
165131,0.0
165132,0.0
165133,0.0
165134,0.0
165135,0.0
165136,0.008494
165137,0.009611
165138,0.004032
165139,0.0
165140,0.0
165141,0.0
165142,0.0
165143,0.0
165144,0.0
165145,0.0
165146,0.0
165147,0.0
165148,0.0
165149,0.0
165150,0.0
165151,0.0
165152,0.0
165153,0.0
165154,0.0
165155,0.0
165156,0.0
165157,0.0
165158,0.0
165159,0.0
165160,0.0
165161,0.0
165162,0.0
165163,0.0
165164,0.0
165165,0.0
165166,0.0
165167,0.0
165168,0.0
165169,0.0
165170,0.0
165171,0.0
165172,0.0
165173,0.0
165174,0.0
165175,0.0
165176,0.0
165177,0.0
165178,0.0
165179,0.0
165180,0.0
165181,0.0
165182,0.0
165183,0.0
165184,0.0
165185,0.0
165186,0.0
165187,0.0
165188,0.0
165189,0.0
165190,0.0
165191,0.0
165192,0.0
165193,0.0
165194,0.0
165195,0.0
165196,0.0
165197,0.0
165198,0.0
165199,0.0
165200,0.0
165201,0.0
165202,0.0
165203,0.0
165204,0.0
165205,0.0
165206,0.0
165207,0.0
165208,0.0
165209,0.0
165210,0.0
165211,0.0
165212,0.0
165213,0.0
165214,0.0
165215,0.0
165216,0.0
165217,0.0
165218,0.0
165219,0.0
165220,0.0
165221,0.123554
165222,0.106278
165223,0.181284
165224,0.0
165225,0.0
165226,0.0
165227,0.0
165228,0.0
165229,0.0
165230,0.0
165231,0.0
165232,0.0
165233,0.0
165234,0.0
165235,0.0
165236,0.0
165237,0.0
165239,0.0
165240,0.024058
165241,0.0
165242,0.0
165243,0.0
165244,0.0
165245,0.0
165246,0.0
165247,0.0
165248,0.0
165249,0.045293
165250,0.156361
165251,0.0
165252,0.0
165253,0.0
165254,0.0
165255,0.0
165256,0.0
165257,0.0
165258,0.0
165259,0.0
165260,0.0
165261,0.0
165262,0.0
165263,0.0
165264,0.0
165265,0.0
165266,0.0
165267,0.0
165268,0.0
165269,0.0
165270,0.0
165271,0.0
165272,0.0
165273,0.0
165274,0.0
165275,0.0
165276,0.0
165277,0.0
165278,0.0
165279,0.0
165280,0.0
165281,0.0
165282,0.0
165283,0.0
165284,0.0
165285,0.0
165286,0.0
165287,0.0
165288,0.0
165289,0.0
165290,0.0
165291,0.0
165292,0.0
165293,0.0
165295,0.004921
165296,0.0
165297,0.0
165298,0.0
165299,0.0
165300,0.0
165301,0.0
165302,0.0
165303,0.0
165304,0.0
165305,0.0
165306,0.0
165307,0.0
165308,0.0
165309,0.0
165310,0.0
165311,0.0
165312,0.0
165313,0.0
165314,0.0
165315,0.0
165316,0.0
165772,0.02963
165773,0.0
165774,0.096729
165775,0.081709
165776,0.0
165777,0.0
165778,0.0
165779,7.2e-05
165780,0.002415
165781,0.006942
165797,0.0
165798,0.0
165799,0.0
165800,0.0
165801,0.0
165802,0.0
165803,0.0
165804,0.0
165805,0.0
165806,0.0
165807,0.0
165808,0.0
165809,0.0
165810,0.0
165811,0.0
165812,0.0
165813,0.0
165814,0.0
165815,0.0
165816,0.0
165817,0.0
165818,0.0
165819,0.0
165820,0.0
165821,0.0
165822,0.0
165823,0.0
165824,0.0
165825,0.0
165826,0.0
165827,0.0
165828,0.0
165829,0.0
165830,0.0
165831,0.0
165832,0.0
165833,0.0
165834,0.0
165835,0.0
165836,0.0
165837,0.0
165838,0.0
165839,0.0
165840,0.0
165841,0.0
165842,0.0
165843,0.0
165844,0.0
165845,0.0
165846,0.0
165847,0.0
165848,0.0
165849,0.0
165850,0.0
165851,0.0
165852,0.0
165853,0.0
165854,0.0
165855,0.0
165856,0.0
165857,0.0
165858,0.0
165859,0.0
165860,0.0
165861,0.0
165862,0.0
165863,0.0
165864,0.0
165865,0.0
165866,0.0
165867,0.0
165868,0.0
165869,0.0
165870,0.0
165871,0.0
165872,0.0
165873,0.0
165874,0.0
165875,0.0
165876,0.0
165877,0.0
165878,0.0
165879,0.0
165880,0.0
165881,0.0
165882,0.0
165883,0.0
165884,0.0
165885,0.0
165886,0.0
165887,0.0
165888,0.0
165889,0.0
165890,0.0
165891,0.0
165892,0.0
165893,0.0
165894,0.0
165895,0.0
165896,0.0
165897,0.0
165898,0.0
165899,0.0
165900,0.0
165901,0.0
165902,0.0
165903,0.0
165904,0.0
165905,0.010196
165906,0.133389
165907,0.625668
165908,0.000718
165909,0.0
165910,0.0
165911,0.0
165912,0.0
165913,0.0
165914,0.0
165915,0.0
165916,0.0
165917,0.0
165918,0.0
165919,0.0
165920,0.0
165921,0.0
165922,0.0
165923,0.0
165924,0.0
165925,0.0
165926,0.0
165927,0.0
165928,0.0
165929,0.0
165930,0.0
165931,0.0
165932,0.0
165933,0.0
165934,0.0
165935,0.0
165936,0.0
165937,0.0
165938,0.0
165939,0.0
165944,0.0
165945,0.0
165946,0.0
165947,0.0
165948,0.0
165949,0.0
165950,0.0
165951,0.0
165956,0.0
165957,0.0
165958,0.0
165959,0.0
165960,0.0
165961,0.0
165962,0.0
165963,0.0
165964,0.0
165965,0.0
165966,0.0
165967,0.0
165968,0.0
165969,0.0
165970,0.0
165971,0.0
165972,0.0
165973,0.0
165974,0.0
165975,0.0
165976,0.0
165977,0.0
165978,0.0
165979,0.0
165980,0.0
165981,0.0
165982,0.0
165983,0.0
165984,0.0
165985,0.0
165986,0.0
165987,0.0
165988,0.0
165989,0.0
165990,0.0
165991,0.0
165992,0.0
165993,0.0
165994,0.0
165995,0.0
165996,0.0
165997,0.0
165998,0.0
165999,0.0
166000,0.0
166463,0.0
166464,0.001914
166465,0.0
166481,0.0
166482,0.0
166483,0.0
166484,0.0
166485,0.0
166486,0.0
166487,0.0
166488,0.0
166489,0.0
166490,0.0
166491,0.0
166492,0.0
166493,0.0
166494,0.0
166495,0.0
166496,0.0
166497,0.0
166498,0.0
166499,0.0
166500,0.0
166501,0.0
166502,0.0
166503,0.0
166504,0.0
166505,0.0
166506,0.0
166507,0.0
166508,0.0
166509,0.0
166510,0.0
166511,0.0
166512,0.0
166513,0.0
166514,0.0
166515,0.0
166516,0.0
166517,0.0
166518,0.0
166519,0.0
166520,0.0
166521,0.0
166522,0.0
166523,0.0
166524,0.0
166525,0.0
166526,0.0
166527,0.0
166528,0.0
166529,0.0
166530,0.0
166531,0.0
166532,0.0
166533,0.0
166534,0.0
166535,0.0
166536,0.0
166537,0.0
166538,0.0
166539,0.0
166540,0.0
166541,0.0
166542,0.0
166543,0.0
166544,0.0
166545,0.0
166546,0.0
166547,0.0
166548,0.0
166549,0.0
166550,0.0
166551,0.0
166552,0.0
166553,0.0
166554,0.0
166555,0.0
166556,0.0
166557,0.0
166558,0.0
166559,0.0
166560,0.0
166561,0.0
166562,0.0
166563,0.0
166564,0.0
166565,0.0
166566,0.0
166567,0.0
166568,0.0
166569,0.0
166570,0.0
166571,0.0
166572,0.0
166573,0.0
166574,0.0
166575,0.0
166576,0.0
166577,0.0
166578,0.0
166579,0.0
166580,0.0
166581,0.0
166582,0.0
166583,0.0
166584,0.0
166585,0.001752
166586,0.0
166587,0.0
166588,0.0
166589,0.0
166590,0.007301
166591,0.335643
166592,0.223193
166593,0.0
166594,0.0
166595,0.0
166596,0.0
166597,0.0
166598,0.0
166599,0.0
166600,0.0
166601,0.0
166602,0.0
166603,0.0
166604,0.0
166605,0.0
166606,0.000472
166607,0.0
166608,0.0
166609,0.0
166610,0.0
166611,0.0
166612,0.0
166613,0.0
166614,0.0
166615,0.0
166616,0.0
166617,0.0
166618,0.0
166619,0.0
166620,0.0
166621,0.0
166622,0.0
166623,0.0
166628,0.0
166629,0.0
166630,0.0
166631,0.0
166632,0.0
166633,0.0
166634,0.0
166635,0.0
166640,0.0
166641,0.0
166642,0.0
166643,0.0
166644,0.0
166645,0.0
166646,0.0
166647,0.0
166648,0.0
166649,0.057785
166650,0.0
166651,0.0
166652,0.0
166653,0.0
166654,0.0
166655,0.0
166656,0.0
166657,0.0
166658,0.0
166659,0.0
166660,0.0
166661,0.0
166662,0.0
166663,0.0
166664,0.0
166665,0.0
166666,0.0
166667,0.0
166668,0.0
166669,0.0
166670,0.0
166671,0.0
166672,0.0
166673,0.0
166674,0.0
166675,0.0
166676,0.0
166677,0.0
166678,0.0
166679,0.0
166680,0.0
166681,0.0
166682,0.0
166683,0.0
166684,0.0
166685,0.0
167166,0.0
167167,0.0
167168,0.0
167169,0.0
167170,0.0
167171,0.0
167172,0.0
167173,0.0
167174,0.0
167175,0.0
167176,0.0
167177,0.0
167178,0.0
167179,0.0
167180,0.0
167181,0.0
167182,0.0
167183,0.0
167184,0.0
167185,0.0
167186,0.0
167187,0.0
167188,0.0
167189,0.0
167190,0.0
167191,0.0
167192,0.0
167193,0.0
167194,0.0
167195,0.0
167196,0.0
167197,0.0
167198,0.0
167199,0.0
167200,0.0
167201,0.0
167202,0.0
167203,0.0
167204,0.0
167205,0.0
167206,0.0
167207,0.0
167208,0.0
167209,0.0
167210,0.0
167211,0.0
167212,0.0
167213,0.0
167214,0.0
167215,0.0
167216,0.0
167217,0.0
167218,0.0
167219,0.0
167220,0.0
167221,0.0
167222,0.0
167223,0.0
167224,0.0
167225,0.0
167226,0.0
167227,0.0
167228,0.0
167229,0.0
167230,0.0
167231,0.0
167232,0.0
167233,0.0
167234,0.0
167235,0.0
167236,0.0
167237,0.0
167238,0.0
167239,0.0
167240,0.0
167241,0.0
167242,0.0
167243,0.0
167244,0.0
167245,0.0
167246,0.0
167247,0.0
167248,0.0
167249,0.0
167250,0.0
167251,0.0
167252,0.0
167253,0.0
167254,0.0
167255,0.0
167256,0.0
167257,0.0
167258,0.0
167259,0.0
167260,0.0
167261,0.0
167262,0.0
167263,0.0
167264,0.0
167265,0.079333
167266,0.25748
167267,0.0
167268,0.0
167269,0.0
167270,0.0
167271,0.0
167272,0.0
167273,0.0
167274,0.0
167275,0.187624
167276,0.057149
167277,0.112676
167278,0.246292
167279,0.030193
167280,0.0
167281,0.0
167282,0.0
167283,0.0
167284,0.0
167285,0.0
167286,0.0
167287,0.0
167288,0.0
167289,0.0
167290,0.0
167291,0.0
167292,0.050251
167293,0.059401
167294,0.0
167295,0.0
167296,0.0
167297,0.0
167298,0.0
167299,0.0
167300,0.0
167301,0.0
167302,0.0
167303,0.0
167304,0.0
167305,0.0
167306,0.0
167307,0.0
167312,0.0
167313,0.0
167314,0.0
167315,0.0
167316,0.0
167317,0.0
167318,0.0
167319,0.0
167324,0.0
167325,0.0
167326,0.0
167327,0.0
167328,0.0
167329,0.0
167330,0.0
167331,0.0
167332,0.005413
167333,0.7875
167334,0.967593
167335,0.0
167336,0.0
167337,0.0
167338,0.0
167339,0.0
167340,0.0
167341,0.0
167342,0.0
167343,0.0
167344,0.0
167345,0.0
167346,0.0
167347,0.0
167348,0.0
167349,0.0
167350,0.0
167351,0.0
167352,0.0
167353,0.0
167354,0.0
167355,0.0
167356,0.0
167357,0.0
167358,0.0
167359,0.0
167360,0.0
167361,0.0
167362,0.0
167363,0.0
167364,0.0
167365,0.0
167366,0.0
167367,0.0
167368,0.0
167369,0.0
167851,0.0
167852,0.0
167853,0.0
167854,0.0
167855,0.0
167856,0.0
167857,0.0
167858,0.0
167859,0.0
167860,0.0
167861,0.0
167862,0.0
167863,0.0
167864,0.0
167865,0.0
167866,0.0
167867,0.0
167868,0.0
167869,0.0
167870,0.0
167871,0.0
167872,0.0
167873,0.0
167874,0.0
167875,0.0
167876,0.0
167877,0.0
167878,0.0
167879,0.0
167880,0.0
167881,0.0
167882,0.0
167883,0.0
167884,0.0
167885,0.0
167886,0.0
167887,0.0
167888,0.0
167889,0.0
167890,0.0
167891,0.0
167892,0.0
167893,0.0
167894,0.0
167895,0.0
167896,0.0
167897,0.0
167898,0.0
167899,0.0
167900,0.0
167901,0.0
167902,0.0
167903,0.0
167904,0.0
167905,0.0
167906,0.0
167907,0.0
167908,0.0
167909,0.0
167910,0.0
167911,0.0
167912,0.0
167913,0.0
167914,0.0
167915,0.0
167916,0.0
167917,0.0
167918,0.0
167919,0.0
167920,0.0
167921,0.0
167922,0.0
167923,0.0
167924,0.0
167925,0.0
167926,0.0
167927,0.0
167928,0.0
167929,0.0
167930,0.0
167931,0.0
167932,0.0
167933,0.0
167934,0.0
167935,0.0
167936,0.0
167937,0.0
167938,0.0
167939,0.0
167940,0.0
167941,0.0
167942,0.0
167943,0.0
167944,0.0
167945,0.0
167946,0.0
167947,0.0
167948,0.0
167949,0.009832
167950,0.318602
167951,0.271654
167952,0.0
167953,0.0
167954,0.0
167955,0.0
167956,0.0
167957,0.0
167958,0.027559
167959,0.086566
167960,0.0
167961,0.119573
167962,0.82623
167963,0.161115
167964,0.0
167965,0.0
167966,0.0
167967,0.0
167968,0.0
167969,0.0
167970,0.0
167971,0.0
167972,0.0
167973,0.0
167974,0.0
167975,0.0
167976,0.084663
167977,0.165315
167978,0.0
167979,0.0
167980,0.0
167981,0.0
167982,0.0
167983,0.0
167984,0.0
167985,0.0
167986,0.0
167987,0.0
167988,0.0
167989,0.0
167990,0.0
167991,0.019194
167992,0.414286
167994,0.0
167995,0.0
167996,0.0
167997,0.0
167998,0.0
167999,0.0
168000,0.0
168001,0.0
168003,0.0
168004,0.0
168005,0.0
168006,0.0
168007,0.0
168008,0.0
168009,0.0
168010,0.0
168011,0.0
168012,0.0
168013,0.0
168014,0.0
168015,0.0
168016,0.0
168017,0.010638
168018,0.754717
168019,0.0
168020,0.0
168021,0.0
168022,0.0
168023,0.0
168024,0.0
168025,0.0
168026,0.0
168027,0.0
168028,0.0
168029,0.0
168030,0.0
168031,0.0
168032,0.0
168033,0.0
168034,0.0
168035,0.0
168036,0.0
168037,0.0
168038,0.0
168039,0.0
168040,0.0
168041,0.0
168042,0.0
168043,0.0
168044,0.0
168045,0.0
168048,0.0
168049,0.0
168050,0.0
168051,0.0
168052,0.137097
168053,1.0
168536,0.0
168537,0.0
168538,0.0
168539,0.0
168540,0.0
168541,0.0
168542,0.0
168543,0.0
168544,0.0
168545,0.0
168546,0.0
168547,0.0
168548,0.0
168549,0.0
168550,0.0
168551,0.0
168552,0.0
168553,0.0
168554,0.0
168555,0.0
168556,0.0
168557,0.0
168558,0.0
168559,0.0
168560,0.0
168561,0.0
168562,0.0
168563,0.0
168564,0.0
168565,0.0
168566,0.0
168567,0.0
168568,0.0
168569,0.0
168570,0.0
168571,0.0
168572,0.0
168573,0.0
168574,0.0
168575,0.0
168576,0.0
168577,0.0
168578,0.0
168579,0.0
168580,0.0
168581,0.0
168582,0.0
168583,0.0
168584,0.0
168585,0.0
168586,0.0
168587,0.0
168588,0.0
168589,0.0
168590,0.0
168591,0.0
168592,0.0
168593,0.27927
168594,0.0
168595,0.0
168596,0.0
168597,0.0
168598,0.0
168599,0.0
168600,0.0
168601,0.0
168602,0.0
168603,0.0
168604,0.0
168605,0.0
168606,0.0
168607,0.0
168608,0.0
168609,0.0
168610,0.0
168611,0.0
168612,0.0
168613,0.0
168614,0.0
168615,0.0
168616,0.0
168617,0.0
168618,0.0
168619,0.0
168620,0.0
168621,0.0
168622,0.0
168623,0.0
168624,0.0
168625,0.0
168626,0.0
168627,0.0
168628,0.0
168629,0.0
168630,0.0
168631,0.0
168632,0.0
168633,0.034509
168634,0.099699
168635,0.543634
168636,0.0
168637,0.0
168638,0.0
168639,0.0
168640,0.0
168641,0.0
168642,0.0
168643,0.0
168644,0.0
168645,0.095205
168646,0.747943
168647,0.102814
168648,0.0
168649,0.0
168650,0.0
168651,0.0
168652,0.0
168653,0.0
168654,0.0
168655,0.0
168656,0.0
168657,0.0
168658,0.0
168659,0.010843
168660,0.220495
168661,0.064429
168662,0.0
168663,0.0
168664,0.0
168665,0.0
168666,0.0
168667,0.0
168668,0.0
168669,0.0
168670,0.0
168671,0.0
168672,0.0
168673,0.0
168674,0.0
168675,0.176258
168676,0.161898
168677,0.445985
168678,0.076617
168679,0.0
168680,0.0
168681,0.0
168682,0.0
168683,0.0
168684,0.0
168685,0.0
168686,0.0
168687,0.0
168688,0.0
168689,0.0
168690,0.0
168691,0.0
168692,0.0
168693,0.0
168694,0.0
168695,0.0
168696,0.0
168697,0.0
168698,0.0
168699,0.0
168700,0.0
168701,0.0
168702,0.0
168703,0.0
168704,0.0
168705,0.0
168706,0.0
168707,0.0
168708,0.0
168709,0.0
168710,0.0
168711,0.0
168712,0.0
168713,0.0
168714,0.0
168715,0.0
168716,0.0
168717,0.0
168718,0.0
168719,0.0
168720,0.0
168721,0.0
168722,0.0
168723,0.0
168724,0.0
168725,0.0
168726,0.0
168727,0.0
168728,0.0
168732,0.0
168733,0.0
168734,0.0
168735,0.0
168736,0.0
168737,0.666667
169221,0.0
169222,0.0
169223,0.0
169224,0.0
169225,0.0
169226,0.0
169227,0.0
169228,0.0
169229,0.0
169230,0.0
169231,0.0
169232,0.0
169233,0.0
169234,0.0
169235,0.0
169236,0.0
169237,0.0
169238,0.0
169239,0.0
169240,0.0
169241,0.0
169242,0.0
169243,0.0
169244,0.0
169245,0.0
169246,0.0
169247,0.0
169248,0.0
169249,0.0
169250,0.0
169251,0.0
169252,0.0
169253,0.0
169254,0.0
169255,0.0
169256,0.0
169257,0.0
169258,0.0
169259,0.0
169260,0.0
169261,0.0
169262,0.0
169263,0.0
169264,0.0
169265,0.0
169266,0.0
169267,0.0
169268,0.0
169269,0.0
169270,0.0
169271,0.0
169272,0.0
169273,0.0
169274,0.0
169275,0.0
169276,0.0
169277,0.0
169278,0.0
169279,0.0
169280,0.0
169281,0.0
169282,0.0
169283,0.0
169284,0.0
169285,0.0
169286,0.0
169287,0.0
169288,0.0
169289,0.0
169290,0.0
169291,0.0
169292,0.0
169293,0.0
169294,0.0
169295,0.0
169296,0.0
169297,0.0
169298,0.0
169299,0.0
169300,0.0
169301,0.0
169302,0.0
169303,0.0
169304,0.0
169305,0.0
169306,0.0
169307,0.0
169308,0.083693
169309,0.0
169310,0.0
169311,0.0
169312,0.0
169313,0.0
169314,0.0
169315,0.0
169316,0.0
169317,0.038812
169318,0.10791
169319,0.198435
169320,0.0
169321,0.0
169322,0.0
169323,0.0
169324,0.041028
169325,0.139588
169326,0.014194
169327,0.0
169328,0.0
169329,0.148936
169330,0.518703
169331,0.252396
169332,0.118502
169333,0.0
169334,0.0
169335,0.0
169336,0.0
169337,0.0
169338,0.0
169339,0.0
169340,0.0
169341,0.03778
169342,0.234662
169343,0.329923
169344,0.272227
169345,0.092564
169346,0.0
169347,0.0
169348,0.0
169349,0.0
169350,0.0
169351,0.0
169352,0.0
169353,0.0
169354,0.0
169355,0.0
169356,0.0
169357,0.0
169358,0.0
169359,0.0
169360,0.0
169361,0.0
169362,0.004594
169363,0.0
169364,0.0
169365,0.0
169366,0.0
169367,0.0
169368,0.0
169369,0.0
169370,0.0
169371,0.0
169372,0.0
169373,0.0
169374,0.0
169375,0.0
169376,0.0
169377,0.303965
169378,0.02145
169379,0.172175
169380,0.067183
169381,0.0
169382,0.0
169383,0.0
169384,0.0
169385,0.0
169386,0.0
169387,0.0
169388,0.0
169389,0.0
169391,0.0
169392,0.0
169393,0.0
169394,0.0
169395,0.0
169396,0.0
169397,0.0
169398,0.0
169399,0.0
169400,0.0
169401,0.0
169402,0.0
169403,0.0
169404,0.0
169405,0.0
169406,0.0
169407,0.0
169408,0.0
169409,0.0
169410,0.0
169411,0.0
169412,0.0
169413,0.0
169416,0.0
169417,0.0
169418,0.0
169419,0.0
169420,0.0
169421,0.0
169906,0.0
169907,0.0
169908,0.0
169909,0.0
169910,0.0
169911,0.0
169912,0.0
169913,0.0
169914,0.0
169915,0.0
169916,0.0
169917,0.0
169918,0.0
169919,0.0
169920,0.0
169921,0.0
169922,0.0
169923,0.0
169924,0.0
169925,0.0
169926,0.0
169927,0.0
169928,0.0
169929,0.0
169930,0.0
169931,0.0
169932,0.0
169933,0.0
169934,0.0
169935,0.0
169936,0.0
169937,0.0
169938,0.0
169939,0.0
169940,0.0
169941,0.0
169942,0.0
169943,0.0
169944,0.0
169945,0.0
169946,0.0
169947,0.0
169948,0.0
169949,0.0
169950,0.0
169951,0.0
169952,0.0
169953,0.0
169954,0.0
169955,0.0
169956,0.0
169957,0.0
169958,0.0
169959,0.0
169960,0.0
169961,0.0
169962,0.0
169963,0.0
169964,0.0
169965,0.0
169966,0.0
169967,0.0
169968,0.0
169969,0.0
169970,0.0
169971,0.0
169972,0.0
169973,0.0
169974,0.0
169975,0.0
169976,0.0
169977,0.0
169978,0.0
169979,0.0
169980,0.0
169981,0.0
169982,0.0
169983,0.0
169984,0.0
169986,0.0
169987,0.0
169988,0.0
169989,0.0
169990,0.0
169991,0.223353
169992,0.377298
169993,0.109364
169994,0.0
169995,0.0
169996,0.0
169997,0.0
169998,0.0
169999,0.0
170000,0.108451
170001,0.0
170002,0.00512
170003,0.031423
170004,0.123552
170005,0.0
170006,0.0
170007,0.098689
170008,0.236377
170009,0.658803
170010,0.203059
170011,0.038419
170012,0.0
170013,0.042667
170014,0.227273
170015,0.912651
170016,0.630792
170017,0.0
170018,0.0
170019,0.0
170020,0.0
170021,0.0
170022,0.0
170023,0.0
170024,0.0
170025,0.086839
170026,0.575986
170027,0.342318
170028,0.054902
170029,0.0
170030,0.0
170031,0.0
170032,0.0
170033,0.0
170034,0.0
170035,0.0
170036,0.0
170037,0.0
170038,0.0
170039,0.0
170040,0.0
170041,0.0
170042,0.0
170043,0.0
170044,0.0
170045,0.0
170046,0.0
170047,0.0
170048,0.0
170049,0.0
170050,0.0
170051,0.0
170052,0.0
170054,0.0
170055,0.0
170056,0.0
170057,0.0
170058,0.0
170059,0.0
170060,0.0
170061,0.216233
170062,0.620009
170063,0.542742
170064,0.057409
170065,0.0
170066,0.0
170067,0.0
170068,0.0
170069,0.0
170070,0.0
170071,0.0
170072,0.0
170076,0.0
170077,0.0
170078,0.0
170079,0.0
170080,0.0
170081,0.0
170082,0.0
170083,0.0
170084,0.0
170085,0.0
170086,0.0
170087,0.0
170088,0.0
170089,0.0
170090,0.0
170091,0.0
170092,0.0
170093,0.0
170094,0.0
170095,0.0
170096,0.0
170097,0.0
170100,0.0
170101,0.0
170102,0.0
170103,0.0
170104,0.0
170105,0.0
170591,0.0
170592,0.0
170593,0.0
170594,0.0
170595,0.0
170596,0.0
170597,0.0
170598,0.0
170599,0.0
170600,0.0
170601,0.0
170602,0.0
170603,0.0
170604,0.0
170605,0.0
170606,0.0
170607,0.0
170608,0.0
170609,0.0
170610,0.0
170611,0.0
170612,0.0
170613,0.0
170614,0.0
170615,0.0
170616,0.0
170617,0.0
170618,0.0
170619,0.0
170620,0.0
170621,0.0
170622,0.0
170623,0.0
170624,0.0
170625,0.0
170626,0.0
170627,0.0
170628,0.0
170629,0.0
170630,0.0
170631,0.0
170632,0.0
170633,0.0
170634,0.0
170635,0.0
170636,0.0
170637,0.0
170638,0.0
170639,0.0
170640,0.0
170641,0.0
170642,0.0
170643,0.0
170644,0.0
170645,0.0
170646,0.0
170647,0.0
170648,0.0
170649,0.0
170650,0.0
170651,0.0
170652,0.0
170653,0.0
170654,0.409881
170655,0.97463
170656,0.183425
170657,0.0
170658,0.0
170659,0.0
170660,0.0
170661,0.0
170662,0.0
170663,0.0
170664,0.0
170665,0.0
170666,0.0
170667,0.0
170668,0.0
170669,0.0
170670,0.0
170671,0.0
170672,0.0
170673,0.0
170674,0.0
170675,0.068098
170676,0.520165
170677,0.315867
170678,0.009317
170679,0.0
170680,0.0
170681,0.0
170682,0.0
170683,0.0277
170684,0.306613
170685,0.003262
170686,0.0
170687,0.013066
170688,0.312871
170689,0.0
170690,0.0
170691,0.388722
170692,0.970706
170693,0.615458
170694,0.037952
170695,0.011794
170696,0.041148
170697,0.026364
170698,0.0
170699,0.0
170700,0.0
170701,0.0
170702,0.0
170703,0.0
170704,0.0
170705,0.0
170706,0.0
170707,0.0
170708,0.069238
170709,0.252331
170710,0.185175
170711,0.182804
170712,0.0
170713,0.0
170714,0.0
170715,0.0
170716,0.0
170717,0.0
170718,0.0
170719,0.0
170720,0.0
170721,0.0
170722,0.0
170723,0.0
170724,0.0
170725,0.355415
170726,0.973746
170727,0.758824
170728,0.103448
170729,0.0
170730,0.0
170731,0.0
170732,0.0
170733,0.0
170734,0.0
170735,0.0
170738,0.0
170739,0.0
170740,0.0
170741,0.0
170742,0.0
170743,0.0
170744,0.0
170745,0.163566
170746,0.30694
170747,0.099432
170748,0.0
170749,0.0
170750,0.0
170751,0.0
170752,0.0
170753,0.0
170754,0.0
170755,0.0
170761,0.0
170762,0.0
170763,0.0
170764,0.0
170765,0.0
170766,0.0
170767,0.0
170768,0.0
170769,0.0
170770,0.0
170771,0.0
170772,0.0
170773,0.0
170774,0.0
170775,0.0
170776,0.0
170777,0.0
170778,0.0
170779,0.0
170780,0.0
170781,0.142857
170782,0.558824
170783,0.0
170784,0.0
170785,0.0
170786,0.0
170787,0.0
170789,0.0
170790,0.0
171276,0.0
171277,0.0
171278,0.0
171279,0.0
171280,0.0
171281,0.0
171282,0.0
171283,0.0
171284,0.0
171285,0.0
171286,0.0
171287,0.0
171288,0.0
171289,0.0
171290,0.0
171291,0.0
171292,0.0
171293,0.0
171294,0.0
171295,0.0
171296,0.0
171297,0.0
171298,0.0
171299,0.0
171300,0.0
171301,0.0
171302,0.0
171303,0.0
171304,0.0
171305,0.0
171306,0.0
171307,0.0
171308,0.0
171309,0.0
171310,0.0
171311,0.0
171312,0.0
171313,0.0
171314,0.0
171315,0.0
171316,0.0
171317,0.0
171318,0.0
171319,0.0
171320,0.0
171321,0.0
171322,0.0
171323,0.0
171324,0.0
171325,0.0
171326,0.0
171327,0.0
171328,0.0
171329,0.0
171330,0.0
171331,0.0
171332,0.0
171333,0.0
171334,0.0
171335,0.0
171336,0.0
171337,0.0
171338,0.974328
171339,1.0
171340,0.83907
171341,0.307309
171342,0.0
171343,0.0
171344,0.0
171345,0.0
171346,0.0
171347,0.0
171348,0.0
171349,0.0
171350,0.0
171351,0.0
171352,0.0
171353,0.0
171354,0.0
171355,0.0
171356,0.0
171357,0.0
171358,0.0
171359,0.322222
171360,0.644584
171361,0.278007
171362,0.022274
171363,0.0
171364,0.0
171365,0.005267
171366,0.132936
171367,0.409091
171368,0.151639
171369,0.010802
171370,0.1458
171371,0.33856
171372,0.117771
171373,0.0
171374,0.0
171375,0.0
171376,0.435386
171377,0.442003
171378,0.122173
171379,0.0
171380,0.063205
171381,0.900492
171382,0.238337
171383,0.0
171384,0.0
171385,0.0
171386,0.0
171387,0.0
171388,0.0
171389,0.0
171390,0.0
171391,0.0
171392,0.0
171393,0.0
171394,0.0
171395,0.0
171396,0.0
171397,0.0
171398,0.0
171399,0.0
171400,0.0
171401,0.0
171402,0.0
171403,0.0
171404,0.0
171405,0.0
171406,0.0
171407,0.0
171408,0.0
171409,0.229107
171410,0.636721
171411,0.268695
171412,0.534296
171413,0.063604
171414,0.0
171415,0.0
171416,0.0
171417,0.0
171418,0.0
171419,0.0
171420,0.0
171423,0.0
171424,0.0
171425,0.0
171426,0.0
171427,0.0
171428,0.0
171429,0.0
171430,0.0
171431,0.0
171432,0.0
171433,0.0
171434,0.0
171435,0.0
171436,0.0
171437,0.0
171438,0.0
171439,0.0
171440,0.0
171444,0.0
171445,0.0
171446,0.0
171447,0.0
171448,0.0
171449,0.0
171450,0.0
171451,0.0
171452,0.0
171453,0.0
171454,0.0
171455,0.0
171456,0.0
171457,0.0
171458,0.0
171459,0.0
171460,0.0
171461,0.0
171462,0.0
171463,0.0
171464,0.0
171465,0.522727
171466,0.370968
171467,0.754386
171468,0.0
171469,0.0
171470,0.026961
171471,0.492574
171961,0.0
171962,0.0
171963,0.0
171964,0.0
171965,0.0
171966,0.0
171967,0.0
171968,0.0
171969,0.0
171970,0.0
171971,0.0
171972,0.0
171973,0.0
171974,0.0
171975,0.0
171976,0.0
171977,0.0
171978,0.0
171979,0.0
171980,0.0
171981,0.0
171982,0.0
171983,0.0
171984,0.0
171985,0.0
171986,0.0
171987,0.0
171988,0.0
171989,0.0
171990,0.0
171991,0.0
171992,0.0
171993,0.0
171994,0.0
171995,0.0
171996,0.0
171997,0.0
171998,0.0
171999,0.0
172000,0.0
172001,0.0
172002,0.0
172003,0.0
172004,0.0
172005,0.0
172006,0.0
172007,0.0
172008,0.0
172009,0.0
172010,0.0
172011,0.0
172012,0.0
172013,0.0
172014,0.0
172015,0.0
172016,0.0
172017,0.0
172018,0.0
172019,0.0
172020,0.0
172021,0.0
172022,0.998663
172023,1.0
172024,0.950766
172025,0.952403
172026,0.0
172027,0.0
172028,0.0
172029,0.0
172030,0.0
172031,0.0
172032,0.0
172033,0.0
172034,0.0
172035,0.0
172036,0.0
172037,0.0
172038,0.0
172039,0.0
172040,0.0
172041,0.0
172042,0.0
172043,0.110071
172044,0.185185
172045,0.165017
172046,0.455096
172047,0.111693
172048,0.0
172049,0.0
172050,0.021903
172051,0.622381
172052,0.49697
172053,0.115876
172054,0.061353
172055,0.039352
172056,0.040917
172057,0.062284
172058,0.0
172059,0.0
172060,0.080633
172061,0.464154
172062,0.88519
172063,0.245554
172064,0.023327
172065,0.440734
172066,0.689398
172067,0.0
172068,0.0
172069,0.0
172070,0.0
172071,0.0
172072,0.0
172073,0.0
172074,0.0
172075,0.0
172076,0.0
172077,0.0
172078,0.0
172079,0.0
172080,0.0
172081,0.0
172082,0.0
172083,0.0
172084,0.0
172085,0.0
172086,0.0
172087,0.0
172088,0.0
172089,0.0
172090,0.0
172091,0.0
172092,0.064655
172093,0.155907
172094,0.0
172095,0.312903
172096,0.010929
172097,0.413043
172098,0.000747
172099,0.0
172100,0.0
172101,0.0
172102,0.0
172103,0.0
172107,0.0
172108,0.0
172109,0.0
172110,0.0
172111,0.0
172112,0.0
172113,0.0
172114,0.0
172115,0.0
172116,0.073314
172117,0.337349
172118,0.848974
172119,0.0
172120,0.0
172122,0.0
172123,0.0
172127,0.0
172128,0.0
172129,0.0
172130,0.0
172131,0.0
172132,0.0
172133,0.0
172134,0.0
172135,0.0
172136,0.0
172137,0.0
172138,0.0
172139,0.0
172140,0.0
172141,0.0
172142,0.0
172143,0.0
172144,0.0
172145,0.0
172146,0.0
172147,0.0
172151,0.297872
172152,0.0
172153,0.0
172154,0.0
172155,0.0
172158,0.0
172159,0.0
172646,0.0
172647,0.0
172648,0.0
172649,0.0
172650,0.0
172651,0.0
172652,0.0
172653,0.0
172654,0.0
172655,0.0
172656,0.0
172657,0.0
172658,0.0
172659,0.0
172660,0.0
172661,0.0
172662,0.0
172663,0.0
172664,0.0
172665,0.0
172666,0.0
172667,0.0
172668,0.0
172669,0.0
172670,0.0
172671,0.0
172672,0.0
172673,0.0
172674,0.0
172675,0.0
172676,0.0
172677,0.0
172678,0.0
172679,0.0
172680,0.0
172681,0.0
172682,0.0
172683,0.0
172684,0.0
172685,0.0
172686,0.0
172687,0.0
172688,0.0
172689,0.0
172690,0.0
172691,0.0
172692,0.0
172693,0.0
172694,0.0
172695,0.0
172696,0.0
172697,0.0
172698,0.0
172699,0.0
172700,0.0
172701,0.0
172702,0.0
172703,0.0
172704,0.0
172705,0.0
172706,0.0
172707,0.11165
172708,0.0
172709,0.004619
172710,0.0
172711,0.0
172712,0.0
172713,0.0
172714,0.0
172715,0.0
172716,0.0
172717,0.0
172718,0.0
172719,0.0
172720,0.0
172721,0.0
172722,0.0
172723,0.0
172724,0.0
172725,0.0
172726,0.0
172727,0.0
172728,0.0
172729,0.050324
172730,0.0
172731,0.0
172732,0.0
172733,0.0
172734,0.0
172735,0.18032
172736,0.536868
172737,0.164929
172738,0.0
172739,0.0
172740,0.0
172741,0.0
172742,0.0
172743,0.0
172744,0.045798
172745,0.821289
172746,0.83338
172747,0.278662
172748,0.0
172749,0.05618
172750,0.116572
172751,0.0
172752,0.0
172753,0.0
172754,0.0
172755,0.0
172756,0.0
172757,0.0
172758,0.0
172759,0.0
172760,0.0
172761,0.0
172762,0.0
172763,0.0
172764,0.0
172765,0.0
172766,0.0
172767,0.0
172768,0.0
172769,0.0
172770,0.0
172771,0.0
172772,0.0
172773,0.0
172774,0.0
172775,0.0
172776,0.0
172777,0.0
172778,0.0
172779,0.410269
172780,0.597082
172781,0.040221
172782,0.0
172783,0.0
172784,0.0
172785,0.0
172786,0.0
172787,0.0
172791,0.0
172792,0.0
172793,0.0
172794,0.0
172795,0.0
172796,0.0
172797,0.0
172798,0.0
172799,0.990513
172800,1.0
172801,1.0
172802,1.0
172803,0.651282
172804,0.0
172805,0.0
172806,0.0
172807,0.0
172808,0.0
172809,0.083969
172810,0.0
172811,0.0
172812,0.0
172813,0.0
172814,0.0
172815,0.0
172816,0.003128
172817,0.079739
172818,0.0
172819,0.0
172820,0.0
172821,0.0
172822,0.0
172823,0.0
172824,0.0
172825,0.0
172826,0.0
172827,0.0
172828,0.0
172829,0.0
172830,0.0
172835,0.0
172836,0.0
172837,0.0
172838,0.0
172839,0.0
172841,0.0
172842,0.0
172843,0.0
173331,0.0
173332,0.0
173333,0.0
173334,0.0
173335,0.0
173336,0.0
173337,0.0
173338,0.0
173339,0.0
173340,0.0
173341,0.0
173342,0.0
173343,0.0
173344,0.0
173345,0.0
173346,0.0
173347,0.0
173348,0.0
173349,0.0
173350,0.0
173351,0.0
173352,0.0
173353,0.0
173354,0.0
173355,0.0
173356,0.0
173357,0.0
173358,0.0
173359,0.0
173360,0.0
173361,0.0
173362,0.0
173363,0.0
173364,0.0
173365,0.0
173366,0.0
173367,0.0
173368,0.0
173369,0.0
173370,0.0
173371,0.0
173372,0.0
173373,0.0
173374,0.0
173375,0.0
173376,0.0
173377,0.0
173378,0.0
173379,0.0
173380,0.0
173381,0.0
173382,0.0
173383,0.0
173384,0.0
173385,0.0
173386,0.0
173387,0.0
173388,0.0
173389,0.0
173390,0.0
173391,0.0
173392,0.0
173393,0.0
173394,0.0
173395,0.0
173396,0.0
173397,0.0
173398,0.0
173399,0.0
173400,0.0
173401,0.0
173402,0.0
173403,0.0
173404,0.0
173405,0.0
173406,0.0
173407,0.0
173408,0.0
173409,0.0
173410,0.0
173411,0.0
173412,0.0
173413,0.0
173414,0.0
173415,0.0
173416,0.0
173417,0.0
173418,0.0
173419,0.0
173420,0.0
173421,0.0
173422,0.0
173423,0.0
173424,0.0
173425,0.0
173426,0.0
173427,0.0
173428,0.066667
173429,0.363551
173430,0.002161
173431,0.0
173432,0.0
173433,0.0
173434,0.0
173435,0.0
173436,0.0
173437,0.0
173438,0.0
173439,0.0
173440,0.0
173441,0.0
173442,0.0
173443,0.0
173444,0.0
173445,0.0
173446,0.0
173447,0.0
173448,0.0
173449,0.0
173450,0.0
173451,0.0
173452,0.0
173453,0.0
173454,0.0
173455,0.0
173456,0.0
173457,0.0
173458,0.0
173459,0.0
173460,0.0
173461,0.004505
173462,0.0
173463,0.029348
173464,0.615258
173465,0.120141
173466,0.0
173467,0.0
173468,0.0
173469,0.0
173477,0.0
173478,0.0
173479,0.0
173480,0.85
173481,0.998789
173482,1.0
173483,1.0
173484,1.0
173485,0.970923
173486,1.0
173487,0.639053
173488,0.0
173490,0.0
173491,0.0
173492,0.0
173493,0.0
173494,0.0
173495,0.0
173496,0.0
173497,0.0
173498,0.0
173499,0.547945
173500,0.982301
173501,1.0
173502,0.876727
173503,0.116307
173504,0.0
173505,0.0
173506,0.0
173507,0.0
173511,0.0
173512,0.0
173513,0.0
173514,0.0
173519,0.0
173520,0.0
173521,0.0
173522,0.0
173523,0.0
173524,0.0
173525,0.0
173527,0.0
174016,0.0
174017,0.0
174018,0.0
174019,0.0
174020,0.0
174021,0.0
174022,0.0
174023,0.0
174024,0.001071
174025,0.0
174026,0.0
174027,0.0
174028,0.0
174029,0.0
174030,0.0
174031,0.0
174032,0.0
174033,0.0
174034,0.0
174035,0.0
174036,0.0
174037,0.0
174038,0.0
174039,0.0
174040,0.0
174041,0.0
174042,0.0
174043,0.0
174044,0.0
174045,0.0
174046,0.0
174047,0.0
174048,0.0
174049,0.0
174050,0.0
174051,0.0
174052,0.0
174053,0.0
174054,0.0
174055,0.0
174056,0.0
174057,0.0
174058,0.0
174059,0.0
174060,0.0
174061,0.0
174062,0.0
174063,0.0
174064,0.0
174065,0.0
174066,0.0
174067,0.0
174068,0.0
174069,0.0
174070,0.0
174071,0.0
174072,0.0
174073,0.0
174074,0.0
174075,0.0
174076,0.0
174077,0.0
174078,0.0
174079,0.0
174080,0.0
174081,0.0
174082,0.0
174083,0.0
174084,0.0
174085,0.0
174086,0.0
174087,0.0
174088,0.0
174089,0.0
174090,0.0
174091,0.0
174093,0.0
174094,0.0
174095,0.0
174096,0.0
174097,0.0
174098,0.0
174099,0.0
174100,0.0
174101,0.0
174102,0.0
174103,0.0
174104,0.0
174105,0.0
174106,0.0
174107,0.0
174108,0.0
174109,0.0
174110,0.0
174111,0.0
174112,0.0
174113,0.0
174114,0.0
174115,0.0
174116,0.0
174117,0.0
174118,0.0
174119,0.0
174120,0.0
174121,0.0
174122,0.0
174123,0.0
174124,0.0
174125,0.0
174126,0.0
174127,0.0
174128,0.0
174129,0.0
174130,0.0
174131,0.0
174132,0.0
174133,0.0
174134,0.0
174135,0.0
174136,0.0
174137,0.0
174138,0.0
174139,0.0
174140,0.0
174141,0.0
174142,0.0
174143,0.0
174144,0.0
174145,0.0
174146,0.083899
174147,0.391862
174148,0.896971
174149,0.279043
174150,0.0
174151,0.0
174152,0.0
174153,0.0
174154,0.0
174155,0.0
174157,1.0
174160,0.0
174161,0.0
174163,0.0
174164,0.991477
174165,1.0
174166,1.0
174167,1.0
174169,1.0
174171,0.0
174172,0.0
174173,0.0
174174,0.0
174175,0.0
174176,0.0
174177,0.0
174178,0.0
174179,0.0
174180,0.0
174181,0.066079
174182,0.873418
174183,0.146341
174184,1.0
174185,1.0
174186,0.209756
174187,0.0
174188,0.0
174190,0.0
174191,0.0
174192,0.0
174193,0.0
174195,0.0
174196,0.0
174197,0.0
174198,0.0
174199,0.0
174203,0.0
174204,0.0
174205,0.0
174206,0.0
174207,0.0
174700,0.0
174701,0.0
174702,0.0
174703,0.0
174704,0.0
174705,0.0
174706,0.0
174707,0.0
174708,0.0
174709,0.0
174710,0.0
174711,0.0
174712,0.0
174713,0.0
174714,0.0
174715,0.0
174716,0.0
174717,0.0
174718,0.0
174719,0.0
174720,0.0
174721,0.0
174722,0.0
174723,0.0
174724,0.0
174725,0.0
174726,0.0
174727,0.0
174728,0.0
174729,0.0
174730,0.0
174731,0.0
174732,0.0
174733,0.0
174734,0.0
174735,0.0
174736,0.0
174737,0.0
174738,0.0
174739,0.0
174740,0.0
174741,0.0
174742,0.0
174743,0.0
174744,0.0
174745,0.0
174746,0.0
174747,0.0
174748,0.0
174749,0.0
174750,0.0
174751,0.0
174752,0.0
174753,0.0
174754,0.0
174755,0.0
174756,0.0
174757,0.0
174758,0.0
174759,0.0
174760,0.0
174761,0.0
174762,0.0
174763,0.0
174764,0.0
174765,0.0
174766,0.0
174767,0.0
174768,0.0
174769,0.0
174770,0.0
174771,0.0
174772,0.0
174773,0.0
174774,0.0
174775,0.0
174776,0.0
174777,0.74359
174778,0.181216
174779,0.014638
174780,0.0
174781,0.0
174782,0.0
174783,0.0
174784,0.002098
174785,0.0
174786,0.0
174787,0.0
174788,0.001276
174789,0.0
174790,0.0
174791,0.0
174792,0.0
174793,0.0
174794,0.0
174795,0.0
174796,0.0
174797,0.0
174798,0.0
174799,0.0
174800,0.0
174801,0.0
174802,0.0
174803,0.0
174804,0.0
174805,0.0
174806,0.0
174807,0.0
174808,0.0
174809,0.0
174810,0.0
174811,0.0
174812,0.0
174813,0.0
174814,0.0
174815,0.0
174816,0.0
174817,0.0
174818,0.0
174819,0.0
174820,0.0
174821,0.0
174822,0.0
174823,0.0
174824,0.0
174825,0.0
174826,0.0
174827,0.0
174828,0.0
174829,0.0
174830,0.018792
174831,0.451597
174832,0.846972
174833,0.280967
174834,0.0
174835,0.0
174836,0.0
174837,0.0
174838,0.0
174839,0.0
174845,0.0
174855,0.0
174856,0.0
174857,0.0
174858,0.0
174859,0.0
174860,0.0
174861,0.0
174862,0.0
174863,0.0
174864,0.125984
174865,0.354331
174866,1.0
174867,0.8
174868,0.222222
174869,0.117647
174870,0.210344
174871,0.0
174874,0.0
174875,0.0
174876,0.0
174877,0.0
174878,0.0
174879,0.0
174880,0.0
174881,0.0
174882,0.0
174883,0.0
174884,0.0
174885,0.0
174886,0.0
174887,0.0
174888,0.0
174889,0.0
174890,0.0
174891,0.0
174896,0.0
175384,0.0
175385,0.0
175386,0.0
175387,0.0
175388,0.0
175389,0.0
175390,0.0
175391,0.0
175392,0.0
175393,0.0
175394,0.0
175395,0.0
175396,0.0
175397,0.0
175398,0.0
175399,0.0
175400,0.0
175401,0.0
175402,0.0
175403,0.0
175404,0.0
175405,0.0
175406,0.0
175407,0.0
175408,0.0
175409,0.0
175410,0.0
175411,0.0
175412,0.0
175413,0.0
175414,0.0
175415,0.0
175416,0.0
175417,0.0
175418,0.0
175419,0.0
175420,0.0
175421,0.0
175422,0.0
175423,0.0
175424,0.0
175425,0.0
175426,0.0
175427,0.0
175428,0.0
175429,0.0
175430,0.0
175431,0.0
175432,0.0
175433,0.0
175434,0.0
175435,0.0
175436,0.0
175437,0.0
175438,0.0
175439,0.0
175440,0.0
175441,0.0
175442,0.0
175443,0.0
175444,0.0
175445,0.0
175446,0.0
175447,0.0
175448,0.0
175449,0.0
175450,0.0
175451,0.0
175452,0.0
175453,0.0
175454,0.0
175455,0.0
175456,0.0
175457,0.0
175458,0.0
175459,0.012641
175460,0.001708
175461,0.137046
175462,0.345816
175463,0.148148
175464,0.019044
175465,0.0
175466,0.0
175467,0.0
175468,0.002597
175469,0.0
175470,0.0
175471,0.0
175472,0.0
175473,0.0
175474,0.0
175475,0.0
175476,0.0
175477,0.0
175478,0.0
175479,0.0
175480,0.0
175481,0.0
175482,0.0
175483,0.0
175484,0.0
175485,0.0
175486,0.0
175487,0.0
175488,0.0
175489,0.0
175490,0.0
175491,0.0
175492,0.0
175493,0.0
175494,0.0
175495,0.0
175496,0.0
175497,0.0
175499,0.0
175500,0.0
175501,0.0
175502,0.0
175503,0.0
175504,0.0
175505,0.0
175506,0.0
175507,0.0
175508,0.0
175509,0.0
175510,0.193651
175511,0.006132
175512,0.0
175513,0.0
175514,0.0
175517,0.0
175518,0.0
175521,0.0
175522,0.0
175523,0.0
175528,1.0
175542,0.0
175543,1.0
175544,0.2
175545,0.0
175546,0.0
175547,0.0
175548,0.969697
175549,1.0
175551,0.0
175552,0.25
175553,0.8
175554,0.0
175560,0.0
175561,0.0
175562,0.0
175563,0.0
175564,0.0
175568,0.0
175569,0.0
175570,0.0
175571,0.0
175572,0.0
175573,0.0
175574,0.0
175575,0.0
175580,0.0
175581,0.0
176069,0.0
176070,0.0
176071,0.0
176072,0.0
176073,0.0
176074,0.0
176075,0.0
176076,0.0
176077,0.0
176078,0.0
176079,0.0
176080,0.0
176081,0.0
176082,0.0
176083,0.0
176084,0.0
176085,0.0
176086,0.0
176087,0.0
176088,0.0
176089,0.0
176090,0.0
176091,0.0
176092,0.0
176093,0.0
176094,0.0
176095,0.0
176096,0.0
176097,0.0
176098,0.0
176099,0.0
176100,0.0
176101,0.0
176102,0.0
176103,0.0
176104,0.0
176105,0.0
176106,0.0
176107,0.0
176108,0.0
176109,0.0
176110,0.0
176111,0.0
176112,0.0
176113,0.0
176114,0.0
176115,0.0
176116,0.0
176117,0.0
176118,0.0
176119,0.0
176120,0.0
176121,0.0
176122,0.0
176123,0.0
176124,0.013782
176125,0.0
176126,0.0
176127,0.0
176128,0.0
176129,0.0
176130,0.0
176131,0.0
176132,0.0
176133,0.0
176134,0.0
176135,0.0
176136,0.0
176137,0.0
176138,0.0
176139,0.0
176140,0.0
176141,0.0
176142,0.0
176143,0.720509
176144,0.968398
176145,0.788759
176146,0.04023
176147,0.102111
176148,0.307362
176149,0.107888
176150,0.0
176151,0.002863
176152,0.001147
176153,0.0
176154,0.0
176155,0.000482
176156,0.0
176157,0.0
176158,0.0
176159,0.0
176160,0.0
176161,0.0
176162,0.0
176163,0.0
176164,0.0
176165,0.0
176166,0.0
176167,0.0
176168,0.0
176169,0.0
176170,0.0
176171,0.0
176172,0.0
176173,0.0
176174,0.0
176175,0.0
176177,0.0
176178,0.0
176179,0.0
176180,0.0
176181,0.0
176183,0.0
176184,0.0
176185,0.0
176186,0.0
176187,0.0
176189,0.0
176190,0.0
176191,0.0
176192,0.0
176193,0.0
176194,0.255319
176195,0.239281
176196,0.0
176197,0.0
176227,1.0
176229,0.361111
176230,0.0
176231,0.0
176232,0.0
176233,0.986301
176234,0.333333
176236,0.0
176237,0.0
176238,0.0
176245,0.0
176246,0.0
176247,0.0
176248,0.0
176253,0.0
176254,0.0
176255,0.0
176257,0.0
176258,0.0
176259,0.0
176263,0.0
176264,0.0
176265,0.0
176753,0.0
176754,0.0
176755,0.0
176756,0.0
176757,0.0
176758,0.0
176759,0.0
176760,0.0
176761,0.0
176762,0.0
176763,0.0
176764,0.0
176765,0.0
176766,0.0
176767,0.0
176768,0.0
176769,0.0
176770,0.0
176771,0.0
176772,0.0
176773,0.0
176774,0.0
176775,0.0
176776,0.0
176777,0.0
176778,0.0
176779,0.0
176780,0.0
176781,0.0
176782,0.0
176783,0.0
176784,0.0
176785,0.0
176786,0.0
176787,0.0
176788,0.0
176789,0.0
176790,0.0
176791,0.0
176792,0.0
176793,0.0
176794,0.0
176795,0.0
176796,0.0
176797,0.0
176798,0.0
176799,0.0
176800,0.0
176801,0.0
176802,0.0
176803,0.0
176804,0.0
176805,0.0
176806,0.0
176807,0.0
176808,0.0
176809,0.0
176810,0.0
176811,0.0
176812,0.0
176813,0.0
176814,0.0
176815,0.0
176816,0.0
176817,0.0
176818,0.0
176819,0.0
176820,0.0
176821,0.0
176822,0.0
176823,0.0
176824,0.0
176825,0.0
176826,0.0
176827,0.143866
176828,0.877098
176829,0.602041
176830,0.0
176831,0.108469
176832,0.245614
176833,0.35806
176834,0.0
176835,0.0
176836,0.001369
176837,0.0
176838,0.0
176839,0.000309
176840,0.0
176841,0.0
176842,0.0
176843,0.0
176844,0.0
176845,0.0
176846,0.0
176847,0.0
176848,0.0
176849,0.0
176850,0.0
176851,0.0
176852,0.0
176853,0.0
176854,0.0
176855,0.0
176856,0.0
176857,0.0
176858,0.0
176859,0.0
176860,0.0
176864,0.0
176865,0.0
176866,0.0
176868,0.0
176869,0.0
176870,0.0
176871,0.0
176875,0.0
176876,0.0
176877,0.0
176878,0.0
176879,0.0
176880,0.0
176913,0.0
176914,0.0
176915,0.0
176916,0.0
176930,0.0
176931,0.0
176932,0.0
176937,0.0
176938,0.0
176941,0.0
176942,0.0
176943,0.0
176944,0.958549
176945,0.508152
176946,0.0
176947,0.0
176948,0.0
176949,0.0
176950,0.0
177437,0.0
177438,0.0
177439,0.0
177440,0.0
177441,0.0
177442,0.0
177443,0.0
177444,0.0
177445,0.0
177446,0.0
177447,0.0
177448,0.0
177449,0.0
177450,0.0
177451,0.0
177452,0.0
177453,0.0
177454,0.0
177455,0.0
177456,0.0
177457,0.0
177458,0.0
177459,0.0
177460,0.0
177461,0.0
177462,0.0
177463,0.0
177464,0.0
177465,0.0
177466,0.0
177467,0.0
177468,0.0
177469,0.0
177470,0.0
177471,0.0
177472,0.0
177473,0.0
177474,0.0
177475,0.0
177476,0.0
177477,0.0
177478,0.0
177479,0.0
177480,0.0
177481,0.0
177482,0.0
177483,0.0
177484,0.0
177485,0.0
177486,0.0
177487,0.0
177488,0.0
177489,0.0
177490,0.0
177491,0.0
177492,0.0
177493,0.0
177494,0.0
177496,0.0
177497,0.0
177498,0.379814
177499,0.167846
177500,0.0
177501,0.0
177502,0.0
177503,0.0
177504,0.0
177505,0.0
177506,0.0
177507,0.0
177508,0.0
177509,0.0
177510,0.0
177511,0.0
177512,0.0
177513,0.0
177514,0.0
177515,0.0
177516,0.088814
177517,0.0
177518,0.0
177519,0.0
177520,0.000418
177521,0.0
177522,0.00194
177523,0.004836
177524,0.0
177525,0.0
177526,0.0
177527,0.0
177528,0.0
177529,0.0
177530,0.0
177531,0.0
177532,0.0
177533,0.0
177534,0.0
177535,0.0
177536,0.0
177537,0.0
177538,0.0
177539,0.0
177540,0.0
177541,0.0
177543,0.0
177544,0.0
177549,0.0
177550,0.0
177551,0.0
177562,0.0
177599,0.0
177615,0.0
177616,0.0
177621,0.0
177622,0.0
177623,0.0
177627,0.0
177628,0.999292
177629,0.996531
177631,0.0
177632,0.0
177633,0.0
177634,0.0
178121,0.0
178122,0.0
178123,0.0
178124,0.0
178125,0.0
178126,0.0
178127,0.0
178128,0.0
178129,0.0
178130,0.0
178131,0.0
178132,0.0
178133,0.0
178134,0.0
178135,0.0
178136,0.0
178137,0.0
178138,0.0
178139,0.0
178140,0.0
178141,0.0
178142,0.0
178143,0.0
178144,0.0
178145,0.0
178146,0.0
178147,0.0
178148,0.0
178149,0.0
178150,0.0
178151,0.0
178152,0.0
178153,0.0
178154,0.0
178155,0.0
178156,0.0
178157,0.0
178158,0.0
178159,0.0
178160,0.0
178161,0.0
178162,0.0
178163,0.0
178164,0.0
178165,0.0
178166,0.0
178167,0.0
178168,0.0
178169,0.0
178170,0.0
178171,0.0
178172,0.0
178173,0.0
178174,0.0
178175,0.0
178176,0.0
178177,0.0
178178,0.0
178180,0.0
178181,0.0
178182,0.320483
178183,0.36548
178184,0.0
178185,0.0
178186,0.0
178187,0.0
178188,0.0
178189,0.0
178190,0.0
178191,0.0
178192,0.0
178193,0.0
178194,0.0
178195,0.0
178196,0.0
178197,0.0
178198,0.0
178199,0.0
178200,0.0
178201,0.0
178202,0.0
178203,0.0
178204,0.0
178205,0.0
178206,0.005525
178207,0.001517
178208,0.0
178209,0.0
178210,0.0
178211,0.0
178212,0.0
178213,0.0
178214,0.0
178215,0.0
178216,0.0
178217,0.0
178218,0.0
178219,0.0
178220,0.0
178221,0.0
178222,0.0
178223,0.0
178224,0.0
178225,0.0
178226,0.0
178227,0.0
178228,0.0
178229,0.0
178233,0.0
178234,0.0
178235,0.0
178236,0.0
178237,0.0
178240,0.0
178283,0.0
178284,0.0
178285,0.0
178300,0.0
178303,0.0
178304,0.0
178306,0.0
178312,0.951951
178313,0.999504
178314,0.967049
178315,0.0
178316,0.0
178317,0.0
178318,0.0
178805,0.0
178806,0.0
178807,0.0
178808,0.0
178809,0.0
178810,0.0
178811,0.0
178812,0.0
178813,0.0
178814,0.0
178815,0.0
178816,0.0
178817,0.0
178818,0.0
178819,0.0
178820,0.0
178821,0.0
178822,0.0
178823,0.0
178824,0.0
178825,0.0
178826,0.0
178827,0.0
178828,0.0
178829,0.0
178830,0.0
178831,0.0
178832,0.0
178833,0.0
178834,0.0
178835,0.0
178836,0.0
178837,0.0
178838,0.0
178839,0.0
178840,0.0
178841,0.0
178842,0.0
178843,0.0
178844,0.0
178845,0.0
178846,0.0
178847,0.0
178848,0.0
178849,0.0
178850,0.0
178851,0.0
178852,0.0
178853,0.0
178854,0.0
178855,0.0
178856,0.0
178857,0.0
178858,0.0
178859,0.0
178860,0.0
178861,0.0
178862,0.0
178863,0.0
178864,0.0
178865,0.0
178866,0.0
178867,0.0
178868,0.0
178869,0.0
178870,0.0
178871,0.0
178872,0.0
178873,0.0
178874,0.0
178875,0.0
178876,0.0
178877,0.0
178878,0.0
178879,0.0
178880,0.0
178881,0.0
178882,0.0
178883,0.0
178884,0.0
178885,0.0
178886,0.0
178887,0.0
178888,0.0
178889,0.0
178890,0.0
178891,0.0
178892,0.0
178893,0.0
178894,0.0
178895,0.0
178896,0.0
178897,0.0
178898,0.0
178899,0.0
178900,0.0
178901,0.0
178902,0.0
178903,0.0
178904,0.0
178905,0.0
178906,0.0
178907,0.0
178908,0.0
178909,0.0
178910,0.0
178911,0.0
178912,0.0
178913,0.0
178914,0.0
178918,0.0
178919,0.0
178920,0.0
178921,0.0
178922,0.0
178923,0.0
178924,0.0
178925,0.0
178929,0.0
178987,0.0
178988,0.0
178989,0.0
178990,0.0
178991,0.0
178995,0.0
178996,0.945402
178997,1.0
178998,0.918681
178999,0.876106
179000,0.0
179001,0.0
179002,0.0
179003,0.0
179490,0.0
179491,0.0
179492,0.0
179493,0.0
179494,0.0
179495,0.0
179496,0.0
179497,0.0
179498,0.0
179499,0.0
179500,0.0
179501,0.0
179502,0.0
179503,0.0
179504,0.0
179505,0.0
179506,0.0
179507,0.0
179508,0.0
179509,0.0
179510,0.0
179511,0.0
179512,0.0
179513,0.0
179514,0.0
179515,0.0
179516,0.0
179517,0.0
179518,0.0
179519,0.0
179520,0.0
179521,0.0
179522,0.0
179523,0.0
179524,0.0
179525,0.0
179526,0.0
179527,0.0
179528,0.0
179529,0.0
179530,0.0
179531,0.0
179532,0.0
179533,0.0
179534,0.0
179535,0.0
179536,0.0
179537,0.0
179538,0.0
179539,0.0
179540,0.0
179541,0.0
179542,0.0
179543,0.0
179544,0.0
179545,0.0
179546,0.0
179547,0.0
179548,0.0
179549,0.0
179550,0.0
179551,0.0
179552,0.0
179553,0.0
179554,0.0
179555,0.0
179556,0.0
179557,0.0
179558,0.0
179559,0.0
179560,0.0
179561,0.0
179562,0.0
179563,0.0
179567,0.0
179568,0.0
179569,0.0
179570,0.0
179571,0.0
179572,0.0
179573,0.0
179574,0.0
179575,0.0
179576,0.0
179577,0.0
179578,0.0
179579,0.0
179585,0.0
179586,0.0
179591,0.0
179592,0.0
179593,0.0
179595,0.0
179596,0.0
179597,0.0
179598,0.0
179599,0.0
179602,0.0
179603,0.0
179604,0.0
179605,0.0
179606,0.0
179608,0.0
179609,0.0
179612,0.0
179671,0.0
179672,0.0
179673,0.0
179674,0.0
179675,0.0
179678,0.0
179679,0.0
179680,0.160194
179681,0.998775
179682,1.0
179683,0.994498
179684,0.879845
179685,0.0
179686,0.0
179687,0.0
180174,0.0
180175,0.0
180176,0.0
180177,0.0
180178,0.0
180179,0.0
180180,0.0
180181,0.0
180182,0.0
180183,0.0
180184,0.015511
180185,0.012982
180186,0.000138
180187,0.0
180188,0.0
180189,0.0
180190,0.0
180191,0.0
180192,0.0
180194,0.0
180195,0.0
180196,0.0
180197,0.0
180198,0.0
180199,0.0
180200,0.0
180201,0.0
180202,0.0
180203,0.0
180204,0.0
180205,0.0
180206,0.0
180207,0.0
180208,0.0
180209,0.0
180210,0.0
180211,0.0
180212,0.0
180213,0.0
180214,0.0
180215,0.0
180216,0.0
180217,0.0
180218,0.0
180219,0.0
180220,0.0
180221,0.0
180222,0.0
180223,0.0
180224,0.0
180225,0.0
180226,0.0
180227,0.0
180228,0.0
180229,0.0
180230,0.0
180231,0.0
180232,0.0
180233,0.0
180234,0.0
180235,0.0
180236,0.0
180237,0.0
180238,0.0
180239,0.0
180240,0.0
180241,0.0
180242,0.0
180243,0.0
180244,0.0
180245,0.0
180246,0.0
180247,0.0
180248,0.0
180251,0.0
180252,0.0
180253,0.0
180254,0.0
180255,0.0
180256,0.0
180257,0.0
180258,0.0
180259,0.0
180260,0.0
180261,0.0
180262,0.0
180280,0.0
180281,0.0
180282,0.0
180283,0.0
180284,0.0
180287,0.0
180288,0.0
180289,0.0
180290,0.0
180291,0.0
180292,0.0
180358,0.0
180359,0.0
180360,0.0
180361,0.0
180362,0.0
180363,0.0
180364,0.0
180365,0.730901
180366,0.973923
180367,0.873444
180368,0.0
180369,0.0
180371,0.0
180372,0.0
180373,0.0
180859,0.0
180860,0.0
180861,0.0
180862,0.0
180863,0.0
180864,0.0
180865,0.0
180866,0.0
180867,0.0
180868,0.02256
180869,1.0
180870,0.0
180871,0.0
180872,0.0
180873,0.0
180884,0.0
180885,0.0
180886,0.0
180887,0.0
180888,0.0
180889,0.0
180890,0.0
180891,0.0
180892,0.0
180893,0.0
180894,0.0
180895,0.0
180896,0.0
180897,0.0
180898,0.0
180899,0.0
180900,0.0
180901,0.0
180902,0.0
180903,0.0
180904,0.0
180905,0.0
180906,0.0
180907,0.113867
180908,0.319713
180909,0.0
180910,0.0
180911,0.0
180912,0.0
180913,0.0
180914,0.0
180915,0.0
180916,0.0
180917,0.0
180918,0.0
180919,0.0
180920,0.0
180921,0.0
180922,0.0
180923,0.0
180924,0.0
180925,0.0
180926,0.0
180927,0.0
180928,0.0
180929,0.0
180930,0.0
180931,0.0
180936,0.0
180937,0.0
180938,0.0
180939,0.0
180940,0.0
180941,0.0
180942,0.0
180943,0.0
180944,0.0
180945,0.0
180946,0.0
180947,0.0
180965,0.0
180967,0.0
180968,0.0
180969,0.0
180972,0.0
180973,0.0
180974,0.0
180975,0.0
180976,0.0
181042,0.0
181043,0.0
181044,0.0
181045,0.0
181046,0.0
181047,0.0
181048,0.0
181049,0.0
181051,0.0
181052,0.0
181053,0.0
181054,0.0
181055,0.0
181056,0.0
181057,0.0
181544,0.0
181545,0.0
181546,0.0
181547,0.0
181548,0.0
181549,0.0
181550,0.0
181551,0.0
181552,0.409238
181553,1.0
181554,0.001311
181555,0.000252
181556,0.0
181569,0.0
181570,0.0
181571,0.0
181572,0.0
181573,0.0
181574,0.0
181575,0.0
181576,0.0
181577,0.0
181578,0.0
181579,0.0
181580,0.0
181581,0.0
181582,0.0
181583,0.0
181584,0.0
181585,0.0
181586,0.0
181587,0.0
181588,0.0
181589,0.0
181590,0.0
181591,0.080169
181592,0.987217
181593,0.0
181594,0.0
181595,0.0
181596,0.0
181597,0.0
181598,0.0
181599,0.0
181600,0.0
181601,0.0
181602,0.0
181603,0.0
181604,0.0
181605,0.0
181606,0.0
181607,0.0
181608,0.0
181609,0.0
181610,0.0
181611,0.0
181612,0.0
181613,0.0
181614,0.0
181615,0.0
181620,0.0
181622,0.0
181623,0.0
181624,0.0
181625,0.0
181626,0.0
181627,0.0
181628,0.0
181629,0.0
181631,0.0
181657,0.0
181659,0.0
181660,0.0
181661,0.0
181727,0.0
181728,0.0
181729,0.0
181730,0.0
181731,0.0
181732,0.0
181733,0.0
181734,0.0
181735,0.0
181736,0.0
181739,0.0
181740,0.0
181741,0.0
181744,1.0
182229,0.0
182230,0.0
182231,0.0
182232,0.0
182233,0.0
182234,0.004629
182235,0.015355
182239,0.02833
182240,0.0
182254,0.0
182255,0.032431
182256,0.003871
182257,0.0
182258,0.0
182259,0.0
182260,0.0
182261,0.0
182262,0.0
182263,0.0
182264,0.0
182265,0.0
182266,0.0
182267,0.0
182268,0.0
182269,0.0
182270,0.0
182271,0.0
182272,0.0
182273,0.0
182274,0.0
182275,0.0
182276,0.255102
182277,0.0
182278,0.0
182279,0.0
182280,0.0
182281,0.342193
182282,0.0
182283,0.0
182284,0.0
182285,0.0
182286,0.0
182287,0.0
182288,0.0
182289,0.0
182290,0.0
182291,0.0
182292,0.0
182293,0.0
182294,0.0
182295,0.0
182296,0.0
182297,0.0
182298,0.0
182299,0.0
182302,0.0
182309,0.0
182311,0.0
182312,0.0
182345,0.0
182411,0.0
182412,0.0
182413,0.0
182414,0.0
182415,0.0
182416,0.0
182417,0.0
182418,0.0
182420,0.0
182423,0.0
182424,0.0
182425,0.0
182428,1.0
182916,0.018042
182917,0.003264
182918,0.022148
182939,0.0
182940,0.0
182941,0.0
182942,0.0
182943,0.0
182944,0.0
182945,0.0
182946,0.0
182947,0.0
182948,0.0
182949,0.0
182950,0.0
182951,0.0
182952,0.0
182953,0.0
182954,0.0
182955,0.0
182956,0.0
182957,0.0
182958,0.0
182961,0.0
182962,0.0
182963,0.0
182964,0.0
182965,0.0
182966,0.0
182967,0.0
182968,0.0
182969,0.0
182970,0.0
182971,0.0
182972,0.0
182973,0.0
182974,0.0
182975,0.0
182976,0.0
182977,0.0
182978,0.0
182979,0.0
182980,0.0
182981,0.0
182982,0.0
182983,0.0
182984,0.0
182985,0.0
182986,0.0
182987,0.0
182988,0.0
182989,0.0
182990,0.0
183095,0.0
183096,0.0
183097,0.0
183098,0.001926
183099,0.0
183100,0.0
183101,0.0
183102,0.0
183103,0.0
183107,0.0
183108,0.0
183109,0.0
183110,0.0
183624,0.0
183625,0.0
183626,0.0
183627,0.0
183628,0.0
183629,0.0
183630,0.0
183631,0.0
183632,0.0
183633,0.0
183634,0.0
183635,0.0
183636,0.0
183637,0.0
183638,0.0
183639,0.0
183640,0.0
183641,0.0
183642,0.0
183643,0.581162
183645,0.0
183646,0.0
183647,0.0
183648,0.0
183649,0.0
183650,0.0
183651,0.0
183652,0.0
183653,0.0
183654,0.0
183655,0.0
183656,0.0
183657,0.0
183658,0.0
183659,0.0
183660,0.0
183661,0.0
183662,0.0
183663,0.0
183664,0.0
183665,0.0
183666,0.0
183667,0.0
183668,0.0
183669,0.0
183670,0.0
183671,0.0
183672,0.0
183673,0.0
183674,0.0
183779,0.0
183780,0.0
183781,0.0
183782,0.0
183783,0.0
183785,0.0
183786,0.0
183787,0.0
183791,0.0
183792,0.0
183793,0.0
183794,0.0
183795,0.0
184287,0.0
184309,0.0
184310,0.0
184311,0.0
184312,0.0
184313,0.0
184314,0.0
184315,0.0
184316,0.0
184317,0.0
184318,0.0
184319,0.0
184320,0.0
184321,0.0
184322,0.0
184323,0.0
184324,0.0
184325,0.0
184326,0.0
184327,0.0
184328,0.0
184329,0.0
184330,0.0
184331,0.0
184332,0.0
184333,0.0
184334,0.0
184335,0.0
184336,0.0
184337,0.0
184338,0.0
184339,0.0
184340,0.0
184341,0.0
184342,0.0
184343,0.0
184344,0.0
184345,0.0
184346,0.0
184347,0.0
184348,0.0
184349,0.0
184350,0.0
184351,0.0
184352,0.0
184353,0.0
184354,0.0
184355,0.0
184356,0.0
184357,0.0
184359,0.0
184464,0.0
184465,0.0
184466,0.0
184467,0.0
184470,0.0
184471,0.0
184472,0.0
184473,0.0
184474,0.0
184475,0.0
184476,0.0
184477,0.0
184478,0.0
184479,0.0
184994,0.0
184995,0.0
184996,0.0
184997,0.0
184998,0.0
184999,0.0
185000,0.0
185001,0.0
185002,0.0
185003,0.0
185004,0.0
185005,0.0
185006,0.0
185007,0.0
185008,0.0
185009,0.0
185010,0.0
185011,0.0
185012,0.0
185013,0.0
185014,0.0
185015,0.0
185016,0.0
185017,0.0
185018,0.0
185019,0.0
185020,0.0
185021,0.0
185022,0.0
185023,0.0
185024,0.0
185025,0.0
185026,0.0
185027,0.0
185028,0.0
185029,0.0
185030,0.0
185031,0.0
185032,0.0
185033,0.0
185034,0.0
185035,0.0
185036,0.0
185037,0.0
185038,0.0
185039,0.0
185040,0.0
185147,0.0
185148,0.0
185149,0.0
185150,0.0
185151,0.0
185152,0.0
185153,0.0
185154,0.0
185155,0.0
185156,0.0
185157,0.0
185158,0.0
185159,0.0
185160,0.0
185161,0.0
185162,0.0
185163,0.0
185164,0.0
185678,0.0
185679,0.0
185680,0.0
185681,0.0
185682,0.0
185683,0.0
185684,0.0
185685,0.0
185686,0.0
185687,0.0
185688,0.0
185689,0.0
185690,0.0
185691,0.0
185692,0.0
185693,0.0
185694,0.0
185695,0.0
185696,0.0
185697,0.0
185698,0.0
185699,0.0
185700,0.0
185701,0.0
185702,0.0
185703,0.0
185704,0.0
185705,0.0
185706,0.0
185707,0.0
185708,0.0
185709,0.0
185710,0.0
185711,0.0
185712,0.002627
185713,0.040536
185714,0.0
185715,0.0
185716,0.0
185717,0.0
185718,0.0
185719,0.0
185720,0.0
185722,0.0
185723,0.0
185724,0.0
185831,0.0
185832,0.0
185834,0.0
185835,0.0
185836,0.0
185837,0.0
185838,0.0
185839,0.0
185840,0.0
185841,0.0
185842,0.0
185843,0.0
185844,0.0
185845,0.0
185846,0.0
185847,0.0
185848,0.0
186362,0.0
186363,0.0
186364,0.0
186365,0.0
186366,0.0
186367,0.0
186368,0.0
186369,0.0
186370,0.0
186371,0.0
186372,0.0
186373,0.0
186374,0.0
186375,0.0
186376,0.0
186377,0.0
186378,0.0
186379,0.0
186380,0.0
186381,0.0
186382,0.0
186383,0.0
186384,0.0
186385,0.0
186386,0.0
186387,0.0
186388,0.0
186389,0.0
186390,0.0
186391,0.0
186392,0.0
186393,0.0
186394,0.0
186395,0.0
186396,0.0
186397,0.011947
186398,0.0
186399,0.0
186400,0.0
186401,0.0
186402,0.0
186403,0.0
186404,0.0
186405,0.0
186406,0.0
186407,0.0
186514,0.0
186515,0.0
186519,0.0
186520,0.0
186521,0.0
186522,0.0
186523,0.0
186524,0.0
186525,0.0
186526,0.0
186527,0.0
186528,0.0
186529,0.0
186530,0.0
186531,0.0
186532,0.0
186533,0.0
187047,0.0
187048,0.0
187049,0.0
187050,0.0
187051,0.0
187052,0.0
187053,0.0
187054,0.0
187055,0.0
187056,0.0
187057,0.0
187058,0.0
187059,0.0
187060,0.0
187061,0.0
187062,0.0
187063,0.0
187064,0.0
187065,0.0
187066,0.0
187067,0.0
187068,0.0
187069,0.0
187070,0.0
187071,0.0
187072,0.0
187073,0.0
187074,0.0
187075,0.0
187076,0.0
187077,0.0
187078,0.0
187079,0.0
187080,0.0
187081,0.0
187082,0.0
187083,0.0
187084,0.0
187085,0.0
187086,0.0
187087,0.0
187088,0.0
187089,0.0
187203,0.0
187204,0.0
187205,0.0
187206,0.0
187207,0.0
187208,0.0
187209,0.0
187210,0.0
187211,0.0
187212,0.0
187213,0.0
187214,0.0
187215,0.0
187217,0.0
187218,0.0
187732,0.0
187733,0.0
187734,0.0
187735,0.0
187736,0.0
187737,0.0
187738,0.0
187739,0.0
187740,0.0
187741,0.0
187742,0.0
187743,0.0
187744,0.0
187745,0.0
187746,0.0
187747,0.0
187748,0.0
187749,0.0
187750,0.0
187751,0.0
187752,0.0
187753,0.0
187754,0.0
187755,0.0
187756,0.0
187757,0.0
187758,0.0
187759,0.0
187760,0.0
187761,0.0
187762,0.0
187763,0.0
187764,0.0
187765,0.0
187766,0.0
187767,0.0
187768,0.0
187769,0.0
187770,0.0
187771,0.0
187887,0.0
187888,0.0
187889,0.0
187890,0.0
187891,0.0
187892,0.0
187893,0.0
187894,0.433278
187895,0.791318
187896,0.240741
187897,0.0
187898,0.0
187899,0.0
187900,0.0
187901,0.0
187902,0.0
188416,0.0
188417,0.0
188418,0.0
188419,0.0
188420,0.0
188421,0.0
188422,0.0
188423,0.0
188424,0.0
188425,0.0
188426,0.0
188427,0.0
188428,0.0
188429,0.0
188430,0.0
188431,0.0
188432,0.0
188433,0.0
188434,0.0
188435,0.0
188436,0.0
188437,0.0
188438,0.0
188439,0.0
188440,0.0
188441,0.0
188442,0.0
188443,0.0
188444,0.0
188445,0.0
188446,0.0
188447,0.0
188448,0.0
188449,0.0
188450,0.0
188451,0.0
188452,0.0
188453,0.0
188454,0.0
188570,0.0
188571,0.0
188572,0.0
188573,0.0
188574,0.0
188575,0.0
188576,0.0
188577,0.0
188578,0.100371
188579,1.0
188580,0.906185
188581,0.060734
188582,0.0
188583,0.0
188584,0.0
188585,0.0
188586,0.0
188587,0.0
189100,0.0
189101,0.0
189102,0.0
189103,0.0
189104,0.0
189105,0.0
189106,0.0
189107,0.0
189108,0.0
189109,0.0
189110,0.0
189111,0.0
189112,0.0
189113,0.0
189114,0.0
189115,0.0
189116,0.001944
189117,0.028363
189118,0.00457
189119,0.0
189120,0.0
189121,0.0
189122,0.0
189123,0.0
189124,0.0
189125,0.0
189126,0.0
189127,0.0
189128,0.0
189129,0.0
189130,0.0
189131,0.0
189132,0.0
189133,0.0
189134,0.0
189253,0.0
189254,0.0
189255,0.0
189256,0.0
189257,0.0
189258,0.0
189259,0.0
189260,0.0
189261,0.0
189262,0.0
189263,0.74168
189264,0.50364
189265,0.0
189266,0.0
189267,0.0
189268,0.0
189269,0.0
189270,0.0
189271,0.0
189784,0.0
189785,0.0
189786,0.0
189787,0.0
189788,0.0
189789,0.0
189790,0.0
189791,0.0
189792,0.0
189793,0.0
189794,0.0
189795,0.0
189796,0.0
189797,0.0
189798,0.0
189799,0.0
189800,0.0
189801,0.018801
189802,0.021641
189803,0.0
189804,0.0
189805,0.0
189806,0.0
189807,0.0
189808,0.0
189809,0.0
189810,0.0
189811,0.0
189812,0.0
189813,0.0
189814,0.0
189815,0.0
189816,0.0
189817,0.0
189937,0.0
189938,0.0
189939,0.0
189940,0.0
189941,0.0
189942,0.0
189943,0.0
189944,0.0
189945,0.0
189946,0.0
189947,0.0
189948,0.0
189949,0.0
189950,0.0
189951,0.0
189952,0.0
189953,0.0
189954,0.0
189955,0.0
190469,0.0
190470,0.0
190471,0.0
190472,0.0
190473,0.0
190474,0.0
190475,0.0
190476,0.0
190477,0.0
190478,0.0
190479,0.0
190480,0.0
190481,0.0
190482,0.0
190483,0.0
190484,0.0
190485,0.0
190486,0.0
190487,0.0
190488,0.0
190489,0.0
190490,0.0
190491,0.0
190492,0.0
190493,0.0
190494,0.0
190495,0.0
190496,0.0
190497,0.0
190498,0.0
190499,0.0
190500,0.0
190501,0.0
190622,0.0
190623,0.0
190624,0.0
190625,0.0
190626,0.0
190627,0.0
190628,0.0
190629,0.0
190630,0.0
190631,0.0
190632,0.0
190633,0.0
190634,0.0
190635,0.0
190636,0.0
190637,0.0
190638,0.0
190639,0.0
190640,0.0
191153,0.0
191154,0.0
191155,0.0
191156,0.0
191157,0.0
191158,0.0
191159,0.0
191160,0.0
191161,0.0
191162,0.0
191163,0.0
191164,0.0
191165,0.0
191166,0.132778
191167,0.0
191168,0.0
191169,0.0
191170,0.0
191171,0.0
191172,0.0
191173,0.0
191174,0.0
191175,0.0
191176,0.0
191177,0.0
191178,0.0
191179,0.0
191180,0.0
191181,0.0
191182,0.0
191307,0.0
191308,0.0
191309,0.0
191310,0.0
191311,0.0
191312,0.0
191313,0.0
191314,0.0
191315,0.0
191316,0.0
191317,0.0
191318,0.0
191319,0.0
191320,0.0
191321,0.0
191322,0.0
191323,0.0
191324,0.0
191325,0.0
191326,0.0
191839,0.0
191840,0.0
191841,0.0
191842,0.0
191843,0.0
191844,0.0
191845,0.0
191846,0.0
191847,0.0
191848,0.0
191849,0.0
191850,0.265194
191851,0.0
191852,0.0
191853,0.0
191854,0.0
191855,0.0
191856,0.0
191857,0.0
191858,0.0
191859,0.0
191860,0.0
191861,0.0
191862,0.0
191863,0.0
191864,0.0
191865,0.0
191990,0.0
191991,0.0
191992,0.0
191993,0.0
191994,0.0
191995,0.0
191996,0.0
191997,0.0
191998,0.0
191999,0.0
192000,0.0
192001,0.0
192002,0.0
192003,0.0
192006,0.0
192007,0.0
192008,0.0
192009,0.0
192010,0.0
192523,0.0
192524,0.0
192525,0.0
192526,0.0
192527,0.0
192528,0.0
192529,0.0
192530,0.0
192531,0.0
192532,0.0
192533,0.0
192534,0.0
192535,0.0
192536,0.0
192537,0.0
192538,0.0
192539,0.0
192540,0.0
192541,0.0
192542,0.0
192543,0.0
192544,0.0
192545,0.0
192546,0.0
192547,0.0
192548,0.0
192549,0.0
192550,0.0
192674,0.0
192675,0.0
192676,0.0
192677,0.0
192678,0.0
192679,0.0
192680,0.0
192681,0.0
192682,0.0
192683,0.0
192684,0.0
192685,0.0
192686,0.0
192687,0.0
192690,0.0
192691,0.0
192692,0.0
193208,0.0
193209,0.0
193210,0.0
193211,0.0
193212,0.0
193213,0.0
193214,0.0
193215,0.0
193216,0.0
193217,0.0
193218,0.0
193219,0.0
193220,0.0
193221,0.0
193222,0.0
193223,0.0
193224,0.0
193225,0.0
193226,0.0
193227,0.0
193228,0.0
193229,0.0
193230,0.0
193231,0.0
193232,0.0
193233,0.0
193359,0.0
193360,0.0
193361,0.0
193362,0.0
193363,0.0
193364,0.0
193365,0.0
193366,0.0
193367,0.0
193368,0.0
193369,0.0
193370,0.0
193374,0.0
193375,0.0
193376,0.0
193377,0.0
193892,0.0
193893,0.0
193894,0.0
193895,0.0
193896,0.0
193897,0.0
193898,0.0
193899,0.0
193900,0.0
193901,0.0
193902,0.0
193903,0.0
193904,0.0
193905,0.0
193906,0.0
193907,0.0
193908,0.0
193909,0.0
193910,0.0
193911,0.0
193912,0.0
193913,0.0
193914,0.0
194043,0.0
194044,0.0
194048,0.0
194049,0.0
194050,0.0
194051,0.0
194052,0.0
194053,0.0
194054,0.0
194055,0.0
194056,0.0
194059,0.0
194060,0.0
194061,0.0
194577,0.0
194578,0.0
194579,0.0
194580,0.0
194581,0.0
194582,0.0
194583,0.0
194584,0.0
194585,0.0
194586,0.0
194587,0.0
194588,0.0
194589,0.0
194590,0.0
194591,0.0
194592,0.0
194593,0.0
194594,0.0
194595,0.0
194596,0.0
194730,0.0
194731,0.0
194732,0.0
194733,0.0
194734,0.0
194735,0.0
194736,0.0
194737,0.0
194738,0.0
194739,0.0
194740,0.0
194742,0.0
194743,0.0
194744,0.0
194747,0.0
195263,0.0
195264,0.0
195265,0.0
195266,0.0
195267,0.0
195268,0.0
195269,0.0
195270,0.0
195271,0.0
195272,0.0
195273,0.0
195274,0.0
195275,0.0
195276,0.0
195277,0.0
195278,0.0
195279,0.0
195280,0.0
195281,0.0
195282,0.006635
195283,0.0
195414,0.0
195415,0.0
195417,0.0
195419,0.0
195420,0.0
195421,0.0
195422,0.0
195423,0.0
195424,0.0
195425,0.0
195426,0.0
195427,0.0
195428,0.0
195947,0.0
195948,0.0
195949,0.0
195950,0.0
195951,0.0
195952,0.0
195953,0.0
195954,0.0
195955,0.0
195956,0.0
195957,0.0
195958,0.0
195959,0.0
195960,0.0
195961,0.0
195962,0.0
195963,0.0
195964,0.0
195965,0.0
195966,0.0
195967,0.0
196102,0.0
196103,0.0
196104,0.0
196105,0.0
196106,0.0
196107,0.0
196108,0.0
196109,0.0
196111,0.0
196112,0.0
196631,0.0
196632,0.0
196633,0.0
196634,0.0
196635,0.0
196636,0.0
196637,0.0
196638,0.0
196639,0.0
196640,0.0
196641,0.0
196642,0.0
196643,0.0
196644,0.0
196645,0.0
196646,0.0
196647,0.0
196648,0.0
196649,0.0
196785,0.0
196786,0.0
196787,0.0
196788,0.0
196789,0.0
196790,0.0
196791,0.0
196792,0.0
196793,0.0
197315,0.0
197316,0.0
197317,0.0
197318,0.0
197319,0.0
197320,0.0
197321,0.0
197322,0.0
197323,0.0
197324,0.0
197325,0.0
197326,0.0
197327,0.0
197328,0.0
197329,0.0
197330,0.0
197331,0.0
197332,0.0
197333,0.0
197469,0.0
197470,0.0
197471,0.0
197474,0.0
197475,0.0
197477,0.0
198000,0.0
198001,0.0
198002,0.0
198003,0.0
198004,0.0
198005,0.0
198006,0.0
198007,0.0
198008,0.0
198009,0.0
198010,0.0
198011,0.0
198012,0.0
198013,0.0
198014,0.0
198015,0.0
198016,0.0
198017,0.0
198165,0.0
198684,0.0
198685,0.0
198686,0.0
198687,0.0
198688,0.0
198689,0.0
198690,0.0
198691,0.0
198692,0.0
198693,0.0
198694,0.0
198695,0.0
198696,0.0
198697,0.0
198698,0.0
198699,0.0
198700,0.0
198701,0.0
198839,0.0
198850,0.0
199368,0.0
199369,0.0
199370,0.0
199371,0.0
199372,0.0
199373,0.0
199374,0.0
199375,0.0
199376,0.0
199377,0.0
199378,0.0
199379,0.0
199380,0.0
199381,0.0
199382,0.0
199383,0.0
199384,0.0
199385,0.0
199523,0.0
199534,0.0
200053,0.0
200054,0.0
200055,0.0
200056,0.0
200057,0.0
200058,0.0
200059,0.0
200060,0.0
200061,0.0
200062,0.0
200063,0.0
200064,0.0
200065,0.0
200066,0.0
200067,0.0
200068,0.0
200069,0.0
200217,0.0
200737,0.0
200738,0.0
200739,0.0
200740,0.0
200741,0.0
200742,0.0
200743,0.0
200744,0.0
200745,0.0
200746,0.0
200747,0.0
200748,0.0
200749,0.0
200750,0.0
200751,0.0
200752,0.0
200753,0.0
200902,0.0
201422,0.0
201423,0.0
201424,0.0
201425,0.0
201426,0.0
201427,0.0
201428,0.0
201429,0.0
201430,0.0
201431,0.0
201432,0.0
201433,0.0
201434,0.0
201435,0.0
201436,0.0
201437,0.0
201586,0.0
202106,0.0
202107,0.0
202108,0.0
202109,0.0
202110,0.0
202111,0.0
202112,0.0
202113,0.0
202114,0.0
202115,0.0
202116,0.0
202117,0.0
202118,0.0
202119,0.0
202120,0.0
202121,0.0
202790,0.0
202791,0.0
202792,0.0
202793,0.0
202794,0.0
202795,0.0
202796,0.0
202797,0.0
202798,0.0
202799,0.0
202800,0.0
202801,0.0
202802,0.0
202803,0.0
202804,0.0
202805,0.0
203476,0.0
203477,0.0
203478,0.0
203479,0.0
203480,0.0
203481,0.0
203482,0.0
203483,0.0
203484,0.0
203485,0.0
203486,0.0
203487,0.0
203488,0.0
203489,0.0
204162,0.0
204163,0.0
204164,0.0
204165,0.0
204167,0.0
204168,0.0
204169,0.0
204170,0.0
204171,0.0
204172,0.0
204173,0.0
204174,0.0
204848,0.0
204849,0.0
204850,0.0
204851,0.0
204852,0.0
204853,0.0
204854,0.0
204855,0.0
204856,0.0
204857,0.0
204858,0.0
205534,0.0
205535,0.0
205536,0.0
205537,0.0
205538,0.0
205539,0.0
205540,0.056695
205541,0.090678
205542,0.0
205543,0.0
206223,0.0
206224,0.0
206225,0.0
206226,0.0
206908,0.0
206909,0.0
