jtype,JEDI,Mayfield,Rutovitz,Ram
construction,0.00000331,0.00000499,0.00000029,0.00000596
fom,0.00075584,0.444,0,0