,construction,fom,vom
jedi,0.00000331,0.00075584,0
mayfield,0.00000499,0.444,0
rutovitz,0.00000029,0,0
ram,0.00000596,0,0
